"","Time","strain","OD600","expt","trial","sugar","mean_OD600","sem_OD600"
"1",0,"JV1_NAG",0.004,"Mouse_Pa","trial_1","nag",0.00266666666666667,0.00240370085030933
"2",0,"JV3_NAG",0.005,"Mouse_Pa","trial_1","nag",0.00266666666666667,0.00284800124843918
"3",0,"JV4_NAG",0.002,"Mouse_Pa","trial_1","nag",0.000666666666666667,0.00133333333333333
"4",0,"JV5_NAG",0.003,"Mouse_Pa","trial_1","nag",-0.00133333333333333,0.00260341655863555
"5",0.25,"JV1_NAG",0.004,"Mouse_Pa","trial_1","nag",0.00333333333333333,0.00176383420737639
"6",0.25,"JV3_NAG",0.005,"Mouse_Pa","trial_1","nag",0.002,0.00251661147842358
"7",0.25,"JV4_NAG",0.003,"Mouse_Pa","trial_1","nag",0.001,0.00152752523165195
"8",0.25,"JV5_NAG",0.003,"Mouse_Pa","trial_1","nag",-0.001,0.0023094010767585
"9",0.5,"JV1_NAG",0.006,"Mouse_Pa","trial_1","nag",0.00466666666666667,0.00133333333333333
"10",0.5,"JV3_NAG",-0.001,"Mouse_Pa","trial_1","nag",-0.001,0.000577350269189626
"11",0.5,"JV4_NAG",0.003,"Mouse_Pa","trial_1","nag",0.00166666666666667,0.000881917103688197
"12",0.5,"JV5_NAG",-0.001,"Mouse_Pa","trial_1","nag",-0.00133333333333333,0.000881917103688197
"13",0.75,"JV1_NAG",0.007,"Mouse_Pa","trial_1","nag",0.00466666666666667,0.00392994204085053
"14",0.75,"JV3_NAG",0.001,"Mouse_Pa","trial_1","nag",0,0.001
"15",0.75,"JV4_NAG",0.005,"Mouse_Pa","trial_1","nag",0.00333333333333333,0.002185812841434
"16",0.75,"JV5_NAG",0,"Mouse_Pa","trial_1","nag",-0.00233333333333333,0.00185592145427667
"17",1,"JV1_NAG",0.013,"Mouse_Pa","trial_1","nag",0.01,0.00458257569495584
"18",1,"JV3_NAG",0.004,"Mouse_Pa","trial_1","nag",0.001,0.00208166599946613
"19",1,"JV4_NAG",0.006,"Mouse_Pa","trial_1","nag",0.003,0.00251661147842358
"20",1,"JV5_NAG",0.002,"Mouse_Pa","trial_1","nag",-0.002,0.00305505046330389
"21",1.25,"JV1_NAG",0.024,"Mouse_Pa","trial_1","nag",0.0206666666666667,0.004371625682868
"22",1.25,"JV3_NAG",0.003,"Mouse_Pa","trial_1","nag",0.001,0.00152752523165195
"23",1.25,"JV4_NAG",0.006,"Mouse_Pa","trial_1","nag",0.003,0.00208166599946613
"24",1.25,"JV5_NAG",0.004,"Mouse_Pa","trial_1","nag",-0.00133333333333333,0.00352766841475279
"25",1.5,"JV1_NAG",0.04,"Mouse_Pa","trial_1","nag",0.038,0.00416333199893227
"26",1.5,"JV3_NAG",0.004,"Mouse_Pa","trial_1","nag",0.00133333333333333,0.00176383420737639
"27",1.5,"JV4_NAG",0.005,"Mouse_Pa","trial_1","nag",0.003,0.002
"28",1.5,"JV5_NAG",0.004,"Mouse_Pa","trial_1","nag",0,0.00305505046330389
"29",1.75,"JV1_NAG",0.065,"Mouse_Pa","trial_1","nag",0.0626666666666667,0.00392994204085053
"30",1.75,"JV3_NAG",0.005,"Mouse_Pa","trial_1","nag",0.00133333333333333,0.00233333333333333
"31",1.75,"JV4_NAG",0.007,"Mouse_Pa","trial_1","nag",0.005,0.002
"32",1.75,"JV5_NAG",0.004,"Mouse_Pa","trial_1","nag",0.001,0.003
"33",2,"JV1_NAG",0.101,"Mouse_Pa","trial_1","nag",0.0973333333333333,0.00366666666666667
"34",2,"JV3_NAG",0.005,"Mouse_Pa","trial_1","nag",0.002,0.00208166599946613
"35",2,"JV4_NAG",0.008,"Mouse_Pa","trial_1","nag",0.00533333333333333,0.002185812841434
"36",2,"JV5_NAG",0.006,"Mouse_Pa","trial_1","nag",0.00233333333333333,0.00366666666666667
"37",2.25,"JV1_NAG",0.137,"Mouse_Pa","trial_1","nag",0.132666666666667,0.00484194634877799
"38",2.25,"JV3_NAG",0.006,"Mouse_Pa","trial_1","nag",0.00333333333333333,0.00176383420737639
"39",2.25,"JV4_NAG",0.009,"Mouse_Pa","trial_1","nag",0.00733333333333333,0.00166666666666667
"40",2.25,"JV5_NAG",0.009,"Mouse_Pa","trial_1","nag",0.00433333333333333,0.00371184290855335
"41",2.5,"JV1_NAG",0.183,"Mouse_Pa","trial_1","nag",0.182,0.00208166599946613
"42",2.5,"JV3_NAG",0.007,"Mouse_Pa","trial_1","nag",0.00433333333333333,0.00145296631451356
"43",2.5,"JV4_NAG",0.011,"Mouse_Pa","trial_1","nag",0.00933333333333333,0.00166666666666667
"44",2.5,"JV5_NAG",0.008,"Mouse_Pa","trial_1","nag",0.00466666666666667,0.00333333333333333
"45",2.75,"JV1_NAG",0.245,"Mouse_Pa","trial_1","nag",0.239,0.00346410161513775
"46",2.75,"JV3_NAG",0.009,"Mouse_Pa","trial_1","nag",0.005,0.00264575131106459
"47",2.75,"JV4_NAG",0.013,"Mouse_Pa","trial_1","nag",0.0106666666666667,0.00145296631451356
"48",2.75,"JV5_NAG",0.012,"Mouse_Pa","trial_1","nag",0.00833333333333333,0.00317979733805649
"49",3,"JV1_NAG",0.307,"Mouse_Pa","trial_1","nag",0.302666666666667,0.002185812841434
"50",3,"JV3_NAG",0.011,"Mouse_Pa","trial_1","nag",0.006,0.00288675134594813
"51",3,"JV4_NAG",0.016,"Mouse_Pa","trial_1","nag",0.0133333333333333,0.00133333333333333
"52",3,"JV5_NAG",0.012,"Mouse_Pa","trial_1","nag",0.0103333333333333,0.0032829526005987
"53",3.25,"JV1_NAG",0.39,"Mouse_Pa","trial_1","nag",0.405333333333333,0.0138604152575279
"54",3.25,"JV3_NAG",0.023,"Mouse_Pa","trial_1","nag",0.0113333333333333,0.00617341972581738
"55",3.25,"JV4_NAG",0.02,"Mouse_Pa","trial_1","nag",0.017,0.00152752523165195
"56",3.25,"JV5_NAG",0.02,"Mouse_Pa","trial_1","nag",0.0163333333333333,0.00417665469538056
"57",3.5,"JV1_NAG",0.507,"Mouse_Pa","trial_1","nag",0.566333333333333,0.0368977566315954
"58",3.5,"JV3_NAG",0.03,"Mouse_Pa","trial_1","nag",0.0166666666666667,0.00688799277325728
"59",3.5,"JV4_NAG",0.033,"Mouse_Pa","trial_1","nag",0.0246666666666667,0.00425571511160124
"60",3.5,"JV5_NAG",0.025,"Mouse_Pa","trial_1","nag",0.022,0.00404145188432738
"61",3.75,"JV1_NAG",0.705,"Mouse_Pa","trial_1","nag",0.797666666666667,0.0575074874352124
"62",3.75,"JV3_NAG",0.043,"Mouse_Pa","trial_1","nag",0.021,0.01113552872566
"63",3.75,"JV4_NAG",0.035,"Mouse_Pa","trial_1","nag",0.0276666666666667,0.00433333333333333
"64",3.75,"JV5_NAG",0.032,"Mouse_Pa","trial_1","nag",0.0273333333333333,0.00466666666666667
"65",4,"JV1_NAG",0.968,"Mouse_Pa","trial_1","nag",1.05233333333333,0.0606474328484818
"66",4,"JV3_NAG",0.056,"Mouse_Pa","trial_1","nag",0.03,0.0133166562369588
"67",4,"JV4_NAG",0.046,"Mouse_Pa","trial_1","nag",0.037,0.00519615242270663
"68",4,"JV5_NAG",0.047,"Mouse_Pa","trial_1","nag",0.039,0.00529150262212918
"69",4.25,"JV1_NAG",1.158,"Mouse_Pa","trial_1","nag",1.21566666666667,0.0435367022688265
"70",4.25,"JV3_NAG",0.058,"Mouse_Pa","trial_1","nag",0.037,0.0118462370959446
"71",4.25,"JV4_NAG",0.047,"Mouse_Pa","trial_1","nag",0.042,0.00404145188432738
"72",4.25,"JV5_NAG",0.05,"Mouse_Pa","trial_1","nag",0.0456666666666667,0.00484194634877798
"73",4.5,"JV1_NAG",1.359,"Mouse_Pa","trial_1","nag",1.39066666666667,0.0431367335084355
"74",4.5,"JV3_NAG",0.079,"Mouse_Pa","trial_1","nag",0.049,0.017925772879665
"75",4.5,"JV4_NAG",0.062,"Mouse_Pa","trial_1","nag",0.0553333333333333,0.00523874454850057
"76",4.5,"JV5_NAG",0.063,"Mouse_Pa","trial_1","nag",0.0573333333333333,0.00425571511160123
"77",4.75,"JV1_NAG",1.496,"Mouse_Pa","trial_1","nag",1.52233333333333,0.0268348860834383
"78",4.75,"JV3_NAG",0.235,"Mouse_Pa","trial_1","nag",0.110666666666667,0.0628923242092741
"79",4.75,"JV4_NAG",0.072,"Mouse_Pa","trial_1","nag",0.062,0.00513160143944688
"80",4.75,"JV5_NAG",0.074,"Mouse_Pa","trial_1","nag",0.0616666666666667,0.0072188026092359
"81",5,"JV1_NAG",1.597,"Mouse_Pa","trial_1","nag",1.60466666666667,0.019151443229631
"82",5,"JV3_NAG",0.303,"Mouse_Pa","trial_1","nag",0.133,0.0853834488254798
"83",5,"JV4_NAG",0.081,"Mouse_Pa","trial_1","nag",0.0696666666666667,0.00611918658356194
"84",5,"JV5_NAG",0.084,"Mouse_Pa","trial_1","nag",0.073,0.00635085296108589
"85",5.25,"JV1_NAG",1.711,"Mouse_Pa","trial_1","nag",1.67833333333333,0.0166966397151576
"86",5.25,"JV3_NAG",0.357,"Mouse_Pa","trial_1","nag",0.165333333333333,0.0965614369772484
"87",5.25,"JV4_NAG",0.088,"Mouse_Pa","trial_1","nag",0.0796666666666667,0.00463081466314994
"88",5.25,"JV5_NAG",0.091,"Mouse_Pa","trial_1","nag",0.0843333333333333,0.00440958551844098
"89",5.5,"JV1_NAG",1.846,"Mouse_Pa","trial_1","nag",1.77533333333333,0.0363791759725869
"90",5.5,"JV3_NAG",0.407,"Mouse_Pa","trial_1","nag",0.239,0.0958610104960997
"91",5.5,"JV4_NAG",0.097,"Mouse_Pa","trial_1","nag",0.0916666666666667,0.00272845092395749
"92",5.5,"JV5_NAG",0.101,"Mouse_Pa","trial_1","nag",0.0946666666666667,0.00409606857581484
"93",5.75,"JV1_NAG",1.85,"Mouse_Pa","trial_1","nag",1.80833333333333,0.0248618404610582
"94",5.75,"JV3_NAG",0.363,"Mouse_Pa","trial_1","nag",0.287,0.0477214137817954
"95",5.75,"JV4_NAG",0.171,"Mouse_Pa","trial_1","nag",0.123,0.0240277617212535
"96",5.75,"JV5_NAG",0.143,"Mouse_Pa","trial_1","nag",0.112333333333333,0.0160138828659524
"97",6,"JV1_NAG",1.873,"Mouse_Pa","trial_1","nag",1.835,0.0253245598842968
"98",6,"JV3_NAG",0.411,"Mouse_Pa","trial_1","nag",0.324,0.0632376470150495
"99",6,"JV4_NAG",0.22,"Mouse_Pa","trial_1","nag",0.148666666666667,0.0357413548210535
"100",6,"JV5_NAG",0.209,"Mouse_Pa","trial_1","nag",0.142666666666667,0.0335277662708256
"101",6.25,"JV1_NAG",1.913,"Mouse_Pa","trial_1","nag",1.85466666666667,0.0308670986290869
"102",6.25,"JV3_NAG",0.44,"Mouse_Pa","trial_1","nag",0.384333333333333,0.0483609116723184
"103",6.25,"JV4_NAG",0.276,"Mouse_Pa","trial_1","nag",0.172333333333333,0.0523333333333333
"104",6.25,"JV5_NAG",0.247,"Mouse_Pa","trial_1","nag",0.172,0.0386910842443062
"105",6.5,"JV1_NAG",1.928,"Mouse_Pa","trial_1","nag",1.87066666666667,0.030904871963998
"106",6.5,"JV3_NAG",0.462,"Mouse_Pa","trial_1","nag",0.393666666666667,0.0492758674313412
"107",6.5,"JV4_NAG",0.311,"Mouse_Pa","trial_1","nag",0.195,0.0593745175418995
"108",6.5,"JV5_NAG",0.291,"Mouse_Pa","trial_1","nag",0.209,0.0449703606093317
"109",6.75,"JV1_NAG",1.963,"Mouse_Pa","trial_1","nag",1.88,0.0433166634603052
"110",6.75,"JV3_NAG",0.489,"Mouse_Pa","trial_1","nag",0.433,0.0423359579238894
"111",6.75,"JV4_NAG",0.318,"Mouse_Pa","trial_1","nag",0.206333333333333,0.0587206191308565
"112",6.75,"JV5_NAG",0.282,"Mouse_Pa","trial_1","nag",0.217666666666667,0.0324568089072916
"113",7,"JV1_NAG",1.956,"Mouse_Pa","trial_1","nag",1.877,0.0398036849215413
"114",7,"JV3_NAG",0.503,"Mouse_Pa","trial_1","nag",0.453333333333333,0.0405394184028884
"115",7,"JV4_NAG",0.334,"Mouse_Pa","trial_1","nag",0.213333333333333,0.0617773780962291
"116",7,"JV5_NAG",0.289,"Mouse_Pa","trial_1","nag",0.23,0.0300055550412475
"117",7.25,"JV1_NAG",1.988,"Mouse_Pa","trial_1","nag",1.90033333333333,0.0448565615168072
"118",7.25,"JV3_NAG",0.546,"Mouse_Pa","trial_1","nag",0.488333333333333,0.0386192237680206
"119",7.25,"JV4_NAG",0.326,"Mouse_Pa","trial_1","nag",0.231,0.0477528358669235
"120",7.25,"JV5_NAG",0.3,"Mouse_Pa","trial_1","nag",0.251666666666667,0.0242510022702385
"121",7.5,"JV1_NAG",2.018,"Mouse_Pa","trial_1","nag",1.916,0.0517300686255102
"122",7.5,"JV3_NAG",0.549,"Mouse_Pa","trial_1","nag",0.498333333333333,0.0273820703705505
"123",7.5,"JV4_NAG",0.334,"Mouse_Pa","trial_1","nag",0.245333333333333,0.0448714212438657
"124",7.5,"JV5_NAG",0.313,"Mouse_Pa","trial_1","nag",0.274666666666667,0.0228351580779386
"125",7.75,"JV1_NAG",2.073,"Mouse_Pa","trial_1","nag",1.948,0.0629841249839989
"126",7.75,"JV3_NAG",0.584,"Mouse_Pa","trial_1","nag",0.528333333333333,0.0345655576806997
"127",7.75,"JV4_NAG",0.369,"Mouse_Pa","trial_1","nag",0.270333333333333,0.0503002098515614
"128",7.75,"JV5_NAG",0.358,"Mouse_Pa","trial_1","nag",0.283666666666667,0.0373556480929517
"129",8,"JV1_NAG",2.128,"Mouse_Pa","trial_1","nag",1.98433333333333,0.0720424257719791
"130",8,"JV3_NAG",0.631,"Mouse_Pa","trial_1","nag",0.542333333333333,0.0482539578111935
"131",8,"JV4_NAG",0.376,"Mouse_Pa","trial_1","nag",0.293,0.045544849690534
"132",8,"JV5_NAG",0.258,"Mouse_Pa","trial_1","nag",0.249,0.011060440015358
"133",8.25,"JV1_NAG",2.175,"Mouse_Pa","trial_1","nag",2.01766666666667,0.0786687852822056
"134",8.25,"JV3_NAG",0.689,"Mouse_Pa","trial_1","nag",0.592666666666667,0.0575335650825769
"135",8.25,"JV4_NAG",0.281,"Mouse_Pa","trial_1","nag",0.285,0.0306648550189518
"136",8.25,"JV5_NAG",0.28,"Mouse_Pa","trial_1","nag",0.271666666666667,0.0120046287369127
"137",8.5,"JV1_NAG",2.209,"Mouse_Pa","trial_1","nag",2.04333333333333,0.0828338363499147
"138",8.5,"JV3_NAG",0.708,"Mouse_Pa","trial_1","nag",0.606333333333333,0.0536107369013998
"139",8.5,"JV4_NAG",0.307,"Mouse_Pa","trial_1","nag",0.296666666666667,0.043895076919602
"140",8.5,"JV5_NAG",0.321,"Mouse_Pa","trial_1","nag",0.312,0.0153948043183407
"141",8.75,"JV1_NAG",2.227,"Mouse_Pa","trial_1","nag",2.057,0.0850490054811538
"142",8.75,"JV3_NAG",0.761,"Mouse_Pa","trial_1","nag",0.652666666666667,0.07025746302786
"143",8.75,"JV4_NAG",0.333,"Mouse_Pa","trial_1","nag",0.328333333333333,0.055474718966791
"144",8.75,"JV5_NAG",0.315,"Mouse_Pa","trial_1","nag",0.294666666666667,0.019341952101872
"145",9,"JV1_NAG",2.248,"Mouse_Pa","trial_1","nag",2.07166666666667,0.0883031394937035
"146",9,"JV3_NAG",0.802,"Mouse_Pa","trial_1","nag",0.700666666666667,0.0681721676671972
"147",9,"JV4_NAG",0.332,"Mouse_Pa","trial_1","nag",0.351333333333333,0.0630986881356851
"148",9,"JV5_NAG",0.289,"Mouse_Pa","trial_1","nag",0.290666666666667,0.026859717877231
"149",9.25,"JV1_NAG",2.26,"Mouse_Pa","trial_1","nag",2.084,0.0881532756056177
"150",9.25,"JV3_NAG",0.818,"Mouse_Pa","trial_1","nag",0.721,0.0633166644731069
"151",9.25,"JV4_NAG",0.339,"Mouse_Pa","trial_1","nag",0.379333333333333,0.0740997825757794
"152",9.25,"JV5_NAG",0.32,"Mouse_Pa","trial_1","nag",0.275,0.0240069434400411
"153",9.5,"JV1_NAG",2.27,"Mouse_Pa","trial_1","nag",2.096,0.0870306459434454
"154",9.5,"JV3_NAG",0.845,"Mouse_Pa","trial_1","nag",0.754,0.0549939390599849
"155",9.5,"JV4_NAG",0.369,"Mouse_Pa","trial_1","nag",0.401666666666667,0.0841612209459387
"156",9.5,"JV5_NAG",0.355,"Mouse_Pa","trial_1","nag",0.296,0.0383709959908957
"157",9.75,"JV1_NAG",2.287,"Mouse_Pa","trial_1","nag",2.10933333333333,0.0889388054288515
"158",9.75,"JV3_NAG",0.926,"Mouse_Pa","trial_1","nag",0.811,0.0647327840690738
"159",9.75,"JV4_NAG",0.396,"Mouse_Pa","trial_1","nag",0.407666666666667,0.114752390437459
"160",9.75,"JV5_NAG",0.373,"Mouse_Pa","trial_1","nag",0.319333333333333,0.0426861934483635
"161",10,"JV1_NAG",2.295,"Mouse_Pa","trial_1","nag",2.12266666666667,0.0863796529539477
"162",10,"JV3_NAG",0.945,"Mouse_Pa","trial_1","nag",0.842666666666667,0.0653817847552189
"163",10,"JV4_NAG",0.44,"Mouse_Pa","trial_1","nag",0.437,0.123850716590579
"164",10,"JV5_NAG",0.41,"Mouse_Pa","trial_1","nag",0.319666666666667,0.0503399554142742
"165",10.25,"JV1_NAG",2.306,"Mouse_Pa","trial_1","nag",2.13333333333333,0.0866108794808391
"166",10.25,"JV3_NAG",0.983,"Mouse_Pa","trial_1","nag",0.878666666666667,0.0594820234281847
"167",10.25,"JV4_NAG",0.377,"Mouse_Pa","trial_1","nag",0.440666666666667,0.141892369225566
"168",10.25,"JV5_NAG",0.39,"Mouse_Pa","trial_1","nag",0.330666666666667,0.0398176398653216
"169",10.5,"JV1_NAG",2.314,"Mouse_Pa","trial_1","nag",2.14666666666667,0.0837164526508646
"170",10.5,"JV3_NAG",0.991,"Mouse_Pa","trial_1","nag",0.905666666666667,0.0490759049274127
"171",10.5,"JV4_NAG",0.398,"Mouse_Pa","trial_1","nag",0.454666666666667,0.153896429819249
"172",10.5,"JV5_NAG",0.374,"Mouse_Pa","trial_1","nag",0.352333333333333,0.0343721463461979
"173",10.75,"JV1_NAG",2.323,"Mouse_Pa","trial_1","nag",2.15233333333333,0.0855284228260472
"174",10.75,"JV3_NAG",1.012,"Mouse_Pa","trial_1","nag",0.932,0.0517976833458795
"175",10.75,"JV4_NAG",0.383,"Mouse_Pa","trial_1","nag",0.479333333333333,0.168957917179923
"176",10.75,"JV5_NAG",0.376,"Mouse_Pa","trial_1","nag",0.345666666666667,0.0318451112592045
"177",11,"JV1_NAG",2.332,"Mouse_Pa","trial_1","nag",2.16733333333333,0.0824324639393431
"178",11,"JV3_NAG",1.031,"Mouse_Pa","trial_1","nag",0.952,0.0567186036499489
"179",11,"JV4_NAG",0.398,"Mouse_Pa","trial_1","nag",0.497666666666667,0.182174214543235
"180",11,"JV5_NAG",0.378,"Mouse_Pa","trial_1","nag",0.347333333333333,0.0432255068731929
"181",11.25,"JV1_NAG",2.343,"Mouse_Pa","trial_1","nag",2.17833333333333,0.0823657156292052
"182",11.25,"JV3_NAG",1.063,"Mouse_Pa","trial_1","nag",0.978333333333333,0.0601451946912174
"183",11.25,"JV4_NAG",0.412,"Mouse_Pa","trial_1","nag",0.521,0.188473694008828
"184",11.25,"JV5_NAG",0.396,"Mouse_Pa","trial_1","nag",0.352333333333333,0.0324157026420496
"185",11.5,"JV1_NAG",2.351,"Mouse_Pa","trial_1","nag",2.18533333333333,0.0831992254237448
"186",11.5,"JV3_NAG",1.08,"Mouse_Pa","trial_1","nag",1,0.0564535207050898
"187",11.5,"JV4_NAG",0.405,"Mouse_Pa","trial_1","nag",0.522333333333333,0.188348376980294
"188",11.5,"JV5_NAG",0.382,"Mouse_Pa","trial_1","nag",0.340333333333333,0.0344399638662864
"189",11.75,"JV1_NAG",2.362,"Mouse_Pa","trial_1","nag",2.20133333333333,0.0804660038636056
"190",11.75,"JV3_NAG",1.106,"Mouse_Pa","trial_1","nag",1.038,0.0550545184340032
"191",11.75,"JV4_NAG",0.409,"Mouse_Pa","trial_1","nag",0.536666666666667,0.204496400402985
"192",11.75,"JV5_NAG",0.378,"Mouse_Pa","trial_1","nag",0.336333333333333,0.0269093127208985
"193",12,"JV1_NAG",2.372,"Mouse_Pa","trial_1","nag",2.21133333333333,0.080501207720409
"194",12,"JV3_NAG",1.124,"Mouse_Pa","trial_1","nag",1.04933333333333,0.0545964996843001
"195",12,"JV4_NAG",0.412,"Mouse_Pa","trial_1","nag",0.539333333333333,0.201429336934265
"196",12,"JV5_NAG",0.373,"Mouse_Pa","trial_1","nag",0.335333333333333,0.0274124870167675
"197",12.25,"JV1_NAG",2.376,"Mouse_Pa","trial_1","nag",2.21733333333333,0.0795871290543333
"198",12.25,"JV3_NAG",1.149,"Mouse_Pa","trial_1","nag",1.07233333333333,0.0582647215541084
"199",12.25,"JV4_NAG",0.416,"Mouse_Pa","trial_1","nag",0.554666666666667,0.216368769568171
"200",12.25,"JV5_NAG",0.377,"Mouse_Pa","trial_1","nag",0.348,0.0246373699895098
"201",12.5,"JV1_NAG",2.393,"Mouse_Pa","trial_1","nag",2.23333333333333,0.0800215248820243
"202",12.5,"JV3_NAG",1.16,"Mouse_Pa","trial_1","nag",1.10133333333333,0.0471781493678777
"203",12.5,"JV4_NAG",0.418,"Mouse_Pa","trial_1","nag",0.559,0.212110820091762
"204",12.5,"JV5_NAG",0.389,"Mouse_Pa","trial_1","nag",0.345666666666667,0.0288521133445099
"205",12.75,"JV1_NAG",2.402,"Mouse_Pa","trial_1","nag",2.244,0.0792106895143159
"206",12.75,"JV3_NAG",1.216,"Mouse_Pa","trial_1","nag",1.12666666666667,0.0659326255438922
"207",12.75,"JV4_NAG",0.428,"Mouse_Pa","trial_1","nag",0.565666666666667,0.221415396433441
"208",12.75,"JV5_NAG",0.394,"Mouse_Pa","trial_1","nag",0.356,0.032654759734736
"209",13,"JV1_NAG",2.408,"Mouse_Pa","trial_1","nag",2.25233333333333,0.0783460982507177
"210",13,"JV3_NAG",1.207,"Mouse_Pa","trial_1","nag",1.14066666666667,0.0547732700421575
"211",13,"JV4_NAG",0.441,"Mouse_Pa","trial_1","nag",0.571,0.224947401259346
"212",13,"JV5_NAG",0.403,"Mouse_Pa","trial_1","nag",0.361333333333333,0.0300462606288666
"213",13.25,"JV1_NAG",2.429,"Mouse_Pa","trial_1","nag",2.26566666666667,0.0821874551119437
"214",13.25,"JV3_NAG",1.217,"Mouse_Pa","trial_1","nag",1.162,0.0560029761113937
"215",13.25,"JV4_NAG",0.444,"Mouse_Pa","trial_1","nag",0.581666666666667,0.229111569134147
"216",13.25,"JV5_NAG",0.408,"Mouse_Pa","trial_1","nag",0.364,0.0331712727119918
"217",13.5,"JV1_NAG",2.43,"Mouse_Pa","trial_1","nag",2.277,0.0768396598986053
"218",13.5,"JV3_NAG",1.229,"Mouse_Pa","trial_1","nag",1.18066666666667,0.0539269052617626
"219",13.5,"JV4_NAG",0.445,"Mouse_Pa","trial_1","nag",0.576333333333333,0.221278356626018
"220",13.5,"JV5_NAG",0.412,"Mouse_Pa","trial_1","nag",0.363333333333333,0.0316298031047372
"221",13.75,"JV1_NAG",2.44,"Mouse_Pa","trial_1","nag",2.28866666666667,0.0759327187566583
"222",13.75,"JV3_NAG",1.247,"Mouse_Pa","trial_1","nag",1.19333333333333,0.0531674503599503
"223",13.75,"JV4_NAG",0.454,"Mouse_Pa","trial_1","nag",0.588333333333333,0.225307444272142
"224",13.75,"JV5_NAG",0.406,"Mouse_Pa","trial_1","nag",0.363333333333333,0.0239884231337628
"225",14,"JV1_NAG",2.453,"Mouse_Pa","trial_1","nag",2.29933333333333,0.0775721886016144
"226",14,"JV3_NAG",1.265,"Mouse_Pa","trial_1","nag",1.205,0.0565361241449511
"227",14,"JV4_NAG",0.45,"Mouse_Pa","trial_1","nag",0.603333333333333,0.23458426583592
"228",14,"JV5_NAG",0.389,"Mouse_Pa","trial_1","nag",0.355666666666667,0.0220479275922049
"229",14.25,"JV1_NAG",2.466,"Mouse_Pa","trial_1","nag",2.31133333333333,0.0778167362746887
"230",14.25,"JV3_NAG",1.264,"Mouse_Pa","trial_1","nag",1.22833333333333,0.0519433452052437
"231",14.25,"JV4_NAG",0.447,"Mouse_Pa","trial_1","nag",0.604,0.242004820888621
"232",14.25,"JV5_NAG",0.381,"Mouse_Pa","trial_1","nag",0.355666666666667,0.0179381653960983
"233",14.5,"JV1_NAG",2.476,"Mouse_Pa","trial_1","nag",2.32166666666667,0.0777524561955726
"234",14.5,"JV3_NAG",1.292,"Mouse_Pa","trial_1","nag",1.251,0.0518555686498567
"235",14.5,"JV4_NAG",0.432,"Mouse_Pa","trial_1","nag",0.606333333333333,0.243335388119178
"236",14.5,"JV5_NAG",0.356,"Mouse_Pa","trial_1","nag",0.351333333333333,0.0174769689718911
"237",14.75,"JV1_NAG",2.482,"Mouse_Pa","trial_1","nag",2.33333333333333,0.0748361172459157
"238",14.75,"JV3_NAG",1.256,"Mouse_Pa","trial_1","nag",1.23766666666667,0.0490725087101843
"239",14.75,"JV4_NAG",0.395,"Mouse_Pa","trial_1","nag",0.582333333333333,0.241208991909045
"240",14.75,"JV5_NAG",0.363,"Mouse_Pa","trial_1","nag",0.346666666666667,0.0204640606375611
"241",15,"JV1_NAG",2.494,"Mouse_Pa","trial_1","nag",2.344,0.075639495855891
"242",15,"JV3_NAG",1.304,"Mouse_Pa","trial_1","nag",1.26733333333333,0.0561911420460952
"243",15,"JV4_NAG",0.384,"Mouse_Pa","trial_1","nag",0.577666666666667,0.237437945109407
"244",15,"JV5_NAG",0.353,"Mouse_Pa","trial_1","nag",0.346,0.0173877351409933
"245",15.25,"JV1_NAG",2.504,"Mouse_Pa","trial_1","nag",2.35233333333333,0.0766644927228013
"246",15.25,"JV3_NAG",1.309,"Mouse_Pa","trial_1","nag",1.287,0.0525483903971695
"247",15.25,"JV4_NAG",0.378,"Mouse_Pa","trial_1","nag",0.574333333333333,0.238510889572037
"248",15.25,"JV5_NAG",0.351,"Mouse_Pa","trial_1","nag",0.347333333333333,0.0154092324417683
"249",15.5,"JV1_NAG",2.512,"Mouse_Pa","trial_1","nag",2.36633333333333,0.0736983340683115
"250",15.5,"JV3_NAG",1.33,"Mouse_Pa","trial_1","nag",1.30133333333333,0.0450641518035986
"251",15.5,"JV4_NAG",0.367,"Mouse_Pa","trial_1","nag",0.564666666666667,0.235112975207901
"252",15.5,"JV5_NAG",0.346,"Mouse_Pa","trial_1","nag",0.346666666666667,0.0236737078727529
"253",15.75,"JV1_NAG",2.526,"Mouse_Pa","trial_1","nag",2.37933333333333,0.0736598790236433
"254",15.75,"JV3_NAG",1.342,"Mouse_Pa","trial_1","nag",1.31733333333333,0.0567812566883748
"255",15.75,"JV4_NAG",0.364,"Mouse_Pa","trial_1","nag",0.557333333333333,0.229225749959389
"256",15.75,"JV5_NAG",0.345,"Mouse_Pa","trial_1","nag",0.34,0.0246644143115812
"257",16,"JV1_NAG",2.533,"Mouse_Pa","trial_1","nag",2.38266666666667,0.0760927796253437
"258",16,"JV3_NAG",1.324,"Mouse_Pa","trial_1","nag",1.31633333333333,0.0443333333333333
"259",16,"JV4_NAG",0.36,"Mouse_Pa","trial_1","nag",0.561,0.233210205608588
"260",16,"JV5_NAG",0.344,"Mouse_Pa","trial_1","nag",0.340333333333333,0.0274853496329307
"261",16.25,"JV1_NAG",2.543,"Mouse_Pa","trial_1","nag",2.39766666666667,0.0733265148345248
"262",16.25,"JV3_NAG",1.352,"Mouse_Pa","trial_1","nag",1.335,0.0461121820491433
"263",16.25,"JV4_NAG",0.357,"Mouse_Pa","trial_1","nag",0.563666666666667,0.234704305693592
"264",16.25,"JV5_NAG",0.344,"Mouse_Pa","trial_1","nag",0.342666666666667,0.0265664784602284
"265",16.5,"JV1_NAG",2.552,"Mouse_Pa","trial_1","nag",2.41066666666667,0.0710054770970366
"266",16.5,"JV3_NAG",1.347,"Mouse_Pa","trial_1","nag",1.33,0.0309246395829173
"267",16.5,"JV4_NAG",0.358,"Mouse_Pa","trial_1","nag",0.569666666666667,0.239693090801086
"268",16.5,"JV5_NAG",0.339,"Mouse_Pa","trial_1","nag",0.342666666666667,0.0269093127208985
"269",16.75,"JV1_NAG",2.562,"Mouse_Pa","trial_1","nag",2.42,0.0715262189689906
"270",16.75,"JV3_NAG",1.353,"Mouse_Pa","trial_1","nag",1.35133333333333,0.0355168191768977
"271",16.75,"JV4_NAG",0.364,"Mouse_Pa","trial_1","nag",0.574666666666667,0.243889546949251
"272",16.75,"JV5_NAG",0.348,"Mouse_Pa","trial_1","nag",0.348,0.0288675134594813
"273",17,"JV1_NAG",2.575,"Mouse_Pa","trial_1","nag",2.43,0.0732006375199926
"274",17,"JV3_NAG",1.376,"Mouse_Pa","trial_1","nag",1.36633333333333,0.0346906967996384
"275",17,"JV4_NAG",0.368,"Mouse_Pa","trial_1","nag",0.585666666666667,0.251910257388971
"276",17,"JV5_NAG",0.35,"Mouse_Pa","trial_1","nag",0.351,0.0274286954362276
"277",17.25,"JV1_NAG",2.579,"Mouse_Pa","trial_1","nag",2.43766666666667,0.0711953494111644
"278",17.25,"JV3_NAG",1.387,"Mouse_Pa","trial_1","nag",1.37066666666667,0.0275095942859537
"279",17.25,"JV4_NAG",0.367,"Mouse_Pa","trial_1","nag",0.592666666666667,0.254181256411859
"280",17.25,"JV5_NAG",0.35,"Mouse_Pa","trial_1","nag",0.355666666666667,0.0281444685704156
"281",17.5,"JV1_NAG",2.587,"Mouse_Pa","trial_1","nag",2.44933333333333,0.0692732111120726
"282",17.5,"JV3_NAG",1.38,"Mouse_Pa","trial_1","nag",1.38066666666667,0.0196327390968363
"283",17.5,"JV4_NAG",0.366,"Mouse_Pa","trial_1","nag",0.602333333333333,0.262246915033227
"284",17.5,"JV5_NAG",0.349,"Mouse_Pa","trial_1","nag",0.362,0.0276224546338663
"285",17.75,"JV1_NAG",2.592,"Mouse_Pa","trial_1","nag",2.458,0.0674190873071813
"286",17.75,"JV3_NAG",1.378,"Mouse_Pa","trial_1","nag",1.37966666666667,0.0199360087390742
"287",17.75,"JV4_NAG",0.369,"Mouse_Pa","trial_1","nag",0.612,0.267873726470763
"288",17.75,"JV5_NAG",0.361,"Mouse_Pa","trial_1","nag",0.371666666666667,0.0253924748257782
"289",18,"JV1_NAG",2.605,"Mouse_Pa","trial_1","nag",2.46533333333333,0.0704800996341836
"290",18,"JV3_NAG",1.371,"Mouse_Pa","trial_1","nag",1.38166666666667,0.015387585183445
"291",18,"JV4_NAG",0.36,"Mouse_Pa","trial_1","nag",0.618666666666667,0.27686177859077
"292",18,"JV5_NAG",0.359,"Mouse_Pa","trial_1","nag",0.379,0.0235867194271127
"293",18.25,"JV1_NAG",2.611,"Mouse_Pa","trial_1","nag",2.479,0.0661614187675366
"294",18.25,"JV3_NAG",1.36,"Mouse_Pa","trial_1","nag",1.37633333333333,0.0105251022692312
"295",18.25,"JV4_NAG",0.371,"Mouse_Pa","trial_1","nag",0.632,0.281237147854499
"296",18.25,"JV5_NAG",0.372,"Mouse_Pa","trial_1","nag",0.389,0.0211266025033211
"297",18.5,"JV1_NAG",2.614,"Mouse_Pa","trial_1","nag",2.48333333333333,0.0655396402526322
"298",18.5,"JV3_NAG",1.358,"Mouse_Pa","trial_1","nag",1.381,0.0125033328890073
"299",18.5,"JV4_NAG",0.37,"Mouse_Pa","trial_1","nag",0.638333333333333,0.282957201318111
"300",18.5,"JV5_NAG",0.376,"Mouse_Pa","trial_1","nag",0.397,0.0195192212959431
"301",18.75,"JV1_NAG",2.629,"Mouse_Pa","trial_1","nag",2.49633333333333,0.0666366599136275
"302",18.75,"JV3_NAG",1.356,"Mouse_Pa","trial_1","nag",1.391,0.0187171935218219
"303",18.75,"JV4_NAG",0.378,"Mouse_Pa","trial_1","nag",0.647333333333333,0.280911809015649
"304",18.75,"JV5_NAG",0.395,"Mouse_Pa","trial_1","nag",0.405666666666667,0.0132455443242037
"305",19,"JV1_NAG",2.641,"Mouse_Pa","trial_1","nag",2.50433333333333,0.0687442926923958
"306",19,"JV3_NAG",1.353,"Mouse_Pa","trial_1","nag",1.39433333333333,0.0281089151535791
"307",19,"JV4_NAG",0.372,"Mouse_Pa","trial_1","nag",0.650333333333333,0.280335711444531
"308",19,"JV5_NAG",0.394,"Mouse_Pa","trial_1","nag",0.412666666666667,0.0131318104023948
"309",19.25,"JV1_NAG",2.651,"Mouse_Pa","trial_1","nag",2.51166666666667,0.0696881944409843
"310",19.25,"JV3_NAG",1.315,"Mouse_Pa","trial_1","nag",1.38733333333333,0.0460953118850256
"311",19.25,"JV4_NAG",0.389,"Mouse_Pa","trial_1","nag",0.66,0.274507437664872
"312",19.25,"JV5_NAG",0.417,"Mouse_Pa","trial_1","nag",0.423,0.010816653826392
"313",19.5,"JV1_NAG",2.657,"Mouse_Pa","trial_1","nag",2.522,0.067515430335097
"314",19.5,"JV3_NAG",1.323,"Mouse_Pa","trial_1","nag",1.38266666666667,0.0532989472483067
"315",19.5,"JV4_NAG",0.391,"Mouse_Pa","trial_1","nag",0.666666666666667,0.273669102709418
"316",19.5,"JV5_NAG",0.423,"Mouse_Pa","trial_1","nag",0.431,0.0070237691685685
"317",19.75,"JV1_NAG",2.662,"Mouse_Pa","trial_1","nag",2.528,0.0670397891802572
"318",19.75,"JV3_NAG",1.308,"Mouse_Pa","trial_1","nag",1.37166666666667,0.0692395198648222
"319",19.75,"JV4_NAG",0.408,"Mouse_Pa","trial_1","nag",0.674666666666667,0.267166822624201
"320",19.75,"JV5_NAG",0.439,"Mouse_Pa","trial_1","nag",0.445666666666667,0.0114649223479466
"321",20,"JV1_NAG",2.668,"Mouse_Pa","trial_1","nag",2.54166666666667,0.0633570131170269
"322",20,"JV3_NAG",1.272,"Mouse_Pa","trial_1","nag",1.36766666666667,0.0849045215390663
"323",20,"JV4_NAG",0.426,"Mouse_Pa","trial_1","nag",0.691333333333333,0.267837222539694
"324",20,"JV5_NAG",0.435,"Mouse_Pa","trial_1","nag",0.45,0.00750555349946514
"325",20.25,"JV1_NAG",2.679,"Mouse_Pa","trial_1","nag",2.54666666666667,0.0661824078672807
"326",20.25,"JV3_NAG",1.28,"Mouse_Pa","trial_1","nag",1.337,0.115295273103454
"327",20.25,"JV4_NAG",0.437,"Mouse_Pa","trial_1","nag",0.697333333333333,0.262335874617085
"328",20.25,"JV5_NAG",0.452,"Mouse_Pa","trial_1","nag",0.465666666666667,0.00952773728530429
"329",20.5,"JV1_NAG",2.681,"Mouse_Pa","trial_1","nag",2.554,0.0635059052372298
"330",20.5,"JV3_NAG",1.24,"Mouse_Pa","trial_1","nag",1.31166666666667,0.159668754335691
"331",20.5,"JV4_NAG",0.451,"Mouse_Pa","trial_1","nag",0.710666666666667,0.260667306052072
"332",20.5,"JV5_NAG",0.463,"Mouse_Pa","trial_1","nag",0.473333333333333,0.00523874454850056
"333",20.75,"JV1_NAG",2.693,"Mouse_Pa","trial_1","nag",2.56633333333333,0.0633438587745051
"334",20.75,"JV3_NAG",1.216,"Mouse_Pa","trial_1","nag",1.274,0.18644391471253
"335",20.75,"JV4_NAG",0.459,"Mouse_Pa","trial_1","nag",0.718666666666667,0.260166826820365
"336",20.75,"JV5_NAG",0.468,"Mouse_Pa","trial_1","nag",0.479666666666667,0.0080069414329762
"337",21,"JV1_NAG",2.699,"Mouse_Pa","trial_1","nag",2.57,0.0645006459915971
"338",21,"JV3_NAG",1.165,"Mouse_Pa","trial_1","nag",1.247,0.217518581581743
"339",21,"JV4_NAG",0.474,"Mouse_Pa","trial_1","nag",0.724,0.253005928784288
"340",21,"JV5_NAG",0.489,"Mouse_Pa","trial_1","nag",0.495666666666667,0.00480740170061866
"341",21.25,"JV1_NAG",2.707,"Mouse_Pa","trial_1","nag",2.577,0.0650640709864771
"342",21.25,"JV3_NAG",1.132,"Mouse_Pa","trial_1","nag",1.23,0.236646008488065
"343",21.25,"JV4_NAG",0.483,"Mouse_Pa","trial_1","nag",0.735666666666667,0.251667328917451
"344",21.25,"JV5_NAG",0.492,"Mouse_Pa","trial_1","nag",0.505666666666667,0.00698410894658566
"345",21.5,"JV1_NAG",2.715,"Mouse_Pa","trial_1","nag",2.58666666666667,0.064182898379899
"346",21.5,"JV3_NAG",1.099,"Mouse_Pa","trial_1","nag",1.20033333333333,0.265835370943079
"347",21.5,"JV4_NAG",0.495,"Mouse_Pa","trial_1","nag",0.740666666666667,0.247669358442079
"348",21.5,"JV5_NAG",0.503,"Mouse_Pa","trial_1","nag",0.514333333333333,0.00611918658356195
"349",21.75,"JV1_NAG",2.722,"Mouse_Pa","trial_1","nag",2.59433333333333,0.0639435514948754
"350",21.75,"JV3_NAG",1.049,"Mouse_Pa","trial_1","nag",1.17933333333333,0.294531454649207
"351",21.75,"JV4_NAG",0.509,"Mouse_Pa","trial_1","nag",0.752,0.246006097485408
"352",21.75,"JV5_NAG",0.509,"Mouse_Pa","trial_1","nag",0.539333333333333,0.0203497201727962
"353",22,"JV1_NAG",2.729,"Mouse_Pa","trial_1","nag",2.60166666666667,0.0639826365334985
"354",22,"JV3_NAG",0.979,"Mouse_Pa","trial_1","nag",1.14533333333333,0.320161591144916
"355",22,"JV4_NAG",0.516,"Mouse_Pa","trial_1","nag",0.759333333333333,0.244834864982729
"356",22,"JV5_NAG",0.522,"Mouse_Pa","trial_1","nag",0.546666666666667,0.0161279605378706
"357",22.25,"JV1_NAG",2.741,"Mouse_Pa","trial_1","nag",2.61333333333333,0.0639800316070917
"358",22.25,"JV3_NAG",0.968,"Mouse_Pa","trial_1","nag",1.146,0.319784823488128
"359",22.25,"JV4_NAG",0.524,"Mouse_Pa","trial_1","nag",0.768666666666667,0.243667350660235
"360",22.25,"JV5_NAG",0.54,"Mouse_Pa","trial_1","nag",0.553666666666667,0.00779601037568431
"361",22.5,"JV1_NAG",2.747,"Mouse_Pa","trial_1","nag",2.62133333333333,0.0634674019565249
"362",22.5,"JV3_NAG",0.902,"Mouse_Pa","trial_1","nag",1.132,0.348604360271067
"363",22.5,"JV4_NAG",0.532,"Mouse_Pa","trial_1","nag",0.780333333333333,0.245837570584952
"364",22.5,"JV5_NAG",0.549,"Mouse_Pa","trial_1","nag",0.572,0.0138924439894498
"365",22.75,"JV1_NAG",2.756,"Mouse_Pa","trial_1","nag",2.631,0.0626498204307083
"366",22.75,"JV3_NAG",0.807,"Mouse_Pa","trial_1","nag",1.109,0.363128535553643
"367",22.75,"JV4_NAG",0.533,"Mouse_Pa","trial_1","nag",0.779666666666667,0.24168390743099
"368",22.75,"JV5_NAG",0.554,"Mouse_Pa","trial_1","nag",0.576666666666667,0.0146211414663075
"369",23,"JV1_NAG",2.76,"Mouse_Pa","trial_1","nag",2.63733333333333,0.0621136950366914
"370",23,"JV3_NAG",0.801,"Mouse_Pa","trial_1","nag",1.117,0.372879337051545
"371",23,"JV4_NAG",0.552,"Mouse_Pa","trial_1","nag",0.792,0.238501572321861
"372",23,"JV5_NAG",0.563,"Mouse_Pa","trial_1","nag",0.59,0.0172143351115672
"373",23.25,"JV1_NAG",2.764,"Mouse_Pa","trial_1","nag",2.64033333333333,0.0623974714587413
"374",23.25,"JV3_NAG",0.781,"Mouse_Pa","trial_1","nag",1.107,0.38075495181722
"375",23.25,"JV4_NAG",0.558,"Mouse_Pa","trial_1","nag",0.796,0.236002824841851
"376",23.25,"JV5_NAG",0.572,"Mouse_Pa","trial_1","nag",0.586,0.007371114795832
"377",23.5,"JV1_NAG",2.772,"Mouse_Pa","trial_1","nag",2.64633333333333,0.0635513790391504
"378",23.5,"JV3_NAG",0.794,"Mouse_Pa","trial_1","nag",1.12966666666667,0.383108484780892
"379",23.5,"JV4_NAG",0.567,"Mouse_Pa","trial_1","nag",0.809666666666667,0.240669436733827
"380",23.5,"JV5_NAG",0.581,"Mouse_Pa","trial_1","nag",0.598333333333333,0.00913479307069649
"381",23.75,"JV1_NAG",2.785,"Mouse_Pa","trial_1","nag",2.65933333333333,0.0637346931514628
"382",23.75,"JV3_NAG",0.817,"Mouse_Pa","trial_1","nag",1.151,0.384043400325189
"383",23.75,"JV4_NAG",0.58,"Mouse_Pa","trial_1","nag",0.813333333333333,0.233833511522859
"384",23.75,"JV5_NAG",0.589,"Mouse_Pa","trial_1","nag",0.623,0.0215715862498179
"385",24,"JV1_NAG",2.788,"Mouse_Pa","trial_1","nag",2.664,0.0630661028868388
"386",24,"JV3_NAG",0.798,"Mouse_Pa","trial_1","nag",1.13266666666667,0.401949554601625
"387",24,"JV4_NAG",0.586,"Mouse_Pa","trial_1","nag",0.818666666666667,0.232666666666667
"388",24,"JV5_NAG",0.597,"Mouse_Pa","trial_1","nag",0.638666666666667,0.0300462606288666
"389",0,"JV1_NAG",0.006,"Mouse_Pa","trial_2","nag",0.00266666666666667,0.00240370085030933
"390",0,"JV3_NAG",0.006,"Mouse_Pa","trial_2","nag",0.00266666666666667,0.00284800124843918
"391",0,"JV4_NAG",0.002,"Mouse_Pa","trial_2","nag",0.000666666666666667,0.00133333333333333
"392",0,"JV5_NAG",-0.001,"Mouse_Pa","trial_2","nag",-0.00133333333333333,0.00260341655863555
"393",0.25,"JV1_NAG",0.006,"Mouse_Pa","trial_2","nag",0.00333333333333333,0.00176383420737639
"394",0.25,"JV3_NAG",0.004,"Mouse_Pa","trial_2","nag",0.002,0.00251661147842358
"395",0.25,"JV4_NAG",0.002,"Mouse_Pa","trial_2","nag",0.001,0.00152752523165195
"396",0.25,"JV5_NAG",-0.001,"Mouse_Pa","trial_2","nag",-0.001,0.0023094010767585
"397",0.5,"JV1_NAG",0.006,"Mouse_Pa","trial_2","nag",0.00466666666666667,0.00133333333333333
"398",0.5,"JV3_NAG",0,"Mouse_Pa","trial_2","nag",-0.001,0.000577350269189626
"399",0.5,"JV4_NAG",0.002,"Mouse_Pa","trial_2","nag",0.00166666666666667,0.000881917103688197
"400",0.5,"JV5_NAG",-0.003,"Mouse_Pa","trial_2","nag",-0.00133333333333333,0.000881917103688197
"401",0.75,"JV1_NAG",0.01,"Mouse_Pa","trial_2","nag",0.00466666666666667,0.00392994204085053
"402",0.75,"JV3_NAG",0.001,"Mouse_Pa","trial_2","nag",0,0.001
"403",0.75,"JV4_NAG",0.006,"Mouse_Pa","trial_2","nag",0.00333333333333333,0.002185812841434
"404",0.75,"JV5_NAG",-0.001,"Mouse_Pa","trial_2","nag",-0.00233333333333333,0.00185592145427667
"405",1,"JV1_NAG",0.016,"Mouse_Pa","trial_2","nag",0.01,0.00458257569495584
"406",1,"JV3_NAG",0.002,"Mouse_Pa","trial_2","nag",0.001,0.00208166599946613
"407",1,"JV4_NAG",0.005,"Mouse_Pa","trial_2","nag",0.003,0.00251661147842358
"408",1,"JV5_NAG",0,"Mouse_Pa","trial_2","nag",-0.002,0.00305505046330389
"409",1.25,"JV1_NAG",0.026,"Mouse_Pa","trial_2","nag",0.0206666666666667,0.004371625682868
"410",1.25,"JV3_NAG",0.002,"Mouse_Pa","trial_2","nag",0.001,0.00152752523165195
"411",1.25,"JV4_NAG",0.004,"Mouse_Pa","trial_2","nag",0.003,0.00208166599946613
"412",1.25,"JV5_NAG",0,"Mouse_Pa","trial_2","nag",-0.00133333333333333,0.00352766841475279
"413",1.5,"JV1_NAG",0.044,"Mouse_Pa","trial_2","nag",0.038,0.00416333199893227
"414",1.5,"JV3_NAG",0.002,"Mouse_Pa","trial_2","nag",0.00133333333333333,0.00176383420737639
"415",1.5,"JV4_NAG",0.005,"Mouse_Pa","trial_2","nag",0.003,0.002
"416",1.5,"JV5_NAG",0.002,"Mouse_Pa","trial_2","nag",0,0.00305505046330389
"417",1.75,"JV1_NAG",0.068,"Mouse_Pa","trial_2","nag",0.0626666666666667,0.00392994204085053
"418",1.75,"JV3_NAG",0.002,"Mouse_Pa","trial_2","nag",0.00133333333333333,0.00233333333333333
"419",1.75,"JV4_NAG",0.007,"Mouse_Pa","trial_2","nag",0.005,0.002
"420",1.75,"JV5_NAG",0.004,"Mouse_Pa","trial_2","nag",0.001,0.003
"421",2,"JV1_NAG",0.101,"Mouse_Pa","trial_2","nag",0.0973333333333333,0.00366666666666667
"422",2,"JV3_NAG",0.003,"Mouse_Pa","trial_2","nag",0.002,0.00208166599946613
"423",2,"JV4_NAG",0.007,"Mouse_Pa","trial_2","nag",0.00533333333333333,0.002185812841434
"424",2,"JV5_NAG",0.006,"Mouse_Pa","trial_2","nag",0.00233333333333333,0.00366666666666667
"425",2.25,"JV1_NAG",0.138,"Mouse_Pa","trial_2","nag",0.132666666666667,0.00484194634877799
"426",2.25,"JV3_NAG",0.004,"Mouse_Pa","trial_2","nag",0.00333333333333333,0.00176383420737639
"427",2.25,"JV4_NAG",0.009,"Mouse_Pa","trial_2","nag",0.00733333333333333,0.00166666666666667
"428",2.25,"JV5_NAG",0.007,"Mouse_Pa","trial_2","nag",0.00433333333333333,0.00371184290855335
"429",2.5,"JV1_NAG",0.185,"Mouse_Pa","trial_2","nag",0.182,0.00208166599946613
"430",2.5,"JV3_NAG",0.004,"Mouse_Pa","trial_2","nag",0.00433333333333333,0.00145296631451356
"431",2.5,"JV4_NAG",0.011,"Mouse_Pa","trial_2","nag",0.00933333333333333,0.00166666666666667
"432",2.5,"JV5_NAG",0.008,"Mouse_Pa","trial_2","nag",0.00466666666666667,0.00333333333333333
"433",2.75,"JV1_NAG",0.239,"Mouse_Pa","trial_2","nag",0.239,0.00346410161513775
"434",2.75,"JV3_NAG",0.006,"Mouse_Pa","trial_2","nag",0.005,0.00264575131106459
"435",2.75,"JV4_NAG",0.011,"Mouse_Pa","trial_2","nag",0.0106666666666667,0.00145296631451356
"436",2.75,"JV5_NAG",0.011,"Mouse_Pa","trial_2","nag",0.00833333333333333,0.00317979733805649
"437",3,"JV1_NAG",0.3,"Mouse_Pa","trial_2","nag",0.302666666666667,0.002185812841434
"438",3,"JV3_NAG",0.006,"Mouse_Pa","trial_2","nag",0.006,0.00288675134594813
"439",3,"JV4_NAG",0.012,"Mouse_Pa","trial_2","nag",0.0133333333333333,0.00133333333333333
"440",3,"JV5_NAG",0.015,"Mouse_Pa","trial_2","nag",0.0103333333333333,0.0032829526005987
"441",3.25,"JV1_NAG",0.393,"Mouse_Pa","trial_2","nag",0.405333333333333,0.0138604152575279
"442",3.25,"JV3_NAG",0.009,"Mouse_Pa","trial_2","nag",0.0113333333333333,0.00617341972581738
"443",3.25,"JV4_NAG",0.015,"Mouse_Pa","trial_2","nag",0.017,0.00152752523165195
"444",3.25,"JV5_NAG",0.021,"Mouse_Pa","trial_2","nag",0.0163333333333333,0.00417665469538056
"445",3.5,"JV1_NAG",0.558,"Mouse_Pa","trial_2","nag",0.566333333333333,0.0368977566315954
"446",3.5,"JV3_NAG",0.013,"Mouse_Pa","trial_2","nag",0.0166666666666667,0.00688799277325728
"447",3.5,"JV4_NAG",0.019,"Mouse_Pa","trial_2","nag",0.0246666666666667,0.00425571511160124
"448",3.5,"JV5_NAG",0.027,"Mouse_Pa","trial_2","nag",0.022,0.00404145188432738
"449",3.75,"JV1_NAG",0.785,"Mouse_Pa","trial_2","nag",0.797666666666667,0.0575074874352124
"450",3.75,"JV3_NAG",0.013,"Mouse_Pa","trial_2","nag",0.021,0.01113552872566
"451",3.75,"JV4_NAG",0.02,"Mouse_Pa","trial_2","nag",0.0276666666666667,0.00433333333333333
"452",3.75,"JV5_NAG",0.032,"Mouse_Pa","trial_2","nag",0.0273333333333333,0.00466666666666667
"453",4,"JV1_NAG",1.019,"Mouse_Pa","trial_2","nag",1.05233333333333,0.0606474328484818
"454",4,"JV3_NAG",0.022,"Mouse_Pa","trial_2","nag",0.03,0.0133166562369588
"455",4,"JV4_NAG",0.028,"Mouse_Pa","trial_2","nag",0.037,0.00519615242270663
"456",4,"JV5_NAG",0.041,"Mouse_Pa","trial_2","nag",0.039,0.00529150262212918
"457",4.25,"JV1_NAG",1.188,"Mouse_Pa","trial_2","nag",1.21566666666667,0.0435367022688265
"458",4.25,"JV3_NAG",0.036,"Mouse_Pa","trial_2","nag",0.037,0.0118462370959446
"459",4.25,"JV4_NAG",0.034,"Mouse_Pa","trial_2","nag",0.042,0.00404145188432738
"460",4.25,"JV5_NAG",0.051,"Mouse_Pa","trial_2","nag",0.0456666666666667,0.00484194634877798
"461",4.5,"JV1_NAG",1.337,"Mouse_Pa","trial_2","nag",1.39066666666667,0.0431367335084355
"462",4.5,"JV3_NAG",0.051,"Mouse_Pa","trial_2","nag",0.049,0.017925772879665
"463",4.5,"JV4_NAG",0.045,"Mouse_Pa","trial_2","nag",0.0553333333333333,0.00523874454850057
"464",4.5,"JV5_NAG",0.06,"Mouse_Pa","trial_2","nag",0.0573333333333333,0.00425571511160123
"465",4.75,"JV1_NAG",1.495,"Mouse_Pa","trial_2","nag",1.52233333333333,0.0268348860834383
"466",4.75,"JV3_NAG",0.065,"Mouse_Pa","trial_2","nag",0.110666666666667,0.0628923242092741
"467",4.75,"JV4_NAG",0.055,"Mouse_Pa","trial_2","nag",0.062,0.00513160143944688
"468",4.75,"JV5_NAG",0.062,"Mouse_Pa","trial_2","nag",0.0616666666666667,0.0072188026092359
"469",5,"JV1_NAG",1.576,"Mouse_Pa","trial_2","nag",1.60466666666667,0.019151443229631
"470",5,"JV3_NAG",0.062,"Mouse_Pa","trial_2","nag",0.133,0.0853834488254798
"471",5,"JV4_NAG",0.06,"Mouse_Pa","trial_2","nag",0.0696666666666667,0.00611918658356194
"472",5,"JV5_NAG",0.073,"Mouse_Pa","trial_2","nag",0.073,0.00635085296108589
"473",5.25,"JV1_NAG",1.656,"Mouse_Pa","trial_2","nag",1.67833333333333,0.0166966397151576
"474",5.25,"JV3_NAG",0.09,"Mouse_Pa","trial_2","nag",0.165333333333333,0.0965614369772484
"475",5.25,"JV4_NAG",0.072,"Mouse_Pa","trial_2","nag",0.0796666666666667,0.00463081466314994
"476",5.25,"JV5_NAG",0.086,"Mouse_Pa","trial_2","nag",0.0843333333333333,0.00440958551844098
"477",5.5,"JV1_NAG",1.725,"Mouse_Pa","trial_2","nag",1.77533333333333,0.0363791759725869
"478",5.5,"JV3_NAG",0.235,"Mouse_Pa","trial_2","nag",0.239,0.0958610104960997
"479",5.5,"JV4_NAG",0.088,"Mouse_Pa","trial_2","nag",0.0916666666666667,0.00272845092395749
"480",5.5,"JV5_NAG",0.096,"Mouse_Pa","trial_2","nag",0.0946666666666667,0.00409606857581484
"481",5.75,"JV1_NAG",1.764,"Mouse_Pa","trial_2","nag",1.80833333333333,0.0248618404610582
"482",5.75,"JV3_NAG",0.299,"Mouse_Pa","trial_2","nag",0.287,0.0477214137817954
"483",5.75,"JV4_NAG",0.101,"Mouse_Pa","trial_2","nag",0.123,0.0240277617212535
"484",5.75,"JV5_NAG",0.105,"Mouse_Pa","trial_2","nag",0.112333333333333,0.0160138828659524
"485",6,"JV1_NAG",1.787,"Mouse_Pa","trial_2","nag",1.835,0.0253245598842968
"486",6,"JV3_NAG",0.36,"Mouse_Pa","trial_2","nag",0.324,0.0632376470150495
"487",6,"JV4_NAG",0.117,"Mouse_Pa","trial_2","nag",0.148666666666667,0.0357413548210535
"488",6,"JV5_NAG",0.118,"Mouse_Pa","trial_2","nag",0.142666666666667,0.0335277662708256
"489",6.25,"JV1_NAG",1.808,"Mouse_Pa","trial_2","nag",1.85466666666667,0.0308670986290869
"490",6.25,"JV3_NAG",0.425,"Mouse_Pa","trial_2","nag",0.384333333333333,0.0483609116723184
"491",6.25,"JV4_NAG",0.133,"Mouse_Pa","trial_2","nag",0.172333333333333,0.0523333333333333
"492",6.25,"JV5_NAG",0.118,"Mouse_Pa","trial_2","nag",0.172,0.0386910842443062
"493",6.5,"JV1_NAG",1.822,"Mouse_Pa","trial_2","nag",1.87066666666667,0.030904871963998
"494",6.5,"JV3_NAG",0.421,"Mouse_Pa","trial_2","nag",0.393666666666667,0.0492758674313412
"495",6.5,"JV4_NAG",0.159,"Mouse_Pa","trial_2","nag",0.195,0.0593745175418995
"496",6.5,"JV5_NAG",0.136,"Mouse_Pa","trial_2","nag",0.209,0.0449703606093317
"497",6.75,"JV1_NAG",1.817,"Mouse_Pa","trial_2","nag",1.88,0.0433166634603052
"498",6.75,"JV3_NAG",0.46,"Mouse_Pa","trial_2","nag",0.433,0.0423359579238894
"499",6.75,"JV4_NAG",0.182,"Mouse_Pa","trial_2","nag",0.206333333333333,0.0587206191308565
"500",6.75,"JV5_NAG",0.178,"Mouse_Pa","trial_2","nag",0.217666666666667,0.0324568089072916
"501",7,"JV1_NAG",1.829,"Mouse_Pa","trial_2","nag",1.877,0.0398036849215413
"502",7,"JV3_NAG",0.484,"Mouse_Pa","trial_2","nag",0.453333333333333,0.0405394184028884
"503",7,"JV4_NAG",0.176,"Mouse_Pa","trial_2","nag",0.213333333333333,0.0617773780962291
"504",7,"JV5_NAG",0.21,"Mouse_Pa","trial_2","nag",0.23,0.0300055550412475
"505",7.25,"JV1_NAG",1.84,"Mouse_Pa","trial_2","nag",1.90033333333333,0.0448565615168072
"506",7.25,"JV3_NAG",0.504,"Mouse_Pa","trial_2","nag",0.488333333333333,0.0386192237680206
"507",7.25,"JV4_NAG",0.192,"Mouse_Pa","trial_2","nag",0.231,0.0477528358669235
"508",7.25,"JV5_NAG",0.231,"Mouse_Pa","trial_2","nag",0.251666666666667,0.0242510022702385
"509",7.5,"JV1_NAG",1.85,"Mouse_Pa","trial_2","nag",1.916,0.0517300686255102
"510",7.5,"JV3_NAG",0.491,"Mouse_Pa","trial_2","nag",0.498333333333333,0.0273820703705505
"511",7.5,"JV4_NAG",0.213,"Mouse_Pa","trial_2","nag",0.245333333333333,0.0448714212438657
"512",7.5,"JV5_NAG",0.277,"Mouse_Pa","trial_2","nag",0.274666666666667,0.0228351580779386
"513",7.75,"JV1_NAG",1.872,"Mouse_Pa","trial_2","nag",1.948,0.0629841249839989
"514",7.75,"JV3_NAG",0.536,"Mouse_Pa","trial_2","nag",0.528333333333333,0.0345655576806997
"515",7.75,"JV4_NAG",0.238,"Mouse_Pa","trial_2","nag",0.270333333333333,0.0503002098515614
"516",7.75,"JV5_NAG",0.253,"Mouse_Pa","trial_2","nag",0.283666666666667,0.0373556480929517
"517",8,"JV1_NAG",1.903,"Mouse_Pa","trial_2","nag",1.98433333333333,0.0720424257719791
"518",8,"JV3_NAG",0.531,"Mouse_Pa","trial_2","nag",0.542333333333333,0.0482539578111935
"519",8,"JV4_NAG",0.284,"Mouse_Pa","trial_2","nag",0.293,0.045544849690534
"520",8,"JV5_NAG",0.227,"Mouse_Pa","trial_2","nag",0.249,0.011060440015358
"521",8.25,"JV1_NAG",1.94,"Mouse_Pa","trial_2","nag",2.01766666666667,0.0786687852822056
"522",8.25,"JV3_NAG",0.599,"Mouse_Pa","trial_2","nag",0.592666666666667,0.0575335650825769
"523",8.25,"JV4_NAG",0.34,"Mouse_Pa","trial_2","nag",0.285,0.0306648550189518
"524",8.25,"JV5_NAG",0.248,"Mouse_Pa","trial_2","nag",0.271666666666667,0.0120046287369127
"525",8.5,"JV1_NAG",1.96,"Mouse_Pa","trial_2","nag",2.04333333333333,0.0828338363499147
"526",8.5,"JV3_NAG",0.585,"Mouse_Pa","trial_2","nag",0.606333333333333,0.0536107369013998
"527",8.5,"JV4_NAG",0.367,"Mouse_Pa","trial_2","nag",0.296666666666667,0.043895076919602
"528",8.5,"JV5_NAG",0.282,"Mouse_Pa","trial_2","nag",0.312,0.0153948043183407
"529",8.75,"JV1_NAG",1.977,"Mouse_Pa","trial_2","nag",2.057,0.0850490054811538
"530",8.75,"JV3_NAG",0.676,"Mouse_Pa","trial_2","nag",0.652666666666667,0.07025746302786
"531",8.75,"JV4_NAG",0.422,"Mouse_Pa","trial_2","nag",0.328333333333333,0.055474718966791
"532",8.75,"JV5_NAG",0.313,"Mouse_Pa","trial_2","nag",0.294666666666667,0.019341952101872
"533",9,"JV1_NAG",1.992,"Mouse_Pa","trial_2","nag",2.07166666666667,0.0883031394937035
"534",9,"JV3_NAG",0.729,"Mouse_Pa","trial_2","nag",0.700666666666667,0.0681721676671972
"535",9,"JV4_NAG",0.469,"Mouse_Pa","trial_2","nag",0.351333333333333,0.0630986881356851
"536",9,"JV5_NAG",0.338,"Mouse_Pa","trial_2","nag",0.290666666666667,0.026859717877231
"537",9.25,"JV1_NAG",2.005,"Mouse_Pa","trial_2","nag",2.084,0.0881532756056177
"538",9.25,"JV3_NAG",0.743,"Mouse_Pa","trial_2","nag",0.721,0.0633166644731069
"539",9.25,"JV4_NAG",0.523,"Mouse_Pa","trial_2","nag",0.379333333333333,0.0740997825757794
"540",9.25,"JV5_NAG",0.267,"Mouse_Pa","trial_2","nag",0.275,0.0240069434400411
"541",9.5,"JV1_NAG",2.013,"Mouse_Pa","trial_2","nag",2.096,0.0870306459434454
"542",9.5,"JV3_NAG",0.762,"Mouse_Pa","trial_2","nag",0.754,0.0549939390599849
"543",9.5,"JV4_NAG",0.561,"Mouse_Pa","trial_2","nag",0.401666666666667,0.0841612209459387
"544",9.5,"JV5_NAG",0.224,"Mouse_Pa","trial_2","nag",0.296,0.0383709959908957
"545",9.75,"JV1_NAG",2.028,"Mouse_Pa","trial_2","nag",2.10933333333333,0.0889388054288515
"546",9.75,"JV3_NAG",0.805,"Mouse_Pa","trial_2","nag",0.811,0.0647327840690738
"547",9.75,"JV4_NAG",0.612,"Mouse_Pa","trial_2","nag",0.407666666666667,0.114752390437459
"548",9.75,"JV5_NAG",0.235,"Mouse_Pa","trial_2","nag",0.319333333333333,0.0426861934483635
"549",10,"JV1_NAG",2.047,"Mouse_Pa","trial_2","nag",2.12266666666667,0.0863796529539477
"550",10,"JV3_NAG",0.862,"Mouse_Pa","trial_2","nag",0.842666666666667,0.0653817847552189
"551",10,"JV4_NAG",0.65,"Mouse_Pa","trial_2","nag",0.437,0.123850716590579
"552",10,"JV5_NAG",0.236,"Mouse_Pa","trial_2","nag",0.319666666666667,0.0503399554142742
"553",10.25,"JV1_NAG",2.059,"Mouse_Pa","trial_2","nag",2.13333333333333,0.0866108794808391
"554",10.25,"JV3_NAG",0.876,"Mouse_Pa","trial_2","nag",0.878666666666667,0.0594820234281847
"555",10.25,"JV4_NAG",0.712,"Mouse_Pa","trial_2","nag",0.440666666666667,0.141892369225566
"556",10.25,"JV5_NAG",0.255,"Mouse_Pa","trial_2","nag",0.330666666666667,0.0398176398653216
"557",10.5,"JV1_NAG",2.068,"Mouse_Pa","trial_2","nag",2.14666666666667,0.0837164526508646
"558",10.5,"JV3_NAG",0.905,"Mouse_Pa","trial_2","nag",0.905666666666667,0.0490759049274127
"559",10.5,"JV4_NAG",0.745,"Mouse_Pa","trial_2","nag",0.454666666666667,0.153896429819249
"560",10.5,"JV5_NAG",0.285,"Mouse_Pa","trial_2","nag",0.352333333333333,0.0343721463461979
"561",10.75,"JV1_NAG",2.077,"Mouse_Pa","trial_2","nag",2.15233333333333,0.0855284228260472
"562",10.75,"JV3_NAG",0.949,"Mouse_Pa","trial_2","nag",0.932,0.0517976833458795
"563",10.75,"JV4_NAG",0.808,"Mouse_Pa","trial_2","nag",0.479333333333333,0.168957917179923
"564",10.75,"JV5_NAG",0.282,"Mouse_Pa","trial_2","nag",0.345666666666667,0.0318451112592045
"565",11,"JV1_NAG",2.092,"Mouse_Pa","trial_2","nag",2.16733333333333,0.0824324639393431
"566",11,"JV3_NAG",0.983,"Mouse_Pa","trial_2","nag",0.952,0.0567186036499489
"567",11,"JV4_NAG",0.851,"Mouse_Pa","trial_2","nag",0.497666666666667,0.182174214543235
"568",11,"JV5_NAG",0.262,"Mouse_Pa","trial_2","nag",0.347333333333333,0.0432255068731929
"569",11.25,"JV1_NAG",2.1,"Mouse_Pa","trial_2","nag",2.17833333333333,0.0823657156292052
"570",11.25,"JV3_NAG",1.01,"Mouse_Pa","trial_2","nag",0.978333333333333,0.0601451946912174
"571",11.25,"JV4_NAG",0.888,"Mouse_Pa","trial_2","nag",0.521,0.188473694008828
"572",11.25,"JV5_NAG",0.289,"Mouse_Pa","trial_2","nag",0.352333333333333,0.0324157026420496
"573",11.5,"JV1_NAG",2.116,"Mouse_Pa","trial_2","nag",2.18533333333333,0.0831992254237448
"574",11.5,"JV3_NAG",1.029,"Mouse_Pa","trial_2","nag",1,0.0564535207050898
"575",11.5,"JV4_NAG",0.891,"Mouse_Pa","trial_2","nag",0.522333333333333,0.188348376980294
"576",11.5,"JV5_NAG",0.272,"Mouse_Pa","trial_2","nag",0.340333333333333,0.0344399638662864
"577",11.75,"JV1_NAG",2.129,"Mouse_Pa","trial_2","nag",2.20133333333333,0.0804660038636056
"578",11.75,"JV3_NAG",1.079,"Mouse_Pa","trial_2","nag",1.038,0.0550545184340032
"579",11.75,"JV4_NAG",0.937,"Mouse_Pa","trial_2","nag",0.536666666666667,0.204496400402985
"580",11.75,"JV5_NAG",0.286,"Mouse_Pa","trial_2","nag",0.336333333333333,0.0269093127208985
"581",12,"JV1_NAG",2.14,"Mouse_Pa","trial_2","nag",2.21133333333333,0.080501207720409
"582",12,"JV3_NAG",1.081,"Mouse_Pa","trial_2","nag",1.04933333333333,0.0545964996843001
"583",12,"JV4_NAG",0.934,"Mouse_Pa","trial_2","nag",0.539333333333333,0.201429336934265
"584",12,"JV5_NAG",0.282,"Mouse_Pa","trial_2","nag",0.335333333333333,0.0274124870167675
"585",12.25,"JV1_NAG",2.149,"Mouse_Pa","trial_2","nag",2.21733333333333,0.0795871290543333
"586",12.25,"JV3_NAG",1.11,"Mouse_Pa","trial_2","nag",1.07233333333333,0.0582647215541084
"587",12.25,"JV4_NAG",0.979,"Mouse_Pa","trial_2","nag",0.554666666666667,0.216368769568171
"588",12.25,"JV5_NAG",0.299,"Mouse_Pa","trial_2","nag",0.348,0.0246373699895098
"589",12.5,"JV1_NAG",2.163,"Mouse_Pa","trial_2","nag",2.23333333333333,0.0800215248820243
"590",12.5,"JV3_NAG",1.136,"Mouse_Pa","trial_2","nag",1.10133333333333,0.0471781493678777
"591",12.5,"JV4_NAG",0.976,"Mouse_Pa","trial_2","nag",0.559,0.212110820091762
"592",12.5,"JV5_NAG",0.291,"Mouse_Pa","trial_2","nag",0.345666666666667,0.0288521133445099
"593",12.75,"JV1_NAG",2.175,"Mouse_Pa","trial_2","nag",2.244,0.0792106895143159
"594",12.75,"JV3_NAG",1.166,"Mouse_Pa","trial_2","nag",1.12666666666667,0.0659326255438922
"595",12.75,"JV4_NAG",0.999,"Mouse_Pa","trial_2","nag",0.565666666666667,0.221415396433441
"596",12.75,"JV5_NAG",0.291,"Mouse_Pa","trial_2","nag",0.356,0.032654759734736
"597",13,"JV1_NAG",2.19,"Mouse_Pa","trial_2","nag",2.25233333333333,0.0783460982507177
"598",13,"JV3_NAG",1.183,"Mouse_Pa","trial_2","nag",1.14066666666667,0.0547732700421575
"599",13,"JV4_NAG",1.009,"Mouse_Pa","trial_2","nag",0.571,0.224947401259346
"600",13,"JV5_NAG",0.303,"Mouse_Pa","trial_2","nag",0.361333333333333,0.0300462606288666
"601",13.25,"JV1_NAG",2.2,"Mouse_Pa","trial_2","nag",2.26566666666667,0.0821874551119437
"602",13.25,"JV3_NAG",1.219,"Mouse_Pa","trial_2","nag",1.162,0.0560029761113937
"603",13.25,"JV4_NAG",1.029,"Mouse_Pa","trial_2","nag",0.581666666666667,0.229111569134147
"604",13.25,"JV5_NAG",0.299,"Mouse_Pa","trial_2","nag",0.364,0.0331712727119918
"605",13.5,"JV1_NAG",2.213,"Mouse_Pa","trial_2","nag",2.277,0.0768396598986053
"606",13.5,"JV3_NAG",1.24,"Mouse_Pa","trial_2","nag",1.18066666666667,0.0539269052617626
"607",13.5,"JV4_NAG",1.008,"Mouse_Pa","trial_2","nag",0.576333333333333,0.221278356626018
"608",13.5,"JV5_NAG",0.304,"Mouse_Pa","trial_2","nag",0.363333333333333,0.0316298031047372
"609",13.75,"JV1_NAG",2.224,"Mouse_Pa","trial_2","nag",2.28866666666667,0.0759327187566583
"610",13.75,"JV3_NAG",1.246,"Mouse_Pa","trial_2","nag",1.19333333333333,0.0531674503599503
"611",13.75,"JV4_NAG",1.028,"Mouse_Pa","trial_2","nag",0.588333333333333,0.225307444272142
"612",13.75,"JV5_NAG",0.323,"Mouse_Pa","trial_2","nag",0.363333333333333,0.0239884231337628
"613",14,"JV1_NAG",2.241,"Mouse_Pa","trial_2","nag",2.29933333333333,0.0775721886016144
"614",14,"JV3_NAG",1.258,"Mouse_Pa","trial_2","nag",1.205,0.0565361241449511
"615",14,"JV4_NAG",1.064,"Mouse_Pa","trial_2","nag",0.603333333333333,0.23458426583592
"616",14,"JV5_NAG",0.314,"Mouse_Pa","trial_2","nag",0.355666666666667,0.0220479275922049
"617",14.25,"JV1_NAG",2.249,"Mouse_Pa","trial_2","nag",2.31133333333333,0.0778167362746887
"618",14.25,"JV3_NAG",1.295,"Mouse_Pa","trial_2","nag",1.22833333333333,0.0519433452052437
"619",14.25,"JV4_NAG",1.079,"Mouse_Pa","trial_2","nag",0.604,0.242004820888621
"620",14.25,"JV5_NAG",0.321,"Mouse_Pa","trial_2","nag",0.355666666666667,0.0179381653960983
"621",14.5,"JV1_NAG",2.261,"Mouse_Pa","trial_2","nag",2.32166666666667,0.0777524561955726
"622",14.5,"JV3_NAG",1.313,"Mouse_Pa","trial_2","nag",1.251,0.0518555686498567
"623",14.5,"JV4_NAG",1.087,"Mouse_Pa","trial_2","nag",0.606333333333333,0.243335388119178
"624",14.5,"JV5_NAG",0.319,"Mouse_Pa","trial_2","nag",0.351333333333333,0.0174769689718911
"625",14.75,"JV1_NAG",2.274,"Mouse_Pa","trial_2","nag",2.33333333333333,0.0748361172459157
"626",14.75,"JV3_NAG",1.312,"Mouse_Pa","trial_2","nag",1.23766666666667,0.0490725087101843
"627",14.75,"JV4_NAG",1.061,"Mouse_Pa","trial_2","nag",0.582333333333333,0.241208991909045
"628",14.75,"JV5_NAG",0.306,"Mouse_Pa","trial_2","nag",0.346666666666667,0.0204640606375611
"629",15,"JV1_NAG",2.286,"Mouse_Pa","trial_2","nag",2.344,0.075639495855891
"630",15,"JV3_NAG",1.341,"Mouse_Pa","trial_2","nag",1.26733333333333,0.0561911420460952
"631",15,"JV4_NAG",1.05,"Mouse_Pa","trial_2","nag",0.577666666666667,0.237437945109407
"632",15,"JV5_NAG",0.313,"Mouse_Pa","trial_2","nag",0.346,0.0173877351409933
"633",15.25,"JV1_NAG",2.296,"Mouse_Pa","trial_2","nag",2.35233333333333,0.0766644927228013
"634",15.25,"JV3_NAG",1.365,"Mouse_Pa","trial_2","nag",1.287,0.0525483903971695
"635",15.25,"JV4_NAG",1.049,"Mouse_Pa","trial_2","nag",0.574333333333333,0.238510889572037
"636",15.25,"JV5_NAG",0.319,"Mouse_Pa","trial_2","nag",0.347333333333333,0.0154092324417683
"637",15.5,"JV1_NAG",2.313,"Mouse_Pa","trial_2","nag",2.36633333333333,0.0736983340683115
"638",15.5,"JV3_NAG",1.361,"Mouse_Pa","trial_2","nag",1.30133333333333,0.0450641518035986
"639",15.5,"JV4_NAG",1.033,"Mouse_Pa","trial_2","nag",0.564666666666667,0.235112975207901
"640",15.5,"JV5_NAG",0.306,"Mouse_Pa","trial_2","nag",0.346666666666667,0.0236737078727529
"641",15.75,"JV1_NAG",2.318,"Mouse_Pa","trial_2","nag",2.37933333333333,0.0736598790236433
"642",15.75,"JV3_NAG",1.401,"Mouse_Pa","trial_2","nag",1.31733333333333,0.0567812566883748
"643",15.75,"JV4_NAG",1.014,"Mouse_Pa","trial_2","nag",0.557333333333333,0.229225749959389
"644",15.75,"JV5_NAG",0.295,"Mouse_Pa","trial_2","nag",0.34,0.0246644143115812
"645",16,"JV1_NAG",2.328,"Mouse_Pa","trial_2","nag",2.38266666666667,0.0760927796253437
"646",16,"JV3_NAG",1.389,"Mouse_Pa","trial_2","nag",1.31633333333333,0.0443333333333333
"647",16,"JV4_NAG",1.026,"Mouse_Pa","trial_2","nag",0.561,0.233210205608588
"648",16,"JV5_NAG",0.291,"Mouse_Pa","trial_2","nag",0.340333333333333,0.0274853496329307
"649",16.25,"JV1_NAG",2.342,"Mouse_Pa","trial_2","nag",2.39766666666667,0.0733265148345248
"650",16.25,"JV3_NAG",1.405,"Mouse_Pa","trial_2","nag",1.335,0.0461121820491433
"651",16.25,"JV4_NAG",1.032,"Mouse_Pa","trial_2","nag",0.563666666666667,0.234704305693592
"652",16.25,"JV5_NAG",0.296,"Mouse_Pa","trial_2","nag",0.342666666666667,0.0265664784602284
"653",16.5,"JV1_NAG",2.352,"Mouse_Pa","trial_2","nag",2.41066666666667,0.0710054770970366
"654",16.5,"JV3_NAG",1.373,"Mouse_Pa","trial_2","nag",1.33,0.0309246395829173
"655",16.5,"JV4_NAG",1.048,"Mouse_Pa","trial_2","nag",0.569666666666667,0.239693090801086
"656",16.5,"JV5_NAG",0.298,"Mouse_Pa","trial_2","nag",0.342666666666667,0.0269093127208985
"657",16.75,"JV1_NAG",2.364,"Mouse_Pa","trial_2","nag",2.42,0.0715262189689906
"658",16.75,"JV3_NAG",1.412,"Mouse_Pa","trial_2","nag",1.35133333333333,0.0355168191768977
"659",16.75,"JV4_NAG",1.061,"Mouse_Pa","trial_2","nag",0.574666666666667,0.243889546949251
"660",16.75,"JV5_NAG",0.298,"Mouse_Pa","trial_2","nag",0.348,0.0288675134594813
"661",17,"JV1_NAG",2.375,"Mouse_Pa","trial_2","nag",2.43,0.0732006375199926
"662",17,"JV3_NAG",1.421,"Mouse_Pa","trial_2","nag",1.36633333333333,0.0346906967996384
"663",17,"JV4_NAG",1.088,"Mouse_Pa","trial_2","nag",0.585666666666667,0.251910257388971
"664",17,"JV5_NAG",0.304,"Mouse_Pa","trial_2","nag",0.351,0.0274286954362276
"665",17.25,"JV1_NAG",2.382,"Mouse_Pa","trial_2","nag",2.43766666666667,0.0711953494111644
"666",17.25,"JV3_NAG",1.408,"Mouse_Pa","trial_2","nag",1.37066666666667,0.0275095942859537
"667",17.25,"JV4_NAG",1.1,"Mouse_Pa","trial_2","nag",0.592666666666667,0.254181256411859
"668",17.25,"JV5_NAG",0.31,"Mouse_Pa","trial_2","nag",0.355666666666667,0.0281444685704156
"669",17.5,"JV1_NAG",2.394,"Mouse_Pa","trial_2","nag",2.44933333333333,0.0692732111120726
"670",17.5,"JV3_NAG",1.415,"Mouse_Pa","trial_2","nag",1.38066666666667,0.0196327390968363
"671",17.5,"JV4_NAG",1.126,"Mouse_Pa","trial_2","nag",0.602333333333333,0.262246915033227
"672",17.5,"JV5_NAG",0.322,"Mouse_Pa","trial_2","nag",0.362,0.0276224546338663
"673",17.75,"JV1_NAG",2.404,"Mouse_Pa","trial_2","nag",2.458,0.0674190873071813
"674",17.75,"JV3_NAG",1.415,"Mouse_Pa","trial_2","nag",1.37966666666667,0.0199360087390742
"675",17.75,"JV4_NAG",1.147,"Mouse_Pa","trial_2","nag",0.612,0.267873726470763
"676",17.75,"JV5_NAG",0.334,"Mouse_Pa","trial_2","nag",0.371666666666667,0.0253924748257782
"677",18,"JV1_NAG",2.412,"Mouse_Pa","trial_2","nag",2.46533333333333,0.0704800996341836
"678",18,"JV3_NAG",1.412,"Mouse_Pa","trial_2","nag",1.38166666666667,0.015387585183445
"679",18,"JV4_NAG",1.172,"Mouse_Pa","trial_2","nag",0.618666666666667,0.27686177859077
"680",18,"JV5_NAG",0.352,"Mouse_Pa","trial_2","nag",0.379,0.0235867194271127
"681",18.25,"JV1_NAG",2.421,"Mouse_Pa","trial_2","nag",2.479,0.0661614187675366
"682",18.25,"JV3_NAG",1.396,"Mouse_Pa","trial_2","nag",1.37633333333333,0.0105251022692312
"683",18.25,"JV4_NAG",1.194,"Mouse_Pa","trial_2","nag",0.632,0.281237147854499
"684",18.25,"JV5_NAG",0.364,"Mouse_Pa","trial_2","nag",0.389,0.0211266025033211
"685",18.5,"JV1_NAG",2.427,"Mouse_Pa","trial_2","nag",2.48333333333333,0.0655396402526322
"686",18.5,"JV3_NAG",1.384,"Mouse_Pa","trial_2","nag",1.381,0.0125033328890073
"687",18.5,"JV4_NAG",1.204,"Mouse_Pa","trial_2","nag",0.638333333333333,0.282957201318111
"688",18.5,"JV5_NAG",0.379,"Mouse_Pa","trial_2","nag",0.397,0.0195192212959431
"689",18.75,"JV1_NAG",2.441,"Mouse_Pa","trial_2","nag",2.49633333333333,0.0666366599136275
"690",18.75,"JV3_NAG",1.397,"Mouse_Pa","trial_2","nag",1.391,0.0187171935218219
"691",18.75,"JV4_NAG",1.209,"Mouse_Pa","trial_2","nag",0.647333333333333,0.280911809015649
"692",18.75,"JV5_NAG",0.39,"Mouse_Pa","trial_2","nag",0.405666666666667,0.0132455443242037
"693",19,"JV1_NAG",2.449,"Mouse_Pa","trial_2","nag",2.50433333333333,0.0687442926923958
"694",19,"JV3_NAG",1.382,"Mouse_Pa","trial_2","nag",1.39433333333333,0.0281089151535791
"695",19,"JV4_NAG",1.211,"Mouse_Pa","trial_2","nag",0.650333333333333,0.280335711444531
"696",19,"JV5_NAG",0.406,"Mouse_Pa","trial_2","nag",0.412666666666667,0.0131318104023948
"697",19.25,"JV1_NAG",2.445,"Mouse_Pa","trial_2","nag",2.51166666666667,0.0696881944409843
"698",19.25,"JV3_NAG",1.374,"Mouse_Pa","trial_2","nag",1.38733333333333,0.0460953118850256
"699",19.25,"JV4_NAG",1.209,"Mouse_Pa","trial_2","nag",0.66,0.274507437664872
"700",19.25,"JV5_NAG",0.408,"Mouse_Pa","trial_2","nag",0.423,0.010816653826392
"701",19.5,"JV1_NAG",2.457,"Mouse_Pa","trial_2","nag",2.522,0.067515430335097
"702",19.5,"JV3_NAG",1.336,"Mouse_Pa","trial_2","nag",1.38266666666667,0.0532989472483067
"703",19.5,"JV4_NAG",1.214,"Mouse_Pa","trial_2","nag",0.666666666666667,0.273669102709418
"704",19.5,"JV5_NAG",0.425,"Mouse_Pa","trial_2","nag",0.431,0.0070237691685685
"705",19.75,"JV1_NAG",2.465,"Mouse_Pa","trial_2","nag",2.528,0.0670397891802572
"706",19.75,"JV3_NAG",1.297,"Mouse_Pa","trial_2","nag",1.37166666666667,0.0692395198648222
"707",19.75,"JV4_NAG",1.209,"Mouse_Pa","trial_2","nag",0.674666666666667,0.267166822624201
"708",19.75,"JV5_NAG",0.43,"Mouse_Pa","trial_2","nag",0.445666666666667,0.0114649223479466
"709",20,"JV1_NAG",2.487,"Mouse_Pa","trial_2","nag",2.54166666666667,0.0633570131170269
"710",20,"JV3_NAG",1.294,"Mouse_Pa","trial_2","nag",1.36766666666667,0.0849045215390663
"711",20,"JV4_NAG",1.227,"Mouse_Pa","trial_2","nag",0.691333333333333,0.267837222539694
"712",20,"JV5_NAG",0.457,"Mouse_Pa","trial_2","nag",0.45,0.00750555349946514
"713",20.25,"JV1_NAG",2.483,"Mouse_Pa","trial_2","nag",2.54666666666667,0.0661824078672807
"714",20.25,"JV3_NAG",1.172,"Mouse_Pa","trial_2","nag",1.337,0.115295273103454
"715",20.25,"JV4_NAG",1.222,"Mouse_Pa","trial_2","nag",0.697333333333333,0.262335874617085
"716",20.25,"JV5_NAG",0.461,"Mouse_Pa","trial_2","nag",0.465666666666667,0.00952773728530429
"717",20.5,"JV1_NAG",2.489,"Mouse_Pa","trial_2","nag",2.554,0.0635059052372298
"718",20.5,"JV3_NAG",1.078,"Mouse_Pa","trial_2","nag",1.31166666666667,0.159668754335691
"719",20.5,"JV4_NAG",1.232,"Mouse_Pa","trial_2","nag",0.710666666666667,0.260667306052072
"720",20.5,"JV5_NAG",0.477,"Mouse_Pa","trial_2","nag",0.473333333333333,0.00523874454850056
"721",20.75,"JV1_NAG",2.505,"Mouse_Pa","trial_2","nag",2.56633333333333,0.0633438587745051
"722",20.75,"JV3_NAG",0.984,"Mouse_Pa","trial_2","nag",1.274,0.18644391471253
"723",20.75,"JV4_NAG",1.239,"Mouse_Pa","trial_2","nag",0.718666666666667,0.260166826820365
"724",20.75,"JV5_NAG",0.495,"Mouse_Pa","trial_2","nag",0.479666666666667,0.0080069414329762
"725",21,"JV1_NAG",2.506,"Mouse_Pa","trial_2","nag",2.57,0.0645006459915971
"726",21,"JV3_NAG",0.918,"Mouse_Pa","trial_2","nag",1.247,0.217518581581743
"727",21,"JV4_NAG",1.23,"Mouse_Pa","trial_2","nag",0.724,0.253005928784288
"728",21,"JV5_NAG",0.493,"Mouse_Pa","trial_2","nag",0.495666666666667,0.00480740170061866
"729",21.25,"JV1_NAG",2.517,"Mouse_Pa","trial_2","nag",2.577,0.0650640709864771
"730",21.25,"JV3_NAG",0.878,"Mouse_Pa","trial_2","nag",1.23,0.236646008488065
"731",21.25,"JV4_NAG",1.239,"Mouse_Pa","trial_2","nag",0.735666666666667,0.251667328917451
"732",21.25,"JV5_NAG",0.51,"Mouse_Pa","trial_2","nag",0.505666666666667,0.00698410894658566
"733",21.5,"JV1_NAG",2.525,"Mouse_Pa","trial_2","nag",2.58666666666667,0.064182898379899
"734",21.5,"JV3_NAG",0.799,"Mouse_Pa","trial_2","nag",1.20033333333333,0.265835370943079
"735",21.5,"JV4_NAG",1.236,"Mouse_Pa","trial_2","nag",0.740666666666667,0.247669358442079
"736",21.5,"JV5_NAG",0.516,"Mouse_Pa","trial_2","nag",0.514333333333333,0.00611918658356195
"737",21.75,"JV1_NAG",2.537,"Mouse_Pa","trial_2","nag",2.59433333333333,0.0639435514948754
"738",21.75,"JV3_NAG",0.747,"Mouse_Pa","trial_2","nag",1.17933333333333,0.294531454649207
"739",21.75,"JV4_NAG",1.244,"Mouse_Pa","trial_2","nag",0.752,0.246006097485408
"740",21.75,"JV5_NAG",0.531,"Mouse_Pa","trial_2","nag",0.539333333333333,0.0203497201727962
"741",22,"JV1_NAG",2.549,"Mouse_Pa","trial_2","nag",2.60166666666667,0.0639826365334985
"742",22,"JV3_NAG",0.693,"Mouse_Pa","trial_2","nag",1.14533333333333,0.320161591144916
"743",22,"JV4_NAG",1.249,"Mouse_Pa","trial_2","nag",0.759333333333333,0.244834864982729
"744",22,"JV5_NAG",0.541,"Mouse_Pa","trial_2","nag",0.546666666666667,0.0161279605378706
"745",22.25,"JV1_NAG",2.557,"Mouse_Pa","trial_2","nag",2.61333333333333,0.0639800316070917
"746",22.25,"JV3_NAG",0.703,"Mouse_Pa","trial_2","nag",1.146,0.319784823488128
"747",22.25,"JV4_NAG",1.256,"Mouse_Pa","trial_2","nag",0.768666666666667,0.243667350660235
"748",22.25,"JV5_NAG",0.554,"Mouse_Pa","trial_2","nag",0.553666666666667,0.00779601037568431
"749",22.5,"JV1_NAG",2.574,"Mouse_Pa","trial_2","nag",2.62133333333333,0.0634674019565249
"750",22.5,"JV3_NAG",0.677,"Mouse_Pa","trial_2","nag",1.132,0.348604360271067
"751",22.5,"JV4_NAG",1.272,"Mouse_Pa","trial_2","nag",0.780333333333333,0.245837570584952
"752",22.5,"JV5_NAG",0.57,"Mouse_Pa","trial_2","nag",0.572,0.0138924439894498
"753",22.75,"JV1_NAG",2.576,"Mouse_Pa","trial_2","nag",2.631,0.0626498204307083
"754",22.75,"JV3_NAG",0.688,"Mouse_Pa","trial_2","nag",1.109,0.363128535553643
"755",22.75,"JV4_NAG",1.263,"Mouse_Pa","trial_2","nag",0.779666666666667,0.24168390743099
"756",22.75,"JV5_NAG",0.572,"Mouse_Pa","trial_2","nag",0.576666666666667,0.0146211414663075
"757",23,"JV1_NAG",2.593,"Mouse_Pa","trial_2","nag",2.63733333333333,0.0621136950366914
"758",23,"JV3_NAG",0.69,"Mouse_Pa","trial_2","nag",1.117,0.372879337051545
"759",23,"JV4_NAG",1.269,"Mouse_Pa","trial_2","nag",0.792,0.238501572321861
"760",23,"JV5_NAG",0.585,"Mouse_Pa","trial_2","nag",0.59,0.0172143351115672
"761",23.25,"JV1_NAG",2.593,"Mouse_Pa","trial_2","nag",2.64033333333333,0.0623974714587413
"762",23.25,"JV3_NAG",0.674,"Mouse_Pa","trial_2","nag",1.107,0.38075495181722
"763",23.25,"JV4_NAG",1.268,"Mouse_Pa","trial_2","nag",0.796,0.236002824841851
"764",23.25,"JV5_NAG",0.589,"Mouse_Pa","trial_2","nag",0.586,0.007371114795832
"765",23.5,"JV1_NAG",2.6,"Mouse_Pa","trial_2","nag",2.64633333333333,0.0635513790391504
"766",23.5,"JV3_NAG",0.701,"Mouse_Pa","trial_2","nag",1.12966666666667,0.383108484780892
"767",23.5,"JV4_NAG",1.291,"Mouse_Pa","trial_2","nag",0.809666666666667,0.240669436733827
"768",23.5,"JV5_NAG",0.602,"Mouse_Pa","trial_2","nag",0.598333333333333,0.00913479307069649
"769",23.75,"JV1_NAG",2.615,"Mouse_Pa","trial_2","nag",2.65933333333333,0.0637346931514628
"770",23.75,"JV3_NAG",0.719,"Mouse_Pa","trial_2","nag",1.151,0.384043400325189
"771",23.75,"JV4_NAG",1.281,"Mouse_Pa","trial_2","nag",0.813333333333333,0.233833511522859
"772",23.75,"JV5_NAG",0.617,"Mouse_Pa","trial_2","nag",0.623,0.0215715862498179
"773",24,"JV1_NAG",2.622,"Mouse_Pa","trial_2","nag",2.664,0.0630661028868388
"774",24,"JV3_NAG",0.667,"Mouse_Pa","trial_2","nag",1.13266666666667,0.401949554601625
"775",24,"JV4_NAG",1.284,"Mouse_Pa","trial_2","nag",0.818666666666667,0.232666666666667
"776",24,"JV5_NAG",0.622,"Mouse_Pa","trial_2","nag",0.638666666666667,0.0300462606288666
"777",0,"JV1_NAG",-0.002,"Mouse_Pa","trial_3","nag",0.00266666666666667,0.00240370085030933
"778",0,"JV3_NAG",-0.003,"Mouse_Pa","trial_3","nag",0.00266666666666667,0.00284800124843918
"779",0,"JV4_NAG",-0.002,"Mouse_Pa","trial_3","nag",0.000666666666666667,0.00133333333333333
"780",0,"JV5_NAG",-0.006,"Mouse_Pa","trial_3","nag",-0.00133333333333333,0.00260341655863555
"781",0.25,"JV1_NAG",0,"Mouse_Pa","trial_3","nag",0.00333333333333333,0.00176383420737639
"782",0.25,"JV3_NAG",-0.003,"Mouse_Pa","trial_3","nag",0.002,0.00251661147842358
"783",0.25,"JV4_NAG",-0.002,"Mouse_Pa","trial_3","nag",0.001,0.00152752523165195
"784",0.25,"JV5_NAG",-0.005,"Mouse_Pa","trial_3","nag",-0.001,0.0023094010767585
"785",0.5,"JV1_NAG",0.002,"Mouse_Pa","trial_3","nag",0.00466666666666667,0.00133333333333333
"786",0.5,"JV3_NAG",-0.002,"Mouse_Pa","trial_3","nag",-0.001,0.000577350269189626
"787",0.5,"JV4_NAG",0,"Mouse_Pa","trial_3","nag",0.00166666666666667,0.000881917103688197
"788",0.5,"JV5_NAG",0,"Mouse_Pa","trial_3","nag",-0.00133333333333333,0.000881917103688197
"789",0.75,"JV1_NAG",-0.003,"Mouse_Pa","trial_3","nag",0.00466666666666667,0.00392994204085053
"790",0.75,"JV3_NAG",-0.002,"Mouse_Pa","trial_3","nag",0,0.001
"791",0.75,"JV4_NAG",-0.001,"Mouse_Pa","trial_3","nag",0.00333333333333333,0.002185812841434
"792",0.75,"JV5_NAG",-0.006,"Mouse_Pa","trial_3","nag",-0.00233333333333333,0.00185592145427667
"793",1,"JV1_NAG",0.001,"Mouse_Pa","trial_3","nag",0.01,0.00458257569495584
"794",1,"JV3_NAG",-0.003,"Mouse_Pa","trial_3","nag",0.001,0.00208166599946613
"795",1,"JV4_NAG",-0.002,"Mouse_Pa","trial_3","nag",0.003,0.00251661147842358
"796",1,"JV5_NAG",-0.008,"Mouse_Pa","trial_3","nag",-0.002,0.00305505046330389
"797",1.25,"JV1_NAG",0.012,"Mouse_Pa","trial_3","nag",0.0206666666666667,0.004371625682868
"798",1.25,"JV3_NAG",-0.002,"Mouse_Pa","trial_3","nag",0.001,0.00152752523165195
"799",1.25,"JV4_NAG",-0.001,"Mouse_Pa","trial_3","nag",0.003,0.00208166599946613
"800",1.25,"JV5_NAG",-0.008,"Mouse_Pa","trial_3","nag",-0.00133333333333333,0.00352766841475279
"801",1.5,"JV1_NAG",0.03,"Mouse_Pa","trial_3","nag",0.038,0.00416333199893227
"802",1.5,"JV3_NAG",-0.002,"Mouse_Pa","trial_3","nag",0.00133333333333333,0.00176383420737639
"803",1.5,"JV4_NAG",-0.001,"Mouse_Pa","trial_3","nag",0.003,0.002
"804",1.5,"JV5_NAG",-0.006,"Mouse_Pa","trial_3","nag",0,0.00305505046330389
"805",1.75,"JV1_NAG",0.055,"Mouse_Pa","trial_3","nag",0.0626666666666667,0.00392994204085053
"806",1.75,"JV3_NAG",-0.003,"Mouse_Pa","trial_3","nag",0.00133333333333333,0.00233333333333333
"807",1.75,"JV4_NAG",0.001,"Mouse_Pa","trial_3","nag",0.005,0.002
"808",1.75,"JV5_NAG",-0.005,"Mouse_Pa","trial_3","nag",0.001,0.003
"809",2,"JV1_NAG",0.09,"Mouse_Pa","trial_3","nag",0.0973333333333333,0.00366666666666667
"810",2,"JV3_NAG",-0.002,"Mouse_Pa","trial_3","nag",0.002,0.00208166599946613
"811",2,"JV4_NAG",0.001,"Mouse_Pa","trial_3","nag",0.00533333333333333,0.002185812841434
"812",2,"JV5_NAG",-0.005,"Mouse_Pa","trial_3","nag",0.00233333333333333,0.00366666666666667
"813",2.25,"JV1_NAG",0.123,"Mouse_Pa","trial_3","nag",0.132666666666667,0.00484194634877799
"814",2.25,"JV3_NAG",0,"Mouse_Pa","trial_3","nag",0.00333333333333333,0.00176383420737639
"815",2.25,"JV4_NAG",0.004,"Mouse_Pa","trial_3","nag",0.00733333333333333,0.00166666666666667
"816",2.25,"JV5_NAG",-0.003,"Mouse_Pa","trial_3","nag",0.00433333333333333,0.00371184290855335
"817",2.5,"JV1_NAG",0.178,"Mouse_Pa","trial_3","nag",0.182,0.00208166599946613
"818",2.5,"JV3_NAG",0.002,"Mouse_Pa","trial_3","nag",0.00433333333333333,0.00145296631451356
"819",2.5,"JV4_NAG",0.006,"Mouse_Pa","trial_3","nag",0.00933333333333333,0.00166666666666667
"820",2.5,"JV5_NAG",-0.002,"Mouse_Pa","trial_3","nag",0.00466666666666667,0.00333333333333333
"821",2.75,"JV1_NAG",0.233,"Mouse_Pa","trial_3","nag",0.239,0.00346410161513775
"822",2.75,"JV3_NAG",0,"Mouse_Pa","trial_3","nag",0.005,0.00264575131106459
"823",2.75,"JV4_NAG",0.008,"Mouse_Pa","trial_3","nag",0.0106666666666667,0.00145296631451356
"824",2.75,"JV5_NAG",0.002,"Mouse_Pa","trial_3","nag",0.00833333333333333,0.00317979733805649
"825",3,"JV1_NAG",0.301,"Mouse_Pa","trial_3","nag",0.302666666666667,0.002185812841434
"826",3,"JV3_NAG",0.001,"Mouse_Pa","trial_3","nag",0.006,0.00288675134594813
"827",3,"JV4_NAG",0.012,"Mouse_Pa","trial_3","nag",0.0133333333333333,0.00133333333333333
"828",3,"JV5_NAG",0.004,"Mouse_Pa","trial_3","nag",0.0103333333333333,0.0032829526005987
"829",3.25,"JV1_NAG",0.433,"Mouse_Pa","trial_3","nag",0.405333333333333,0.0138604152575279
"830",3.25,"JV3_NAG",0.002,"Mouse_Pa","trial_3","nag",0.0113333333333333,0.00617341972581738
"831",3.25,"JV4_NAG",0.016,"Mouse_Pa","trial_3","nag",0.017,0.00152752523165195
"832",3.25,"JV5_NAG",0.008,"Mouse_Pa","trial_3","nag",0.0163333333333333,0.00417665469538056
"833",3.5,"JV1_NAG",0.634,"Mouse_Pa","trial_3","nag",0.566333333333333,0.0368977566315954
"834",3.5,"JV3_NAG",0.007,"Mouse_Pa","trial_3","nag",0.0166666666666667,0.00688799277325728
"835",3.5,"JV4_NAG",0.022,"Mouse_Pa","trial_3","nag",0.0246666666666667,0.00425571511160124
"836",3.5,"JV5_NAG",0.014,"Mouse_Pa","trial_3","nag",0.022,0.00404145188432738
"837",3.75,"JV1_NAG",0.903,"Mouse_Pa","trial_3","nag",0.797666666666667,0.0575074874352124
"838",3.75,"JV3_NAG",0.007,"Mouse_Pa","trial_3","nag",0.021,0.01113552872566
"839",3.75,"JV4_NAG",0.028,"Mouse_Pa","trial_3","nag",0.0276666666666667,0.00433333333333333
"840",3.75,"JV5_NAG",0.018,"Mouse_Pa","trial_3","nag",0.0273333333333333,0.00466666666666667
"841",4,"JV1_NAG",1.17,"Mouse_Pa","trial_3","nag",1.05233333333333,0.0606474328484818
"842",4,"JV3_NAG",0.012,"Mouse_Pa","trial_3","nag",0.03,0.0133166562369588
"843",4,"JV4_NAG",0.037,"Mouse_Pa","trial_3","nag",0.037,0.00519615242270663
"844",4,"JV5_NAG",0.029,"Mouse_Pa","trial_3","nag",0.039,0.00529150262212918
"845",4.25,"JV1_NAG",1.301,"Mouse_Pa","trial_3","nag",1.21566666666667,0.0435367022688265
"846",4.25,"JV3_NAG",0.017,"Mouse_Pa","trial_3","nag",0.037,0.0118462370959446
"847",4.25,"JV4_NAG",0.045,"Mouse_Pa","trial_3","nag",0.042,0.00404145188432738
"848",4.25,"JV5_NAG",0.036,"Mouse_Pa","trial_3","nag",0.0456666666666667,0.00484194634877798
"849",4.5,"JV1_NAG",1.476,"Mouse_Pa","trial_3","nag",1.39066666666667,0.0431367335084355
"850",4.5,"JV3_NAG",0.017,"Mouse_Pa","trial_3","nag",0.049,0.017925772879665
"851",4.5,"JV4_NAG",0.059,"Mouse_Pa","trial_3","nag",0.0553333333333333,0.00523874454850057
"852",4.5,"JV5_NAG",0.049,"Mouse_Pa","trial_3","nag",0.0573333333333333,0.00425571511160123
"853",4.75,"JV1_NAG",1.576,"Mouse_Pa","trial_3","nag",1.52233333333333,0.0268348860834383
"854",4.75,"JV3_NAG",0.032,"Mouse_Pa","trial_3","nag",0.110666666666667,0.0628923242092741
"855",4.75,"JV4_NAG",0.059,"Mouse_Pa","trial_3","nag",0.062,0.00513160143944688
"856",4.75,"JV5_NAG",0.049,"Mouse_Pa","trial_3","nag",0.0616666666666667,0.0072188026092359
"857",5,"JV1_NAG",1.641,"Mouse_Pa","trial_3","nag",1.60466666666667,0.019151443229631
"858",5,"JV3_NAG",0.034,"Mouse_Pa","trial_3","nag",0.133,0.0853834488254798
"859",5,"JV4_NAG",0.068,"Mouse_Pa","trial_3","nag",0.0696666666666667,0.00611918658356194
"860",5,"JV5_NAG",0.062,"Mouse_Pa","trial_3","nag",0.073,0.00635085296108589
"861",5.25,"JV1_NAG",1.668,"Mouse_Pa","trial_3","nag",1.67833333333333,0.0166966397151576
"862",5.25,"JV3_NAG",0.049,"Mouse_Pa","trial_3","nag",0.165333333333333,0.0965614369772484
"863",5.25,"JV4_NAG",0.079,"Mouse_Pa","trial_3","nag",0.0796666666666667,0.00463081466314994
"864",5.25,"JV5_NAG",0.076,"Mouse_Pa","trial_3","nag",0.0843333333333333,0.00440958551844098
"865",5.5,"JV1_NAG",1.755,"Mouse_Pa","trial_3","nag",1.77533333333333,0.0363791759725869
"866",5.5,"JV3_NAG",0.075,"Mouse_Pa","trial_3","nag",0.239,0.0958610104960997
"867",5.5,"JV4_NAG",0.09,"Mouse_Pa","trial_3","nag",0.0916666666666667,0.00272845092395749
"868",5.5,"JV5_NAG",0.087,"Mouse_Pa","trial_3","nag",0.0946666666666667,0.00409606857581484
"869",5.75,"JV1_NAG",1.811,"Mouse_Pa","trial_3","nag",1.80833333333333,0.0248618404610582
"870",5.75,"JV3_NAG",0.199,"Mouse_Pa","trial_3","nag",0.287,0.0477214137817954
"871",5.75,"JV4_NAG",0.097,"Mouse_Pa","trial_3","nag",0.123,0.0240277617212535
"872",5.75,"JV5_NAG",0.089,"Mouse_Pa","trial_3","nag",0.112333333333333,0.0160138828659524
"873",6,"JV1_NAG",1.845,"Mouse_Pa","trial_3","nag",1.835,0.0253245598842968
"874",6,"JV3_NAG",0.201,"Mouse_Pa","trial_3","nag",0.324,0.0632376470150495
"875",6,"JV4_NAG",0.109,"Mouse_Pa","trial_3","nag",0.148666666666667,0.0357413548210535
"876",6,"JV5_NAG",0.101,"Mouse_Pa","trial_3","nag",0.142666666666667,0.0335277662708256
"877",6.25,"JV1_NAG",1.843,"Mouse_Pa","trial_3","nag",1.85466666666667,0.0308670986290869
"878",6.25,"JV3_NAG",0.288,"Mouse_Pa","trial_3","nag",0.384333333333333,0.0483609116723184
"879",6.25,"JV4_NAG",0.108,"Mouse_Pa","trial_3","nag",0.172333333333333,0.0523333333333333
"880",6.25,"JV5_NAG",0.151,"Mouse_Pa","trial_3","nag",0.172,0.0386910842443062
"881",6.5,"JV1_NAG",1.862,"Mouse_Pa","trial_3","nag",1.87066666666667,0.030904871963998
"882",6.5,"JV3_NAG",0.298,"Mouse_Pa","trial_3","nag",0.393666666666667,0.0492758674313412
"883",6.5,"JV4_NAG",0.115,"Mouse_Pa","trial_3","nag",0.195,0.0593745175418995
"884",6.5,"JV5_NAG",0.2,"Mouse_Pa","trial_3","nag",0.209,0.0449703606093317
"885",6.75,"JV1_NAG",1.86,"Mouse_Pa","trial_3","nag",1.88,0.0433166634603052
"886",6.75,"JV3_NAG",0.35,"Mouse_Pa","trial_3","nag",0.433,0.0423359579238894
"887",6.75,"JV4_NAG",0.119,"Mouse_Pa","trial_3","nag",0.206333333333333,0.0587206191308565
"888",6.75,"JV5_NAG",0.193,"Mouse_Pa","trial_3","nag",0.217666666666667,0.0324568089072916
"889",7,"JV1_NAG",1.846,"Mouse_Pa","trial_3","nag",1.877,0.0398036849215413
"890",7,"JV3_NAG",0.373,"Mouse_Pa","trial_3","nag",0.453333333333333,0.0405394184028884
"891",7,"JV4_NAG",0.13,"Mouse_Pa","trial_3","nag",0.213333333333333,0.0617773780962291
"892",7,"JV5_NAG",0.191,"Mouse_Pa","trial_3","nag",0.23,0.0300055550412475
"893",7.25,"JV1_NAG",1.873,"Mouse_Pa","trial_3","nag",1.90033333333333,0.0448565615168072
"894",7.25,"JV3_NAG",0.415,"Mouse_Pa","trial_3","nag",0.488333333333333,0.0386192237680206
"895",7.25,"JV4_NAG",0.175,"Mouse_Pa","trial_3","nag",0.231,0.0477528358669235
"896",7.25,"JV5_NAG",0.224,"Mouse_Pa","trial_3","nag",0.251666666666667,0.0242510022702385
"897",7.5,"JV1_NAG",1.88,"Mouse_Pa","trial_3","nag",1.916,0.0517300686255102
"898",7.5,"JV3_NAG",0.455,"Mouse_Pa","trial_3","nag",0.498333333333333,0.0273820703705505
"899",7.5,"JV4_NAG",0.189,"Mouse_Pa","trial_3","nag",0.245333333333333,0.0448714212438657
"900",7.5,"JV5_NAG",0.234,"Mouse_Pa","trial_3","nag",0.274666666666667,0.0228351580779386
"901",7.75,"JV1_NAG",1.899,"Mouse_Pa","trial_3","nag",1.948,0.0629841249839989
"902",7.75,"JV3_NAG",0.465,"Mouse_Pa","trial_3","nag",0.528333333333333,0.0345655576806997
"903",7.75,"JV4_NAG",0.204,"Mouse_Pa","trial_3","nag",0.270333333333333,0.0503002098515614
"904",7.75,"JV5_NAG",0.24,"Mouse_Pa","trial_3","nag",0.283666666666667,0.0373556480929517
"905",8,"JV1_NAG",1.922,"Mouse_Pa","trial_3","nag",1.98433333333333,0.0720424257719791
"906",8,"JV3_NAG",0.465,"Mouse_Pa","trial_3","nag",0.542333333333333,0.0482539578111935
"907",8,"JV4_NAG",0.219,"Mouse_Pa","trial_3","nag",0.293,0.045544849690534
"908",8,"JV5_NAG",0.262,"Mouse_Pa","trial_3","nag",0.249,0.011060440015358
"909",8.25,"JV1_NAG",1.938,"Mouse_Pa","trial_3","nag",2.01766666666667,0.0786687852822056
"910",8.25,"JV3_NAG",0.49,"Mouse_Pa","trial_3","nag",0.592666666666667,0.0575335650825769
"911",8.25,"JV4_NAG",0.234,"Mouse_Pa","trial_3","nag",0.285,0.0306648550189518
"912",8.25,"JV5_NAG",0.287,"Mouse_Pa","trial_3","nag",0.271666666666667,0.0120046287369127
"913",8.5,"JV1_NAG",1.961,"Mouse_Pa","trial_3","nag",2.04333333333333,0.0828338363499147
"914",8.5,"JV3_NAG",0.526,"Mouse_Pa","trial_3","nag",0.606333333333333,0.0536107369013998
"915",8.5,"JV4_NAG",0.216,"Mouse_Pa","trial_3","nag",0.296666666666667,0.043895076919602
"916",8.5,"JV5_NAG",0.333,"Mouse_Pa","trial_3","nag",0.312,0.0153948043183407
"917",8.75,"JV1_NAG",1.967,"Mouse_Pa","trial_3","nag",2.057,0.0850490054811538
"918",8.75,"JV3_NAG",0.521,"Mouse_Pa","trial_3","nag",0.652666666666667,0.07025746302786
"919",8.75,"JV4_NAG",0.23,"Mouse_Pa","trial_3","nag",0.328333333333333,0.055474718966791
"920",8.75,"JV5_NAG",0.256,"Mouse_Pa","trial_3","nag",0.294666666666667,0.019341952101872
"921",9,"JV1_NAG",1.975,"Mouse_Pa","trial_3","nag",2.07166666666667,0.0883031394937035
"922",9,"JV3_NAG",0.571,"Mouse_Pa","trial_3","nag",0.700666666666667,0.0681721676671972
"923",9,"JV4_NAG",0.253,"Mouse_Pa","trial_3","nag",0.351333333333333,0.0630986881356851
"924",9,"JV5_NAG",0.245,"Mouse_Pa","trial_3","nag",0.290666666666667,0.026859717877231
"925",9.25,"JV1_NAG",1.987,"Mouse_Pa","trial_3","nag",2.084,0.0881532756056177
"926",9.25,"JV3_NAG",0.602,"Mouse_Pa","trial_3","nag",0.721,0.0633166644731069
"927",9.25,"JV4_NAG",0.276,"Mouse_Pa","trial_3","nag",0.379333333333333,0.0740997825757794
"928",9.25,"JV5_NAG",0.238,"Mouse_Pa","trial_3","nag",0.275,0.0240069434400411
"929",9.5,"JV1_NAG",2.005,"Mouse_Pa","trial_3","nag",2.096,0.0870306459434454
"930",9.5,"JV3_NAG",0.655,"Mouse_Pa","trial_3","nag",0.754,0.0549939390599849
"931",9.5,"JV4_NAG",0.275,"Mouse_Pa","trial_3","nag",0.401666666666667,0.0841612209459387
"932",9.5,"JV5_NAG",0.309,"Mouse_Pa","trial_3","nag",0.296,0.0383709959908957
"933",9.75,"JV1_NAG",2.013,"Mouse_Pa","trial_3","nag",2.10933333333333,0.0889388054288515
"934",9.75,"JV3_NAG",0.702,"Mouse_Pa","trial_3","nag",0.811,0.0647327840690738
"935",9.75,"JV4_NAG",0.215,"Mouse_Pa","trial_3","nag",0.407666666666667,0.114752390437459
"936",9.75,"JV5_NAG",0.35,"Mouse_Pa","trial_3","nag",0.319333333333333,0.0426861934483635
"937",10,"JV1_NAG",2.026,"Mouse_Pa","trial_3","nag",2.12266666666667,0.0863796529539477
"938",10,"JV3_NAG",0.721,"Mouse_Pa","trial_3","nag",0.842666666666667,0.0653817847552189
"939",10,"JV4_NAG",0.221,"Mouse_Pa","trial_3","nag",0.437,0.123850716590579
"940",10,"JV5_NAG",0.313,"Mouse_Pa","trial_3","nag",0.319666666666667,0.0503399554142742
"941",10.25,"JV1_NAG",2.035,"Mouse_Pa","trial_3","nag",2.13333333333333,0.0866108794808391
"942",10.25,"JV3_NAG",0.777,"Mouse_Pa","trial_3","nag",0.878666666666667,0.0594820234281847
"943",10.25,"JV4_NAG",0.233,"Mouse_Pa","trial_3","nag",0.440666666666667,0.141892369225566
"944",10.25,"JV5_NAG",0.347,"Mouse_Pa","trial_3","nag",0.330666666666667,0.0398176398653216
"945",10.5,"JV1_NAG",2.058,"Mouse_Pa","trial_3","nag",2.14666666666667,0.0837164526508646
"946",10.5,"JV3_NAG",0.821,"Mouse_Pa","trial_3","nag",0.905666666666667,0.0490759049274127
"947",10.5,"JV4_NAG",0.221,"Mouse_Pa","trial_3","nag",0.454666666666667,0.153896429819249
"948",10.5,"JV5_NAG",0.398,"Mouse_Pa","trial_3","nag",0.352333333333333,0.0343721463461979
"949",10.75,"JV1_NAG",2.057,"Mouse_Pa","trial_3","nag",2.15233333333333,0.0855284228260472
"950",10.75,"JV3_NAG",0.835,"Mouse_Pa","trial_3","nag",0.932,0.0517976833458795
"951",10.75,"JV4_NAG",0.247,"Mouse_Pa","trial_3","nag",0.479333333333333,0.168957917179923
"952",10.75,"JV5_NAG",0.379,"Mouse_Pa","trial_3","nag",0.345666666666667,0.0318451112592045
"953",11,"JV1_NAG",2.078,"Mouse_Pa","trial_3","nag",2.16733333333333,0.0824324639393431
"954",11,"JV3_NAG",0.842,"Mouse_Pa","trial_3","nag",0.952,0.0567186036499489
"955",11,"JV4_NAG",0.244,"Mouse_Pa","trial_3","nag",0.497666666666667,0.182174214543235
"956",11,"JV5_NAG",0.402,"Mouse_Pa","trial_3","nag",0.347333333333333,0.0432255068731929
"957",11.25,"JV1_NAG",2.092,"Mouse_Pa","trial_3","nag",2.17833333333333,0.0823657156292052
"958",11.25,"JV3_NAG",0.862,"Mouse_Pa","trial_3","nag",0.978333333333333,0.0601451946912174
"959",11.25,"JV4_NAG",0.263,"Mouse_Pa","trial_3","nag",0.521,0.188473694008828
"960",11.25,"JV5_NAG",0.372,"Mouse_Pa","trial_3","nag",0.352333333333333,0.0324157026420496
"961",11.5,"JV1_NAG",2.089,"Mouse_Pa","trial_3","nag",2.18533333333333,0.0831992254237448
"962",11.5,"JV3_NAG",0.891,"Mouse_Pa","trial_3","nag",1,0.0564535207050898
"963",11.5,"JV4_NAG",0.271,"Mouse_Pa","trial_3","nag",0.522333333333333,0.188348376980294
"964",11.5,"JV5_NAG",0.367,"Mouse_Pa","trial_3","nag",0.340333333333333,0.0344399638662864
"965",11.75,"JV1_NAG",2.113,"Mouse_Pa","trial_3","nag",2.20133333333333,0.0804660038636056
"966",11.75,"JV3_NAG",0.929,"Mouse_Pa","trial_3","nag",1.038,0.0550545184340032
"967",11.75,"JV4_NAG",0.264,"Mouse_Pa","trial_3","nag",0.536666666666667,0.204496400402985
"968",11.75,"JV5_NAG",0.345,"Mouse_Pa","trial_3","nag",0.336333333333333,0.0269093127208985
"969",12,"JV1_NAG",2.122,"Mouse_Pa","trial_3","nag",2.21133333333333,0.080501207720409
"970",12,"JV3_NAG",0.943,"Mouse_Pa","trial_3","nag",1.04933333333333,0.0545964996843001
"971",12,"JV4_NAG",0.272,"Mouse_Pa","trial_3","nag",0.539333333333333,0.201429336934265
"972",12,"JV5_NAG",0.351,"Mouse_Pa","trial_3","nag",0.335333333333333,0.0274124870167675
"973",12.25,"JV1_NAG",2.127,"Mouse_Pa","trial_3","nag",2.21733333333333,0.0795871290543333
"974",12.25,"JV3_NAG",0.958,"Mouse_Pa","trial_3","nag",1.07233333333333,0.0582647215541084
"975",12.25,"JV4_NAG",0.269,"Mouse_Pa","trial_3","nag",0.554666666666667,0.216368769568171
"976",12.25,"JV5_NAG",0.368,"Mouse_Pa","trial_3","nag",0.348,0.0246373699895098
"977",12.5,"JV1_NAG",2.144,"Mouse_Pa","trial_3","nag",2.23333333333333,0.0800215248820243
"978",12.5,"JV3_NAG",1.008,"Mouse_Pa","trial_3","nag",1.10133333333333,0.0471781493678777
"979",12.5,"JV4_NAG",0.283,"Mouse_Pa","trial_3","nag",0.559,0.212110820091762
"980",12.5,"JV5_NAG",0.357,"Mouse_Pa","trial_3","nag",0.345666666666667,0.0288521133445099
"981",12.75,"JV1_NAG",2.155,"Mouse_Pa","trial_3","nag",2.244,0.0792106895143159
"982",12.75,"JV3_NAG",0.998,"Mouse_Pa","trial_3","nag",1.12666666666667,0.0659326255438922
"983",12.75,"JV4_NAG",0.27,"Mouse_Pa","trial_3","nag",0.565666666666667,0.221415396433441
"984",12.75,"JV5_NAG",0.383,"Mouse_Pa","trial_3","nag",0.356,0.032654759734736
"985",13,"JV1_NAG",2.159,"Mouse_Pa","trial_3","nag",2.25233333333333,0.0783460982507177
"986",13,"JV3_NAG",1.032,"Mouse_Pa","trial_3","nag",1.14066666666667,0.0547732700421575
"987",13,"JV4_NAG",0.263,"Mouse_Pa","trial_3","nag",0.571,0.224947401259346
"988",13,"JV5_NAG",0.378,"Mouse_Pa","trial_3","nag",0.361333333333333,0.0300462606288666
"989",13.25,"JV1_NAG",2.168,"Mouse_Pa","trial_3","nag",2.26566666666667,0.0821874551119437
"990",13.25,"JV3_NAG",1.05,"Mouse_Pa","trial_3","nag",1.162,0.0560029761113937
"991",13.25,"JV4_NAG",0.272,"Mouse_Pa","trial_3","nag",0.581666666666667,0.229111569134147
"992",13.25,"JV5_NAG",0.385,"Mouse_Pa","trial_3","nag",0.364,0.0331712727119918
"993",13.5,"JV1_NAG",2.188,"Mouse_Pa","trial_3","nag",2.277,0.0768396598986053
"994",13.5,"JV3_NAG",1.073,"Mouse_Pa","trial_3","nag",1.18066666666667,0.0539269052617626
"995",13.5,"JV4_NAG",0.276,"Mouse_Pa","trial_3","nag",0.576333333333333,0.221278356626018
"996",13.5,"JV5_NAG",0.374,"Mouse_Pa","trial_3","nag",0.363333333333333,0.0316298031047372
"997",13.75,"JV1_NAG",2.202,"Mouse_Pa","trial_3","nag",2.28866666666667,0.0759327187566583
"998",13.75,"JV3_NAG",1.087,"Mouse_Pa","trial_3","nag",1.19333333333333,0.0531674503599503
"999",13.75,"JV4_NAG",0.283,"Mouse_Pa","trial_3","nag",0.588333333333333,0.225307444272142
"1000",13.75,"JV5_NAG",0.361,"Mouse_Pa","trial_3","nag",0.363333333333333,0.0239884231337628
"1001",14,"JV1_NAG",2.204,"Mouse_Pa","trial_3","nag",2.29933333333333,0.0775721886016144
"1002",14,"JV3_NAG",1.092,"Mouse_Pa","trial_3","nag",1.205,0.0565361241449511
"1003",14,"JV4_NAG",0.296,"Mouse_Pa","trial_3","nag",0.603333333333333,0.23458426583592
"1004",14,"JV5_NAG",0.364,"Mouse_Pa","trial_3","nag",0.355666666666667,0.0220479275922049
"1005",14.25,"JV1_NAG",2.219,"Mouse_Pa","trial_3","nag",2.31133333333333,0.0778167362746887
"1006",14.25,"JV3_NAG",1.126,"Mouse_Pa","trial_3","nag",1.22833333333333,0.0519433452052437
"1007",14.25,"JV4_NAG",0.286,"Mouse_Pa","trial_3","nag",0.604,0.242004820888621
"1008",14.25,"JV5_NAG",0.365,"Mouse_Pa","trial_3","nag",0.355666666666667,0.0179381653960983
"1009",14.5,"JV1_NAG",2.228,"Mouse_Pa","trial_3","nag",2.32166666666667,0.0777524561955726
"1010",14.5,"JV3_NAG",1.148,"Mouse_Pa","trial_3","nag",1.251,0.0518555686498567
"1011",14.5,"JV4_NAG",0.3,"Mouse_Pa","trial_3","nag",0.606333333333333,0.243335388119178
"1012",14.5,"JV5_NAG",0.379,"Mouse_Pa","trial_3","nag",0.351333333333333,0.0174769689718911
"1013",14.75,"JV1_NAG",2.244,"Mouse_Pa","trial_3","nag",2.33333333333333,0.0748361172459157
"1014",14.75,"JV3_NAG",1.145,"Mouse_Pa","trial_3","nag",1.23766666666667,0.0490725087101843
"1015",14.75,"JV4_NAG",0.291,"Mouse_Pa","trial_3","nag",0.582333333333333,0.241208991909045
"1016",14.75,"JV5_NAG",0.371,"Mouse_Pa","trial_3","nag",0.346666666666667,0.0204640606375611
"1017",15,"JV1_NAG",2.252,"Mouse_Pa","trial_3","nag",2.344,0.075639495855891
"1018",15,"JV3_NAG",1.157,"Mouse_Pa","trial_3","nag",1.26733333333333,0.0561911420460952
"1019",15,"JV4_NAG",0.299,"Mouse_Pa","trial_3","nag",0.577666666666667,0.237437945109407
"1020",15,"JV5_NAG",0.372,"Mouse_Pa","trial_3","nag",0.346,0.0173877351409933
"1021",15.25,"JV1_NAG",2.257,"Mouse_Pa","trial_3","nag",2.35233333333333,0.0766644927228013
"1022",15.25,"JV3_NAG",1.187,"Mouse_Pa","trial_3","nag",1.287,0.0525483903971695
"1023",15.25,"JV4_NAG",0.296,"Mouse_Pa","trial_3","nag",0.574333333333333,0.238510889572037
"1024",15.25,"JV5_NAG",0.372,"Mouse_Pa","trial_3","nag",0.347333333333333,0.0154092324417683
"1025",15.5,"JV1_NAG",2.274,"Mouse_Pa","trial_3","nag",2.36633333333333,0.0736983340683115
"1026",15.5,"JV3_NAG",1.213,"Mouse_Pa","trial_3","nag",1.30133333333333,0.0450641518035986
"1027",15.5,"JV4_NAG",0.294,"Mouse_Pa","trial_3","nag",0.564666666666667,0.235112975207901
"1028",15.5,"JV5_NAG",0.388,"Mouse_Pa","trial_3","nag",0.346666666666667,0.0236737078727529
"1029",15.75,"JV1_NAG",2.294,"Mouse_Pa","trial_3","nag",2.37933333333333,0.0736598790236433
"1030",15.75,"JV3_NAG",1.209,"Mouse_Pa","trial_3","nag",1.31733333333333,0.0567812566883748
"1031",15.75,"JV4_NAG",0.294,"Mouse_Pa","trial_3","nag",0.557333333333333,0.229225749959389
"1032",15.75,"JV5_NAG",0.38,"Mouse_Pa","trial_3","nag",0.34,0.0246644143115812
"1033",16,"JV1_NAG",2.287,"Mouse_Pa","trial_3","nag",2.38266666666667,0.0760927796253437
"1034",16,"JV3_NAG",1.236,"Mouse_Pa","trial_3","nag",1.31633333333333,0.0443333333333333
"1035",16,"JV4_NAG",0.297,"Mouse_Pa","trial_3","nag",0.561,0.233210205608588
"1036",16,"JV5_NAG",0.386,"Mouse_Pa","trial_3","nag",0.340333333333333,0.0274853496329307
"1037",16.25,"JV1_NAG",2.308,"Mouse_Pa","trial_3","nag",2.39766666666667,0.0733265148345248
"1038",16.25,"JV3_NAG",1.248,"Mouse_Pa","trial_3","nag",1.335,0.0461121820491433
"1039",16.25,"JV4_NAG",0.302,"Mouse_Pa","trial_3","nag",0.563666666666667,0.234704305693592
"1040",16.25,"JV5_NAG",0.388,"Mouse_Pa","trial_3","nag",0.342666666666667,0.0265664784602284
"1041",16.5,"JV1_NAG",2.328,"Mouse_Pa","trial_3","nag",2.41066666666667,0.0710054770970366
"1042",16.5,"JV3_NAG",1.27,"Mouse_Pa","trial_3","nag",1.33,0.0309246395829173
"1043",16.5,"JV4_NAG",0.303,"Mouse_Pa","trial_3","nag",0.569666666666667,0.239693090801086
"1044",16.5,"JV5_NAG",0.391,"Mouse_Pa","trial_3","nag",0.342666666666667,0.0269093127208985
"1045",16.75,"JV1_NAG",2.334,"Mouse_Pa","trial_3","nag",2.42,0.0715262189689906
"1046",16.75,"JV3_NAG",1.289,"Mouse_Pa","trial_3","nag",1.35133333333333,0.0355168191768977
"1047",16.75,"JV4_NAG",0.299,"Mouse_Pa","trial_3","nag",0.574666666666667,0.243889546949251
"1048",16.75,"JV5_NAG",0.398,"Mouse_Pa","trial_3","nag",0.348,0.0288675134594813
"1049",17,"JV1_NAG",2.34,"Mouse_Pa","trial_3","nag",2.43,0.0732006375199926
"1050",17,"JV3_NAG",1.302,"Mouse_Pa","trial_3","nag",1.36633333333333,0.0346906967996384
"1051",17,"JV4_NAG",0.301,"Mouse_Pa","trial_3","nag",0.585666666666667,0.251910257388971
"1052",17,"JV5_NAG",0.399,"Mouse_Pa","trial_3","nag",0.351,0.0274286954362276
"1053",17.25,"JV1_NAG",2.352,"Mouse_Pa","trial_3","nag",2.43766666666667,0.0711953494111644
"1054",17.25,"JV3_NAG",1.317,"Mouse_Pa","trial_3","nag",1.37066666666667,0.0275095942859537
"1055",17.25,"JV4_NAG",0.311,"Mouse_Pa","trial_3","nag",0.592666666666667,0.254181256411859
"1056",17.25,"JV5_NAG",0.407,"Mouse_Pa","trial_3","nag",0.355666666666667,0.0281444685704156
"1057",17.5,"JV1_NAG",2.367,"Mouse_Pa","trial_3","nag",2.44933333333333,0.0692732111120726
"1058",17.5,"JV3_NAG",1.347,"Mouse_Pa","trial_3","nag",1.38066666666667,0.0196327390968363
"1059",17.5,"JV4_NAG",0.315,"Mouse_Pa","trial_3","nag",0.602333333333333,0.262246915033227
"1060",17.5,"JV5_NAG",0.415,"Mouse_Pa","trial_3","nag",0.362,0.0276224546338663
"1061",17.75,"JV1_NAG",2.378,"Mouse_Pa","trial_3","nag",2.458,0.0674190873071813
"1062",17.75,"JV3_NAG",1.346,"Mouse_Pa","trial_3","nag",1.37966666666667,0.0199360087390742
"1063",17.75,"JV4_NAG",0.32,"Mouse_Pa","trial_3","nag",0.612,0.267873726470763
"1064",17.75,"JV5_NAG",0.42,"Mouse_Pa","trial_3","nag",0.371666666666667,0.0253924748257782
"1065",18,"JV1_NAG",2.379,"Mouse_Pa","trial_3","nag",2.46533333333333,0.0704800996341836
"1066",18,"JV3_NAG",1.362,"Mouse_Pa","trial_3","nag",1.38166666666667,0.015387585183445
"1067",18,"JV4_NAG",0.324,"Mouse_Pa","trial_3","nag",0.618666666666667,0.27686177859077
"1068",18,"JV5_NAG",0.426,"Mouse_Pa","trial_3","nag",0.379,0.0235867194271127
"1069",18.25,"JV1_NAG",2.405,"Mouse_Pa","trial_3","nag",2.479,0.0661614187675366
"1070",18.25,"JV3_NAG",1.373,"Mouse_Pa","trial_3","nag",1.37633333333333,0.0105251022692312
"1071",18.25,"JV4_NAG",0.331,"Mouse_Pa","trial_3","nag",0.632,0.281237147854499
"1072",18.25,"JV5_NAG",0.431,"Mouse_Pa","trial_3","nag",0.389,0.0211266025033211
"1073",18.5,"JV1_NAG",2.409,"Mouse_Pa","trial_3","nag",2.48333333333333,0.0655396402526322
"1074",18.5,"JV3_NAG",1.401,"Mouse_Pa","trial_3","nag",1.381,0.0125033328890073
"1075",18.5,"JV4_NAG",0.341,"Mouse_Pa","trial_3","nag",0.638333333333333,0.282957201318111
"1076",18.5,"JV5_NAG",0.436,"Mouse_Pa","trial_3","nag",0.397,0.0195192212959431
"1077",18.75,"JV1_NAG",2.419,"Mouse_Pa","trial_3","nag",2.49633333333333,0.0666366599136275
"1078",18.75,"JV3_NAG",1.42,"Mouse_Pa","trial_3","nag",1.391,0.0187171935218219
"1079",18.75,"JV4_NAG",0.355,"Mouse_Pa","trial_3","nag",0.647333333333333,0.280911809015649
"1080",18.75,"JV5_NAG",0.432,"Mouse_Pa","trial_3","nag",0.405666666666667,0.0132455443242037
"1081",19,"JV1_NAG",2.423,"Mouse_Pa","trial_3","nag",2.50433333333333,0.0687442926923958
"1082",19,"JV3_NAG",1.448,"Mouse_Pa","trial_3","nag",1.39433333333333,0.0281089151535791
"1083",19,"JV4_NAG",0.368,"Mouse_Pa","trial_3","nag",0.650333333333333,0.280335711444531
"1084",19,"JV5_NAG",0.438,"Mouse_Pa","trial_3","nag",0.412666666666667,0.0131318104023948
"1085",19.25,"JV1_NAG",2.439,"Mouse_Pa","trial_3","nag",2.51166666666667,0.0696881944409843
"1086",19.25,"JV3_NAG",1.473,"Mouse_Pa","trial_3","nag",1.38733333333333,0.0460953118850256
"1087",19.25,"JV4_NAG",0.382,"Mouse_Pa","trial_3","nag",0.66,0.274507437664872
"1088",19.25,"JV5_NAG",0.444,"Mouse_Pa","trial_3","nag",0.423,0.010816653826392
"1089",19.5,"JV1_NAG",2.452,"Mouse_Pa","trial_3","nag",2.522,0.067515430335097
"1090",19.5,"JV3_NAG",1.489,"Mouse_Pa","trial_3","nag",1.38266666666667,0.0532989472483067
"1091",19.5,"JV4_NAG",0.395,"Mouse_Pa","trial_3","nag",0.666666666666667,0.273669102709418
"1092",19.5,"JV5_NAG",0.445,"Mouse_Pa","trial_3","nag",0.431,0.0070237691685685
"1093",19.75,"JV1_NAG",2.457,"Mouse_Pa","trial_3","nag",2.528,0.0670397891802572
"1094",19.75,"JV3_NAG",1.51,"Mouse_Pa","trial_3","nag",1.37166666666667,0.0692395198648222
"1095",19.75,"JV4_NAG",0.407,"Mouse_Pa","trial_3","nag",0.674666666666667,0.267166822624201
"1096",19.75,"JV5_NAG",0.468,"Mouse_Pa","trial_3","nag",0.445666666666667,0.0114649223479466
"1097",20,"JV1_NAG",2.47,"Mouse_Pa","trial_3","nag",2.54166666666667,0.0633570131170269
"1098",20,"JV3_NAG",1.537,"Mouse_Pa","trial_3","nag",1.36766666666667,0.0849045215390663
"1099",20,"JV4_NAG",0.421,"Mouse_Pa","trial_3","nag",0.691333333333333,0.267837222539694
"1100",20,"JV5_NAG",0.458,"Mouse_Pa","trial_3","nag",0.45,0.00750555349946514
"1101",20.25,"JV1_NAG",2.478,"Mouse_Pa","trial_3","nag",2.54666666666667,0.0661824078672807
"1102",20.25,"JV3_NAG",1.559,"Mouse_Pa","trial_3","nag",1.337,0.115295273103454
"1103",20.25,"JV4_NAG",0.433,"Mouse_Pa","trial_3","nag",0.697333333333333,0.262335874617085
"1104",20.25,"JV5_NAG",0.484,"Mouse_Pa","trial_3","nag",0.465666666666667,0.00952773728530429
"1105",20.5,"JV1_NAG",2.492,"Mouse_Pa","trial_3","nag",2.554,0.0635059052372298
"1106",20.5,"JV3_NAG",1.617,"Mouse_Pa","trial_3","nag",1.31166666666667,0.159668754335691
"1107",20.5,"JV4_NAG",0.449,"Mouse_Pa","trial_3","nag",0.710666666666667,0.260667306052072
"1108",20.5,"JV5_NAG",0.48,"Mouse_Pa","trial_3","nag",0.473333333333333,0.00523874454850056
"1109",20.75,"JV1_NAG",2.501,"Mouse_Pa","trial_3","nag",2.56633333333333,0.0633438587745051
"1110",20.75,"JV3_NAG",1.622,"Mouse_Pa","trial_3","nag",1.274,0.18644391471253
"1111",20.75,"JV4_NAG",0.458,"Mouse_Pa","trial_3","nag",0.718666666666667,0.260166826820365
"1112",20.75,"JV5_NAG",0.476,"Mouse_Pa","trial_3","nag",0.479666666666667,0.0080069414329762
"1113",21,"JV1_NAG",2.505,"Mouse_Pa","trial_3","nag",2.57,0.0645006459915971
"1114",21,"JV3_NAG",1.658,"Mouse_Pa","trial_3","nag",1.247,0.217518581581743
"1115",21,"JV4_NAG",0.468,"Mouse_Pa","trial_3","nag",0.724,0.253005928784288
"1116",21,"JV5_NAG",0.505,"Mouse_Pa","trial_3","nag",0.495666666666667,0.00480740170061866
"1117",21.25,"JV1_NAG",2.507,"Mouse_Pa","trial_3","nag",2.577,0.0650640709864771
"1118",21.25,"JV3_NAG",1.68,"Mouse_Pa","trial_3","nag",1.23,0.236646008488065
"1119",21.25,"JV4_NAG",0.485,"Mouse_Pa","trial_3","nag",0.735666666666667,0.251667328917451
"1120",21.25,"JV5_NAG",0.515,"Mouse_Pa","trial_3","nag",0.505666666666667,0.00698410894658566
"1121",21.5,"JV1_NAG",2.52,"Mouse_Pa","trial_3","nag",2.58666666666667,0.064182898379899
"1122",21.5,"JV3_NAG",1.703,"Mouse_Pa","trial_3","nag",1.20033333333333,0.265835370943079
"1123",21.5,"JV4_NAG",0.491,"Mouse_Pa","trial_3","nag",0.740666666666667,0.247669358442079
"1124",21.5,"JV5_NAG",0.524,"Mouse_Pa","trial_3","nag",0.514333333333333,0.00611918658356195
"1125",21.75,"JV1_NAG",2.524,"Mouse_Pa","trial_3","nag",2.59433333333333,0.0639435514948754
"1126",21.75,"JV3_NAG",1.742,"Mouse_Pa","trial_3","nag",1.17933333333333,0.294531454649207
"1127",21.75,"JV4_NAG",0.503,"Mouse_Pa","trial_3","nag",0.752,0.246006097485408
"1128",21.75,"JV5_NAG",0.578,"Mouse_Pa","trial_3","nag",0.539333333333333,0.0203497201727962
"1129",22,"JV1_NAG",2.527,"Mouse_Pa","trial_3","nag",2.60166666666667,0.0639826365334985
"1130",22,"JV3_NAG",1.764,"Mouse_Pa","trial_3","nag",1.14533333333333,0.320161591144916
"1131",22,"JV4_NAG",0.513,"Mouse_Pa","trial_3","nag",0.759333333333333,0.244834864982729
"1132",22,"JV5_NAG",0.577,"Mouse_Pa","trial_3","nag",0.546666666666667,0.0161279605378706
"1133",22.25,"JV1_NAG",2.542,"Mouse_Pa","trial_3","nag",2.61333333333333,0.0639800316070917
"1134",22.25,"JV3_NAG",1.767,"Mouse_Pa","trial_3","nag",1.146,0.319784823488128
"1135",22.25,"JV4_NAG",0.526,"Mouse_Pa","trial_3","nag",0.768666666666667,0.243667350660235
"1136",22.25,"JV5_NAG",0.567,"Mouse_Pa","trial_3","nag",0.553666666666667,0.00779601037568431
"1137",22.5,"JV1_NAG",2.543,"Mouse_Pa","trial_3","nag",2.62133333333333,0.0634674019565249
"1138",22.5,"JV3_NAG",1.817,"Mouse_Pa","trial_3","nag",1.132,0.348604360271067
"1139",22.5,"JV4_NAG",0.537,"Mouse_Pa","trial_3","nag",0.780333333333333,0.245837570584952
"1140",22.5,"JV5_NAG",0.597,"Mouse_Pa","trial_3","nag",0.572,0.0138924439894498
"1141",22.75,"JV1_NAG",2.561,"Mouse_Pa","trial_3","nag",2.631,0.0626498204307083
"1142",22.75,"JV3_NAG",1.832,"Mouse_Pa","trial_3","nag",1.109,0.363128535553643
"1143",22.75,"JV4_NAG",0.543,"Mouse_Pa","trial_3","nag",0.779666666666667,0.24168390743099
"1144",22.75,"JV5_NAG",0.604,"Mouse_Pa","trial_3","nag",0.576666666666667,0.0146211414663075
"1145",23,"JV1_NAG",2.559,"Mouse_Pa","trial_3","nag",2.63733333333333,0.0621136950366914
"1146",23,"JV3_NAG",1.86,"Mouse_Pa","trial_3","nag",1.117,0.372879337051545
"1147",23,"JV4_NAG",0.555,"Mouse_Pa","trial_3","nag",0.792,0.238501572321861
"1148",23,"JV5_NAG",0.622,"Mouse_Pa","trial_3","nag",0.59,0.0172143351115672
"1149",23.25,"JV1_NAG",2.564,"Mouse_Pa","trial_3","nag",2.64033333333333,0.0623974714587413
"1150",23.25,"JV3_NAG",1.866,"Mouse_Pa","trial_3","nag",1.107,0.38075495181722
"1151",23.25,"JV4_NAG",0.562,"Mouse_Pa","trial_3","nag",0.796,0.236002824841851
"1152",23.25,"JV5_NAG",0.597,"Mouse_Pa","trial_3","nag",0.586,0.007371114795832
"1153",23.5,"JV1_NAG",2.567,"Mouse_Pa","trial_3","nag",2.64633333333333,0.0635513790391504
"1154",23.5,"JV3_NAG",1.894,"Mouse_Pa","trial_3","nag",1.12966666666667,0.383108484780892
"1155",23.5,"JV4_NAG",0.571,"Mouse_Pa","trial_3","nag",0.809666666666667,0.240669436733827
"1156",23.5,"JV5_NAG",0.612,"Mouse_Pa","trial_3","nag",0.598333333333333,0.00913479307069649
"1157",23.75,"JV1_NAG",2.578,"Mouse_Pa","trial_3","nag",2.65933333333333,0.0637346931514628
"1158",23.75,"JV3_NAG",1.917,"Mouse_Pa","trial_3","nag",1.151,0.384043400325189
"1159",23.75,"JV4_NAG",0.579,"Mouse_Pa","trial_3","nag",0.813333333333333,0.233833511522859
"1160",23.75,"JV5_NAG",0.663,"Mouse_Pa","trial_3","nag",0.623,0.0215715862498179
"1161",24,"JV1_NAG",2.582,"Mouse_Pa","trial_3","nag",2.664,0.0630661028868388
"1162",24,"JV3_NAG",1.933,"Mouse_Pa","trial_3","nag",1.13266666666667,0.401949554601625
"1163",24,"JV4_NAG",0.586,"Mouse_Pa","trial_3","nag",0.818666666666667,0.232666666666667
"1164",24,"JV5_NAG",0.697,"Mouse_Pa","trial_3","nag",0.638666666666667,0.0300462606288666
