"","Time","strain","OD600","expt","trial","sugar","mean_OD600","sem_OD600"
"1",0,"JV1_Rib",0.001,"Mouse_Pa","trial_1","ribose",0.007,0.00458257569495584
"2",0,"JV3_Rib",-0.007,"Mouse_Pa","trial_1","ribose",-0.00166666666666667,0.00392994204085053
"3",0,"JV4_Rib",-0.008,"Mouse_Pa","trial_1","ribose",-0.00466666666666667,0.00176383420737639
"4",0,"JV5_Rib",-0.007,"Mouse_Pa","trial_1","ribose",-0.00166666666666667,0.00266666666666667
"5",0.25,"JV1_Rib",-0.001,"Mouse_Pa","trial_1","ribose",0.00466666666666667,0.00348010216963685
"6",0.25,"JV3_Rib",-0.007,"Mouse_Pa","trial_1","ribose",-0.002,0.00360555127546399
"7",0.25,"JV4_Rib",-0.008,"Mouse_Pa","trial_1","ribose",-0.00433333333333333,0.00233333333333333
"8",0.25,"JV5_Rib",-0.007,"Mouse_Pa","trial_1","ribose",-0.002,0.00264575131106459
"9",0.5,"JV1_Rib",-0.002,"Mouse_Pa","trial_1","ribose",0.00533333333333333,0.00635959467611297
"10",0.5,"JV3_Rib",-0.007,"Mouse_Pa","trial_1","ribose",-0.00133333333333333,0.00938675189355248
"11",0.5,"JV4_Rib",-0.009,"Mouse_Pa","trial_1","ribose",-0.00233333333333333,0.00617341972581738
"12",0.5,"JV5_Rib",-0.006,"Mouse_Pa","trial_1","ribose",-0.00166666666666667,0.00643773597194266
"13",0.75,"JV1_Rib",-0.002,"Mouse_Pa","trial_1","ribose",0.00733333333333333,0.00835330939076111
"14",0.75,"JV3_Rib",-0.008,"Mouse_Pa","trial_1","ribose",0.001,0.009
"15",0.75,"JV4_Rib",-0.008,"Mouse_Pa","trial_1","ribose",-0.000333333333333334,0.00669161996662824
"16",0.75,"JV5_Rib",-0.007,"Mouse_Pa","trial_1","ribose",0.001,0.006557438524302
"17",1,"JV1_Rib",0.002,"Mouse_Pa","trial_1","ribose",0.0106666666666667,0.00817176711475417
"18",1,"JV3_Rib",-0.007,"Mouse_Pa","trial_1","ribose",0.00133333333333333,0.00883804905570857
"19",1,"JV4_Rib",-0.008,"Mouse_Pa","trial_1","ribose",-0.000333333333333334,0.00669161996662824
"20",1,"JV5_Rib",-0.008,"Mouse_Pa","trial_1","ribose",0.00133333333333333,0.0065659052011974
"21",1.25,"JV1_Rib",0.005,"Mouse_Pa","trial_1","ribose",0.0156666666666667,0.008743251365736
"22",1.25,"JV3_Rib",-0.008,"Mouse_Pa","trial_1","ribose",0.001,0.009
"23",1.25,"JV4_Rib",-0.006,"Mouse_Pa","trial_1","ribose",0.000333333333333333,0.00633333333333333
"24",1.25,"JV5_Rib",-0.008,"Mouse_Pa","trial_1","ribose",0.00133333333333333,0.0065659052011974
"25",1.5,"JV1_Rib",0.012,"Mouse_Pa","trial_1","ribose",0.0263333333333333,0.0105882534495124
"26",1.5,"JV3_Rib",-0.007,"Mouse_Pa","trial_1","ribose",0.002,0.009
"27",1.5,"JV4_Rib",-0.006,"Mouse_Pa","trial_1","ribose",0.000333333333333333,0.00584047182264508
"28",1.5,"JV5_Rib",-0.01,"Mouse_Pa","trial_1","ribose",0.00166666666666667,0.00726483157256779
"29",1.75,"JV1_Rib",0.023,"Mouse_Pa","trial_1","ribose",0.0393333333333333,0.0112891294812507
"30",1.75,"JV3_Rib",-0.003,"Mouse_Pa","trial_1","ribose",0.00266666666666667,0.00775313556640867
"31",1.75,"JV4_Rib",-0.002,"Mouse_Pa","trial_1","ribose",0.00166666666666667,0.00523874454850057
"32",1.75,"JV5_Rib",-0.009,"Mouse_Pa","trial_1","ribose",0.00166666666666667,0.00669161996662824
"33",2,"JV1_Rib",0.035,"Mouse_Pa","trial_1","ribose",0.056,0.0141774468787578
"34",2,"JV3_Rib",-0.004,"Mouse_Pa","trial_1","ribose",0.00366666666666667,0.00817176711475417
"35",2,"JV4_Rib",0,"Mouse_Pa","trial_1","ribose",0.00266666666666667,0.00480740170061865
"36",2,"JV5_Rib",-0.008,"Mouse_Pa","trial_1","ribose",0.00366666666666667,0.00693621734889494
"37",2.25,"JV1_Rib",0.054,"Mouse_Pa","trial_1","ribose",0.0803333333333333,0.0159199385816794
"38",2.25,"JV3_Rib",-0.001,"Mouse_Pa","trial_1","ribose",0.004,0.00763762615825973
"39",2.25,"JV4_Rib",-0.001,"Mouse_Pa","trial_1","ribose",0.003,0.00503322295684717
"40",2.25,"JV5_Rib",-0.005,"Mouse_Pa","trial_1","ribose",0.00433333333333333,0.00617341972581738
"41",2.5,"JV1_Rib",0.081,"Mouse_Pa","trial_1","ribose",0.107333333333333,0.0156027063179579
"42",2.5,"JV3_Rib",-0.002,"Mouse_Pa","trial_1","ribose",0.00466666666666667,0.00768837506311386
"43",2.5,"JV4_Rib",-0.001,"Mouse_Pa","trial_1","ribose",0.004,0.0055075705472861
"44",2.5,"JV5_Rib",-0.001,"Mouse_Pa","trial_1","ribose",0.00666666666666667,0.00536449231314369
"45",2.75,"JV1_Rib",0.108,"Mouse_Pa","trial_1","ribose",0.133333333333333,0.0147233752169052
"46",2.75,"JV3_Rib",0.001,"Mouse_Pa","trial_1","ribose",0.006,0.00763762615825973
"47",2.75,"JV4_Rib",0.003,"Mouse_Pa","trial_1","ribose",0.00533333333333333,0.00448454134902457
"48",2.75,"JV5_Rib",0.001,"Mouse_Pa","trial_1","ribose",0.008,0.00513160143944688
"49",3,"JV1_Rib",0.135,"Mouse_Pa","trial_1","ribose",0.161666666666667,0.0155920207513687
"50",3,"JV3_Rib",0.008,"Mouse_Pa","trial_1","ribose",0.00866666666666667,0.0075129517797231
"51",3,"JV4_Rib",0.003,"Mouse_Pa","trial_1","ribose",0.00666666666666667,0.0047022453265553
"52",3,"JV5_Rib",0.002,"Mouse_Pa","trial_1","ribose",0.00933333333333333,0.00504424865014052
"53",3.25,"JV1_Rib",0.163,"Mouse_Pa","trial_1","ribose",0.193,0.0176162803489651
"54",3.25,"JV3_Rib",0.012,"Mouse_Pa","trial_1","ribose",0.0106666666666667,0.00753510303697154
"55",3.25,"JV4_Rib",0.012,"Mouse_Pa","trial_1","ribose",0.01,0.00416333199893227
"56",3.25,"JV5_Rib",0.011,"Mouse_Pa","trial_1","ribose",0.0133333333333333,0.00392994204085053
"57",3.5,"JV1_Rib",0.193,"Mouse_Pa","trial_1","ribose",0.229,0.0202319878739914
"58",3.5,"JV3_Rib",0.017,"Mouse_Pa","trial_1","ribose",0.0136666666666667,0.00768837506311386
"59",3.5,"JV4_Rib",0.016,"Mouse_Pa","trial_1","ribose",0.0133333333333333,0.00425571511160123
"60",3.5,"JV5_Rib",0.014,"Mouse_Pa","trial_1","ribose",0.016,0.00305505046330389
"61",3.75,"JV1_Rib",0.225,"Mouse_Pa","trial_1","ribose",0.267333333333333,0.023708882536111
"62",3.75,"JV3_Rib",0.027,"Mouse_Pa","trial_1","ribose",0.018,0.00850490054811538
"63",3.75,"JV4_Rib",0.023,"Mouse_Pa","trial_1","ribose",0.0163333333333333,0.00523874454850057
"64",3.75,"JV5_Rib",0.021,"Mouse_Pa","trial_1","ribose",0.02,0.00208166599946613
"65",4,"JV1_Rib",0.255,"Mouse_Pa","trial_1","ribose",0.310666666666667,0.0300240644224669
"66",4,"JV3_Rib",0.058,"Mouse_Pa","trial_1","ribose",0.0316666666666667,0.0150148075060736
"67",4,"JV4_Rib",0.026,"Mouse_Pa","trial_1","ribose",0.0196666666666667,0.00536449231314369
"68",4,"JV5_Rib",0.027,"Mouse_Pa","trial_1","ribose",0.0256666666666667,0.00240370085030933
"69",4.25,"JV1_Rib",0.293,"Mouse_Pa","trial_1","ribose",0.378666666666667,0.0479942126140688
"70",4.25,"JV3_Rib",0.148,"Mouse_Pa","trial_1","ribose",0.0676666666666667,0.0406215596833887
"71",4.25,"JV4_Rib",0.036,"Mouse_Pa","trial_1","ribose",0.027,0.0062449979983984
"72",4.25,"JV5_Rib",0.038,"Mouse_Pa","trial_1","ribose",0.0326666666666667,0.00352766841475279
"73",4.5,"JV1_Rib",0.35,"Mouse_Pa","trial_1","ribose",0.459666666666667,0.0593866801377024
"74",4.5,"JV3_Rib",0.207,"Mouse_Pa","trial_1","ribose",0.092,0.0575876144091187
"75",4.5,"JV4_Rib",0.05,"Mouse_Pa","trial_1","ribose",0.0353333333333333,0.00837323779138698
"76",4.5,"JV5_Rib",0.053,"Mouse_Pa","trial_1","ribose",0.0406666666666667,0.00648930744464393
"77",4.75,"JV1_Rib",0.389,"Mouse_Pa","trial_1","ribose",0.526333333333333,0.0714173959511578
"78",4.75,"JV3_Rib",0.302,"Mouse_Pa","trial_1","ribose",0.127,0.0876717362285779
"79",4.75,"JV4_Rib",0.064,"Mouse_Pa","trial_1","ribose",0.0453333333333333,0.0096148034012373
"80",4.75,"JV5_Rib",0.085,"Mouse_Pa","trial_1","ribose",0.056,0.014525839046334
"81",5,"JV1_Rib",0.466,"Mouse_Pa","trial_1","ribose",0.605333333333333,0.0709209262332196
"82",5,"JV3_Rib",0.359,"Mouse_Pa","trial_1","ribose",0.156333333333333,0.101392526570968
"83",5,"JV4_Rib",0.091,"Mouse_Pa","trial_1","ribose",0.0576666666666667,0.0171496679592087
"84",5,"JV5_Rib",0.176,"Mouse_Pa","trial_1","ribose",0.0926666666666667,0.0416826635958457
"85",5.25,"JV1_Rib",0.55,"Mouse_Pa","trial_1","ribose",0.688,0.069778220097678
"86",5.25,"JV3_Rib",0.369,"Mouse_Pa","trial_1","ribose",0.192333333333333,0.0892418685993918
"87",5.25,"JV4_Rib",0.214,"Mouse_Pa","trial_1","ribose",0.103333333333333,0.0554807273844811
"88",5.25,"JV5_Rib",0.245,"Mouse_Pa","trial_1","ribose",0.124,0.0605337371499012
"89",5.5,"JV1_Rib",0.626,"Mouse_Pa","trial_1","ribose",0.766333333333333,0.071064133788509
"90",5.5,"JV3_Rib",0.446,"Mouse_Pa","trial_1","ribose",0.256333333333333,0.0953106033508923
"91",5.5,"JV4_Rib",0.296,"Mouse_Pa","trial_1","ribose",0.139333333333333,0.0784693853961177
"92",5.5,"JV5_Rib",0.29,"Mouse_Pa","trial_1","ribose",0.147666666666667,0.071167252144352
"93",5.75,"JV1_Rib",0.714,"Mouse_Pa","trial_1","ribose",0.844,0.0659191423892433
"94",5.75,"JV3_Rib",0.453,"Mouse_Pa","trial_1","ribose",0.317666666666667,0.0737955132631909
"95",5.75,"JV4_Rib",0.324,"Mouse_Pa","trial_1","ribose",0.158,0.0831624915451672
"96",5.75,"JV5_Rib",0.258,"Mouse_Pa","trial_1","ribose",0.149333333333333,0.0543823909408592
"97",6,"JV1_Rib",0.793,"Mouse_Pa","trial_1","ribose",0.919666666666667,0.064276313245584
"98",6,"JV3_Rib",0.474,"Mouse_Pa","trial_1","ribose",0.373666666666667,0.0546392207525368
"99",6,"JV4_Rib",0.344,"Mouse_Pa","trial_1","ribose",0.183666666666667,0.0803167341080162
"100",6,"JV5_Rib",0.295,"Mouse_Pa","trial_1","ribose",0.192333333333333,0.0553815051358403
"101",6.25,"JV1_Rib",0.885,"Mouse_Pa","trial_1","ribose",0.989666666666667,0.0525906624580617
"102",6.25,"JV3_Rib",0.516,"Mouse_Pa","trial_1","ribose",0.412,0.0566656862660288
"103",6.25,"JV4_Rib",0.339,"Mouse_Pa","trial_1","ribose",0.221,0.0593408234972631
"104",6.25,"JV5_Rib",0.31,"Mouse_Pa","trial_1","ribose",0.24,0.0480416485978573
"105",6.5,"JV1_Rib",0.966,"Mouse_Pa","trial_1","ribose",1.07,0.0522589705218157
"106",6.5,"JV3_Rib",0.519,"Mouse_Pa","trial_1","ribose",0.415666666666667,0.0552700441267942
"107",6.5,"JV4_Rib",0.32,"Mouse_Pa","trial_1","ribose",0.269333333333333,0.0253924748257782
"108",6.5,"JV5_Rib",0.342,"Mouse_Pa","trial_1","ribose",0.287333333333333,0.0329915814177563
"109",6.75,"JV1_Rib",1.04,"Mouse_Pa","trial_1","ribose",1.144,0.052459508194416
"110",6.75,"JV3_Rib",0.556,"Mouse_Pa","trial_1","ribose",0.451,0.0528488410468953
"111",6.75,"JV4_Rib",0.3,"Mouse_Pa","trial_1","ribose",0.296,0.0066583281184794
"112",6.75,"JV5_Rib",0.365,"Mouse_Pa","trial_1","ribose",0.316,0.030171730698343
"113",7,"JV1_Rib",1.121,"Mouse_Pa","trial_1","ribose",1.22,0.0500233278914281
"114",7,"JV3_Rib",0.597,"Mouse_Pa","trial_1","ribose",0.492333333333333,0.0534706565427348
"115",7,"JV4_Rib",0.333,"Mouse_Pa","trial_1","ribose",0.314666666666667,0.0145181878269217
"116",7,"JV5_Rib",0.39,"Mouse_Pa","trial_1","ribose",0.337333333333333,0.0318398771633588
"117",7.25,"JV1_Rib",1.196,"Mouse_Pa","trial_1","ribose",1.29566666666667,0.0523014765034836
"118",7.25,"JV3_Rib",0.624,"Mouse_Pa","trial_1","ribose",0.529666666666667,0.0518984050279432
"119",7.25,"JV4_Rib",0.349,"Mouse_Pa","trial_1","ribose",0.336333333333333,0.00751295177972309
"120",7.25,"JV5_Rib",0.414,"Mouse_Pa","trial_1","ribose",0.358,0.0305122926047847
"121",7.5,"JV1_Rib",1.269,"Mouse_Pa","trial_1","ribose",1.36933333333333,0.0524478577043694
"122",7.5,"JV3_Rib",0.681,"Mouse_Pa","trial_1","ribose",0.561,0.0600444279957211
"123",7.5,"JV4_Rib",0.379,"Mouse_Pa","trial_1","ribose",0.358,0.0277548794508882
"124",7.5,"JV5_Rib",0.448,"Mouse_Pa","trial_1","ribose",0.336666666666667,0.0561703757430117
"125",7.75,"JV1_Rib",1.349,"Mouse_Pa","trial_1","ribose",1.43633333333333,0.0456411120713673
"126",7.75,"JV3_Rib",0.683,"Mouse_Pa","trial_1","ribose",0.581,0.0512640224719052
"127",7.75,"JV4_Rib",0.398,"Mouse_Pa","trial_1","ribose",0.375,0.0177857620959388
"128",7.75,"JV5_Rib",0.484,"Mouse_Pa","trial_1","ribose",0.369666666666667,0.057429183444579
"129",8,"JV1_Rib",1.423,"Mouse_Pa","trial_1","ribose",1.494,0.0382143079661706
"130",8,"JV3_Rib",0.771,"Mouse_Pa","trial_1","ribose",0.634333333333333,0.0686836548564827
"131",8,"JV4_Rib",0.411,"Mouse_Pa","trial_1","ribose",0.350333333333333,0.0326666666666667
"132",8,"JV5_Rib",0.511,"Mouse_Pa","trial_1","ribose",0.384,0.0635006561645888
"133",8.25,"JV1_Rib",1.494,"Mouse_Pa","trial_1","ribose",1.552,0.0332014055927356
"134",8.25,"JV3_Rib",0.782,"Mouse_Pa","trial_1","ribose",0.635,0.0735459040327876
"135",8.25,"JV4_Rib",0.419,"Mouse_Pa","trial_1","ribose",0.357333333333333,0.0308670986290869
"136",8.25,"JV5_Rib",0.512,"Mouse_Pa","trial_1","ribose",0.403,0.0546290520998977
"137",8.5,"JV1_Rib",1.555,"Mouse_Pa","trial_1","ribose",1.60233333333333,0.0263333333333333
"138",8.5,"JV3_Rib",0.828,"Mouse_Pa","trial_1","ribose",0.709,0.0595063021872473
"139",8.5,"JV4_Rib",0.42,"Mouse_Pa","trial_1","ribose",0.365666666666667,0.0271682003657053
"140",8.5,"JV5_Rib",0.475,"Mouse_Pa","trial_1","ribose",0.415333333333333,0.0299462481419255
"141",8.75,"JV1_Rib",1.61,"Mouse_Pa","trial_1","ribose",1.65166666666667,0.0234117729168705
"142",8.75,"JV3_Rib",0.881,"Mouse_Pa","trial_1","ribose",0.739333333333333,0.0716341011281948
"143",8.75,"JV4_Rib",0.412,"Mouse_Pa","trial_1","ribose",0.382,0.0150443787951957
"144",8.75,"JV5_Rib",0.477,"Mouse_Pa","trial_1","ribose",0.437,0.0201328918273887
"145",9,"JV1_Rib",1.668,"Mouse_Pa","trial_1","ribose",1.699,0.0170977581376429
"146",9,"JV3_Rib",0.914,"Mouse_Pa","trial_1","ribose",0.781666666666667,0.0663082029448678
"147",9,"JV4_Rib",0.421,"Mouse_Pa","trial_1","ribose",0.397333333333333,0.0130426650310092
"148",9,"JV5_Rib",0.499,"Mouse_Pa","trial_1","ribose",0.462333333333333,0.0216666666666667
"149",9.25,"JV1_Rib",1.711,"Mouse_Pa","trial_1","ribose",1.73633333333333,0.0139204086785474
"150",9.25,"JV3_Rib",0.939,"Mouse_Pa","trial_1","ribose",0.812,0.0654548190229973
"151",9.25,"JV4_Rib",0.433,"Mouse_Pa","trial_1","ribose",0.412333333333333,0.0110955446513955
"152",9.25,"JV5_Rib",0.512,"Mouse_Pa","trial_1","ribose",0.460666666666667,0.0279125618872778
"153",9.5,"JV1_Rib",1.753,"Mouse_Pa","trial_1","ribose",1.774,0.0127410099024109
"154",9.5,"JV3_Rib",0.953,"Mouse_Pa","trial_1","ribose",0.844333333333333,0.054581234056323
"155",9.5,"JV4_Rib",0.441,"Mouse_Pa","trial_1","ribose",0.429,0.00873689494805411
"156",9.5,"JV5_Rib",0.522,"Mouse_Pa","trial_1","ribose",0.445,0.0404516171905813
"157",9.75,"JV1_Rib",1.808,"Mouse_Pa","trial_1","ribose",1.82266666666667,0.00898764584180849
"158",9.75,"JV3_Rib",1.032,"Mouse_Pa","trial_1","ribose",0.891666666666667,0.0702669512960712
"159",9.75,"JV4_Rib",0.453,"Mouse_Pa","trial_1","ribose",0.428666666666667,0.015452435981999
"160",9.75,"JV5_Rib",0.525,"Mouse_Pa","trial_1","ribose",0.441,0.0431315816233689
"161",10,"JV1_Rib",1.841,"Mouse_Pa","trial_1","ribose",1.85733333333333,0.00983756970891581
"162",10,"JV3_Rib",1.024,"Mouse_Pa","trial_1","ribose",0.921666666666667,0.0519433452052437
"163",10,"JV4_Rib",0.453,"Mouse_Pa","trial_1","ribose",0.424666666666667,0.0158989866902824
"164",10,"JV5_Rib",0.534,"Mouse_Pa","trial_1","ribose",0.445666666666667,0.0444384718209096
"165",10.25,"JV1_Rib",1.891,"Mouse_Pa","trial_1","ribose",1.89066666666667,0.00606446846622012
"166",10.25,"JV3_Rib",1.082,"Mouse_Pa","trial_1","ribose",0.958333333333333,0.0631831552797984
"167",10.25,"JV4_Rib",0.459,"Mouse_Pa","trial_1","ribose",0.437333333333333,0.0130170827931778
"168",10.25,"JV5_Rib",0.542,"Mouse_Pa","trial_1","ribose",0.455333333333333,0.0433487152186903
"169",10.5,"JV1_Rib",1.911,"Mouse_Pa","trial_1","ribose",1.91566666666667,0.00371184290855335
"170",10.5,"JV3_Rib",1.091,"Mouse_Pa","trial_1","ribose",0.977666666666667,0.0569600249687835
"171",10.5,"JV4_Rib",0.452,"Mouse_Pa","trial_1","ribose",0.439666666666667,0.00825294560209331
"172",10.5,"JV5_Rib",0.541,"Mouse_Pa","trial_1","ribose",0.464333333333333,0.0384028355434567
"173",10.75,"JV1_Rib",1.953,"Mouse_Pa","trial_1","ribose",1.95266666666667,0.00145296631451359
"174",10.75,"JV3_Rib",1.137,"Mouse_Pa","trial_1","ribose",1.01733333333333,0.0608833128022595
"175",10.75,"JV4_Rib",0.455,"Mouse_Pa","trial_1","ribose",0.451,0.0045092497528229
"176",10.75,"JV5_Rib",0.533,"Mouse_Pa","trial_1","ribose",0.456,0.0392810386828047
"177",11,"JV1_Rib",1.98,"Mouse_Pa","trial_1","ribose",1.97133333333333,0.00520683311727111
"178",11,"JV3_Rib",1.133,"Mouse_Pa","trial_1","ribose",1.03566666666667,0.0487522079272086
"179",11,"JV4_Rib",0.454,"Mouse_Pa","trial_1","ribose",0.455666666666667,0.00956265885852069
"180",11,"JV5_Rib",0.518,"Mouse_Pa","trial_1","ribose",0.466666666666667,0.0270883328718801
"181",11.25,"JV1_Rib",2.058,"Mouse_Pa","trial_1","ribose",2.016,0.021031722072463
"182",11.25,"JV3_Rib",1.155,"Mouse_Pa","trial_1","ribose",1.05433333333333,0.0503631258406828
"183",11.25,"JV4_Rib",0.457,"Mouse_Pa","trial_1","ribose",0.464,0.0151327459504216
"184",11.25,"JV5_Rib",0.516,"Mouse_Pa","trial_1","ribose",0.464666666666667,0.0263080046965009
"185",11.5,"JV1_Rib",2.032,"Mouse_Pa","trial_1","ribose",2.02866666666667,0.00333333333333341
"186",11.5,"JV3_Rib",1.197,"Mouse_Pa","trial_1","ribose",1.08633333333333,0.0557653815353018
"187",11.5,"JV4_Rib",0.453,"Mouse_Pa","trial_1","ribose",0.464,0.0157162336455017
"188",11.5,"JV5_Rib",0.494,"Mouse_Pa","trial_1","ribose",0.435,0.0322335229225724
"189",11.75,"JV1_Rib",2.084,"Mouse_Pa","trial_1","ribose",2.06166666666667,0.0121974496423547
"190",11.75,"JV3_Rib",1.202,"Mouse_Pa","trial_1","ribose",1.09566666666667,0.0533427075095035
"191",11.75,"JV4_Rib",0.45,"Mouse_Pa","trial_1","ribose",0.470333333333333,0.022878908287863
"192",11.75,"JV5_Rib",0.455,"Mouse_Pa","trial_1","ribose",0.418,0.0263502055652956
"193",12,"JV1_Rib",2.134,"Mouse_Pa","trial_1","ribose",2.08866666666667,0.0232546291687865
"194",12,"JV3_Rib",1.229,"Mouse_Pa","trial_1","ribose",1.12066666666667,0.0561317893691069
"195",12,"JV4_Rib",0.459,"Mouse_Pa","trial_1","ribose",0.472333333333333,0.0212785755580062
"196",12,"JV5_Rib",0.441,"Mouse_Pa","trial_1","ribose",0.421333333333333,0.0140988573217044
"197",12.25,"JV1_Rib",2.134,"Mouse_Pa","trial_1","ribose",2.10833333333333,0.0132203546767013
"198",12.25,"JV3_Rib",1.23,"Mouse_Pa","trial_1","ribose",1.12166666666667,0.0542965110399472
"199",12.25,"JV4_Rib",0.452,"Mouse_Pa","trial_1","ribose",0.475333333333333,0.0258736244937667
"200",12.25,"JV5_Rib",0.466,"Mouse_Pa","trial_1","ribose",0.427666666666667,0.0222286101929723
"201",12.5,"JV1_Rib",2.147,"Mouse_Pa","trial_1","ribose",2.131,0.00832666399786443
"202",12.5,"JV3_Rib",1.255,"Mouse_Pa","trial_1","ribose",1.15533333333333,0.0513560555771609
"203",12.5,"JV4_Rib",0.454,"Mouse_Pa","trial_1","ribose",0.479333333333333,0.0299462481419255
"204",12.5,"JV5_Rib",0.447,"Mouse_Pa","trial_1","ribose",0.422666666666667,0.0161898459261079
"205",12.75,"JV1_Rib",2.202,"Mouse_Pa","trial_1","ribose",2.15933333333333,0.0214579692525748
"206",12.75,"JV3_Rib",1.258,"Mouse_Pa","trial_1","ribose",1.16166666666667,0.0490996718703677
"207",12.75,"JV4_Rib",0.45,"Mouse_Pa","trial_1","ribose",0.477333333333333,0.0308994786004194
"208",12.75,"JV5_Rib",0.466,"Mouse_Pa","trial_1","ribose",0.427666666666667,0.0219418423211098
"209",13,"JV1_Rib",2.199,"Mouse_Pa","trial_1","ribose",2.17166666666667,0.0168259059521652
"210",13,"JV3_Rib",1.274,"Mouse_Pa","trial_1","ribose",1.178,0.0493693562175297
"211",13,"JV4_Rib",0.449,"Mouse_Pa","trial_1","ribose",0.473,0.035028559776274
"212",13,"JV5_Rib",0.44,"Mouse_Pa","trial_1","ribose",0.417,0.0135769412362775
"213",13.25,"JV1_Rib",2.246,"Mouse_Pa","trial_1","ribose",2.2,0.0243789526709688
"214",13.25,"JV3_Rib",1.285,"Mouse_Pa","trial_1","ribose",1.194,0.0458293937700831
"215",13.25,"JV4_Rib",0.431,"Mouse_Pa","trial_1","ribose",0.476666666666667,0.0388772998605156
"216",13.25,"JV5_Rib",0.463,"Mouse_Pa","trial_1","ribose",0.430666666666667,0.0187646239267168
"217",13.5,"JV1_Rib",2.245,"Mouse_Pa","trial_1","ribose",2.20633333333333,0.0222286101929723
"218",13.5,"JV3_Rib",1.296,"Mouse_Pa","trial_1","ribose",1.20466666666667,0.0460301833341752
"219",13.5,"JV4_Rib",0.412,"Mouse_Pa","trial_1","ribose",0.464666666666667,0.0399346688702658
"220",13.5,"JV5_Rib",0.453,"Mouse_Pa","trial_1","ribose",0.429,0.013856406460551
"221",13.75,"JV1_Rib",2.269,"Mouse_Pa","trial_1","ribose",2.23233333333333,0.0195987527947855
"222",13.75,"JV3_Rib",1.269,"Mouse_Pa","trial_1","ribose",1.20266666666667,0.033167922924282
"223",13.75,"JV4_Rib",0.378,"Mouse_Pa","trial_1","ribose",0.468666666666667,0.0603499056429346
"224",13.75,"JV5_Rib",0.449,"Mouse_Pa","trial_1","ribose",0.432333333333333,0.00982061324177083
"225",14,"JV1_Rib",2.296,"Mouse_Pa","trial_1","ribose",2.25466666666667,0.0226372357951328
"226",14,"JV3_Rib",1.289,"Mouse_Pa","trial_1","ribose",1.202,0.0435239397726508
"227",14,"JV4_Rib",0.406,"Mouse_Pa","trial_1","ribose",0.463,0.0520800665642176
"228",14,"JV5_Rib",0.451,"Mouse_Pa","trial_1","ribose",0.43,0.0121243556529822
"229",14.25,"JV1_Rib",2.308,"Mouse_Pa","trial_1","ribose",2.26533333333333,0.0226151375066446
"230",14.25,"JV3_Rib",1.289,"Mouse_Pa","trial_1","ribose",1.211,0.0390042732701602
"231",14.25,"JV4_Rib",0.401,"Mouse_Pa","trial_1","ribose",0.484333333333333,0.0580469158908933
"232",14.25,"JV5_Rib",0.472,"Mouse_Pa","trial_1","ribose",0.455,0.0101159939369957
"233",14.5,"JV1_Rib",2.327,"Mouse_Pa","trial_1","ribose",2.28866666666667,0.0211528826509401
"234",14.5,"JV3_Rib",1.284,"Mouse_Pa","trial_1","ribose",1.202,0.0425949918808929
"235",14.5,"JV4_Rib",0.394,"Mouse_Pa","trial_1","ribose",0.461666666666667,0.0622477130325105
"236",14.5,"JV5_Rib",0.452,"Mouse_Pa","trial_1","ribose",0.425333333333333,0.0172658944486265
"237",14.75,"JV1_Rib",2.355,"Mouse_Pa","trial_1","ribose",2.303,0.0274043792120894
"238",14.75,"JV3_Rib",1.262,"Mouse_Pa","trial_1","ribose",1.2,0.0315330514434194
"239",14.75,"JV4_Rib",0.396,"Mouse_Pa","trial_1","ribose",0.469333333333333,0.0693717842097523
"240",14.75,"JV5_Rib",0.45,"Mouse_Pa","trial_1","ribose",0.419,0.019157244060668
"241",15,"JV1_Rib",2.365,"Mouse_Pa","trial_1","ribose",2.322,0.0223383079036887
"242",15,"JV3_Rib",1.235,"Mouse_Pa","trial_1","ribose",1.17233333333333,0.0317612622195306
"243",15,"JV4_Rib",0.384,"Mouse_Pa","trial_1","ribose",0.461666666666667,0.0727239835114784
"244",15,"JV5_Rib",0.475,"Mouse_Pa","trial_1","ribose",0.432,0.0267270150472015
"245",15.25,"JV1_Rib",2.384,"Mouse_Pa","trial_1","ribose",2.339,0.022722969289539
"246",15.25,"JV3_Rib",1.206,"Mouse_Pa","trial_1","ribose",1.14533333333333,0.0307751703668901
"247",15.25,"JV4_Rib",0.385,"Mouse_Pa","trial_1","ribose",0.470333333333333,0.0727216917050507
"248",15.25,"JV5_Rib",0.474,"Mouse_Pa","trial_1","ribose",0.438333333333333,0.0303333333333333
"249",15.5,"JV1_Rib",2.398,"Mouse_Pa","trial_1","ribose",2.35366666666667,0.0256926275633908
"250",15.5,"JV3_Rib",1.141,"Mouse_Pa","trial_1","ribose",1.134,0.0065064070986477
"251",15.5,"JV4_Rib",0.384,"Mouse_Pa","trial_1","ribose",0.469,0.0776208734813001
"252",15.5,"JV5_Rib",0.454,"Mouse_Pa","trial_1","ribose",0.434666666666667,0.0354087245997053
"253",15.75,"JV1_Rib",2.409,"Mouse_Pa","trial_1","ribose",2.36933333333333,0.02175877856049
"254",15.75,"JV3_Rib",1.089,"Mouse_Pa","trial_1","ribose",1.09433333333333,0.0112891294812508
"255",15.75,"JV4_Rib",0.377,"Mouse_Pa","trial_1","ribose",0.465666666666667,0.0827392154771713
"256",15.75,"JV5_Rib",0.458,"Mouse_Pa","trial_1","ribose",0.437,0.0425949918808929
"257",16,"JV1_Rib",2.427,"Mouse_Pa","trial_1","ribose",2.381,0.0247857485933617
"258",16,"JV3_Rib",0.998,"Mouse_Pa","trial_1","ribose",1.041,0.0240069434400411
"259",16,"JV4_Rib",0.384,"Mouse_Pa","trial_1","ribose",0.466333333333333,0.0843412381012067
"260",16,"JV5_Rib",0.471,"Mouse_Pa","trial_1","ribose",0.450666666666667,0.0441977877777208
"261",16.25,"JV1_Rib",2.444,"Mouse_Pa","trial_1","ribose",2.402,0.0216333076527839
"262",16.25,"JV3_Rib",0.899,"Mouse_Pa","trial_1","ribose",0.977333333333333,0.0450345546343151
"263",16.25,"JV4_Rib",0.394,"Mouse_Pa","trial_1","ribose",0.474333333333333,0.0889687835391967
"264",16.25,"JV5_Rib",0.48,"Mouse_Pa","trial_1","ribose",0.456333333333333,0.0513235921493334
"265",16.5,"JV1_Rib",2.455,"Mouse_Pa","trial_1","ribose",2.41333333333333,0.0222436008276038
"266",16.5,"JV3_Rib",0.777,"Mouse_Pa","trial_1","ribose",0.895333333333333,0.0664789022505971
"267",16.5,"JV4_Rib",0.39,"Mouse_Pa","trial_1","ribose",0.470666666666667,0.0862251574529022
"268",16.5,"JV5_Rib",0.463,"Mouse_Pa","trial_1","ribose",0.454666666666667,0.0518405675551922
"269",16.75,"JV1_Rib",2.481,"Mouse_Pa","trial_1","ribose",2.43533333333333,0.0232402906847378
"270",16.75,"JV3_Rib",0.733,"Mouse_Pa","trial_1","ribose",0.818666666666667,0.0675631391942217
"271",16.75,"JV4_Rib",0.393,"Mouse_Pa","trial_1","ribose",0.468333333333333,0.0844932607437487
"272",16.75,"JV5_Rib",0.482,"Mouse_Pa","trial_1","ribose",0.461666666666667,0.0583390473391917
"273",17,"JV1_Rib",2.492,"Mouse_Pa","trial_1","ribose",2.442,0.0257940561628708
"274",17,"JV3_Rib",0.604,"Mouse_Pa","trial_1","ribose",0.703333333333333,0.0815359498081129
"275",17,"JV4_Rib",0.402,"Mouse_Pa","trial_1","ribose",0.471666666666667,0.0861632816872194
"276",17,"JV5_Rib",0.472,"Mouse_Pa","trial_1","ribose",0.463,0.0581979381078059
"277",17.25,"JV1_Rib",2.506,"Mouse_Pa","trial_1","ribose",2.46733333333333,0.019341952101872
"278",17.25,"JV3_Rib",0.508,"Mouse_Pa","trial_1","ribose",0.612333333333333,0.0810767811672642
"279",17.25,"JV4_Rib",0.392,"Mouse_Pa","trial_1","ribose",0.465,0.0868504461704141
"280",17.25,"JV5_Rib",0.489,"Mouse_Pa","trial_1","ribose",0.472,0.0609289203361863
"281",17.5,"JV1_Rib",2.516,"Mouse_Pa","trial_1","ribose",2.47833333333333,0.0193247107208477
"282",17.5,"JV3_Rib",0.541,"Mouse_Pa","trial_1","ribose",0.612,0.0598693020949245
"283",17.5,"JV4_Rib",0.395,"Mouse_Pa","trial_1","ribose",0.462333333333333,0.0827875460306548
"284",17.5,"JV5_Rib",0.472,"Mouse_Pa","trial_1","ribose",0.464333333333333,0.0621834204412863
"285",17.75,"JV1_Rib",2.538,"Mouse_Pa","trial_1","ribose",2.49533333333333,0.0218276073916597
"286",17.75,"JV3_Rib",0.51,"Mouse_Pa","trial_1","ribose",0.521333333333333,0.0133832399332565
"287",17.75,"JV4_Rib",0.397,"Mouse_Pa","trial_1","ribose",0.465,0.0839781717670332
"288",17.75,"JV5_Rib",0.478,"Mouse_Pa","trial_1","ribose",0.467666666666667,0.0605539245448037
"289",18,"JV1_Rib",2.557,"Mouse_Pa","trial_1","ribose",2.51366666666667,0.0224227067451228
"290",18,"JV3_Rib",0.503,"Mouse_Pa","trial_1","ribose",0.5,0.0170977581376429
"291",18,"JV4_Rib",0.401,"Mouse_Pa","trial_1","ribose",0.464333333333333,0.0793396356040143
"292",18,"JV5_Rib",0.473,"Mouse_Pa","trial_1","ribose",0.468,0.0626923706150384
"293",18.25,"JV1_Rib",2.578,"Mouse_Pa","trial_1","ribose",2.529,0.0247857485933616
"294",18.25,"JV3_Rib",0.486,"Mouse_Pa","trial_1","ribose",0.491666666666667,0.0149925907626994
"295",18.25,"JV4_Rib",0.404,"Mouse_Pa","trial_1","ribose",0.467666666666667,0.0796708506572162
"296",18.25,"JV5_Rib",0.491,"Mouse_Pa","trial_1","ribose",0.476666666666667,0.062477551524083
"297",18.5,"JV1_Rib",2.598,"Mouse_Pa","trial_1","ribose",2.538,0.0300055550412475
"298",18.5,"JV3_Rib",0.502,"Mouse_Pa","trial_1","ribose",0.505,0.0159478316185409
"299",18.5,"JV4_Rib",0.398,"Mouse_Pa","trial_1","ribose",0.473333333333333,0.0824324639393432
"300",18.5,"JV5_Rib",0.49,"Mouse_Pa","trial_1","ribose",0.480666666666667,0.0613767961945808
"301",18.75,"JV1_Rib",2.623,"Mouse_Pa","trial_1","ribose",2.564,0.0300055550412476
"302",18.75,"JV3_Rib",0.518,"Mouse_Pa","trial_1","ribose",0.503,0.0160104132780305
"303",18.75,"JV4_Rib",0.406,"Mouse_Pa","trial_1","ribose",0.473666666666667,0.0847040599840278
"304",18.75,"JV5_Rib",0.479,"Mouse_Pa","trial_1","ribose",0.476666666666667,0.0638078713361012
"305",19,"JV1_Rib",2.648,"Mouse_Pa","trial_1","ribose",2.58166666666667,0.0333183299568138
"306",19,"JV3_Rib",0.518,"Mouse_Pa","trial_1","ribose",0.502666666666667,0.00775313556640868
"307",19,"JV4_Rib",0.404,"Mouse_Pa","trial_1","ribose",0.478333333333333,0.0871327212424306
"308",19,"JV5_Rib",0.5,"Mouse_Pa","trial_1","ribose",0.487666666666667,0.0617962602248532
"309",19.25,"JV1_Rib",2.657,"Mouse_Pa","trial_1","ribose",2.58966666666667,0.0337902023932645
"310",19.25,"JV3_Rib",0.519,"Mouse_Pa","trial_1","ribose",0.512333333333333,0.00821245666316995
"311",19.25,"JV4_Rib",0.414,"Mouse_Pa","trial_1","ribose",0.482666666666667,0.0814868769257425
"312",19.25,"JV5_Rib",0.518,"Mouse_Pa","trial_1","ribose",0.494666666666667,0.0617341972581738
"313",19.5,"JV1_Rib",2.673,"Mouse_Pa","trial_1","ribose",2.61666666666667,0.0289386323872509
"314",19.5,"JV3_Rib",0.504,"Mouse_Pa","trial_1","ribose",0.499333333333333,0.00466666666666667
"315",19.5,"JV4_Rib",0.42,"Mouse_Pa","trial_1","ribose",0.488666666666667,0.0841136796907085
"316",19.5,"JV5_Rib",0.503,"Mouse_Pa","trial_1","ribose",0.486666666666667,0.0608833128022595
"317",19.75,"JV1_Rib",2.68,"Mouse_Pa","trial_1","ribose",2.63066666666667,0.0250953736329584
"318",19.75,"JV3_Rib",0.52,"Mouse_Pa","trial_1","ribose",0.51,0.00680685928555405
"319",19.75,"JV4_Rib",0.436,"Mouse_Pa","trial_1","ribose",0.492,0.0828190799272728
"320",19.75,"JV5_Rib",0.496,"Mouse_Pa","trial_1","ribose",0.485666666666667,0.0611291892452188
"321",20,"JV1_Rib",2.699,"Mouse_Pa","trial_1","ribose",2.649,0.0253245598842968
"322",20,"JV3_Rib",0.504,"Mouse_Pa","trial_1","ribose",0.502,0.00700000000000001
"323",20,"JV4_Rib",0.428,"Mouse_Pa","trial_1","ribose",0.487,0.0803761987987323
"324",20,"JV5_Rib",0.521,"Mouse_Pa","trial_1","ribose",0.494,0.0623885673287449
"325",20.25,"JV1_Rib",2.711,"Mouse_Pa","trial_1","ribose",2.668,0.0218250620464944
"326",20.25,"JV3_Rib",0.509,"Mouse_Pa","trial_1","ribose",0.505666666666667,0.00384418753155694
"327",20.25,"JV4_Rib",0.429,"Mouse_Pa","trial_1","ribose",0.497666666666667,0.0894153852036165
"328",20.25,"JV5_Rib",0.51,"Mouse_Pa","trial_1","ribose",0.492666666666667,0.061809743927996
"329",20.5,"JV1_Rib",2.722,"Mouse_Pa","trial_1","ribose",2.67833333333333,0.0220630409911639
"330",20.5,"JV3_Rib",0.53,"Mouse_Pa","trial_1","ribose",0.51,0.0100664459136943
"331",20.5,"JV4_Rib",0.431,"Mouse_Pa","trial_1","ribose",0.497,0.0889119414552024
"332",20.5,"JV5_Rib",0.516,"Mouse_Pa","trial_1","ribose",0.495,0.0635164020811423
"333",20.75,"JV1_Rib",2.727,"Mouse_Pa","trial_1","ribose",2.69133333333333,0.0181138375589246
"334",20.75,"JV3_Rib",0.543,"Mouse_Pa","trial_1","ribose",0.519666666666667,0.0127714960404454
"335",20.75,"JV4_Rib",0.441,"Mouse_Pa","trial_1","ribose",0.502666666666667,0.0884012317661795
"336",20.75,"JV5_Rib",0.509,"Mouse_Pa","trial_1","ribose",0.493,0.0611473629848418
"337",21,"JV1_Rib",2.743,"Mouse_Pa","trial_1","ribose",2.706,0.0187705443004014
"338",21,"JV3_Rib",0.545,"Mouse_Pa","trial_1","ribose",0.524666666666667,0.0112891294812507
"339",21,"JV4_Rib",0.434,"Mouse_Pa","trial_1","ribose",0.506,0.0953886785735079
"340",21,"JV5_Rib",0.53,"Mouse_Pa","trial_1","ribose",0.496,0.0629603049547888
"341",21.25,"JV1_Rib",2.757,"Mouse_Pa","trial_1","ribose",2.71966666666667,0.0188089813062212
"342",21.25,"JV3_Rib",0.539,"Mouse_Pa","trial_1","ribose",0.514,0.0138924439894498
"343",21.25,"JV4_Rib",0.433,"Mouse_Pa","trial_1","ribose",0.514,0.103248890228096
"344",21.25,"JV5_Rib",0.529,"Mouse_Pa","trial_1","ribose",0.498,0.0634113554499508
"345",21.5,"JV1_Rib",2.769,"Mouse_Pa","trial_1","ribose",2.731,0.0195533458347499
"346",21.5,"JV3_Rib",0.541,"Mouse_Pa","trial_1","ribose",0.515666666666667,0.0134824989441045
"347",21.5,"JV4_Rib",0.431,"Mouse_Pa","trial_1","ribose",0.516,0.10089763789769
"348",21.5,"JV5_Rib",0.515,"Mouse_Pa","trial_1","ribose",0.495,0.0585946527708231
"349",21.75,"JV1_Rib",2.775,"Mouse_Pa","trial_1","ribose",2.741,0.017616280348965
"350",21.75,"JV3_Rib",0.546,"Mouse_Pa","trial_1","ribose",0.518,0.0149331845230681
"351",21.75,"JV4_Rib",0.43,"Mouse_Pa","trial_1","ribose",0.517,0.100801785698469
"352",21.75,"JV5_Rib",0.527,"Mouse_Pa","trial_1","ribose",0.499,0.0599694366601299
"353",22,"JV1_Rib",2.792,"Mouse_Pa","trial_1","ribose",2.753,0.0196723155729059
"354",22,"JV3_Rib",0.55,"Mouse_Pa","trial_1","ribose",0.521666666666667,0.0148136573621927
"355",22,"JV4_Rib",0.429,"Mouse_Pa","trial_1","ribose",0.53,0.116322826650662
"356",22,"JV5_Rib",0.526,"Mouse_Pa","trial_1","ribose",0.498666666666667,0.0610173017357463
"357",22.25,"JV1_Rib",2.8,"Mouse_Pa","trial_1","ribose",2.76233333333333,0.0188532343231723
"358",22.25,"JV3_Rib",0.526,"Mouse_Pa","trial_1","ribose",0.510666666666667,0.0111405166447123
"359",22.25,"JV4_Rib",0.446,"Mouse_Pa","trial_1","ribose",0.537666666666667,0.110683231691968
"360",22.25,"JV5_Rib",0.521,"Mouse_Pa","trial_1","ribose",0.496,0.0570993286592175
"361",22.5,"JV1_Rib",2.818,"Mouse_Pa","trial_1","ribose",2.77366666666667,0.0221835775092998
"362",22.5,"JV3_Rib",0.549,"Mouse_Pa","trial_1","ribose",0.530333333333333,0.0116237305161085
"363",22.5,"JV4_Rib",0.432,"Mouse_Pa","trial_1","ribose",0.537333333333333,0.113427411932821
"364",22.5,"JV5_Rib",0.532,"Mouse_Pa","trial_1","ribose",0.501,0.0572741943054054
"365",22.75,"JV1_Rib",2.822,"Mouse_Pa","trial_1","ribose",2.782,0.0200333056017557
"366",22.75,"JV3_Rib",0.538,"Mouse_Pa","trial_1","ribose",0.519666666666667,0.0132203546767013
"367",22.75,"JV4_Rib",0.443,"Mouse_Pa","trial_1","ribose",0.553,0.117069779761189
"368",22.75,"JV5_Rib",0.537,"Mouse_Pa","trial_1","ribose",0.504333333333333,0.053917632654922
"369",23,"JV1_Rib",2.833,"Mouse_Pa","trial_1","ribose",2.79133333333333,0.0209311039152529
"370",23,"JV3_Rib",0.548,"Mouse_Pa","trial_1","ribose",0.532,0.013114877048604
"371",23,"JV4_Rib",0.45,"Mouse_Pa","trial_1","ribose",0.563666666666667,0.124828326557361
"372",23,"JV5_Rib",0.528,"Mouse_Pa","trial_1","ribose",0.503333333333333,0.0567812566883748
"373",23.25,"JV1_Rib",2.845,"Mouse_Pa","trial_1","ribose",2.80066666666667,0.0221835775092999
"374",23.25,"JV3_Rib",0.549,"Mouse_Pa","trial_1","ribose",0.529333333333333,0.0107445076408575
"375",23.25,"JV4_Rib",0.451,"Mouse_Pa","trial_1","ribose",0.571,0.131153853673208
"376",23.25,"JV5_Rib",0.526,"Mouse_Pa","trial_1","ribose",0.501666666666667,0.0542104950888458
"377",23.5,"JV1_Rib",2.853,"Mouse_Pa","trial_1","ribose",2.805,0.0243378991150292
"378",23.5,"JV3_Rib",0.561,"Mouse_Pa","trial_1","ribose",0.532333333333333,0.0147459975737298
"379",23.5,"JV4_Rib",0.451,"Mouse_Pa","trial_1","ribose",0.576666666666667,0.133746443358734
"380",23.5,"JV5_Rib",0.539,"Mouse_Pa","trial_1","ribose",0.505,0.0552207690396768
"381",23.75,"JV1_Rib",2.867,"Mouse_Pa","trial_1","ribose",2.821,0.0231156512634477
"382",23.75,"JV3_Rib",0.558,"Mouse_Pa","trial_1","ribose",0.540666666666667,0.0130936795609349
"383",23.75,"JV4_Rib",0.442,"Mouse_Pa","trial_1","ribose",0.583666666666667,0.1421669597496
"384",23.75,"JV5_Rib",0.55,"Mouse_Pa","trial_1","ribose",0.511666666666667,0.0513430726691645
"385",24,"JV1_Rib",2.885,"Mouse_Pa","trial_1","ribose",2.834,0.0255799400572661
"386",24,"JV3_Rib",0.551,"Mouse_Pa","trial_1","ribose",0.533666666666667,0.0122519839663261
"387",24,"JV4_Rib",0.445,"Mouse_Pa","trial_1","ribose",0.592666666666667,0.149169180611963
"388",24,"JV5_Rib",0.538,"Mouse_Pa","trial_1","ribose",0.507333333333333,0.0514144380932481
"389",0,"JV1_Rib",0.004,"Mouse_Pa","trial_2","ribose",0.007,0.00458257569495584
"390",0,"JV3_Rib",-0.004,"Mouse_Pa","trial_2","ribose",-0.00166666666666667,0.00392994204085053
"391",0,"JV4_Rib",-0.004,"Mouse_Pa","trial_2","ribose",-0.00466666666666667,0.00176383420737639
"392",0,"JV5_Rib",0.001,"Mouse_Pa","trial_2","ribose",-0.00166666666666667,0.00266666666666667
"393",0.25,"JV1_Rib",0.004,"Mouse_Pa","trial_2","ribose",0.00466666666666667,0.00348010216963685
"394",0.25,"JV3_Rib",-0.004,"Mouse_Pa","trial_2","ribose",-0.002,0.00360555127546399
"395",0.25,"JV4_Rib",-0.005,"Mouse_Pa","trial_2","ribose",-0.00433333333333333,0.00233333333333333
"396",0.25,"JV5_Rib",-0.001,"Mouse_Pa","trial_2","ribose",-0.002,0.00264575131106459
"397",0.5,"JV1_Rib",0,"Mouse_Pa","trial_2","ribose",0.00533333333333333,0.00635959467611297
"398",0.5,"JV3_Rib",-0.014,"Mouse_Pa","trial_2","ribose",-0.00133333333333333,0.00938675189355248
"399",0.5,"JV4_Rib",-0.008,"Mouse_Pa","trial_2","ribose",-0.00233333333333333,0.00617341972581738
"400",0.5,"JV5_Rib",-0.01,"Mouse_Pa","trial_2","ribose",-0.00166666666666667,0.00643773597194266
"401",0.75,"JV1_Rib",0,"Mouse_Pa","trial_2","ribose",0.00733333333333333,0.00835330939076111
"402",0.75,"JV3_Rib",-0.008,"Mouse_Pa","trial_2","ribose",0.001,0.009
"403",0.75,"JV4_Rib",-0.006,"Mouse_Pa","trial_2","ribose",-0.000333333333333334,0.00669161996662824
"404",0.75,"JV5_Rib",-0.004,"Mouse_Pa","trial_2","ribose",0.001,0.006557438524302
"405",1,"JV1_Rib",0.003,"Mouse_Pa","trial_2","ribose",0.0106666666666667,0.00817176711475417
"406",1,"JV3_Rib",-0.008,"Mouse_Pa","trial_2","ribose",0.00133333333333333,0.00883804905570857
"407",1,"JV4_Rib",-0.006,"Mouse_Pa","trial_2","ribose",-0.000333333333333334,0.00669161996662824
"408",1,"JV5_Rib",-0.002,"Mouse_Pa","trial_2","ribose",0.00133333333333333,0.0065659052011974
"409",1.25,"JV1_Rib",0.009,"Mouse_Pa","trial_2","ribose",0.0156666666666667,0.008743251365736
"410",1.25,"JV3_Rib",-0.008,"Mouse_Pa","trial_2","ribose",0.001,0.009
"411",1.25,"JV4_Rib",-0.006,"Mouse_Pa","trial_2","ribose",0.000333333333333333,0.00633333333333333
"412",1.25,"JV5_Rib",-0.002,"Mouse_Pa","trial_2","ribose",0.00133333333333333,0.0065659052011974
"413",1.5,"JV1_Rib",0.02,"Mouse_Pa","trial_2","ribose",0.0263333333333333,0.0105882534495124
"414",1.5,"JV3_Rib",-0.007,"Mouse_Pa","trial_2","ribose",0.002,0.009
"415",1.5,"JV4_Rib",-0.005,"Mouse_Pa","trial_2","ribose",0.000333333333333333,0.00584047182264508
"416",1.5,"JV5_Rib",0,"Mouse_Pa","trial_2","ribose",0.00166666666666667,0.00726483157256779
"417",1.75,"JV1_Rib",0.034,"Mouse_Pa","trial_2","ribose",0.0393333333333333,0.0112891294812507
"418",1.75,"JV3_Rib",-0.007,"Mouse_Pa","trial_2","ribose",0.00266666666666667,0.00775313556640867
"419",1.75,"JV4_Rib",-0.005,"Mouse_Pa","trial_2","ribose",0.00166666666666667,0.00523874454850057
"420",1.75,"JV5_Rib",0,"Mouse_Pa","trial_2","ribose",0.00166666666666667,0.00669161996662824
"421",2,"JV1_Rib",0.05,"Mouse_Pa","trial_2","ribose",0.056,0.0141774468787578
"422",2,"JV3_Rib",-0.005,"Mouse_Pa","trial_2","ribose",0.00366666666666667,0.00817176711475417
"423",2,"JV4_Rib",-0.004,"Mouse_Pa","trial_2","ribose",0.00266666666666667,0.00480740170061865
"424",2,"JV5_Rib",0.003,"Mouse_Pa","trial_2","ribose",0.00366666666666667,0.00693621734889494
"425",2.25,"JV1_Rib",0.078,"Mouse_Pa","trial_2","ribose",0.0803333333333333,0.0159199385816794
"426",2.25,"JV3_Rib",-0.006,"Mouse_Pa","trial_2","ribose",0.004,0.00763762615825973
"427",2.25,"JV4_Rib",-0.003,"Mouse_Pa","trial_2","ribose",0.003,0.00503322295684717
"428",2.25,"JV5_Rib",0.002,"Mouse_Pa","trial_2","ribose",0.00433333333333333,0.00617341972581738
"429",2.5,"JV1_Rib",0.106,"Mouse_Pa","trial_2","ribose",0.107333333333333,0.0156027063179579
"430",2.5,"JV3_Rib",-0.004,"Mouse_Pa","trial_2","ribose",0.00466666666666667,0.00768837506311386
"431",2.5,"JV4_Rib",-0.002,"Mouse_Pa","trial_2","ribose",0.004,0.0055075705472861
"432",2.5,"JV5_Rib",0.004,"Mouse_Pa","trial_2","ribose",0.00666666666666667,0.00536449231314369
"433",2.75,"JV1_Rib",0.133,"Mouse_Pa","trial_2","ribose",0.133333333333333,0.0147233752169052
"434",2.75,"JV3_Rib",-0.004,"Mouse_Pa","trial_2","ribose",0.006,0.00763762615825973
"435",2.75,"JV4_Rib",-0.001,"Mouse_Pa","trial_2","ribose",0.00533333333333333,0.00448454134902457
"436",2.75,"JV5_Rib",0.005,"Mouse_Pa","trial_2","ribose",0.008,0.00513160143944688
"437",3,"JV1_Rib",0.161,"Mouse_Pa","trial_2","ribose",0.161666666666667,0.0155920207513687
"438",3,"JV3_Rib",-0.004,"Mouse_Pa","trial_2","ribose",0.00866666666666667,0.0075129517797231
"439",3,"JV4_Rib",0.001,"Mouse_Pa","trial_2","ribose",0.00666666666666667,0.0047022453265553
"440",3,"JV5_Rib",0.007,"Mouse_Pa","trial_2","ribose",0.00933333333333333,0.00504424865014052
"441",3.25,"JV1_Rib",0.192,"Mouse_Pa","trial_2","ribose",0.193,0.0176162803489651
"442",3.25,"JV3_Rib",-0.003,"Mouse_Pa","trial_2","ribose",0.0106666666666667,0.00753510303697154
"443",3.25,"JV4_Rib",0.002,"Mouse_Pa","trial_2","ribose",0.01,0.00416333199893227
"444",3.25,"JV5_Rib",0.008,"Mouse_Pa","trial_2","ribose",0.0133333333333333,0.00392994204085053
"445",3.5,"JV1_Rib",0.231,"Mouse_Pa","trial_2","ribose",0.229,0.0202319878739914
"446",3.5,"JV3_Rib",-0.001,"Mouse_Pa","trial_2","ribose",0.0136666666666667,0.00768837506311386
"447",3.5,"JV4_Rib",0.005,"Mouse_Pa","trial_2","ribose",0.0133333333333333,0.00425571511160123
"448",3.5,"JV5_Rib",0.012,"Mouse_Pa","trial_2","ribose",0.016,0.00305505046330389
"449",3.75,"JV1_Rib",0.27,"Mouse_Pa","trial_2","ribose",0.267333333333333,0.023708882536111
"450",3.75,"JV3_Rib",0.001,"Mouse_Pa","trial_2","ribose",0.018,0.00850490054811538
"451",3.75,"JV4_Rib",0.006,"Mouse_Pa","trial_2","ribose",0.0163333333333333,0.00523874454850057
"452",3.75,"JV5_Rib",0.016,"Mouse_Pa","trial_2","ribose",0.02,0.00208166599946613
"453",4,"JV1_Rib",0.319,"Mouse_Pa","trial_2","ribose",0.310666666666667,0.0300240644224669
"454",4,"JV3_Rib",0.006,"Mouse_Pa","trial_2","ribose",0.0316666666666667,0.0150148075060736
"455",4,"JV4_Rib",0.009,"Mouse_Pa","trial_2","ribose",0.0196666666666667,0.00536449231314369
"456",4,"JV5_Rib",0.021,"Mouse_Pa","trial_2","ribose",0.0256666666666667,0.00240370085030933
"457",4.25,"JV1_Rib",0.384,"Mouse_Pa","trial_2","ribose",0.378666666666667,0.0479942126140688
"458",4.25,"JV3_Rib",0.017,"Mouse_Pa","trial_2","ribose",0.0676666666666667,0.0406215596833887
"459",4.25,"JV4_Rib",0.015,"Mouse_Pa","trial_2","ribose",0.027,0.0062449979983984
"460",4.25,"JV5_Rib",0.026,"Mouse_Pa","trial_2","ribose",0.0326666666666667,0.00352766841475279
"461",4.5,"JV1_Rib",0.475,"Mouse_Pa","trial_2","ribose",0.459666666666667,0.0593866801377024
"462",4.5,"JV3_Rib",0.029,"Mouse_Pa","trial_2","ribose",0.092,0.0575876144091187
"463",4.5,"JV4_Rib",0.021,"Mouse_Pa","trial_2","ribose",0.0353333333333333,0.00837323779138698
"464",4.5,"JV5_Rib",0.031,"Mouse_Pa","trial_2","ribose",0.0406666666666667,0.00648930744464393
"465",4.75,"JV1_Rib",0.561,"Mouse_Pa","trial_2","ribose",0.526333333333333,0.0714173959511578
"466",4.75,"JV3_Rib",0.03,"Mouse_Pa","trial_2","ribose",0.127,0.0876717362285779
"467",4.75,"JV4_Rib",0.032,"Mouse_Pa","trial_2","ribose",0.0453333333333333,0.0096148034012373
"468",4.75,"JV5_Rib",0.04,"Mouse_Pa","trial_2","ribose",0.056,0.014525839046334
"469",5,"JV1_Rib",0.652,"Mouse_Pa","trial_2","ribose",0.605333333333333,0.0709209262332196
"470",5,"JV3_Rib",0.049,"Mouse_Pa","trial_2","ribose",0.156333333333333,0.101392526570968
"471",5,"JV4_Rib",0.034,"Mouse_Pa","trial_2","ribose",0.0576666666666667,0.0171496679592087
"472",5,"JV5_Rib",0.053,"Mouse_Pa","trial_2","ribose",0.0926666666666667,0.0416826635958457
"473",5.25,"JV1_Rib",0.739,"Mouse_Pa","trial_2","ribose",0.688,0.069778220097678
"474",5.25,"JV3_Rib",0.126,"Mouse_Pa","trial_2","ribose",0.192333333333333,0.0892418685993918
"475",5.25,"JV4_Rib",0.041,"Mouse_Pa","trial_2","ribose",0.103333333333333,0.0554807273844811
"476",5.25,"JV5_Rib",0.067,"Mouse_Pa","trial_2","ribose",0.124,0.0605337371499012
"477",5.5,"JV1_Rib",0.817,"Mouse_Pa","trial_2","ribose",0.766333333333333,0.071064133788509
"478",5.5,"JV3_Rib",0.178,"Mouse_Pa","trial_2","ribose",0.256333333333333,0.0953106033508923
"479",5.5,"JV4_Rib",0.053,"Mouse_Pa","trial_2","ribose",0.139333333333333,0.0784693853961177
"480",5.5,"JV5_Rib",0.077,"Mouse_Pa","trial_2","ribose",0.147666666666667,0.071167252144352
"481",5.75,"JV1_Rib",0.89,"Mouse_Pa","trial_2","ribose",0.844,0.0659191423892433
"482",5.75,"JV3_Rib",0.301,"Mouse_Pa","trial_2","ribose",0.317666666666667,0.0737955132631909
"483",5.75,"JV4_Rib",0.066,"Mouse_Pa","trial_2","ribose",0.158,0.0831624915451672
"484",5.75,"JV5_Rib",0.099,"Mouse_Pa","trial_2","ribose",0.149333333333333,0.0543823909408592
"485",6,"JV1_Rib",0.964,"Mouse_Pa","trial_2","ribose",0.919666666666667,0.064276313245584
"486",6,"JV3_Rib",0.361,"Mouse_Pa","trial_2","ribose",0.373666666666667,0.0546392207525368
"487",6,"JV4_Rib",0.095,"Mouse_Pa","trial_2","ribose",0.183666666666667,0.0803167341080162
"488",6,"JV5_Rib",0.177,"Mouse_Pa","trial_2","ribose",0.192333333333333,0.0553815051358403
"489",6.25,"JV1_Rib",1.033,"Mouse_Pa","trial_2","ribose",0.989666666666667,0.0525906624580617
"490",6.25,"JV3_Rib",0.399,"Mouse_Pa","trial_2","ribose",0.412,0.0566656862660288
"491",6.25,"JV4_Rib",0.151,"Mouse_Pa","trial_2","ribose",0.221,0.0593408234972631
"492",6.25,"JV5_Rib",0.262,"Mouse_Pa","trial_2","ribose",0.24,0.0480416485978573
"493",6.5,"JV1_Rib",1.113,"Mouse_Pa","trial_2","ribose",1.07,0.0522589705218157
"494",6.5,"JV3_Rib",0.398,"Mouse_Pa","trial_2","ribose",0.415666666666667,0.0552700441267942
"495",6.5,"JV4_Rib",0.247,"Mouse_Pa","trial_2","ribose",0.269333333333333,0.0253924748257782
"496",6.5,"JV5_Rib",0.292,"Mouse_Pa","trial_2","ribose",0.287333333333333,0.0329915814177563
"497",6.75,"JV1_Rib",1.184,"Mouse_Pa","trial_2","ribose",1.144,0.052459508194416
"498",6.75,"JV3_Rib",0.388,"Mouse_Pa","trial_2","ribose",0.451,0.0528488410468953
"499",6.75,"JV4_Rib",0.305,"Mouse_Pa","trial_2","ribose",0.296,0.0066583281184794
"500",6.75,"JV5_Rib",0.322,"Mouse_Pa","trial_2","ribose",0.316,0.030171730698343
"501",7,"JV1_Rib",1.257,"Mouse_Pa","trial_2","ribose",1.22,0.0500233278914281
"502",7,"JV3_Rib",0.459,"Mouse_Pa","trial_2","ribose",0.492333333333333,0.0534706565427348
"503",7,"JV4_Rib",0.325,"Mouse_Pa","trial_2","ribose",0.314666666666667,0.0145181878269217
"504",7,"JV5_Rib",0.342,"Mouse_Pa","trial_2","ribose",0.337333333333333,0.0318398771633588
"505",7.25,"JV1_Rib",1.318,"Mouse_Pa","trial_2","ribose",1.29566666666667,0.0523014765034836
"506",7.25,"JV3_Rib",0.52,"Mouse_Pa","trial_2","ribose",0.529666666666667,0.0518984050279432
"507",7.25,"JV4_Rib",0.337,"Mouse_Pa","trial_2","ribose",0.336333333333333,0.00751295177972309
"508",7.25,"JV5_Rib",0.351,"Mouse_Pa","trial_2","ribose",0.358,0.0305122926047847
"509",7.5,"JV1_Rib",1.393,"Mouse_Pa","trial_2","ribose",1.36933333333333,0.0524478577043694
"510",7.5,"JV3_Rib",0.505,"Mouse_Pa","trial_2","ribose",0.561,0.0600444279957211
"511",7.5,"JV4_Rib",0.392,"Mouse_Pa","trial_2","ribose",0.358,0.0277548794508882
"512",7.5,"JV5_Rib",0.294,"Mouse_Pa","trial_2","ribose",0.336666666666667,0.0561703757430117
"513",7.75,"JV1_Rib",1.457,"Mouse_Pa","trial_2","ribose",1.43633333333333,0.0456411120713673
"514",7.75,"JV3_Rib",0.539,"Mouse_Pa","trial_2","ribose",0.581,0.0512640224719052
"515",7.75,"JV4_Rib",0.387,"Mouse_Pa","trial_2","ribose",0.375,0.0177857620959388
"516",7.75,"JV5_Rib",0.303,"Mouse_Pa","trial_2","ribose",0.369666666666667,0.057429183444579
"517",8,"JV1_Rib",1.505,"Mouse_Pa","trial_2","ribose",1.494,0.0382143079661706
"518",8,"JV3_Rib",0.578,"Mouse_Pa","trial_2","ribose",0.634333333333333,0.0686836548564827
"519",8,"JV4_Rib",0.341,"Mouse_Pa","trial_2","ribose",0.350333333333333,0.0326666666666667
"520",8,"JV5_Rib",0.321,"Mouse_Pa","trial_2","ribose",0.384,0.0635006561645888
"521",8.25,"JV1_Rib",1.553,"Mouse_Pa","trial_2","ribose",1.552,0.0332014055927356
"522",8.25,"JV3_Rib",0.566,"Mouse_Pa","trial_2","ribose",0.635,0.0735459040327876
"523",8.25,"JV4_Rib",0.329,"Mouse_Pa","trial_2","ribose",0.357333333333333,0.0308670986290869
"524",8.25,"JV5_Rib",0.342,"Mouse_Pa","trial_2","ribose",0.403,0.0546290520998977
"525",8.5,"JV1_Rib",1.606,"Mouse_Pa","trial_2","ribose",1.60233333333333,0.0263333333333333
"526",8.5,"JV3_Rib",0.651,"Mouse_Pa","trial_2","ribose",0.709,0.0595063021872473
"527",8.5,"JV4_Rib",0.338,"Mouse_Pa","trial_2","ribose",0.365666666666667,0.0271682003657053
"528",8.5,"JV5_Rib",0.381,"Mouse_Pa","trial_2","ribose",0.415333333333333,0.0299462481419255
"529",8.75,"JV1_Rib",1.654,"Mouse_Pa","trial_2","ribose",1.65166666666667,0.0234117729168705
"530",8.75,"JV3_Rib",0.687,"Mouse_Pa","trial_2","ribose",0.739333333333333,0.0716341011281948
"531",8.75,"JV4_Rib",0.369,"Mouse_Pa","trial_2","ribose",0.382,0.0150443787951957
"532",8.75,"JV5_Rib",0.413,"Mouse_Pa","trial_2","ribose",0.437,0.0201328918273887
"533",9,"JV1_Rib",1.702,"Mouse_Pa","trial_2","ribose",1.699,0.0170977581376429
"534",9,"JV3_Rib",0.723,"Mouse_Pa","trial_2","ribose",0.781666666666667,0.0663082029448678
"535",9,"JV4_Rib",0.395,"Mouse_Pa","trial_2","ribose",0.397333333333333,0.0130426650310092
"536",9,"JV5_Rib",0.424,"Mouse_Pa","trial_2","ribose",0.462333333333333,0.0216666666666667
"537",9.25,"JV1_Rib",1.739,"Mouse_Pa","trial_2","ribose",1.73633333333333,0.0139204086785474
"538",9.25,"JV3_Rib",0.776,"Mouse_Pa","trial_2","ribose",0.812,0.0654548190229973
"539",9.25,"JV4_Rib",0.409,"Mouse_Pa","trial_2","ribose",0.412333333333333,0.0110955446513955
"540",9.25,"JV5_Rib",0.416,"Mouse_Pa","trial_2","ribose",0.460666666666667,0.0279125618872778
"541",9.5,"JV1_Rib",1.772,"Mouse_Pa","trial_2","ribose",1.774,0.0127410099024109
"542",9.5,"JV3_Rib",0.799,"Mouse_Pa","trial_2","ribose",0.844333333333333,0.054581234056323
"543",9.5,"JV4_Rib",0.412,"Mouse_Pa","trial_2","ribose",0.429,0.00873689494805411
"544",9.5,"JV5_Rib",0.385,"Mouse_Pa","trial_2","ribose",0.445,0.0404516171905813
"545",9.75,"JV1_Rib",1.821,"Mouse_Pa","trial_2","ribose",1.82266666666667,0.00898764584180849
"546",9.75,"JV3_Rib",0.828,"Mouse_Pa","trial_2","ribose",0.891666666666667,0.0702669512960712
"547",9.75,"JV4_Rib",0.4,"Mouse_Pa","trial_2","ribose",0.428666666666667,0.015452435981999
"548",9.75,"JV5_Rib",0.382,"Mouse_Pa","trial_2","ribose",0.441,0.0431315816233689
"549",10,"JV1_Rib",1.856,"Mouse_Pa","trial_2","ribose",1.85733333333333,0.00983756970891581
"550",10,"JV3_Rib",0.886,"Mouse_Pa","trial_2","ribose",0.921666666666667,0.0519433452052437
"551",10,"JV4_Rib",0.398,"Mouse_Pa","trial_2","ribose",0.424666666666667,0.0158989866902824
"552",10,"JV5_Rib",0.393,"Mouse_Pa","trial_2","ribose",0.445666666666667,0.0444384718209096
"553",10.25,"JV1_Rib",1.88,"Mouse_Pa","trial_2","ribose",1.89066666666667,0.00606446846622012
"554",10.25,"JV3_Rib",0.919,"Mouse_Pa","trial_2","ribose",0.958333333333333,0.0631831552797984
"555",10.25,"JV4_Rib",0.414,"Mouse_Pa","trial_2","ribose",0.437333333333333,0.0130170827931778
"556",10.25,"JV5_Rib",0.41,"Mouse_Pa","trial_2","ribose",0.455333333333333,0.0433487152186903
"557",10.5,"JV1_Rib",1.913,"Mouse_Pa","trial_2","ribose",1.91566666666667,0.00371184290855335
"558",10.5,"JV3_Rib",0.931,"Mouse_Pa","trial_2","ribose",0.977666666666667,0.0569600249687835
"559",10.5,"JV4_Rib",0.424,"Mouse_Pa","trial_2","ribose",0.439666666666667,0.00825294560209331
"560",10.5,"JV5_Rib",0.422,"Mouse_Pa","trial_2","ribose",0.464333333333333,0.0384028355434567
"561",10.75,"JV1_Rib",1.95,"Mouse_Pa","trial_2","ribose",1.95266666666667,0.00145296631451359
"562",10.75,"JV3_Rib",0.977,"Mouse_Pa","trial_2","ribose",1.01733333333333,0.0608833128022595
"563",10.75,"JV4_Rib",0.442,"Mouse_Pa","trial_2","ribose",0.451,0.0045092497528229
"564",10.75,"JV5_Rib",0.431,"Mouse_Pa","trial_2","ribose",0.456,0.0392810386828047
"565",11,"JV1_Rib",1.972,"Mouse_Pa","trial_2","ribose",1.97133333333333,0.00520683311727111
"566",11,"JV3_Rib",0.992,"Mouse_Pa","trial_2","ribose",1.03566666666667,0.0487522079272086
"567",11,"JV4_Rib",0.44,"Mouse_Pa","trial_2","ribose",0.455666666666667,0.00956265885852069
"568",11,"JV5_Rib",0.426,"Mouse_Pa","trial_2","ribose",0.466666666666667,0.0270883328718801
"569",11.25,"JV1_Rib",1.997,"Mouse_Pa","trial_2","ribose",2.016,0.021031722072463
"570",11.25,"JV3_Rib",1.007,"Mouse_Pa","trial_2","ribose",1.05433333333333,0.0503631258406828
"571",11.25,"JV4_Rib",0.442,"Mouse_Pa","trial_2","ribose",0.464,0.0151327459504216
"572",11.25,"JV5_Rib",0.429,"Mouse_Pa","trial_2","ribose",0.464666666666667,0.0263080046965009
"573",11.5,"JV1_Rib",2.032,"Mouse_Pa","trial_2","ribose",2.02866666666667,0.00333333333333341
"574",11.5,"JV3_Rib",1.043,"Mouse_Pa","trial_2","ribose",1.08633333333333,0.0557653815353018
"575",11.5,"JV4_Rib",0.444,"Mouse_Pa","trial_2","ribose",0.464,0.0157162336455017
"576",11.5,"JV5_Rib",0.428,"Mouse_Pa","trial_2","ribose",0.435,0.0322335229225724
"577",11.75,"JV1_Rib",2.059,"Mouse_Pa","trial_2","ribose",2.06166666666667,0.0121974496423547
"578",11.75,"JV3_Rib",1.05,"Mouse_Pa","trial_2","ribose",1.09566666666667,0.0533427075095035
"579",11.75,"JV4_Rib",0.445,"Mouse_Pa","trial_2","ribose",0.470333333333333,0.022878908287863
"580",11.75,"JV5_Rib",0.432,"Mouse_Pa","trial_2","ribose",0.418,0.0263502055652956
"581",12,"JV1_Rib",2.075,"Mouse_Pa","trial_2","ribose",2.08866666666667,0.0232546291687865
"582",12,"JV3_Rib",1.092,"Mouse_Pa","trial_2","ribose",1.12066666666667,0.0561317893691069
"583",12,"JV4_Rib",0.444,"Mouse_Pa","trial_2","ribose",0.472333333333333,0.0212785755580062
"584",12,"JV5_Rib",0.429,"Mouse_Pa","trial_2","ribose",0.421333333333333,0.0140988573217044
"585",12.25,"JV1_Rib",2.101,"Mouse_Pa","trial_2","ribose",2.10833333333333,0.0132203546767013
"586",12.25,"JV3_Rib",1.074,"Mouse_Pa","trial_2","ribose",1.12166666666667,0.0542965110399472
"587",12.25,"JV4_Rib",0.447,"Mouse_Pa","trial_2","ribose",0.475333333333333,0.0258736244937667
"588",12.25,"JV5_Rib",0.428,"Mouse_Pa","trial_2","ribose",0.427666666666667,0.0222286101929723
"589",12.5,"JV1_Rib",2.127,"Mouse_Pa","trial_2","ribose",2.131,0.00832666399786443
"590",12.5,"JV3_Rib",1.127,"Mouse_Pa","trial_2","ribose",1.15533333333333,0.0513560555771609
"591",12.5,"JV4_Rib",0.445,"Mouse_Pa","trial_2","ribose",0.479333333333333,0.0299462481419255
"592",12.5,"JV5_Rib",0.429,"Mouse_Pa","trial_2","ribose",0.422666666666667,0.0161898459261079
"593",12.75,"JV1_Rib",2.142,"Mouse_Pa","trial_2","ribose",2.15933333333333,0.0214579692525748
"594",12.75,"JV3_Rib",1.13,"Mouse_Pa","trial_2","ribose",1.16166666666667,0.0490996718703677
"595",12.75,"JV4_Rib",0.443,"Mouse_Pa","trial_2","ribose",0.477333333333333,0.0308994786004194
"596",12.75,"JV5_Rib",0.427,"Mouse_Pa","trial_2","ribose",0.427666666666667,0.0219418423211098
"597",13,"JV1_Rib",2.175,"Mouse_Pa","trial_2","ribose",2.17166666666667,0.0168259059521652
"598",13,"JV3_Rib",1.15,"Mouse_Pa","trial_2","ribose",1.178,0.0493693562175297
"599",13,"JV4_Rib",0.428,"Mouse_Pa","trial_2","ribose",0.473,0.035028559776274
"600",13,"JV5_Rib",0.418,"Mouse_Pa","trial_2","ribose",0.417,0.0135769412362775
"601",13.25,"JV1_Rib",2.191,"Mouse_Pa","trial_2","ribose",2.2,0.0243789526709688
"602",13.25,"JV3_Rib",1.158,"Mouse_Pa","trial_2","ribose",1.194,0.0458293937700831
"603",13.25,"JV4_Rib",0.445,"Mouse_Pa","trial_2","ribose",0.476666666666667,0.0388772998605156
"604",13.25,"JV5_Rib",0.431,"Mouse_Pa","trial_2","ribose",0.430666666666667,0.0187646239267168
"605",13.5,"JV1_Rib",2.206,"Mouse_Pa","trial_2","ribose",2.20633333333333,0.0222286101929723
"606",13.5,"JV3_Rib",1.169,"Mouse_Pa","trial_2","ribose",1.20466666666667,0.0460301833341752
"607",13.5,"JV4_Rib",0.439,"Mouse_Pa","trial_2","ribose",0.464666666666667,0.0399346688702658
"608",13.5,"JV5_Rib",0.429,"Mouse_Pa","trial_2","ribose",0.429,0.013856406460551
"609",13.75,"JV1_Rib",2.226,"Mouse_Pa","trial_2","ribose",2.23233333333333,0.0195987527947855
"610",13.75,"JV3_Rib",1.169,"Mouse_Pa","trial_2","ribose",1.20266666666667,0.033167922924282
"611",13.75,"JV4_Rib",0.445,"Mouse_Pa","trial_2","ribose",0.468666666666667,0.0603499056429346
"612",13.75,"JV5_Rib",0.433,"Mouse_Pa","trial_2","ribose",0.432333333333333,0.00982061324177083
"613",14,"JV1_Rib",2.25,"Mouse_Pa","trial_2","ribose",2.25466666666667,0.0226372357951328
"614",14,"JV3_Rib",1.156,"Mouse_Pa","trial_2","ribose",1.202,0.0435239397726508
"615",14,"JV4_Rib",0.416,"Mouse_Pa","trial_2","ribose",0.463,0.0520800665642176
"616",14,"JV5_Rib",0.409,"Mouse_Pa","trial_2","ribose",0.43,0.0121243556529822
"617",14.25,"JV1_Rib",2.257,"Mouse_Pa","trial_2","ribose",2.26533333333333,0.0226151375066446
"618",14.25,"JV3_Rib",1.171,"Mouse_Pa","trial_2","ribose",1.211,0.0390042732701602
"619",14.25,"JV4_Rib",0.456,"Mouse_Pa","trial_2","ribose",0.484333333333333,0.0580469158908933
"620",14.25,"JV5_Rib",0.437,"Mouse_Pa","trial_2","ribose",0.455,0.0101159939369957
"621",14.5,"JV1_Rib",2.285,"Mouse_Pa","trial_2","ribose",2.28866666666667,0.0211528826509401
"622",14.5,"JV3_Rib",1.181,"Mouse_Pa","trial_2","ribose",1.202,0.0425949918808929
"623",14.5,"JV4_Rib",0.405,"Mouse_Pa","trial_2","ribose",0.461666666666667,0.0622477130325105
"624",14.5,"JV5_Rib",0.393,"Mouse_Pa","trial_2","ribose",0.425333333333333,0.0172658944486265
"625",14.75,"JV1_Rib",2.292,"Mouse_Pa","trial_2","ribose",2.303,0.0274043792120894
"626",14.75,"JV3_Rib",1.179,"Mouse_Pa","trial_2","ribose",1.2,0.0315330514434194
"627",14.75,"JV4_Rib",0.404,"Mouse_Pa","trial_2","ribose",0.469333333333333,0.0693717842097523
"628",14.75,"JV5_Rib",0.384,"Mouse_Pa","trial_2","ribose",0.419,0.019157244060668
"629",15,"JV1_Rib",2.311,"Mouse_Pa","trial_2","ribose",2.322,0.0223383079036887
"630",15,"JV3_Rib",1.132,"Mouse_Pa","trial_2","ribose",1.17233333333333,0.0317612622195306
"631",15,"JV4_Rib",0.394,"Mouse_Pa","trial_2","ribose",0.461666666666667,0.0727239835114784
"632",15,"JV5_Rib",0.383,"Mouse_Pa","trial_2","ribose",0.432,0.0267270150472015
"633",15.25,"JV1_Rib",2.322,"Mouse_Pa","trial_2","ribose",2.339,0.022722969289539
"634",15.25,"JV3_Rib",1.106,"Mouse_Pa","trial_2","ribose",1.14533333333333,0.0307751703668901
"635",15.25,"JV4_Rib",0.411,"Mouse_Pa","trial_2","ribose",0.470333333333333,0.0727216917050507
"636",15.25,"JV5_Rib",0.378,"Mouse_Pa","trial_2","ribose",0.438333333333333,0.0303333333333333
"637",15.5,"JV1_Rib",2.354,"Mouse_Pa","trial_2","ribose",2.35366666666667,0.0256926275633908
"638",15.5,"JV3_Rib",1.121,"Mouse_Pa","trial_2","ribose",1.134,0.0065064070986477
"639",15.5,"JV4_Rib",0.399,"Mouse_Pa","trial_2","ribose",0.469,0.0776208734813001
"640",15.5,"JV5_Rib",0.366,"Mouse_Pa","trial_2","ribose",0.434666666666667,0.0354087245997053
"641",15.75,"JV1_Rib",2.365,"Mouse_Pa","trial_2","ribose",2.36933333333333,0.02175877856049
"642",15.75,"JV3_Rib",1.078,"Mouse_Pa","trial_2","ribose",1.09433333333333,0.0112891294812508
"643",15.75,"JV4_Rib",0.389,"Mouse_Pa","trial_2","ribose",0.465666666666667,0.0827392154771713
"644",15.75,"JV5_Rib",0.355,"Mouse_Pa","trial_2","ribose",0.437,0.0425949918808929
"645",16,"JV1_Rib",2.374,"Mouse_Pa","trial_2","ribose",2.381,0.0247857485933617
"646",16,"JV3_Rib",1.044,"Mouse_Pa","trial_2","ribose",1.041,0.0240069434400411
"647",16,"JV4_Rib",0.38,"Mouse_Pa","trial_2","ribose",0.466333333333333,0.0843412381012067
"648",16,"JV5_Rib",0.366,"Mouse_Pa","trial_2","ribose",0.450666666666667,0.0441977877777208
"649",16.25,"JV1_Rib",2.39,"Mouse_Pa","trial_2","ribose",2.402,0.0216333076527839
"650",16.25,"JV3_Rib",0.978,"Mouse_Pa","trial_2","ribose",0.977333333333333,0.0450345546343151
"651",16.25,"JV4_Rib",0.377,"Mouse_Pa","trial_2","ribose",0.474333333333333,0.0889687835391967
"652",16.25,"JV5_Rib",0.358,"Mouse_Pa","trial_2","ribose",0.456333333333333,0.0513235921493334
"653",16.5,"JV1_Rib",2.406,"Mouse_Pa","trial_2","ribose",2.41333333333333,0.0222436008276038
"654",16.5,"JV3_Rib",0.902,"Mouse_Pa","trial_2","ribose",0.895333333333333,0.0664789022505971
"655",16.5,"JV4_Rib",0.379,"Mouse_Pa","trial_2","ribose",0.470666666666667,0.0862251574529022
"656",16.5,"JV5_Rib",0.361,"Mouse_Pa","trial_2","ribose",0.454666666666667,0.0518405675551922
"657",16.75,"JV1_Rib",2.42,"Mouse_Pa","trial_2","ribose",2.43533333333333,0.0232402906847378
"658",16.75,"JV3_Rib",0.771,"Mouse_Pa","trial_2","ribose",0.818666666666667,0.0675631391942217
"659",16.75,"JV4_Rib",0.375,"Mouse_Pa","trial_2","ribose",0.468333333333333,0.0844932607437487
"660",16.75,"JV5_Rib",0.352,"Mouse_Pa","trial_2","ribose",0.461666666666667,0.0583390473391917
"661",17,"JV1_Rib",2.428,"Mouse_Pa","trial_2","ribose",2.442,0.0257940561628708
"662",17,"JV3_Rib",0.641,"Mouse_Pa","trial_2","ribose",0.703333333333333,0.0815359498081129
"663",17,"JV4_Rib",0.37,"Mouse_Pa","trial_2","ribose",0.471666666666667,0.0861632816872194
"664",17,"JV5_Rib",0.358,"Mouse_Pa","trial_2","ribose",0.463,0.0581979381078059
"665",17.25,"JV1_Rib",2.447,"Mouse_Pa","trial_2","ribose",2.46733333333333,0.019341952101872
"666",17.25,"JV3_Rib",0.557,"Mouse_Pa","trial_2","ribose",0.612333333333333,0.0810767811672642
"667",17.25,"JV4_Rib",0.365,"Mouse_Pa","trial_2","ribose",0.465,0.0868504461704141
"668",17.25,"JV5_Rib",0.359,"Mouse_Pa","trial_2","ribose",0.472,0.0609289203361863
"669",17.5,"JV1_Rib",2.467,"Mouse_Pa","trial_2","ribose",2.47833333333333,0.0193247107208477
"670",17.5,"JV3_Rib",0.564,"Mouse_Pa","trial_2","ribose",0.612,0.0598693020949245
"671",17.5,"JV4_Rib",0.365,"Mouse_Pa","trial_2","ribose",0.462333333333333,0.0827875460306548
"672",17.5,"JV5_Rib",0.353,"Mouse_Pa","trial_2","ribose",0.464333333333333,0.0621834204412863
"673",17.75,"JV1_Rib",2.466,"Mouse_Pa","trial_2","ribose",2.49533333333333,0.0218276073916597
"674",17.75,"JV3_Rib",0.548,"Mouse_Pa","trial_2","ribose",0.521333333333333,0.0133832399332565
"675",17.75,"JV4_Rib",0.366,"Mouse_Pa","trial_2","ribose",0.465,0.0839781717670332
"676",17.75,"JV5_Rib",0.358,"Mouse_Pa","trial_2","ribose",0.467666666666667,0.0605539245448037
"677",18,"JV1_Rib",2.482,"Mouse_Pa","trial_2","ribose",2.51366666666667,0.0224227067451228
"678",18,"JV3_Rib",0.528,"Mouse_Pa","trial_2","ribose",0.5,0.0170977581376429
"679",18,"JV4_Rib",0.37,"Mouse_Pa","trial_2","ribose",0.464333333333333,0.0793396356040143
"680",18,"JV5_Rib",0.357,"Mouse_Pa","trial_2","ribose",0.468,0.0626923706150384
"681",18.25,"JV1_Rib",2.498,"Mouse_Pa","trial_2","ribose",2.529,0.0247857485933616
"682",18.25,"JV3_Rib",0.52,"Mouse_Pa","trial_2","ribose",0.491666666666667,0.0149925907626994
"683",18.25,"JV4_Rib",0.373,"Mouse_Pa","trial_2","ribose",0.467666666666667,0.0796708506572162
"684",18.25,"JV5_Rib",0.362,"Mouse_Pa","trial_2","ribose",0.476666666666667,0.062477551524083
"685",18.5,"JV1_Rib",2.507,"Mouse_Pa","trial_2","ribose",2.538,0.0300055550412475
"686",18.5,"JV3_Rib",0.534,"Mouse_Pa","trial_2","ribose",0.505,0.0159478316185409
"687",18.5,"JV4_Rib",0.384,"Mouse_Pa","trial_2","ribose",0.473333333333333,0.0824324639393432
"688",18.5,"JV5_Rib",0.37,"Mouse_Pa","trial_2","ribose",0.480666666666667,0.0613767961945808
"689",18.75,"JV1_Rib",2.525,"Mouse_Pa","trial_2","ribose",2.564,0.0300055550412476
"690",18.75,"JV3_Rib",0.52,"Mouse_Pa","trial_2","ribose",0.503,0.0160104132780305
"691",18.75,"JV4_Rib",0.373,"Mouse_Pa","trial_2","ribose",0.473666666666667,0.0847040599840278
"692",18.75,"JV5_Rib",0.365,"Mouse_Pa","trial_2","ribose",0.476666666666667,0.0638078713361012
"693",19,"JV1_Rib",2.543,"Mouse_Pa","trial_2","ribose",2.58166666666667,0.0333183299568138
"694",19,"JV3_Rib",0.497,"Mouse_Pa","trial_2","ribose",0.502666666666667,0.00775313556640868
"695",19,"JV4_Rib",0.379,"Mouse_Pa","trial_2","ribose",0.478333333333333,0.0871327212424306
"696",19,"JV5_Rib",0.375,"Mouse_Pa","trial_2","ribose",0.487666666666667,0.0617962602248532
"697",19.25,"JV1_Rib",2.551,"Mouse_Pa","trial_2","ribose",2.58966666666667,0.0337902023932645
"698",19.25,"JV3_Rib",0.522,"Mouse_Pa","trial_2","ribose",0.512333333333333,0.00821245666316995
"699",19.25,"JV4_Rib",0.389,"Mouse_Pa","trial_2","ribose",0.482666666666667,0.0814868769257425
"700",19.25,"JV5_Rib",0.378,"Mouse_Pa","trial_2","ribose",0.494666666666667,0.0617341972581738
"701",19.5,"JV1_Rib",2.577,"Mouse_Pa","trial_2","ribose",2.61666666666667,0.0289386323872509
"702",19.5,"JV3_Rib",0.504,"Mouse_Pa","trial_2","ribose",0.499333333333333,0.00466666666666667
"703",19.5,"JV4_Rib",0.39,"Mouse_Pa","trial_2","ribose",0.488666666666667,0.0841136796907085
"704",19.5,"JV5_Rib",0.374,"Mouse_Pa","trial_2","ribose",0.486666666666667,0.0608833128022595
"705",19.75,"JV1_Rib",2.598,"Mouse_Pa","trial_2","ribose",2.63066666666667,0.0250953736329584
"706",19.75,"JV3_Rib",0.513,"Mouse_Pa","trial_2","ribose",0.51,0.00680685928555405
"707",19.75,"JV4_Rib",0.385,"Mouse_Pa","trial_2","ribose",0.492,0.0828190799272728
"708",19.75,"JV5_Rib",0.375,"Mouse_Pa","trial_2","ribose",0.485666666666667,0.0611291892452188
"709",20,"JV1_Rib",2.617,"Mouse_Pa","trial_2","ribose",2.649,0.0253245598842968
"710",20,"JV3_Rib",0.513,"Mouse_Pa","trial_2","ribose",0.502,0.00700000000000001
"711",20,"JV4_Rib",0.387,"Mouse_Pa","trial_2","ribose",0.487,0.0803761987987323
"712",20,"JV5_Rib",0.375,"Mouse_Pa","trial_2","ribose",0.494,0.0623885673287449
"713",20.25,"JV1_Rib",2.64,"Mouse_Pa","trial_2","ribose",2.668,0.0218250620464944
"714",20.25,"JV3_Rib",0.51,"Mouse_Pa","trial_2","ribose",0.505666666666667,0.00384418753155694
"715",20.25,"JV4_Rib",0.389,"Mouse_Pa","trial_2","ribose",0.497666666666667,0.0894153852036165
"716",20.25,"JV5_Rib",0.378,"Mouse_Pa","trial_2","ribose",0.492666666666667,0.061809743927996
"717",20.5,"JV1_Rib",2.651,"Mouse_Pa","trial_2","ribose",2.67833333333333,0.0220630409911639
"718",20.5,"JV3_Rib",0.502,"Mouse_Pa","trial_2","ribose",0.51,0.0100664459136943
"719",20.5,"JV4_Rib",0.387,"Mouse_Pa","trial_2","ribose",0.497,0.0889119414552024
"720",20.5,"JV5_Rib",0.376,"Mouse_Pa","trial_2","ribose",0.495,0.0635164020811423
"721",20.75,"JV1_Rib",2.668,"Mouse_Pa","trial_2","ribose",2.69133333333333,0.0181138375589246
"722",20.75,"JV3_Rib",0.517,"Mouse_Pa","trial_2","ribose",0.519666666666667,0.0127714960404454
"723",20.75,"JV4_Rib",0.39,"Mouse_Pa","trial_2","ribose",0.502666666666667,0.0884012317661795
"724",20.75,"JV5_Rib",0.38,"Mouse_Pa","trial_2","ribose",0.493,0.0611473629848418
"725",21,"JV1_Rib",2.682,"Mouse_Pa","trial_2","ribose",2.706,0.0187705443004014
"726",21,"JV3_Rib",0.523,"Mouse_Pa","trial_2","ribose",0.524666666666667,0.0112891294812507
"727",21,"JV4_Rib",0.389,"Mouse_Pa","trial_2","ribose",0.506,0.0953886785735079
"728",21,"JV5_Rib",0.374,"Mouse_Pa","trial_2","ribose",0.496,0.0629603049547888
"729",21.25,"JV1_Rib",2.697,"Mouse_Pa","trial_2","ribose",2.71966666666667,0.0188089813062212
"730",21.25,"JV3_Rib",0.512,"Mouse_Pa","trial_2","ribose",0.514,0.0138924439894498
"731",21.25,"JV4_Rib",0.39,"Mouse_Pa","trial_2","ribose",0.514,0.103248890228096
"732",21.25,"JV5_Rib",0.376,"Mouse_Pa","trial_2","ribose",0.498,0.0634113554499508
"733",21.5,"JV1_Rib",2.704,"Mouse_Pa","trial_2","ribose",2.731,0.0195533458347499
"734",21.5,"JV3_Rib",0.511,"Mouse_Pa","trial_2","ribose",0.515666666666667,0.0134824989441045
"735",21.5,"JV4_Rib",0.4,"Mouse_Pa","trial_2","ribose",0.516,0.10089763789769
"736",21.5,"JV5_Rib",0.385,"Mouse_Pa","trial_2","ribose",0.495,0.0585946527708231
"737",21.75,"JV1_Rib",2.716,"Mouse_Pa","trial_2","ribose",2.741,0.017616280348965
"738",21.75,"JV3_Rib",0.513,"Mouse_Pa","trial_2","ribose",0.518,0.0149331845230681
"739",21.75,"JV4_Rib",0.403,"Mouse_Pa","trial_2","ribose",0.517,0.100801785698469
"740",21.75,"JV5_Rib",0.384,"Mouse_Pa","trial_2","ribose",0.499,0.0599694366601299
"741",22,"JV1_Rib",2.729,"Mouse_Pa","trial_2","ribose",2.753,0.0196723155729059
"742",22,"JV3_Rib",0.515,"Mouse_Pa","trial_2","ribose",0.521666666666667,0.0148136573621927
"743",22,"JV4_Rib",0.399,"Mouse_Pa","trial_2","ribose",0.53,0.116322826650662
"744",22,"JV5_Rib",0.382,"Mouse_Pa","trial_2","ribose",0.498666666666667,0.0610173017357463
"745",22.25,"JV1_Rib",2.742,"Mouse_Pa","trial_2","ribose",2.76233333333333,0.0188532343231723
"746",22.25,"JV3_Rib",0.517,"Mouse_Pa","trial_2","ribose",0.510666666666667,0.0111405166447123
"747",22.25,"JV4_Rib",0.409,"Mouse_Pa","trial_2","ribose",0.537666666666667,0.110683231691968
"748",22.25,"JV5_Rib",0.387,"Mouse_Pa","trial_2","ribose",0.496,0.0570993286592175
"749",22.5,"JV1_Rib",2.75,"Mouse_Pa","trial_2","ribose",2.77366666666667,0.0221835775092998
"750",22.5,"JV3_Rib",0.533,"Mouse_Pa","trial_2","ribose",0.530333333333333,0.0116237305161085
"751",22.5,"JV4_Rib",0.416,"Mouse_Pa","trial_2","ribose",0.537333333333333,0.113427411932821
"752",22.5,"JV5_Rib",0.39,"Mouse_Pa","trial_2","ribose",0.501,0.0572741943054054
"753",22.75,"JV1_Rib",2.76,"Mouse_Pa","trial_2","ribose",2.782,0.0200333056017557
"754",22.75,"JV3_Rib",0.527,"Mouse_Pa","trial_2","ribose",0.519666666666667,0.0132203546767013
"755",22.75,"JV4_Rib",0.429,"Mouse_Pa","trial_2","ribose",0.553,0.117069779761189
"756",22.75,"JV5_Rib",0.399,"Mouse_Pa","trial_2","ribose",0.504333333333333,0.053917632654922
"757",23,"JV1_Rib",2.767,"Mouse_Pa","trial_2","ribose",2.79133333333333,0.0209311039152529
"758",23,"JV3_Rib",0.542,"Mouse_Pa","trial_2","ribose",0.532,0.013114877048604
"759",23,"JV4_Rib",0.428,"Mouse_Pa","trial_2","ribose",0.563666666666667,0.124828326557361
"760",23,"JV5_Rib",0.395,"Mouse_Pa","trial_2","ribose",0.503333333333333,0.0567812566883748
"761",23.25,"JV1_Rib",2.777,"Mouse_Pa","trial_2","ribose",2.80066666666667,0.0221835775092999
"762",23.25,"JV3_Rib",0.527,"Mouse_Pa","trial_2","ribose",0.529333333333333,0.0107445076408575
"763",23.25,"JV4_Rib",0.429,"Mouse_Pa","trial_2","ribose",0.571,0.131153853673208
"764",23.25,"JV5_Rib",0.398,"Mouse_Pa","trial_2","ribose",0.501666666666667,0.0542104950888458
"765",23.5,"JV1_Rib",2.788,"Mouse_Pa","trial_2","ribose",2.805,0.0243378991150292
"766",23.5,"JV3_Rib",0.524,"Mouse_Pa","trial_2","ribose",0.532333333333333,0.0147459975737298
"767",23.5,"JV4_Rib",0.435,"Mouse_Pa","trial_2","ribose",0.576666666666667,0.133746443358734
"768",23.5,"JV5_Rib",0.397,"Mouse_Pa","trial_2","ribose",0.505,0.0552207690396768
"769",23.75,"JV1_Rib",2.794,"Mouse_Pa","trial_2","ribose",2.821,0.0231156512634477
"770",23.75,"JV3_Rib",0.549,"Mouse_Pa","trial_2","ribose",0.540666666666667,0.0130936795609349
"771",23.75,"JV4_Rib",0.441,"Mouse_Pa","trial_2","ribose",0.583666666666667,0.1421669597496
"772",23.75,"JV5_Rib",0.41,"Mouse_Pa","trial_2","ribose",0.511666666666667,0.0513430726691645
"773",24,"JV1_Rib",2.805,"Mouse_Pa","trial_2","ribose",2.834,0.0255799400572661
"774",24,"JV3_Rib",0.54,"Mouse_Pa","trial_2","ribose",0.533666666666667,0.0122519839663261
"775",24,"JV4_Rib",0.442,"Mouse_Pa","trial_2","ribose",0.592666666666667,0.149169180611963
"776",24,"JV5_Rib",0.407,"Mouse_Pa","trial_2","ribose",0.507333333333333,0.0514144380932481
"777",0,"JV1_Rib",0.016,"Mouse_Pa","trial_3","ribose",0.007,0.00458257569495584
"778",0,"JV3_Rib",0.006,"Mouse_Pa","trial_3","ribose",-0.00166666666666667,0.00392994204085053
"779",0,"JV4_Rib",-0.002,"Mouse_Pa","trial_3","ribose",-0.00466666666666667,0.00176383420737639
"780",0,"JV5_Rib",0.001,"Mouse_Pa","trial_3","ribose",-0.00166666666666667,0.00266666666666667
"781",0.25,"JV1_Rib",0.011,"Mouse_Pa","trial_3","ribose",0.00466666666666667,0.00348010216963685
"782",0.25,"JV3_Rib",0.005,"Mouse_Pa","trial_3","ribose",-0.002,0.00360555127546399
"783",0.25,"JV4_Rib",0,"Mouse_Pa","trial_3","ribose",-0.00433333333333333,0.00233333333333333
"784",0.25,"JV5_Rib",0.002,"Mouse_Pa","trial_3","ribose",-0.002,0.00264575131106459
"785",0.5,"JV1_Rib",0.018,"Mouse_Pa","trial_3","ribose",0.00533333333333333,0.00635959467611297
"786",0.5,"JV3_Rib",0.017,"Mouse_Pa","trial_3","ribose",-0.00133333333333333,0.00938675189355248
"787",0.5,"JV4_Rib",0.01,"Mouse_Pa","trial_3","ribose",-0.00233333333333333,0.00617341972581738
"788",0.5,"JV5_Rib",0.011,"Mouse_Pa","trial_3","ribose",-0.00166666666666667,0.00643773597194266
"789",0.75,"JV1_Rib",0.024,"Mouse_Pa","trial_3","ribose",0.00733333333333333,0.00835330939076111
"790",0.75,"JV3_Rib",0.019,"Mouse_Pa","trial_3","ribose",0.001,0.009
"791",0.75,"JV4_Rib",0.013,"Mouse_Pa","trial_3","ribose",-0.000333333333333334,0.00669161996662824
"792",0.75,"JV5_Rib",0.014,"Mouse_Pa","trial_3","ribose",0.001,0.006557438524302
"793",1,"JV1_Rib",0.027,"Mouse_Pa","trial_3","ribose",0.0106666666666667,0.00817176711475417
"794",1,"JV3_Rib",0.019,"Mouse_Pa","trial_3","ribose",0.00133333333333333,0.00883804905570857
"795",1,"JV4_Rib",0.013,"Mouse_Pa","trial_3","ribose",-0.000333333333333334,0.00669161996662824
"796",1,"JV5_Rib",0.014,"Mouse_Pa","trial_3","ribose",0.00133333333333333,0.0065659052011974
"797",1.25,"JV1_Rib",0.033,"Mouse_Pa","trial_3","ribose",0.0156666666666667,0.008743251365736
"798",1.25,"JV3_Rib",0.019,"Mouse_Pa","trial_3","ribose",0.001,0.009
"799",1.25,"JV4_Rib",0.013,"Mouse_Pa","trial_3","ribose",0.000333333333333333,0.00633333333333333
"800",1.25,"JV5_Rib",0.014,"Mouse_Pa","trial_3","ribose",0.00133333333333333,0.0065659052011974
"801",1.5,"JV1_Rib",0.047,"Mouse_Pa","trial_3","ribose",0.0263333333333333,0.0105882534495124
"802",1.5,"JV3_Rib",0.02,"Mouse_Pa","trial_3","ribose",0.002,0.009
"803",1.5,"JV4_Rib",0.012,"Mouse_Pa","trial_3","ribose",0.000333333333333333,0.00584047182264508
"804",1.5,"JV5_Rib",0.015,"Mouse_Pa","trial_3","ribose",0.00166666666666667,0.00726483157256779
"805",1.75,"JV1_Rib",0.061,"Mouse_Pa","trial_3","ribose",0.0393333333333333,0.0112891294812507
"806",1.75,"JV3_Rib",0.018,"Mouse_Pa","trial_3","ribose",0.00266666666666667,0.00775313556640867
"807",1.75,"JV4_Rib",0.012,"Mouse_Pa","trial_3","ribose",0.00166666666666667,0.00523874454850057
"808",1.75,"JV5_Rib",0.014,"Mouse_Pa","trial_3","ribose",0.00166666666666667,0.00669161996662824
"809",2,"JV1_Rib",0.083,"Mouse_Pa","trial_3","ribose",0.056,0.0141774468787578
"810",2,"JV3_Rib",0.02,"Mouse_Pa","trial_3","ribose",0.00366666666666667,0.00817176711475417
"811",2,"JV4_Rib",0.012,"Mouse_Pa","trial_3","ribose",0.00266666666666667,0.00480740170061865
"812",2,"JV5_Rib",0.016,"Mouse_Pa","trial_3","ribose",0.00366666666666667,0.00693621734889494
"813",2.25,"JV1_Rib",0.109,"Mouse_Pa","trial_3","ribose",0.0803333333333333,0.0159199385816794
"814",2.25,"JV3_Rib",0.019,"Mouse_Pa","trial_3","ribose",0.004,0.00763762615825973
"815",2.25,"JV4_Rib",0.013,"Mouse_Pa","trial_3","ribose",0.003,0.00503322295684717
"816",2.25,"JV5_Rib",0.016,"Mouse_Pa","trial_3","ribose",0.00433333333333333,0.00617341972581738
"817",2.5,"JV1_Rib",0.135,"Mouse_Pa","trial_3","ribose",0.107333333333333,0.0156027063179579
"818",2.5,"JV3_Rib",0.02,"Mouse_Pa","trial_3","ribose",0.00466666666666667,0.00768837506311386
"819",2.5,"JV4_Rib",0.015,"Mouse_Pa","trial_3","ribose",0.004,0.0055075705472861
"820",2.5,"JV5_Rib",0.017,"Mouse_Pa","trial_3","ribose",0.00666666666666667,0.00536449231314369
"821",2.75,"JV1_Rib",0.159,"Mouse_Pa","trial_3","ribose",0.133333333333333,0.0147233752169052
"822",2.75,"JV3_Rib",0.021,"Mouse_Pa","trial_3","ribose",0.006,0.00763762615825973
"823",2.75,"JV4_Rib",0.014,"Mouse_Pa","trial_3","ribose",0.00533333333333333,0.00448454134902457
"824",2.75,"JV5_Rib",0.018,"Mouse_Pa","trial_3","ribose",0.008,0.00513160143944688
"825",3,"JV1_Rib",0.189,"Mouse_Pa","trial_3","ribose",0.161666666666667,0.0155920207513687
"826",3,"JV3_Rib",0.022,"Mouse_Pa","trial_3","ribose",0.00866666666666667,0.0075129517797231
"827",3,"JV4_Rib",0.016,"Mouse_Pa","trial_3","ribose",0.00666666666666667,0.0047022453265553
"828",3,"JV5_Rib",0.019,"Mouse_Pa","trial_3","ribose",0.00933333333333333,0.00504424865014052
"829",3.25,"JV1_Rib",0.224,"Mouse_Pa","trial_3","ribose",0.193,0.0176162803489651
"830",3.25,"JV3_Rib",0.023,"Mouse_Pa","trial_3","ribose",0.0106666666666667,0.00753510303697154
"831",3.25,"JV4_Rib",0.016,"Mouse_Pa","trial_3","ribose",0.01,0.00416333199893227
"832",3.25,"JV5_Rib",0.021,"Mouse_Pa","trial_3","ribose",0.0133333333333333,0.00392994204085053
"833",3.5,"JV1_Rib",0.263,"Mouse_Pa","trial_3","ribose",0.229,0.0202319878739914
"834",3.5,"JV3_Rib",0.025,"Mouse_Pa","trial_3","ribose",0.0136666666666667,0.00768837506311386
"835",3.5,"JV4_Rib",0.019,"Mouse_Pa","trial_3","ribose",0.0133333333333333,0.00425571511160123
"836",3.5,"JV5_Rib",0.022,"Mouse_Pa","trial_3","ribose",0.016,0.00305505046330389
"837",3.75,"JV1_Rib",0.307,"Mouse_Pa","trial_3","ribose",0.267333333333333,0.023708882536111
"838",3.75,"JV3_Rib",0.026,"Mouse_Pa","trial_3","ribose",0.018,0.00850490054811538
"839",3.75,"JV4_Rib",0.02,"Mouse_Pa","trial_3","ribose",0.0163333333333333,0.00523874454850057
"840",3.75,"JV5_Rib",0.023,"Mouse_Pa","trial_3","ribose",0.02,0.00208166599946613
"841",4,"JV1_Rib",0.358,"Mouse_Pa","trial_3","ribose",0.310666666666667,0.0300240644224669
"842",4,"JV3_Rib",0.031,"Mouse_Pa","trial_3","ribose",0.0316666666666667,0.0150148075060736
"843",4,"JV4_Rib",0.024,"Mouse_Pa","trial_3","ribose",0.0196666666666667,0.00536449231314369
"844",4,"JV5_Rib",0.029,"Mouse_Pa","trial_3","ribose",0.0256666666666667,0.00240370085030933
"845",4.25,"JV1_Rib",0.459,"Mouse_Pa","trial_3","ribose",0.378666666666667,0.0479942126140688
"846",4.25,"JV3_Rib",0.038,"Mouse_Pa","trial_3","ribose",0.0676666666666667,0.0406215596833887
"847",4.25,"JV4_Rib",0.03,"Mouse_Pa","trial_3","ribose",0.027,0.0062449979983984
"848",4.25,"JV5_Rib",0.034,"Mouse_Pa","trial_3","ribose",0.0326666666666667,0.00352766841475279
"849",4.5,"JV1_Rib",0.554,"Mouse_Pa","trial_3","ribose",0.459666666666667,0.0593866801377024
"850",4.5,"JV3_Rib",0.04,"Mouse_Pa","trial_3","ribose",0.092,0.0575876144091187
"851",4.5,"JV4_Rib",0.035,"Mouse_Pa","trial_3","ribose",0.0353333333333333,0.00837323779138698
"852",4.5,"JV5_Rib",0.038,"Mouse_Pa","trial_3","ribose",0.0406666666666667,0.00648930744464393
"853",4.75,"JV1_Rib",0.629,"Mouse_Pa","trial_3","ribose",0.526333333333333,0.0714173959511578
"854",4.75,"JV3_Rib",0.049,"Mouse_Pa","trial_3","ribose",0.127,0.0876717362285779
"855",4.75,"JV4_Rib",0.04,"Mouse_Pa","trial_3","ribose",0.0453333333333333,0.0096148034012373
"856",4.75,"JV5_Rib",0.043,"Mouse_Pa","trial_3","ribose",0.056,0.014525839046334
"857",5,"JV1_Rib",0.698,"Mouse_Pa","trial_3","ribose",0.605333333333333,0.0709209262332196
"858",5,"JV3_Rib",0.061,"Mouse_Pa","trial_3","ribose",0.156333333333333,0.101392526570968
"859",5,"JV4_Rib",0.048,"Mouse_Pa","trial_3","ribose",0.0576666666666667,0.0171496679592087
"860",5,"JV5_Rib",0.049,"Mouse_Pa","trial_3","ribose",0.0926666666666667,0.0416826635958457
"861",5.25,"JV1_Rib",0.775,"Mouse_Pa","trial_3","ribose",0.688,0.069778220097678
"862",5.25,"JV3_Rib",0.082,"Mouse_Pa","trial_3","ribose",0.192333333333333,0.0892418685993918
"863",5.25,"JV4_Rib",0.055,"Mouse_Pa","trial_3","ribose",0.103333333333333,0.0554807273844811
"864",5.25,"JV5_Rib",0.06,"Mouse_Pa","trial_3","ribose",0.124,0.0605337371499012
"865",5.5,"JV1_Rib",0.856,"Mouse_Pa","trial_3","ribose",0.766333333333333,0.071064133788509
"866",5.5,"JV3_Rib",0.145,"Mouse_Pa","trial_3","ribose",0.256333333333333,0.0953106033508923
"867",5.5,"JV4_Rib",0.069,"Mouse_Pa","trial_3","ribose",0.139333333333333,0.0784693853961177
"868",5.5,"JV5_Rib",0.076,"Mouse_Pa","trial_3","ribose",0.147666666666667,0.071167252144352
"869",5.75,"JV1_Rib",0.928,"Mouse_Pa","trial_3","ribose",0.844,0.0659191423892433
"870",5.75,"JV3_Rib",0.199,"Mouse_Pa","trial_3","ribose",0.317666666666667,0.0737955132631909
"871",5.75,"JV4_Rib",0.084,"Mouse_Pa","trial_3","ribose",0.158,0.0831624915451672
"872",5.75,"JV5_Rib",0.091,"Mouse_Pa","trial_3","ribose",0.149333333333333,0.0543823909408592
"873",6,"JV1_Rib",1.002,"Mouse_Pa","trial_3","ribose",0.919666666666667,0.064276313245584
"874",6,"JV3_Rib",0.286,"Mouse_Pa","trial_3","ribose",0.373666666666667,0.0546392207525368
"875",6,"JV4_Rib",0.112,"Mouse_Pa","trial_3","ribose",0.183666666666667,0.0803167341080162
"876",6,"JV5_Rib",0.105,"Mouse_Pa","trial_3","ribose",0.192333333333333,0.0553815051358403
"877",6.25,"JV1_Rib",1.051,"Mouse_Pa","trial_3","ribose",0.989666666666667,0.0525906624580617
"878",6.25,"JV3_Rib",0.321,"Mouse_Pa","trial_3","ribose",0.412,0.0566656862660288
"879",6.25,"JV4_Rib",0.173,"Mouse_Pa","trial_3","ribose",0.221,0.0593408234972631
"880",6.25,"JV5_Rib",0.148,"Mouse_Pa","trial_3","ribose",0.24,0.0480416485978573
"881",6.5,"JV1_Rib",1.131,"Mouse_Pa","trial_3","ribose",1.07,0.0522589705218157
"882",6.5,"JV3_Rib",0.33,"Mouse_Pa","trial_3","ribose",0.415666666666667,0.0552700441267942
"883",6.5,"JV4_Rib",0.241,"Mouse_Pa","trial_3","ribose",0.269333333333333,0.0253924748257782
"884",6.5,"JV5_Rib",0.228,"Mouse_Pa","trial_3","ribose",0.287333333333333,0.0329915814177563
"885",6.75,"JV1_Rib",1.208,"Mouse_Pa","trial_3","ribose",1.144,0.052459508194416
"886",6.75,"JV3_Rib",0.409,"Mouse_Pa","trial_3","ribose",0.451,0.0528488410468953
"887",6.75,"JV4_Rib",0.283,"Mouse_Pa","trial_3","ribose",0.296,0.0066583281184794
"888",6.75,"JV5_Rib",0.261,"Mouse_Pa","trial_3","ribose",0.316,0.030171730698343
"889",7,"JV1_Rib",1.282,"Mouse_Pa","trial_3","ribose",1.22,0.0500233278914281
"890",7,"JV3_Rib",0.421,"Mouse_Pa","trial_3","ribose",0.492333333333333,0.0534706565427348
"891",7,"JV4_Rib",0.286,"Mouse_Pa","trial_3","ribose",0.314666666666667,0.0145181878269217
"892",7,"JV5_Rib",0.28,"Mouse_Pa","trial_3","ribose",0.337333333333333,0.0318398771633588
"893",7.25,"JV1_Rib",1.373,"Mouse_Pa","trial_3","ribose",1.29566666666667,0.0523014765034836
"894",7.25,"JV3_Rib",0.445,"Mouse_Pa","trial_3","ribose",0.529666666666667,0.0518984050279432
"895",7.25,"JV4_Rib",0.323,"Mouse_Pa","trial_3","ribose",0.336333333333333,0.00751295177972309
"896",7.25,"JV5_Rib",0.309,"Mouse_Pa","trial_3","ribose",0.358,0.0305122926047847
"897",7.5,"JV1_Rib",1.446,"Mouse_Pa","trial_3","ribose",1.36933333333333,0.0524478577043694
"898",7.5,"JV3_Rib",0.497,"Mouse_Pa","trial_3","ribose",0.561,0.0600444279957211
"899",7.5,"JV4_Rib",0.303,"Mouse_Pa","trial_3","ribose",0.358,0.0277548794508882
"900",7.5,"JV5_Rib",0.268,"Mouse_Pa","trial_3","ribose",0.336666666666667,0.0561703757430117
"901",7.75,"JV1_Rib",1.503,"Mouse_Pa","trial_3","ribose",1.43633333333333,0.0456411120713673
"902",7.75,"JV3_Rib",0.521,"Mouse_Pa","trial_3","ribose",0.581,0.0512640224719052
"903",7.75,"JV4_Rib",0.34,"Mouse_Pa","trial_3","ribose",0.375,0.0177857620959388
"904",7.75,"JV5_Rib",0.322,"Mouse_Pa","trial_3","ribose",0.369666666666667,0.057429183444579
"905",8,"JV1_Rib",1.554,"Mouse_Pa","trial_3","ribose",1.494,0.0382143079661706
"906",8,"JV3_Rib",0.554,"Mouse_Pa","trial_3","ribose",0.634333333333333,0.0686836548564827
"907",8,"JV4_Rib",0.299,"Mouse_Pa","trial_3","ribose",0.350333333333333,0.0326666666666667
"908",8,"JV5_Rib",0.32,"Mouse_Pa","trial_3","ribose",0.384,0.0635006561645888
"909",8.25,"JV1_Rib",1.609,"Mouse_Pa","trial_3","ribose",1.552,0.0332014055927356
"910",8.25,"JV3_Rib",0.557,"Mouse_Pa","trial_3","ribose",0.635,0.0735459040327876
"911",8.25,"JV4_Rib",0.324,"Mouse_Pa","trial_3","ribose",0.357333333333333,0.0308670986290869
"912",8.25,"JV5_Rib",0.355,"Mouse_Pa","trial_3","ribose",0.403,0.0546290520998977
"913",8.5,"JV1_Rib",1.646,"Mouse_Pa","trial_3","ribose",1.60233333333333,0.0263333333333333
"914",8.5,"JV3_Rib",0.648,"Mouse_Pa","trial_3","ribose",0.709,0.0595063021872473
"915",8.5,"JV4_Rib",0.339,"Mouse_Pa","trial_3","ribose",0.365666666666667,0.0271682003657053
"916",8.5,"JV5_Rib",0.39,"Mouse_Pa","trial_3","ribose",0.415333333333333,0.0299462481419255
"917",8.75,"JV1_Rib",1.691,"Mouse_Pa","trial_3","ribose",1.65166666666667,0.0234117729168705
"918",8.75,"JV3_Rib",0.65,"Mouse_Pa","trial_3","ribose",0.739333333333333,0.0716341011281948
"919",8.75,"JV4_Rib",0.365,"Mouse_Pa","trial_3","ribose",0.382,0.0150443787951957
"920",8.75,"JV5_Rib",0.421,"Mouse_Pa","trial_3","ribose",0.437,0.0201328918273887
"921",9,"JV1_Rib",1.727,"Mouse_Pa","trial_3","ribose",1.699,0.0170977581376429
"922",9,"JV3_Rib",0.708,"Mouse_Pa","trial_3","ribose",0.781666666666667,0.0663082029448678
"923",9,"JV4_Rib",0.376,"Mouse_Pa","trial_3","ribose",0.397333333333333,0.0130426650310092
"924",9,"JV5_Rib",0.464,"Mouse_Pa","trial_3","ribose",0.462333333333333,0.0216666666666667
"925",9.25,"JV1_Rib",1.759,"Mouse_Pa","trial_3","ribose",1.73633333333333,0.0139204086785474
"926",9.25,"JV3_Rib",0.721,"Mouse_Pa","trial_3","ribose",0.812,0.0654548190229973
"927",9.25,"JV4_Rib",0.395,"Mouse_Pa","trial_3","ribose",0.412333333333333,0.0110955446513955
"928",9.25,"JV5_Rib",0.454,"Mouse_Pa","trial_3","ribose",0.460666666666667,0.0279125618872778
"929",9.5,"JV1_Rib",1.797,"Mouse_Pa","trial_3","ribose",1.774,0.0127410099024109
"930",9.5,"JV3_Rib",0.781,"Mouse_Pa","trial_3","ribose",0.844333333333333,0.054581234056323
"931",9.5,"JV4_Rib",0.434,"Mouse_Pa","trial_3","ribose",0.429,0.00873689494805411
"932",9.5,"JV5_Rib",0.428,"Mouse_Pa","trial_3","ribose",0.445,0.0404516171905813
"933",9.75,"JV1_Rib",1.839,"Mouse_Pa","trial_3","ribose",1.82266666666667,0.00898764584180849
"934",9.75,"JV3_Rib",0.815,"Mouse_Pa","trial_3","ribose",0.891666666666667,0.0702669512960712
"935",9.75,"JV4_Rib",0.433,"Mouse_Pa","trial_3","ribose",0.428666666666667,0.015452435981999
"936",9.75,"JV5_Rib",0.416,"Mouse_Pa","trial_3","ribose",0.441,0.0431315816233689
"937",10,"JV1_Rib",1.875,"Mouse_Pa","trial_3","ribose",1.85733333333333,0.00983756970891581
"938",10,"JV3_Rib",0.855,"Mouse_Pa","trial_3","ribose",0.921666666666667,0.0519433452052437
"939",10,"JV4_Rib",0.423,"Mouse_Pa","trial_3","ribose",0.424666666666667,0.0158989866902824
"940",10,"JV5_Rib",0.41,"Mouse_Pa","trial_3","ribose",0.445666666666667,0.0444384718209096
"941",10.25,"JV1_Rib",1.901,"Mouse_Pa","trial_3","ribose",1.89066666666667,0.00606446846622012
"942",10.25,"JV3_Rib",0.874,"Mouse_Pa","trial_3","ribose",0.958333333333333,0.0631831552797984
"943",10.25,"JV4_Rib",0.439,"Mouse_Pa","trial_3","ribose",0.437333333333333,0.0130170827931778
"944",10.25,"JV5_Rib",0.414,"Mouse_Pa","trial_3","ribose",0.455333333333333,0.0433487152186903
"945",10.5,"JV1_Rib",1.923,"Mouse_Pa","trial_3","ribose",1.91566666666667,0.00371184290855335
"946",10.5,"JV3_Rib",0.911,"Mouse_Pa","trial_3","ribose",0.977666666666667,0.0569600249687835
"947",10.5,"JV4_Rib",0.443,"Mouse_Pa","trial_3","ribose",0.439666666666667,0.00825294560209331
"948",10.5,"JV5_Rib",0.43,"Mouse_Pa","trial_3","ribose",0.464333333333333,0.0384028355434567
"949",10.75,"JV1_Rib",1.955,"Mouse_Pa","trial_3","ribose",1.95266666666667,0.00145296631451359
"950",10.75,"JV3_Rib",0.938,"Mouse_Pa","trial_3","ribose",1.01733333333333,0.0608833128022595
"951",10.75,"JV4_Rib",0.456,"Mouse_Pa","trial_3","ribose",0.451,0.0045092497528229
"952",10.75,"JV5_Rib",0.404,"Mouse_Pa","trial_3","ribose",0.456,0.0392810386828047
"953",11,"JV1_Rib",1.962,"Mouse_Pa","trial_3","ribose",1.97133333333333,0.00520683311727111
"954",11,"JV3_Rib",0.982,"Mouse_Pa","trial_3","ribose",1.03566666666667,0.0487522079272086
"955",11,"JV4_Rib",0.473,"Mouse_Pa","trial_3","ribose",0.455666666666667,0.00956265885852069
"956",11,"JV5_Rib",0.456,"Mouse_Pa","trial_3","ribose",0.466666666666667,0.0270883328718801
"957",11.25,"JV1_Rib",1.993,"Mouse_Pa","trial_3","ribose",2.016,0.021031722072463
"958",11.25,"JV3_Rib",1.001,"Mouse_Pa","trial_3","ribose",1.05433333333333,0.0503631258406828
"959",11.25,"JV4_Rib",0.493,"Mouse_Pa","trial_3","ribose",0.464,0.0151327459504216
"960",11.25,"JV5_Rib",0.449,"Mouse_Pa","trial_3","ribose",0.464666666666667,0.0263080046965009
"961",11.5,"JV1_Rib",2.022,"Mouse_Pa","trial_3","ribose",2.02866666666667,0.00333333333333341
"962",11.5,"JV3_Rib",1.019,"Mouse_Pa","trial_3","ribose",1.08633333333333,0.0557653815353018
"963",11.5,"JV4_Rib",0.495,"Mouse_Pa","trial_3","ribose",0.464,0.0157162336455017
"964",11.5,"JV5_Rib",0.383,"Mouse_Pa","trial_3","ribose",0.435,0.0322335229225724
"965",11.75,"JV1_Rib",2.042,"Mouse_Pa","trial_3","ribose",2.06166666666667,0.0121974496423547
"966",11.75,"JV3_Rib",1.035,"Mouse_Pa","trial_3","ribose",1.09566666666667,0.0533427075095035
"967",11.75,"JV4_Rib",0.516,"Mouse_Pa","trial_3","ribose",0.470333333333333,0.022878908287863
"968",11.75,"JV5_Rib",0.367,"Mouse_Pa","trial_3","ribose",0.418,0.0263502055652956
"969",12,"JV1_Rib",2.057,"Mouse_Pa","trial_3","ribose",2.08866666666667,0.0232546291687865
"970",12,"JV3_Rib",1.041,"Mouse_Pa","trial_3","ribose",1.12066666666667,0.0561317893691069
"971",12,"JV4_Rib",0.514,"Mouse_Pa","trial_3","ribose",0.472333333333333,0.0212785755580062
"972",12,"JV5_Rib",0.394,"Mouse_Pa","trial_3","ribose",0.421333333333333,0.0140988573217044
"973",12.25,"JV1_Rib",2.09,"Mouse_Pa","trial_3","ribose",2.10833333333333,0.0132203546767013
"974",12.25,"JV3_Rib",1.061,"Mouse_Pa","trial_3","ribose",1.12166666666667,0.0542965110399472
"975",12.25,"JV4_Rib",0.527,"Mouse_Pa","trial_3","ribose",0.475333333333333,0.0258736244937667
"976",12.25,"JV5_Rib",0.389,"Mouse_Pa","trial_3","ribose",0.427666666666667,0.0222286101929723
"977",12.5,"JV1_Rib",2.119,"Mouse_Pa","trial_3","ribose",2.131,0.00832666399786443
"978",12.5,"JV3_Rib",1.084,"Mouse_Pa","trial_3","ribose",1.15533333333333,0.0513560555771609
"979",12.5,"JV4_Rib",0.539,"Mouse_Pa","trial_3","ribose",0.479333333333333,0.0299462481419255
"980",12.5,"JV5_Rib",0.392,"Mouse_Pa","trial_3","ribose",0.422666666666667,0.0161898459261079
"981",12.75,"JV1_Rib",2.134,"Mouse_Pa","trial_3","ribose",2.15933333333333,0.0214579692525748
"982",12.75,"JV3_Rib",1.097,"Mouse_Pa","trial_3","ribose",1.16166666666667,0.0490996718703677
"983",12.75,"JV4_Rib",0.539,"Mouse_Pa","trial_3","ribose",0.477333333333333,0.0308994786004194
"984",12.75,"JV5_Rib",0.39,"Mouse_Pa","trial_3","ribose",0.427666666666667,0.0219418423211098
"985",13,"JV1_Rib",2.141,"Mouse_Pa","trial_3","ribose",2.17166666666667,0.0168259059521652
"986",13,"JV3_Rib",1.11,"Mouse_Pa","trial_3","ribose",1.178,0.0493693562175297
"987",13,"JV4_Rib",0.542,"Mouse_Pa","trial_3","ribose",0.473,0.035028559776274
"988",13,"JV5_Rib",0.393,"Mouse_Pa","trial_3","ribose",0.417,0.0135769412362775
"989",13.25,"JV1_Rib",2.163,"Mouse_Pa","trial_3","ribose",2.2,0.0243789526709688
"990",13.25,"JV3_Rib",1.139,"Mouse_Pa","trial_3","ribose",1.194,0.0458293937700831
"991",13.25,"JV4_Rib",0.554,"Mouse_Pa","trial_3","ribose",0.476666666666667,0.0388772998605156
"992",13.25,"JV5_Rib",0.398,"Mouse_Pa","trial_3","ribose",0.430666666666667,0.0187646239267168
"993",13.5,"JV1_Rib",2.168,"Mouse_Pa","trial_3","ribose",2.20633333333333,0.0222286101929723
"994",13.5,"JV3_Rib",1.149,"Mouse_Pa","trial_3","ribose",1.20466666666667,0.0460301833341752
"995",13.5,"JV4_Rib",0.543,"Mouse_Pa","trial_3","ribose",0.464666666666667,0.0399346688702658
"996",13.5,"JV5_Rib",0.405,"Mouse_Pa","trial_3","ribose",0.429,0.013856406460551
"997",13.75,"JV1_Rib",2.202,"Mouse_Pa","trial_3","ribose",2.23233333333333,0.0195987527947855
"998",13.75,"JV3_Rib",1.17,"Mouse_Pa","trial_3","ribose",1.20266666666667,0.033167922924282
"999",13.75,"JV4_Rib",0.583,"Mouse_Pa","trial_3","ribose",0.468666666666667,0.0603499056429346
"1000",13.75,"JV5_Rib",0.415,"Mouse_Pa","trial_3","ribose",0.432333333333333,0.00982061324177083
"1001",14,"JV1_Rib",2.218,"Mouse_Pa","trial_3","ribose",2.25466666666667,0.0226372357951328
"1002",14,"JV3_Rib",1.161,"Mouse_Pa","trial_3","ribose",1.202,0.0435239397726508
"1003",14,"JV4_Rib",0.567,"Mouse_Pa","trial_3","ribose",0.463,0.0520800665642176
"1004",14,"JV5_Rib",0.43,"Mouse_Pa","trial_3","ribose",0.43,0.0121243556529822
"1005",14.25,"JV1_Rib",2.231,"Mouse_Pa","trial_3","ribose",2.26533333333333,0.0226151375066446
"1006",14.25,"JV3_Rib",1.173,"Mouse_Pa","trial_3","ribose",1.211,0.0390042732701602
"1007",14.25,"JV4_Rib",0.596,"Mouse_Pa","trial_3","ribose",0.484333333333333,0.0580469158908933
"1008",14.25,"JV5_Rib",0.456,"Mouse_Pa","trial_3","ribose",0.455,0.0101159939369957
"1009",14.5,"JV1_Rib",2.254,"Mouse_Pa","trial_3","ribose",2.28866666666667,0.0211528826509401
"1010",14.5,"JV3_Rib",1.141,"Mouse_Pa","trial_3","ribose",1.202,0.0425949918808929
"1011",14.5,"JV4_Rib",0.586,"Mouse_Pa","trial_3","ribose",0.461666666666667,0.0622477130325105
"1012",14.5,"JV5_Rib",0.431,"Mouse_Pa","trial_3","ribose",0.425333333333333,0.0172658944486265
"1013",14.75,"JV1_Rib",2.262,"Mouse_Pa","trial_3","ribose",2.303,0.0274043792120894
"1014",14.75,"JV3_Rib",1.159,"Mouse_Pa","trial_3","ribose",1.2,0.0315330514434194
"1015",14.75,"JV4_Rib",0.608,"Mouse_Pa","trial_3","ribose",0.469333333333333,0.0693717842097523
"1016",14.75,"JV5_Rib",0.423,"Mouse_Pa","trial_3","ribose",0.419,0.019157244060668
"1017",15,"JV1_Rib",2.29,"Mouse_Pa","trial_3","ribose",2.322,0.0223383079036887
"1018",15,"JV3_Rib",1.15,"Mouse_Pa","trial_3","ribose",1.17233333333333,0.0317612622195306
"1019",15,"JV4_Rib",0.607,"Mouse_Pa","trial_3","ribose",0.461666666666667,0.0727239835114784
"1020",15,"JV5_Rib",0.438,"Mouse_Pa","trial_3","ribose",0.432,0.0267270150472015
"1021",15.25,"JV1_Rib",2.311,"Mouse_Pa","trial_3","ribose",2.339,0.022722969289539
"1022",15.25,"JV3_Rib",1.124,"Mouse_Pa","trial_3","ribose",1.14533333333333,0.0307751703668901
"1023",15.25,"JV4_Rib",0.615,"Mouse_Pa","trial_3","ribose",0.470333333333333,0.0727216917050507
"1024",15.25,"JV5_Rib",0.463,"Mouse_Pa","trial_3","ribose",0.438333333333333,0.0303333333333333
"1025",15.5,"JV1_Rib",2.309,"Mouse_Pa","trial_3","ribose",2.35366666666667,0.0256926275633908
"1026",15.5,"JV3_Rib",1.14,"Mouse_Pa","trial_3","ribose",1.134,0.0065064070986477
"1027",15.5,"JV4_Rib",0.624,"Mouse_Pa","trial_3","ribose",0.469,0.0776208734813001
"1028",15.5,"JV5_Rib",0.484,"Mouse_Pa","trial_3","ribose",0.434666666666667,0.0354087245997053
"1029",15.75,"JV1_Rib",2.334,"Mouse_Pa","trial_3","ribose",2.36933333333333,0.02175877856049
"1030",15.75,"JV3_Rib",1.116,"Mouse_Pa","trial_3","ribose",1.09433333333333,0.0112891294812508
"1031",15.75,"JV4_Rib",0.631,"Mouse_Pa","trial_3","ribose",0.465666666666667,0.0827392154771713
"1032",15.75,"JV5_Rib",0.498,"Mouse_Pa","trial_3","ribose",0.437,0.0425949918808929
"1033",16,"JV1_Rib",2.342,"Mouse_Pa","trial_3","ribose",2.381,0.0247857485933617
"1034",16,"JV3_Rib",1.081,"Mouse_Pa","trial_3","ribose",1.041,0.0240069434400411
"1035",16,"JV4_Rib",0.635,"Mouse_Pa","trial_3","ribose",0.466333333333333,0.0843412381012067
"1036",16,"JV5_Rib",0.515,"Mouse_Pa","trial_3","ribose",0.450666666666667,0.0441977877777208
"1037",16.25,"JV1_Rib",2.372,"Mouse_Pa","trial_3","ribose",2.402,0.0216333076527839
"1038",16.25,"JV3_Rib",1.055,"Mouse_Pa","trial_3","ribose",0.977333333333333,0.0450345546343151
"1039",16.25,"JV4_Rib",0.652,"Mouse_Pa","trial_3","ribose",0.474333333333333,0.0889687835391967
"1040",16.25,"JV5_Rib",0.531,"Mouse_Pa","trial_3","ribose",0.456333333333333,0.0513235921493334
"1041",16.5,"JV1_Rib",2.379,"Mouse_Pa","trial_3","ribose",2.41333333333333,0.0222436008276038
"1042",16.5,"JV3_Rib",1.007,"Mouse_Pa","trial_3","ribose",0.895333333333333,0.0664789022505971
"1043",16.5,"JV4_Rib",0.643,"Mouse_Pa","trial_3","ribose",0.470666666666667,0.0862251574529022
"1044",16.5,"JV5_Rib",0.54,"Mouse_Pa","trial_3","ribose",0.454666666666667,0.0518405675551922
"1045",16.75,"JV1_Rib",2.405,"Mouse_Pa","trial_3","ribose",2.43533333333333,0.0232402906847378
"1046",16.75,"JV3_Rib",0.952,"Mouse_Pa","trial_3","ribose",0.818666666666667,0.0675631391942217
"1047",16.75,"JV4_Rib",0.637,"Mouse_Pa","trial_3","ribose",0.468333333333333,0.0844932607437487
"1048",16.75,"JV5_Rib",0.551,"Mouse_Pa","trial_3","ribose",0.461666666666667,0.0583390473391917
"1049",17,"JV1_Rib",2.406,"Mouse_Pa","trial_3","ribose",2.442,0.0257940561628708
"1050",17,"JV3_Rib",0.865,"Mouse_Pa","trial_3","ribose",0.703333333333333,0.0815359498081129
"1051",17,"JV4_Rib",0.643,"Mouse_Pa","trial_3","ribose",0.471666666666667,0.0861632816872194
"1052",17,"JV5_Rib",0.559,"Mouse_Pa","trial_3","ribose",0.463,0.0581979381078059
"1053",17.25,"JV1_Rib",2.449,"Mouse_Pa","trial_3","ribose",2.46733333333333,0.019341952101872
"1054",17.25,"JV3_Rib",0.772,"Mouse_Pa","trial_3","ribose",0.612333333333333,0.0810767811672642
"1055",17.25,"JV4_Rib",0.638,"Mouse_Pa","trial_3","ribose",0.465,0.0868504461704141
"1056",17.25,"JV5_Rib",0.568,"Mouse_Pa","trial_3","ribose",0.472,0.0609289203361863
"1057",17.5,"JV1_Rib",2.452,"Mouse_Pa","trial_3","ribose",2.47833333333333,0.0193247107208477
"1058",17.5,"JV3_Rib",0.731,"Mouse_Pa","trial_3","ribose",0.612,0.0598693020949245
"1059",17.5,"JV4_Rib",0.627,"Mouse_Pa","trial_3","ribose",0.462333333333333,0.0827875460306548
"1060",17.5,"JV5_Rib",0.568,"Mouse_Pa","trial_3","ribose",0.464333333333333,0.0621834204412863
"1061",17.75,"JV1_Rib",2.482,"Mouse_Pa","trial_3","ribose",2.49533333333333,0.0218276073916597
"1062",17.75,"JV3_Rib",0.506,"Mouse_Pa","trial_3","ribose",0.521333333333333,0.0133832399332565
"1063",17.75,"JV4_Rib",0.632,"Mouse_Pa","trial_3","ribose",0.465,0.0839781717670332
"1064",17.75,"JV5_Rib",0.567,"Mouse_Pa","trial_3","ribose",0.467666666666667,0.0605539245448037
"1065",18,"JV1_Rib",2.502,"Mouse_Pa","trial_3","ribose",2.51366666666667,0.0224227067451228
"1066",18,"JV3_Rib",0.469,"Mouse_Pa","trial_3","ribose",0.5,0.0170977581376429
"1067",18,"JV4_Rib",0.622,"Mouse_Pa","trial_3","ribose",0.464333333333333,0.0793396356040143
"1068",18,"JV5_Rib",0.574,"Mouse_Pa","trial_3","ribose",0.468,0.0626923706150384
"1069",18.25,"JV1_Rib",2.511,"Mouse_Pa","trial_3","ribose",2.529,0.0247857485933616
"1070",18.25,"JV3_Rib",0.469,"Mouse_Pa","trial_3","ribose",0.491666666666667,0.0149925907626994
"1071",18.25,"JV4_Rib",0.626,"Mouse_Pa","trial_3","ribose",0.467666666666667,0.0796708506572162
"1072",18.25,"JV5_Rib",0.577,"Mouse_Pa","trial_3","ribose",0.476666666666667,0.062477551524083
"1073",18.5,"JV1_Rib",2.509,"Mouse_Pa","trial_3","ribose",2.538,0.0300055550412475
"1074",18.5,"JV3_Rib",0.479,"Mouse_Pa","trial_3","ribose",0.505,0.0159478316185409
"1075",18.5,"JV4_Rib",0.638,"Mouse_Pa","trial_3","ribose",0.473333333333333,0.0824324639393432
"1076",18.5,"JV5_Rib",0.582,"Mouse_Pa","trial_3","ribose",0.480666666666667,0.0613767961945808
"1077",18.75,"JV1_Rib",2.544,"Mouse_Pa","trial_3","ribose",2.564,0.0300055550412476
"1078",18.75,"JV3_Rib",0.471,"Mouse_Pa","trial_3","ribose",0.503,0.0160104132780305
"1079",18.75,"JV4_Rib",0.642,"Mouse_Pa","trial_3","ribose",0.473666666666667,0.0847040599840278
"1080",18.75,"JV5_Rib",0.586,"Mouse_Pa","trial_3","ribose",0.476666666666667,0.0638078713361012
"1081",19,"JV1_Rib",2.554,"Mouse_Pa","trial_3","ribose",2.58166666666667,0.0333183299568138
"1082",19,"JV3_Rib",0.493,"Mouse_Pa","trial_3","ribose",0.502666666666667,0.00775313556640868
"1083",19,"JV4_Rib",0.652,"Mouse_Pa","trial_3","ribose",0.478333333333333,0.0871327212424306
"1084",19,"JV5_Rib",0.588,"Mouse_Pa","trial_3","ribose",0.487666666666667,0.0617962602248532
"1085",19.25,"JV1_Rib",2.561,"Mouse_Pa","trial_3","ribose",2.58966666666667,0.0337902023932645
"1086",19.25,"JV3_Rib",0.496,"Mouse_Pa","trial_3","ribose",0.512333333333333,0.00821245666316995
"1087",19.25,"JV4_Rib",0.645,"Mouse_Pa","trial_3","ribose",0.482666666666667,0.0814868769257425
"1088",19.25,"JV5_Rib",0.588,"Mouse_Pa","trial_3","ribose",0.494666666666667,0.0617341972581738
"1089",19.5,"JV1_Rib",2.6,"Mouse_Pa","trial_3","ribose",2.61666666666667,0.0289386323872509
"1090",19.5,"JV3_Rib",0.49,"Mouse_Pa","trial_3","ribose",0.499333333333333,0.00466666666666667
"1091",19.5,"JV4_Rib",0.656,"Mouse_Pa","trial_3","ribose",0.488666666666667,0.0841136796907085
"1092",19.5,"JV5_Rib",0.583,"Mouse_Pa","trial_3","ribose",0.486666666666667,0.0608833128022595
"1093",19.75,"JV1_Rib",2.614,"Mouse_Pa","trial_3","ribose",2.63066666666667,0.0250953736329584
"1094",19.75,"JV3_Rib",0.497,"Mouse_Pa","trial_3","ribose",0.51,0.00680685928555405
"1095",19.75,"JV4_Rib",0.655,"Mouse_Pa","trial_3","ribose",0.492,0.0828190799272728
"1096",19.75,"JV5_Rib",0.586,"Mouse_Pa","trial_3","ribose",0.485666666666667,0.0611291892452188
"1097",20,"JV1_Rib",2.631,"Mouse_Pa","trial_3","ribose",2.649,0.0253245598842968
"1098",20,"JV3_Rib",0.489,"Mouse_Pa","trial_3","ribose",0.502,0.00700000000000001
"1099",20,"JV4_Rib",0.646,"Mouse_Pa","trial_3","ribose",0.487,0.0803761987987323
"1100",20,"JV5_Rib",0.586,"Mouse_Pa","trial_3","ribose",0.494,0.0623885673287449
"1101",20.25,"JV1_Rib",2.653,"Mouse_Pa","trial_3","ribose",2.668,0.0218250620464944
"1102",20.25,"JV3_Rib",0.498,"Mouse_Pa","trial_3","ribose",0.505666666666667,0.00384418753155694
"1103",20.25,"JV4_Rib",0.675,"Mouse_Pa","trial_3","ribose",0.497666666666667,0.0894153852036165
"1104",20.25,"JV5_Rib",0.59,"Mouse_Pa","trial_3","ribose",0.492666666666667,0.061809743927996
"1105",20.5,"JV1_Rib",2.662,"Mouse_Pa","trial_3","ribose",2.67833333333333,0.0220630409911639
"1106",20.5,"JV3_Rib",0.498,"Mouse_Pa","trial_3","ribose",0.51,0.0100664459136943
"1107",20.5,"JV4_Rib",0.673,"Mouse_Pa","trial_3","ribose",0.497,0.0889119414552024
"1108",20.5,"JV5_Rib",0.593,"Mouse_Pa","trial_3","ribose",0.495,0.0635164020811423
"1109",20.75,"JV1_Rib",2.679,"Mouse_Pa","trial_3","ribose",2.69133333333333,0.0181138375589246
"1110",20.75,"JV3_Rib",0.499,"Mouse_Pa","trial_3","ribose",0.519666666666667,0.0127714960404454
"1111",20.75,"JV4_Rib",0.677,"Mouse_Pa","trial_3","ribose",0.502666666666667,0.0884012317661795
"1112",20.75,"JV5_Rib",0.59,"Mouse_Pa","trial_3","ribose",0.493,0.0611473629848418
"1113",21,"JV1_Rib",2.693,"Mouse_Pa","trial_3","ribose",2.706,0.0187705443004014
"1114",21,"JV3_Rib",0.506,"Mouse_Pa","trial_3","ribose",0.524666666666667,0.0112891294812507
"1115",21,"JV4_Rib",0.695,"Mouse_Pa","trial_3","ribose",0.506,0.0953886785735079
"1116",21,"JV5_Rib",0.584,"Mouse_Pa","trial_3","ribose",0.496,0.0629603049547888
"1117",21.25,"JV1_Rib",2.705,"Mouse_Pa","trial_3","ribose",2.71966666666667,0.0188089813062212
"1118",21.25,"JV3_Rib",0.491,"Mouse_Pa","trial_3","ribose",0.514,0.0138924439894498
"1119",21.25,"JV4_Rib",0.719,"Mouse_Pa","trial_3","ribose",0.514,0.103248890228096
"1120",21.25,"JV5_Rib",0.589,"Mouse_Pa","trial_3","ribose",0.498,0.0634113554499508
"1121",21.5,"JV1_Rib",2.72,"Mouse_Pa","trial_3","ribose",2.731,0.0195533458347499
"1122",21.5,"JV3_Rib",0.495,"Mouse_Pa","trial_3","ribose",0.515666666666667,0.0134824989441045
"1123",21.5,"JV4_Rib",0.717,"Mouse_Pa","trial_3","ribose",0.516,0.10089763789769
"1124",21.5,"JV5_Rib",0.585,"Mouse_Pa","trial_3","ribose",0.495,0.0585946527708231
"1125",21.75,"JV1_Rib",2.732,"Mouse_Pa","trial_3","ribose",2.741,0.017616280348965
"1126",21.75,"JV3_Rib",0.495,"Mouse_Pa","trial_3","ribose",0.518,0.0149331845230681
"1127",21.75,"JV4_Rib",0.718,"Mouse_Pa","trial_3","ribose",0.517,0.100801785698469
"1128",21.75,"JV5_Rib",0.586,"Mouse_Pa","trial_3","ribose",0.499,0.0599694366601299
"1129",22,"JV1_Rib",2.738,"Mouse_Pa","trial_3","ribose",2.753,0.0196723155729059
"1130",22,"JV3_Rib",0.5,"Mouse_Pa","trial_3","ribose",0.521666666666667,0.0148136573621927
"1131",22,"JV4_Rib",0.762,"Mouse_Pa","trial_3","ribose",0.53,0.116322826650662
"1132",22,"JV5_Rib",0.588,"Mouse_Pa","trial_3","ribose",0.498666666666667,0.0610173017357463
"1133",22.25,"JV1_Rib",2.745,"Mouse_Pa","trial_3","ribose",2.76233333333333,0.0188532343231723
"1134",22.25,"JV3_Rib",0.489,"Mouse_Pa","trial_3","ribose",0.510666666666667,0.0111405166447123
"1135",22.25,"JV4_Rib",0.758,"Mouse_Pa","trial_3","ribose",0.537666666666667,0.110683231691968
"1136",22.25,"JV5_Rib",0.58,"Mouse_Pa","trial_3","ribose",0.496,0.0570993286592175
"1137",22.5,"JV1_Rib",2.753,"Mouse_Pa","trial_3","ribose",2.77366666666667,0.0221835775092998
"1138",22.5,"JV3_Rib",0.509,"Mouse_Pa","trial_3","ribose",0.530333333333333,0.0116237305161085
"1139",22.5,"JV4_Rib",0.764,"Mouse_Pa","trial_3","ribose",0.537333333333333,0.113427411932821
"1140",22.5,"JV5_Rib",0.581,"Mouse_Pa","trial_3","ribose",0.501,0.0572741943054054
"1141",22.75,"JV1_Rib",2.764,"Mouse_Pa","trial_3","ribose",2.782,0.0200333056017557
"1142",22.75,"JV3_Rib",0.494,"Mouse_Pa","trial_3","ribose",0.519666666666667,0.0132203546767013
"1143",22.75,"JV4_Rib",0.787,"Mouse_Pa","trial_3","ribose",0.553,0.117069779761189
"1144",22.75,"JV5_Rib",0.577,"Mouse_Pa","trial_3","ribose",0.504333333333333,0.053917632654922
"1145",23,"JV1_Rib",2.774,"Mouse_Pa","trial_3","ribose",2.79133333333333,0.0209311039152529
"1146",23,"JV3_Rib",0.506,"Mouse_Pa","trial_3","ribose",0.532,0.013114877048604
"1147",23,"JV4_Rib",0.813,"Mouse_Pa","trial_3","ribose",0.563666666666667,0.124828326557361
"1148",23,"JV5_Rib",0.587,"Mouse_Pa","trial_3","ribose",0.503333333333333,0.0567812566883748
"1149",23.25,"JV1_Rib",2.78,"Mouse_Pa","trial_3","ribose",2.80066666666667,0.0221835775092999
"1150",23.25,"JV3_Rib",0.512,"Mouse_Pa","trial_3","ribose",0.529333333333333,0.0107445076408575
"1151",23.25,"JV4_Rib",0.833,"Mouse_Pa","trial_3","ribose",0.571,0.131153853673208
"1152",23.25,"JV5_Rib",0.581,"Mouse_Pa","trial_3","ribose",0.501666666666667,0.0542104950888458
"1153",23.5,"JV1_Rib",2.774,"Mouse_Pa","trial_3","ribose",2.805,0.0243378991150292
"1154",23.5,"JV3_Rib",0.512,"Mouse_Pa","trial_3","ribose",0.532333333333333,0.0147459975737298
"1155",23.5,"JV4_Rib",0.844,"Mouse_Pa","trial_3","ribose",0.576666666666667,0.133746443358734
"1156",23.5,"JV5_Rib",0.579,"Mouse_Pa","trial_3","ribose",0.505,0.0552207690396768
"1157",23.75,"JV1_Rib",2.802,"Mouse_Pa","trial_3","ribose",2.821,0.0231156512634477
"1158",23.75,"JV3_Rib",0.515,"Mouse_Pa","trial_3","ribose",0.540666666666667,0.0130936795609349
"1159",23.75,"JV4_Rib",0.868,"Mouse_Pa","trial_3","ribose",0.583666666666667,0.1421669597496
"1160",23.75,"JV5_Rib",0.575,"Mouse_Pa","trial_3","ribose",0.511666666666667,0.0513430726691645
"1161",24,"JV1_Rib",2.812,"Mouse_Pa","trial_3","ribose",2.834,0.0255799400572661
"1162",24,"JV3_Rib",0.51,"Mouse_Pa","trial_3","ribose",0.533666666666667,0.0122519839663261
"1163",24,"JV4_Rib",0.891,"Mouse_Pa","trial_3","ribose",0.592666666666667,0.149169180611963
"1164",24,"JV5_Rib",0.577,"Mouse_Pa","trial_3","ribose",0.507333333333333,0.0514144380932481
