"","Time","strain","OD600","expt","trial","mean_OD600","sem_OD600"
"1",0,"KPPR1",0.016,"Mouse_Pa","trial_1",0.00893333333333333,0.00141241659396958
"2",0,"145.1",0.001,"Mouse_Pa","trial_1",0.00366666666666667,0.00145296631451356
"3",0,"191.1",0.004,"Mouse_Pa","trial_1",0.014,0.00901849950564579
"4",0,"193.1",0.01,"Mouse_Pa","trial_1",0.011,0.00321455025366432
"5",0.25,"KPPR1",0.017,"Mouse_Pa","trial_1",0.0108666666666667,0.00126816953450789
"6",0.25,"145.1",0.002,"Mouse_Pa","trial_1",0.00366666666666667,0.00120185042515466
"7",0.25,"191.1",0.004,"Mouse_Pa","trial_1",0.013,0.00850490054811538
"8",0.25,"193.1",0.01,"Mouse_Pa","trial_1",0.0106666666666667,0.00290593262902712
"9",0.5,"KPPR1",0.02,"Mouse_Pa","trial_1",0.0148,0.00170209954384074
"10",0.5,"145.1",0.001,"Mouse_Pa","trial_1",0.003,0.00152752523165195
"11",0.5,"191.1",0.002,"Mouse_Pa","trial_1",0.012,0.00854400374531753
"12",0.5,"193.1",0.01,"Mouse_Pa","trial_1",0.0103333333333333,0.00317979733805649
"13",0.75,"KPPR1",0.026,"Mouse_Pa","trial_1",0.0190666666666667,0.00213690177742198
"14",0.75,"145.1",0.003,"Mouse_Pa","trial_1",0.004,0.001
"15",0.75,"191.1",0.001,"Mouse_Pa","trial_1",0.012,0.00862167810425171
"16",0.75,"193.1",0.01,"Mouse_Pa","trial_1",0.01,0.00346410161513775
"17",1,"KPPR1",0.036,"Mouse_Pa","trial_1",0.0243333333333333,0.00277860305200921
"18",1,"145.1",0.002,"Mouse_Pa","trial_1",0.00433333333333333,0.00145296631451356
"19",1,"191.1",0.003,"Mouse_Pa","trial_1",0.0133333333333333,0.00841295297608264
"20",1,"193.1",0.013,"Mouse_Pa","trial_1",0.0116666666666667,0.00409606857581484
"21",1.25,"KPPR1",0.051,"Mouse_Pa","trial_1",0.0305333333333333,0.00357086979755789
"22",1.25,"145.1",0.009,"Mouse_Pa","trial_1",0.008,0.001
"23",1.25,"191.1",0.006,"Mouse_Pa","trial_1",0.0153333333333333,0.00788106027835793
"24",1.25,"193.1",0.018,"Mouse_Pa","trial_1",0.0146666666666667,0.004371625682868
"25",1.5,"KPPR1",0.074,"Mouse_Pa","trial_1",0.039,0.00445613541728063
"26",1.5,"145.1",0.013,"Mouse_Pa","trial_1",0.0113333333333333,0.000881917103688197
"27",1.5,"191.1",0.009,"Mouse_Pa","trial_1",0.018,0.00850490054811538
"28",1.5,"193.1",0.022,"Mouse_Pa","trial_1",0.0183333333333333,0.0047022453265553
"29",1.75,"KPPR1",0.099,"Mouse_Pa","trial_1",0.0510666666666667,0.00589791461665874
"30",1.75,"145.1",0.018,"Mouse_Pa","trial_1",0.014,0.00264575131106459
"31",1.75,"191.1",0.015,"Mouse_Pa","trial_1",0.0216666666666667,0.00821245666316995
"32",1.75,"193.1",0.03,"Mouse_Pa","trial_1",0.023,0.00602771377334171
"33",2,"KPPR1",0.131,"Mouse_Pa","trial_1",0.0685333333333333,0.00759063750799482
"34",2,"145.1",0.027,"Mouse_Pa","trial_1",0.021,0.00321455025366432
"35",2,"191.1",0.023,"Mouse_Pa","trial_1",0.0276666666666667,0.00785988408170106
"36",2,"193.1",0.05,"Mouse_Pa","trial_1",0.033,0.0101159939369957
"37",2.25,"KPPR1",0.165,"Mouse_Pa","trial_1",0.0904,0.00931961576972131
"38",2.25,"145.1",0.039,"Mouse_Pa","trial_1",0.03,0.00493288286231625
"39",2.25,"191.1",0.043,"Mouse_Pa","trial_1",0.0383333333333333,0.00841295297608264
"40",2.25,"193.1",0.075,"Mouse_Pa","trial_1",0.0483333333333333,0.0155920207513687
"41",2.5,"KPPR1",0.194,"Mouse_Pa","trial_1",0.117666666666667,0.0109595214818491
"42",2.5,"145.1",0.06,"Mouse_Pa","trial_1",0.042,0.00901849950564579
"43",2.5,"191.1",0.068,"Mouse_Pa","trial_1",0.0583333333333333,0.0144029318003122
"44",2.5,"193.1",0.129,"Mouse_Pa","trial_1",0.0753333333333333,0.0290994463483032
"45",2.75,"KPPR1",0.212,"Mouse_Pa","trial_1",0.143133333333333,0.0109895477036209
"46",2.75,"145.1",0.128,"Mouse_Pa","trial_1",0.0743333333333333,0.026847304851284
"47",2.75,"191.1",0.124,"Mouse_Pa","trial_1",0.0953333333333333,0.0207551867680775
"48",2.75,"193.1",0.159,"Mouse_Pa","trial_1",0.107333333333333,0.0312641079265736
"49",3,"KPPR1",0.238,"Mouse_Pa","trial_1",0.168466666666667,0.0103357293689077
"50",3,"145.1",0.174,"Mouse_Pa","trial_1",0.109333333333333,0.0323539453201272
"51",3,"191.1",0.156,"Mouse_Pa","trial_1",0.142,0.0130128141972954
"52",3,"193.1",0.198,"Mouse_Pa","trial_1",0.145666666666667,0.0276546158493981
"53",3.25,"KPPR1",0.263,"Mouse_Pa","trial_1",0.189133333333333,0.0104825781392005
"54",3.25,"145.1",0.197,"Mouse_Pa","trial_1",0.165,0.0165025250593154
"55",3.25,"191.1",0.18,"Mouse_Pa","trial_1",0.163333333333333,0.0156773013550731
"56",3.25,"193.1",0.245,"Mouse_Pa","trial_1",0.18,0.0337095436535906
"57",3.5,"KPPR1",0.292,"Mouse_Pa","trial_1",0.2092,0.0113507708989302
"58",3.5,"145.1",0.25,"Mouse_Pa","trial_1",0.197666666666667,0.0261682589749066
"59",3.5,"191.1",0.213,"Mouse_Pa","trial_1",0.189666666666667,0.0194707758220136
"60",3.5,"193.1",0.284,"Mouse_Pa","trial_1",0.210666666666667,0.0379575786606282
"61",3.75,"KPPR1",0.316,"Mouse_Pa","trial_1",0.230133333333333,0.012782006201676
"62",3.75,"145.1",0.321,"Mouse_Pa","trial_1",0.233,0.0440151489073175
"63",3.75,"191.1",0.253,"Mouse_Pa","trial_1",0.221333333333333,0.0245515331044271
"64",3.75,"193.1",0.331,"Mouse_Pa","trial_1",0.249666666666667,0.0422742369666338
"65",4,"KPPR1",0.344,"Mouse_Pa","trial_1",0.253533333333333,0.0138154043308691
"66",4,"145.1",0.384,"Mouse_Pa","trial_1",0.282,0.0510130702206144
"67",4,"191.1",0.305,"Mouse_Pa","trial_1",0.267666666666667,0.0296947432684268
"68",4,"193.1",0.395,"Mouse_Pa","trial_1",0.298,0.0524309069156733
"69",4.25,"KPPR1",0.373,"Mouse_Pa","trial_1",0.277933333333333,0.0147984769701115
"70",4.25,"145.1",0.458,"Mouse_Pa","trial_1",0.353,0.0525198375219625
"71",4.25,"191.1",0.373,"Mouse_Pa","trial_1",0.325,0.0366606055596467
"72",4.25,"193.1",0.458,"Mouse_Pa","trial_1",0.354333333333333,0.0559533535883041
"73",4.5,"KPPR1",0.401,"Mouse_Pa","trial_1",0.305133333333333,0.01563752101492
"74",4.5,"145.1",0.551,"Mouse_Pa","trial_1",0.436666666666667,0.0572256741137907
"75",4.5,"191.1",0.444,"Mouse_Pa","trial_1",0.384666666666667,0.0438798865591565
"76",4.5,"193.1",0.526,"Mouse_Pa","trial_1",0.422333333333333,0.0573478663751127
"77",4.75,"KPPR1",0.434,"Mouse_Pa","trial_1",0.3324,0.0165295694640443
"78",4.75,"145.1",0.677,"Mouse_Pa","trial_1",0.542333333333333,0.067533530766411
"79",4.75,"191.1",0.788,"Mouse_Pa","trial_1",0.548,0.124741065144295
"80",4.75,"193.1",0.586,"Mouse_Pa","trial_1",0.485666666666667,0.0586126645397088
"81",5,"KPPR1",0.467,"Mouse_Pa","trial_1",0.363,0.0172433562085034
"82",5,"145.1",0.914,"Mouse_Pa","trial_1",0.676333333333333,0.118912199168593
"83",5,"191.1",1.417,"Mouse_Pa","trial_1",0.805666666666667,0.307495438087209
"84",5,"193.1",0.641,"Mouse_Pa","trial_1",0.573666666666667,0.0543946484295815
"85",5.25,"KPPR1",0.508,"Mouse_Pa","trial_1",0.395266666666667,0.0184740401301437
"86",5.25,"145.1",1.423,"Mouse_Pa","trial_1",1.06833333333333,0.241913437227268
"87",5.25,"191.1",1.681,"Mouse_Pa","trial_1",0.941333333333333,0.370500712250028
"88",5.25,"193.1",0.655,"Mouse_Pa","trial_1",0.762,0.10008163334665
"89",5.5,"KPPR1",0.56,"Mouse_Pa","trial_1",0.4284,0.0197577712257614
"90",5.5,"145.1",1.643,"Mouse_Pa","trial_1",1.37766666666667,0.375802400796542
"91",5.5,"191.1",1.922,"Mouse_Pa","trial_1",1.20433333333333,0.373339136859654
"92",5.5,"193.1",0.634,"Mouse_Pa","trial_1",0.941,0.26610712128765
"93",5.75,"KPPR1",0.624,"Mouse_Pa","trial_1",0.4642,0.0217477311350819
"94",5.75,"145.1",1.867,"Mouse_Pa","trial_1",1.59066666666667,0.474641033952092
"95",5.75,"191.1",2.163,"Mouse_Pa","trial_1",1.51333333333333,0.434760598235141
"96",5.75,"193.1",0.628,"Mouse_Pa","trial_1",1.024,0.350529599320799
"97",6,"KPPR1",0.697,"Mouse_Pa","trial_1",0.502733333333333,0.0242874583874195
"98",6,"145.1",2.169,"Mouse_Pa","trial_1",1.75866666666667,0.553555276774095
"99",6,"191.1",2.38,"Mouse_Pa","trial_1",1.69933333333333,0.527914555375941
"100",6,"193.1",0.646,"Mouse_Pa","trial_1",1.09733333333333,0.424619568293523
"101",6.25,"KPPR1",0.762,"Mouse_Pa","trial_1",0.544133333333333,0.0263040584713365
"102",6.25,"145.1",2.723,"Mouse_Pa","trial_1",2.10066666666667,0.580352287647579
"103",6.25,"191.1",2.555,"Mouse_Pa","trial_1",1.82533333333333,0.598379014040804
"104",6.25,"193.1",0.684,"Mouse_Pa","trial_1",1.17666666666667,0.494167425519372
"105",6.5,"KPPR1",0.82,"Mouse_Pa","trial_1",0.584333333333333,0.0279487058507216
"106",6.5,"145.1",3.226,"Mouse_Pa","trial_1",2.64666666666667,0.375551298463709
"107",6.5,"191.1",2.74,"Mouse_Pa","trial_1",1.94466666666667,0.658457119164018
"108",6.5,"193.1",0.73,"Mouse_Pa","trial_1",1.24633333333333,0.536963789385384
"109",6.75,"KPPR1",0.879,"Mouse_Pa","trial_1",0.6266,0.0291756258348839
"110",6.75,"145.1",3.308,"Mouse_Pa","trial_1",2.863,0.273843629345898
"111",6.75,"191.1",2.867,"Mouse_Pa","trial_1",2.05,0.699028611717718
"112",6.75,"193.1",0.793,"Mouse_Pa","trial_1",1.335,0.581436152986723
"113",7,"KPPR1",0.925,"Mouse_Pa","trial_1",0.6704,0.029720892122738
"114",7,"145.1",3.411,"Mouse_Pa","trial_1",3.43933333333333,0.100023886036175
"115",7,"191.1",3.016,"Mouse_Pa","trial_1",2.16166666666667,0.73571288179863
"116",7,"193.1",0.858,"Mouse_Pa","trial_1",1.41966666666667,0.612347486680924
"117",7.25,"KPPR1",0.987,"Mouse_Pa","trial_1",0.716733333333333,0.0311771385514124
"118",7.25,"145.1",3.466,"Mouse_Pa","trial_1",3.51266666666667,0.104821011464517
"119",7.25,"191.1",3.135,"Mouse_Pa","trial_1",2.26366666666667,0.762555426036546
"120",7.25,"193.1",0.932,"Mouse_Pa","trial_1",1.508,0.636942697579617
"121",7.5,"KPPR1",1.04,"Mouse_Pa","trial_1",0.761666666666667,0.0323851327833749
"122",7.5,"145.1",3.609,"Mouse_Pa","trial_1",3.51066666666667,0.0493096790138046
"123",7.5,"191.1",3.236,"Mouse_Pa","trial_1",2.35533333333333,0.778508046058471
"124",7.5,"193.1",1.005,"Mouse_Pa","trial_1",1.595,0.65658992783421
"125",7.75,"KPPR1",1.094,"Mouse_Pa","trial_1",0.8084,0.033888584958304
"126",7.75,"145.1",3.737,"Mouse_Pa","trial_1",3.622,0.0575586657246327
"127",7.75,"191.1",3.338,"Mouse_Pa","trial_1",2.45066666666667,0.793750660542157
"128",7.75,"193.1",1.095,"Mouse_Pa","trial_1",1.68266666666667,0.666151717787406
"129",8,"KPPR1",1.147,"Mouse_Pa","trial_1",0.856333333333333,0.0357228307237911
"130",8,"145.1",3.833,"Mouse_Pa","trial_1",3.74166666666667,0.0463764787125735
"131",8,"191.1",3.417,"Mouse_Pa","trial_1",2.53533333333333,0.801066858078095
"132",8,"193.1",1.171,"Mouse_Pa","trial_1",1.765,0.671435278588587
"133",8.25,"KPPR1",1.208,"Mouse_Pa","trial_1",0.904133333333333,0.0380941023640226
"134",8.25,"145.1",3.915,"Mouse_Pa","trial_1",3.867,0.0349475797922165
"135",8.25,"191.1",3.49,"Mouse_Pa","trial_1",2.62566666666667,0.800699763401433
"136",8.25,"193.1",1.272,"Mouse_Pa","trial_1",1.856,0.670277803103559
"137",8.5,"KPPR1",1.268,"Mouse_Pa","trial_1",0.958133333333333,0.0417539124675665
"138",8.5,"145.1",3.989,"Mouse_Pa","trial_1",3.96633333333333,0.0408629144552585
"139",8.5,"191.1",3.558,"Mouse_Pa","trial_1",2.70733333333333,0.797764863714728
"140",8.5,"193.1",1.381,"Mouse_Pa","trial_1",1.94766666666667,0.66654790608861
"141",8.75,"KPPR1",1.326,"Mouse_Pa","trial_1",1.0124,0.0452934137964156
"142",8.75,"145.1",4.061,"Mouse_Pa","trial_1",4.04866666666667,0.0486015546161964
"143",8.75,"191.1",3.623,"Mouse_Pa","trial_1",2.78766666666667,0.790270066355659
"144",8.75,"193.1",1.516,"Mouse_Pa","trial_1",2.04933333333333,0.653832122524157
"145",9,"KPPR1",1.393,"Mouse_Pa","trial_1",1.06353333333333,0.049312305685939
"146",9,"145.1",4.118,"Mouse_Pa","trial_1",4.11266666666667,0.0468413397663977
"147",9,"191.1",3.677,"Mouse_Pa","trial_1",2.88133333333333,0.759950948709484
"148",9,"193.1",1.751,"Mouse_Pa","trial_1",2.19433333333333,0.616824484310119
"149",9.25,"KPPR1",1.443,"Mouse_Pa","trial_1",1.11513333333333,0.0527132283629493
"150",9.25,"145.1",4.169,"Mouse_Pa","trial_1",4.169,0.0484974226119286
"151",9.25,"191.1",3.728,"Mouse_Pa","trial_1",2.97166666666667,0.729499904805416
"152",9.25,"193.1",1.883,"Mouse_Pa","trial_1",2.31666666666667,0.587372775822797
"153",9.5,"KPPR1",1.52,"Mouse_Pa","trial_1",1.1678,0.0570499530486848
"154",9.5,"145.1",4.213,"Mouse_Pa","trial_1",4.21933333333333,0.0529223750201913
"155",9.5,"191.1",3.776,"Mouse_Pa","trial_1",3.07966666666667,0.679900074357336
"156",9.5,"193.1",2.058,"Mouse_Pa","trial_1",2.46066666666667,0.542214389743065
"157",9.75,"KPPR1",1.582,"Mouse_Pa","trial_1",1.22,0.0609300926511374
"158",9.75,"145.1",4.245,"Mouse_Pa","trial_1",4.26366666666667,0.0556367184909791
"159",9.75,"191.1",3.81,"Mouse_Pa","trial_1",3.19966666666667,0.602848884694811
"160",9.75,"193.1",2.181,"Mouse_Pa","trial_1",2.60633333333333,0.489686067235371
"161",10,"KPPR1",1.663,"Mouse_Pa","trial_1",1.27073333333333,0.0654264739387925
"162",10,"145.1",4.276,"Mouse_Pa","trial_1",4.29633333333333,0.0532301084391573
"163",10,"191.1",3.854,"Mouse_Pa","trial_1",3.26866666666667,0.581836842345955
"164",10,"193.1",2.366,"Mouse_Pa","trial_1",2.76533333333333,0.432752944659087
"165",10.25,"KPPR1",1.728,"Mouse_Pa","trial_1",1.3204,0.0690991558076749
"166",10.25,"145.1",4.31,"Mouse_Pa","trial_1",4.338,0.0571664237118259
"167",10.25,"191.1",3.883,"Mouse_Pa","trial_1",3.353,0.5355094147943
"168",10.25,"193.1",2.535,"Mouse_Pa","trial_1",2.88933333333333,0.395009001303908
"169",10.5,"KPPR1",1.783,"Mouse_Pa","trial_1",1.36826666666667,0.0734533520040775
"170",10.5,"145.1",4.331,"Mouse_Pa","trial_1",4.359,0.0639061812346818
"171",10.5,"191.1",3.906,"Mouse_Pa","trial_1",3.43166666666667,0.491937100767071
"172",10.5,"193.1",2.685,"Mouse_Pa","trial_1",2.99433333333333,0.364145727849595
"173",10.75,"KPPR1",1.843,"Mouse_Pa","trial_1",1.4136,0.0774789556681592
"174",10.75,"145.1",4.356,"Mouse_Pa","trial_1",4.38933333333333,0.0578772647745018
"175",10.75,"191.1",3.948,"Mouse_Pa","trial_1",3.51066666666667,0.451910881086575
"176",10.75,"193.1",2.851,"Mouse_Pa","trial_1",3.10833333333333,0.326101381645511
"177",11,"KPPR1",1.89,"Mouse_Pa","trial_1",1.45633333333333,0.0808027973741755
"178",11,"145.1",4.363,"Mouse_Pa","trial_1",4.408,0.0660176744011278
"179",11,"191.1",3.975,"Mouse_Pa","trial_1",3.586,0.412723070997168
"180",11,"193.1",2.99,"Mouse_Pa","trial_1",3.228,0.288916943082264
"181",11.25,"KPPR1",1.973,"Mouse_Pa","trial_1",1.4984,0.0856460490290458
"182",11.25,"145.1",4.363,"Mouse_Pa","trial_1",4.42133333333333,0.0690997668431507
"183",11.25,"191.1",3.996,"Mouse_Pa","trial_1",3.65066666666667,0.374707589698658
"184",11.25,"193.1",3.134,"Mouse_Pa","trial_1",3.32366666666667,0.256343736243176
"185",11.5,"KPPR1",2.024,"Mouse_Pa","trial_1",1.5362,0.0883205309680382
"186",11.5,"145.1",4.359,"Mouse_Pa","trial_1",4.424,0.0705714767688289
"187",11.5,"191.1",4.025,"Mouse_Pa","trial_1",3.71533333333333,0.341651056553971
"188",11.5,"193.1",3.243,"Mouse_Pa","trial_1",3.41033333333333,0.229957483993117
"189",11.75,"KPPR1",2.091,"Mouse_Pa","trial_1",1.57693333333333,0.0917036358352101
"190",11.75,"145.1",4.367,"Mouse_Pa","trial_1",4.43166666666667,0.0656692046886852
"191",11.75,"191.1",4.044,"Mouse_Pa","trial_1",3.77533333333333,0.306412213275588
"192",11.75,"193.1",3.36,"Mouse_Pa","trial_1",3.502,0.196847656831368
"193",12,"KPPR1",2.132,"Mouse_Pa","trial_1",1.61293333333333,0.0941514720147257
"194",12,"145.1",4.362,"Mouse_Pa","trial_1",4.41933333333333,0.0558400493473197
"195",12,"191.1",4.071,"Mouse_Pa","trial_1",3.83,0.278298999878428
"196",12,"193.1",3.454,"Mouse_Pa","trial_1",3.583,0.170570610989506
"197",12.25,"KPPR1",2.178,"Mouse_Pa","trial_1",1.6476,0.0967085360885013
"198",12.25,"145.1",4.37,"Mouse_Pa","trial_1",4.43033333333333,0.0643747707655034
"199",12.25,"191.1",4.087,"Mouse_Pa","trial_1",3.88066666666667,0.248463500561171
"200",12.25,"193.1",3.555,"Mouse_Pa","trial_1",3.662,0.148264403459945
"201",12.5,"KPPR1",2.233,"Mouse_Pa","trial_1",1.67986666666667,0.0995250084229451
"202",12.5,"145.1",4.365,"Mouse_Pa","trial_1",4.42866666666667,0.0651724208883209
"203",12.5,"191.1",4.108,"Mouse_Pa","trial_1",3.927,0.226958880269826
"204",12.5,"193.1",3.637,"Mouse_Pa","trial_1",3.728,0.122769431591636
"205",12.75,"KPPR1",2.26,"Mouse_Pa","trial_1",1.7112,0.100496017452482
"206",12.75,"145.1",4.364,"Mouse_Pa","trial_1",4.424,0.0595007002759912
"207",12.75,"191.1",4.13,"Mouse_Pa","trial_1",3.97233333333333,0.202728334915911
"208",12.75,"193.1",3.724,"Mouse_Pa","trial_1",3.79533333333333,0.103886690410487
"209",13,"KPPR1",2.303,"Mouse_Pa","trial_1",1.74026666666667,0.102390357928984
"210",13,"145.1",4.382,"Mouse_Pa","trial_1",4.43166666666667,0.0620546354253877
"211",13,"191.1",4.141,"Mouse_Pa","trial_1",4.013,0.180325631382045
"212",13,"193.1",3.796,"Mouse_Pa","trial_1",3.85033333333333,0.0849986928004061
"213",13.25,"KPPR1",2.33,"Mouse_Pa","trial_1",1.7674,0.103296650939119
"214",13.25,"145.1",4.393,"Mouse_Pa","trial_1",4.43166666666667,0.0559831323803081
"215",13.25,"191.1",4.163,"Mouse_Pa","trial_1",4.05466666666667,0.159856532900946
"216",13.25,"193.1",3.861,"Mouse_Pa","trial_1",3.904,0.0706139740655723
"217",13.5,"KPPR1",2.365,"Mouse_Pa","trial_1",1.79346666666667,0.104581791489299
"218",13.5,"145.1",4.416,"Mouse_Pa","trial_1",4.444,0.0599694366601299
"219",13.5,"191.1",4.184,"Mouse_Pa","trial_1",4.088,0.143917800613174
"220",13.5,"193.1",3.929,"Mouse_Pa","trial_1",3.95466666666667,0.0554867351515457
"221",13.75,"KPPR1",2.39,"Mouse_Pa","trial_1",1.81853333333333,0.105497229332459
"222",13.75,"145.1",4.401,"Mouse_Pa","trial_1",4.44233333333333,0.0586126645397088
"223",13.75,"191.1",4.192,"Mouse_Pa","trial_1",4.12366666666667,0.127355582698382
"224",13.75,"193.1",3.981,"Mouse_Pa","trial_1",3.999,0.0425323406362735
"225",14,"KPPR1",2.417,"Mouse_Pa","trial_1",1.84353333333333,0.106105556906079
"226",14,"145.1",4.421,"Mouse_Pa","trial_1",4.445,0.0466047207909243
"227",14,"191.1",4.213,"Mouse_Pa","trial_1",4.15133333333333,0.112003472168401
"228",14,"193.1",4.033,"Mouse_Pa","trial_1",4.04066666666667,0.0305523230613394
"229",14.25,"KPPR1",2.442,"Mouse_Pa","trial_1",1.86613333333333,0.106759581555794
"230",14.25,"145.1",4.442,"Mouse_Pa","trial_1",4.45533333333333,0.0546788604286681
"231",14.25,"191.1",4.218,"Mouse_Pa","trial_1",4.18,0.097139075556647
"232",14.25,"193.1",4.084,"Mouse_Pa","trial_1",4.082,0.0219620885467054
"233",14.5,"KPPR1",2.459,"Mouse_Pa","trial_1",1.88613333333333,0.107358760667509
"234",14.5,"145.1",4.458,"Mouse_Pa","trial_1",4.45933333333333,0.0381109491412171
"235",14.5,"191.1",4.231,"Mouse_Pa","trial_1",4.20666666666667,0.0871671446768284
"236",14.5,"193.1",4.123,"Mouse_Pa","trial_1",4.11533333333333,0.0124409717376809
"237",14.75,"KPPR1",2.476,"Mouse_Pa","trial_1",1.90346666666667,0.108208831021831
"238",14.75,"145.1",4.453,"Mouse_Pa","trial_1",4.46833333333333,0.049670022258009
"239",14.75,"191.1",4.237,"Mouse_Pa","trial_1",4.227,0.0769502003462846
"240",14.75,"193.1",4.162,"Mouse_Pa","trial_1",4.152,0.0100000000000001
"241",15,"KPPR1",2.509,"Mouse_Pa","trial_1",1.92106666666667,0.109907080523533
"242",15,"145.1",4.431,"Mouse_Pa","trial_1",4.46733333333333,0.0488273602717893
"243",15,"191.1",4.254,"Mouse_Pa","trial_1",4.25233333333333,0.0689983896752512
"244",15,"193.1",4.204,"Mouse_Pa","trial_1",4.19266666666667,0.0108371788046725
"245",15.25,"KPPR1",2.522,"Mouse_Pa","trial_1",1.93573333333333,0.110541070439761
"246",15.25,"145.1",4.42,"Mouse_Pa","trial_1",4.454,0.0411987054812809
"247",15.25,"191.1",4.259,"Mouse_Pa","trial_1",4.27233333333333,0.0604133907157824
"248",15.25,"193.1",4.238,"Mouse_Pa","trial_1",4.23466666666667,0.00938675189355254
"249",15.5,"KPPR1",2.536,"Mouse_Pa","trial_1",1.949,0.111181062107845
"250",15.5,"145.1",4.4,"Mouse_Pa","trial_1",4.434,0.0391066916694998
"251",15.5,"191.1",4.303,"Mouse_Pa","trial_1",4.30166666666667,0.0542750198321269
"252",15.5,"193.1",4.269,"Mouse_Pa","trial_1",4.25866666666667,0.0161486153517191
"253",15.75,"KPPR1",2.557,"Mouse_Pa","trial_1",1.96173333333333,0.112282613956148
"254",15.75,"145.1",4.375,"Mouse_Pa","trial_1",4.41166666666667,0.0337111916793881
"255",15.75,"191.1",4.342,"Mouse_Pa","trial_1",4.33166666666667,0.0456155431599557
"256",15.75,"193.1",4.301,"Mouse_Pa","trial_1",4.289,0.0188767935130238
"257",16,"KPPR1",2.573,"Mouse_Pa","trial_1",1.9744,0.112773890933099
"258",16,"145.1",4.366,"Mouse_Pa","trial_1",4.39966666666667,0.0216204635575756
"259",16,"191.1",4.366,"Mouse_Pa","trial_1",4.352,0.0404474968323133
"260",16,"193.1",4.322,"Mouse_Pa","trial_1",4.316,0.0170098010962307
"261",16.25,"KPPR1",2.587,"Mouse_Pa","trial_1",1.98553333333333,0.113421458735053
"262",16.25,"145.1",4.373,"Mouse_Pa","trial_1",4.40666666666667,0.0199360087390742
"263",16.25,"191.1",4.38,"Mouse_Pa","trial_1",4.36933333333333,0.033908373269412
"264",16.25,"193.1",4.35,"Mouse_Pa","trial_1",4.34466666666667,0.0175245859041264
"265",16.5,"KPPR1",2.593,"Mouse_Pa","trial_1",1.99486666666667,0.114204781263711
"266",16.5,"145.1",4.331,"Mouse_Pa","trial_1",4.371,0.0272274371422161
"267",16.5,"191.1",4.381,"Mouse_Pa","trial_1",4.38466666666667,0.0269093127208985
"268",16.5,"193.1",4.379,"Mouse_Pa","trial_1",4.365,0.0135030860670193
"269",16.75,"KPPR1",2.612,"Mouse_Pa","trial_1",2.00606666666667,0.115054788880969
"270",16.75,"145.1",4.364,"Mouse_Pa","trial_1",4.37366666666667,0.0284155669386419
"271",16.75,"191.1",4.387,"Mouse_Pa","trial_1",4.395,0.0228691932520584
"272",16.75,"193.1",4.401,"Mouse_Pa","trial_1",4.38533333333333,0.0110503896361672
"273",17,"KPPR1",2.609,"Mouse_Pa","trial_1",2.01186666666667,0.115527604067544
"274",17,"145.1",4.343,"Mouse_Pa","trial_1",4.363,0.0438786204584115
"275",17,"191.1",4.401,"Mouse_Pa","trial_1",4.412,0.0195533458347501
"276",17,"193.1",4.421,"Mouse_Pa","trial_1",4.40066666666667,0.010268614533833
"277",17.25,"KPPR1",2.627,"Mouse_Pa","trial_1",2.01933333333333,0.116695520241543
"278",17.25,"145.1",4.397,"Mouse_Pa","trial_1",4.382,0.0613704597777574
"279",17.25,"191.1",4.407,"Mouse_Pa","trial_1",4.42166666666667,0.0167066187815223
"280",17.25,"193.1",4.436,"Mouse_Pa","trial_1",4.41666666666667,0.00993870101058383
"281",17.5,"KPPR1",2.645,"Mouse_Pa","trial_1",2.02513333333333,0.117371160028131
"282",17.5,"145.1",4.42,"Mouse_Pa","trial_1",4.38266666666667,0.0734264560253623
"283",17.5,"191.1",4.411,"Mouse_Pa","trial_1",4.43366666666667,0.0157726908857615
"284",17.5,"193.1",4.443,"Mouse_Pa","trial_1",4.42866666666667,0.00868587614719673
"285",17.75,"KPPR1",2.654,"Mouse_Pa","trial_1",2.03233333333333,0.117860719522448
"286",17.75,"145.1",4.432,"Mouse_Pa","trial_1",4.38466666666667,0.0792492551664962
"287",17.75,"191.1",4.421,"Mouse_Pa","trial_1",4.44766666666667,0.0145296631451355
"288",17.75,"193.1",4.446,"Mouse_Pa","trial_1",4.43833333333333,0.00973538791100696
"289",18,"KPPR1",2.657,"Mouse_Pa","trial_1",2.03786666666667,0.118866626605767
"290",18,"145.1",4.443,"Mouse_Pa","trial_1",4.39066666666667,0.088536872419223
"291",18,"191.1",4.428,"Mouse_Pa","trial_1",4.457,0.0149777612924406
"292",18,"193.1",4.444,"Mouse_Pa","trial_1",4.443,0.0118462370959447
"293",18.25,"KPPR1",2.667,"Mouse_Pa","trial_1",2.04153333333333,0.119614494529665
"294",18.25,"145.1",4.416,"Mouse_Pa","trial_1",4.38266666666667,0.0864914896263081
"295",18.25,"191.1",4.437,"Mouse_Pa","trial_1",4.46733333333333,0.0152351931760353
"296",18.25,"193.1",4.452,"Mouse_Pa","trial_1",4.45566666666667,0.0154092324417683
"297",18.5,"KPPR1",2.681,"Mouse_Pa","trial_1",2.04793333333333,0.120416082878796
"298",18.5,"145.1",4.43,"Mouse_Pa","trial_1",4.385,0.0841803619220856
"299",18.5,"191.1",4.445,"Mouse_Pa","trial_1",4.47766666666667,0.0175245859041264
"300",18.5,"193.1",4.455,"Mouse_Pa","trial_1",4.46466666666667,0.0188178402350301
"301",18.75,"KPPR1",2.676,"Mouse_Pa","trial_1",2.0482,0.120135962658188
"302",18.75,"145.1",4.481,"Mouse_Pa","trial_1",4.40166666666667,0.0859153329996713
"303",18.75,"191.1",4.451,"Mouse_Pa","trial_1",4.48766666666667,0.0205291121202173
"304",18.75,"193.1",4.462,"Mouse_Pa","trial_1",4.47533333333333,0.0207310824072882
"305",19,"KPPR1",2.697,"Mouse_Pa","trial_1",2.0538,0.121246942033113
"306",19,"145.1",4.489,"Mouse_Pa","trial_1",4.417,0.0869041617722266
"307",19,"191.1",4.462,"Mouse_Pa","trial_1",4.498,0.0234378611083293
"308",19,"193.1",4.462,"Mouse_Pa","trial_1",4.48133333333333,0.0250355303075005
"309",19.25,"KPPR1",2.699,"Mouse_Pa","trial_1",2.05686666666667,0.121379878565745
"310",19.25,"145.1",4.523,"Mouse_Pa","trial_1",4.431,0.0945110222848812
"311",19.25,"191.1",4.47,"Mouse_Pa","trial_1",4.50866666666667,0.0255755960069579
"312",19.25,"193.1",4.459,"Mouse_Pa","trial_1",4.485,0.029051678092668
"313",19.5,"KPPR1",2.704,"Mouse_Pa","trial_1",2.05626666666667,0.121362874478101
"314",19.5,"145.1",4.522,"Mouse_Pa","trial_1",4.44133333333333,0.0882729353262433
"315",19.5,"191.1",4.482,"Mouse_Pa","trial_1",4.51833333333333,0.0278228523180337
"316",19.5,"193.1",4.464,"Mouse_Pa","trial_1",4.49366666666667,0.0327125528063939
"317",19.75,"KPPR1",2.691,"Mouse_Pa","trial_1",2.05833333333333,0.121916351755607
"318",19.75,"145.1",4.535,"Mouse_Pa","trial_1",4.45466666666667,0.08640280345246
"319",19.75,"191.1",4.479,"Mouse_Pa","trial_1",4.523,0.0327414110874897
"320",19.75,"193.1",4.464,"Mouse_Pa","trial_1",4.49966666666667,0.0361678187220505
"321",20,"KPPR1",2.694,"Mouse_Pa","trial_1",2.0576,0.121534114356344
"322",20,"145.1",4.548,"Mouse_Pa","trial_1",4.45866666666667,0.0838934509429138
"323",20,"191.1",4.492,"Mouse_Pa","trial_1",4.535,0.0357631094844953
"324",20,"193.1",4.462,"Mouse_Pa","trial_1",4.506,0.039585350825779
"325",20.25,"KPPR1",2.699,"Mouse_Pa","trial_1",2.05826666666667,0.121737401486293
"326",20.25,"145.1",4.561,"Mouse_Pa","trial_1",4.46933333333333,0.0872053770003764
"327",20.25,"191.1",4.49,"Mouse_Pa","trial_1",4.539,0.0407962416569632
"328",20.25,"193.1",4.478,"Mouse_Pa","trial_1",4.51633333333333,0.0423962786626899
"329",20.5,"KPPR1",2.704,"Mouse_Pa","trial_1",2.05813333333333,0.122028211674368
"330",20.5,"145.1",4.583,"Mouse_Pa","trial_1",4.48033333333333,0.0899802447454132
"331",20.5,"191.1",4.495,"Mouse_Pa","trial_1",4.54633333333333,0.0435787919877446
"332",20.5,"193.1",4.494,"Mouse_Pa","trial_1",4.527,0.043385865593916
"333",20.75,"KPPR1",2.719,"Mouse_Pa","trial_1",2.05906666666667,0.121672412127877
"334",20.75,"145.1",4.563,"Mouse_Pa","trial_1",4.47733333333333,0.0846686351477203
"335",20.75,"191.1",4.499,"Mouse_Pa","trial_1",4.553,0.0467011777153425
"336",20.75,"193.1",4.514,"Mouse_Pa","trial_1",4.54033333333333,0.0455350902540495
"337",21,"KPPR1",2.719,"Mouse_Pa","trial_1",2.05626666666667,0.12198838612428
"338",21,"145.1",4.592,"Mouse_Pa","trial_1",4.49,0.0912213425319609
"339",21,"191.1",4.503,"Mouse_Pa","trial_1",4.55766666666667,0.0502338973646726
"340",21,"193.1",4.53,"Mouse_Pa","trial_1",4.548,0.0470567033836128
"341",21.25,"KPPR1",2.723,"Mouse_Pa","trial_1",2.05726666666667,0.122201374268115
"342",21.25,"145.1",4.586,"Mouse_Pa","trial_1",4.48766666666667,0.0890024968438778
"343",21.25,"191.1",4.499,"Mouse_Pa","trial_1",4.56366666666667,0.055438654785668
"344",21.25,"193.1",4.551,"Mouse_Pa","trial_1",4.56133333333333,0.0479107967419082
"345",21.5,"KPPR1",2.705,"Mouse_Pa","trial_1",2.0536,0.121864163254479
"346",21.5,"145.1",4.613,"Mouse_Pa","trial_1",4.50433333333333,0.0917248300322463
"347",21.5,"191.1",4.499,"Mouse_Pa","trial_1",4.56633333333333,0.0599898139501847
"348",21.5,"193.1",4.562,"Mouse_Pa","trial_1",4.568,0.0503189825016366
"349",21.75,"KPPR1",2.716,"Mouse_Pa","trial_1",2.05146666666667,0.121919171767382
"350",21.75,"145.1",4.624,"Mouse_Pa","trial_1",4.51566666666667,0.0918591917616908
"351",21.75,"191.1",4.499,"Mouse_Pa","trial_1",4.57,0.0641274772101114
"352",21.75,"193.1",4.583,"Mouse_Pa","trial_1",4.57966666666667,0.0537194357544621
"353",22,"KPPR1",2.729,"Mouse_Pa","trial_1",2.0502,0.122173732661243
"354",22,"145.1",4.632,"Mouse_Pa","trial_1",4.52,0.0941080938779088
"355",22,"191.1",4.506,"Mouse_Pa","trial_1",4.576,0.066530694670455
"356",22,"193.1",4.594,"Mouse_Pa","trial_1",4.588,0.0566598035059541
"357",22.25,"KPPR1",2.724,"Mouse_Pa","trial_1",2.05,0.121939446330663
"358",22.25,"145.1",4.645,"Mouse_Pa","trial_1",4.51766666666667,0.0928248051139588
"359",22.25,"191.1",4.501,"Mouse_Pa","trial_1",4.57766666666667,0.0707515213813653
"360",22.25,"193.1",4.608,"Mouse_Pa","trial_1",4.59533333333333,0.0592293095613236
"361",22.5,"KPPR1",2.723,"Mouse_Pa","trial_1",2.04946666666667,0.121412083287678
"362",22.5,"145.1",4.652,"Mouse_Pa","trial_1",4.53,0.0958244923458159
"363",22.5,"191.1",4.497,"Mouse_Pa","trial_1",4.57866666666667,0.0762328304895236
"364",22.5,"193.1",4.622,"Mouse_Pa","trial_1",4.604,0.0618573628061634
"365",22.75,"KPPR1",2.719,"Mouse_Pa","trial_1",2.04713333333333,0.120671725755561
"366",22.75,"145.1",4.656,"Mouse_Pa","trial_1",4.52066666666667,0.0935954652272806
"367",22.75,"191.1",4.497,"Mouse_Pa","trial_1",4.579,0.0800083328993507
"368",22.75,"193.1",4.634,"Mouse_Pa","trial_1",4.612,0.0661614187675365
"369",23,"KPPR1",2.717,"Mouse_Pa","trial_1",2.04333333333333,0.120772894572798
"370",23,"145.1",4.662,"Mouse_Pa","trial_1",4.53966666666667,0.0997602681988733
"371",23,"191.1",4.498,"Mouse_Pa","trial_1",4.582,0.0805253583247746
"372",23,"193.1",4.65,"Mouse_Pa","trial_1",4.621,0.0648613906727262
"373",23.25,"KPPR1",2.718,"Mouse_Pa","trial_1",2.04066666666667,0.120758107946923
"374",23.25,"145.1",4.665,"Mouse_Pa","trial_1",4.54066666666667,0.101742048556359
"375",23.25,"191.1",4.495,"Mouse_Pa","trial_1",4.58233333333333,0.0868338131784566
"376",23.25,"193.1",4.66,"Mouse_Pa","trial_1",4.624,0.0715821206726932
"377",23.5,"KPPR1",2.72,"Mouse_Pa","trial_1",2.04033333333333,0.120706951970333
"378",23.5,"145.1",4.666,"Mouse_Pa","trial_1",4.54033333333333,0.0959067834467985
"379",23.5,"191.1",4.501,"Mouse_Pa","trial_1",4.58466666666667,0.088204938133367
"380",23.5,"193.1",4.669,"Mouse_Pa","trial_1",4.62766666666667,0.0745147263595892
"381",23.75,"KPPR1",2.732,"Mouse_Pa","trial_1",2.03886666666667,0.120784493906519
"382",23.75,"145.1",4.637,"Mouse_Pa","trial_1",4.538,0.0975038460779881
"383",23.75,"191.1",4.501,"Mouse_Pa","trial_1",4.586,0.0910659101969556
"384",23.75,"193.1",4.677,"Mouse_Pa","trial_1",4.634,0.0744737090074969
"385",24,"KPPR1",2.708,"Mouse_Pa","trial_1",2.03546666666667,0.120323131080503
"386",24,"145.1",4.656,"Mouse_Pa","trial_1",4.54466666666667,0.0995746509464687
"387",24,"191.1",4.489,"Mouse_Pa","trial_1",4.58333333333333,0.0973487430724083
"388",24,"193.1",4.688,"Mouse_Pa","trial_1",4.63866666666667,0.0790049224908029
"389",0,"KPPR1",0.004,"Mouse_Pa","trial_2",0.00893333333333333,0.00141241659396958
"390",0,"145.1",0.006,"Mouse_Pa","trial_2",0.00366666666666667,0.00145296631451356
"391",0,"191.1",0.006,"Mouse_Pa","trial_2",0.014,0.00901849950564579
"392",0,"193.1",0.006,"Mouse_Pa","trial_2",0.011,0.00321455025366432
"393",0.25,"KPPR1",0.004,"Mouse_Pa","trial_2",0.0108666666666667,0.00126816953450789
"394",0.25,"145.1",0.006,"Mouse_Pa","trial_2",0.00366666666666667,0.00120185042515466
"395",0.25,"191.1",0.005,"Mouse_Pa","trial_2",0.013,0.00850490054811538
"396",0.25,"193.1",0.006,"Mouse_Pa","trial_2",0.0106666666666667,0.00290593262902712
"397",0.5,"KPPR1",0.004,"Mouse_Pa","trial_2",0.0148,0.00170209954384074
"398",0.5,"145.1",0.006,"Mouse_Pa","trial_2",0.003,0.00152752523165195
"399",0.5,"191.1",0.005,"Mouse_Pa","trial_2",0.012,0.00854400374531753
"400",0.5,"193.1",0.005,"Mouse_Pa","trial_2",0.0103333333333333,0.00317979733805649
"401",0.75,"KPPR1",0.006,"Mouse_Pa","trial_2",0.0190666666666667,0.00213690177742198
"402",0.75,"145.1",0.006,"Mouse_Pa","trial_2",0.004,0.001
"403",0.75,"191.1",0.006,"Mouse_Pa","trial_2",0.012,0.00862167810425171
"404",0.75,"193.1",0.004,"Mouse_Pa","trial_2",0.01,0.00346410161513775
"405",1,"KPPR1",0.01,"Mouse_Pa","trial_2",0.0243333333333333,0.00277860305200921
"406",1,"145.1",0.007,"Mouse_Pa","trial_2",0.00433333333333333,0.00145296631451356
"407",1,"191.1",0.007,"Mouse_Pa","trial_2",0.0133333333333333,0.00841295297608264
"408",1,"193.1",0.004,"Mouse_Pa","trial_2",0.0116666666666667,0.00409606857581484
"409",1.25,"KPPR1",0.014,"Mouse_Pa","trial_2",0.0305333333333333,0.00357086979755789
"410",1.25,"145.1",0.009,"Mouse_Pa","trial_2",0.008,0.001
"411",1.25,"191.1",0.009,"Mouse_Pa","trial_2",0.0153333333333333,0.00788106027835793
"412",1.25,"193.1",0.006,"Mouse_Pa","trial_2",0.0146666666666667,0.004371625682868
"413",1.5,"KPPR1",0.022,"Mouse_Pa","trial_2",0.039,0.00445613541728063
"414",1.5,"145.1",0.011,"Mouse_Pa","trial_2",0.0113333333333333,0.000881917103688197
"415",1.5,"191.1",0.01,"Mouse_Pa","trial_2",0.018,0.00850490054811538
"416",1.5,"193.1",0.009,"Mouse_Pa","trial_2",0.0183333333333333,0.0047022453265553
"417",1.75,"KPPR1",0.034,"Mouse_Pa","trial_2",0.0510666666666667,0.00589791461665874
"418",1.75,"145.1",0.015,"Mouse_Pa","trial_2",0.014,0.00264575131106459
"419",1.75,"191.1",0.012,"Mouse_Pa","trial_2",0.0216666666666667,0.00821245666316995
"420",1.75,"193.1",0.011,"Mouse_Pa","trial_2",0.023,0.00602771377334171
"421",2,"KPPR1",0.052,"Mouse_Pa","trial_2",0.0685333333333333,0.00759063750799482
"422",2,"145.1",0.02,"Mouse_Pa","trial_2",0.021,0.00321455025366432
"423",2,"191.1",0.017,"Mouse_Pa","trial_2",0.0276666666666667,0.00785988408170106
"424",2,"193.1",0.015,"Mouse_Pa","trial_2",0.033,0.0101159939369957
"425",2.25,"KPPR1",0.078,"Mouse_Pa","trial_2",0.0904,0.00931961576972131
"426",2.25,"145.1",0.029,"Mouse_Pa","trial_2",0.03,0.00493288286231625
"427",2.25,"191.1",0.022,"Mouse_Pa","trial_2",0.0383333333333333,0.00841295297608264
"428",2.25,"193.1",0.021,"Mouse_Pa","trial_2",0.0483333333333333,0.0155920207513687
"429",2.5,"KPPR1",0.106,"Mouse_Pa","trial_2",0.117666666666667,0.0109595214818491
"430",2.5,"145.1",0.032,"Mouse_Pa","trial_2",0.042,0.00901849950564579
"431",2.5,"191.1",0.03,"Mouse_Pa","trial_2",0.0583333333333333,0.0144029318003122
"432",2.5,"193.1",0.029,"Mouse_Pa","trial_2",0.0753333333333333,0.0290994463483032
"433",2.75,"KPPR1",0.147,"Mouse_Pa","trial_2",0.143133333333333,0.0109895477036209
"434",2.75,"145.1",0.046,"Mouse_Pa","trial_2",0.0743333333333333,0.026847304851284
"435",2.75,"191.1",0.055,"Mouse_Pa","trial_2",0.0953333333333333,0.0207551867680775
"436",2.75,"193.1",0.051,"Mouse_Pa","trial_2",0.107333333333333,0.0312641079265736
"437",3,"KPPR1",0.179,"Mouse_Pa","trial_2",0.168466666666667,0.0103357293689077
"438",3,"145.1",0.079,"Mouse_Pa","trial_2",0.109333333333333,0.0323539453201272
"439",3,"191.1",0.116,"Mouse_Pa","trial_2",0.142,0.0130128141972954
"440",3,"193.1",0.104,"Mouse_Pa","trial_2",0.145666666666667,0.0276546158493981
"441",3.25,"KPPR1",0.197,"Mouse_Pa","trial_2",0.189133333333333,0.0104825781392005
"442",3.25,"145.1",0.142,"Mouse_Pa","trial_2",0.165,0.0165025250593154
"443",3.25,"191.1",0.132,"Mouse_Pa","trial_2",0.163333333333333,0.0156773013550731
"444",3.25,"193.1",0.132,"Mouse_Pa","trial_2",0.18,0.0337095436535906
"445",3.5,"KPPR1",0.22,"Mouse_Pa","trial_2",0.2092,0.0113507708989302
"446",3.5,"145.1",0.171,"Mouse_Pa","trial_2",0.197666666666667,0.0261682589749066
"447",3.5,"191.1",0.151,"Mouse_Pa","trial_2",0.189666666666667,0.0194707758220136
"448",3.5,"193.1",0.157,"Mouse_Pa","trial_2",0.210666666666667,0.0379575786606282
"449",3.75,"KPPR1",0.247,"Mouse_Pa","trial_2",0.230133333333333,0.012782006201676
"450",3.75,"145.1",0.187,"Mouse_Pa","trial_2",0.233,0.0440151489073175
"451",3.75,"191.1",0.173,"Mouse_Pa","trial_2",0.221333333333333,0.0245515331044271
"452",3.75,"193.1",0.189,"Mouse_Pa","trial_2",0.249666666666667,0.0422742369666338
"453",4,"KPPR1",0.268,"Mouse_Pa","trial_2",0.253533333333333,0.0138154043308691
"454",4,"145.1",0.229,"Mouse_Pa","trial_2",0.282,0.0510130702206144
"455",4,"191.1",0.209,"Mouse_Pa","trial_2",0.267666666666667,0.0296947432684268
"456",4,"193.1",0.215,"Mouse_Pa","trial_2",0.298,0.0524309069156733
"457",4.25,"KPPR1",0.296,"Mouse_Pa","trial_2",0.277933333333333,0.0147984769701115
"458",4.25,"145.1",0.303,"Mouse_Pa","trial_2",0.353,0.0525198375219625
"459",4.25,"191.1",0.253,"Mouse_Pa","trial_2",0.325,0.0366606055596467
"460",4.25,"193.1",0.266,"Mouse_Pa","trial_2",0.354333333333333,0.0559533535883041
"461",4.5,"KPPR1",0.323,"Mouse_Pa","trial_2",0.305133333333333,0.01563752101492
"462",4.5,"145.1",0.375,"Mouse_Pa","trial_2",0.436666666666667,0.0572256741137907
"463",4.5,"191.1",0.299,"Mouse_Pa","trial_2",0.384666666666667,0.0438798865591565
"464",4.5,"193.1",0.328,"Mouse_Pa","trial_2",0.422333333333333,0.0573478663751127
"465",4.75,"KPPR1",0.352,"Mouse_Pa","trial_2",0.3324,0.0165295694640443
"466",4.75,"145.1",0.466,"Mouse_Pa","trial_2",0.542333333333333,0.067533530766411
"467",4.75,"191.1",0.369,"Mouse_Pa","trial_2",0.548,0.124741065144295
"468",4.75,"193.1",0.383,"Mouse_Pa","trial_2",0.485666666666667,0.0586126645397088
"469",5,"KPPR1",0.387,"Mouse_Pa","trial_2",0.363,0.0172433562085034
"470",5,"145.1",0.565,"Mouse_Pa","trial_2",0.676333333333333,0.118912199168593
"471",5,"191.1",0.442,"Mouse_Pa","trial_2",0.805666666666667,0.307495438087209
"472",5,"193.1",0.466,"Mouse_Pa","trial_2",0.573666666666667,0.0543946484295815
"473",5.25,"KPPR1",0.428,"Mouse_Pa","trial_2",0.395266666666667,0.0184740401301437
"474",5.25,"145.1",1.176,"Mouse_Pa","trial_2",1.06833333333333,0.241913437227268
"475",5.25,"191.1",0.533,"Mouse_Pa","trial_2",0.941333333333333,0.370500712250028
"476",5.25,"193.1",0.962,"Mouse_Pa","trial_2",0.762,0.10008163334665
"477",5.5,"KPPR1",0.471,"Mouse_Pa","trial_2",0.4284,0.0197577712257614
"478",5.5,"145.1",1.854,"Mouse_Pa","trial_2",1.37766666666667,0.375802400796542
"479",5.5,"191.1",1.024,"Mouse_Pa","trial_2",1.20433333333333,0.373339136859654
"480",5.5,"193.1",1.471,"Mouse_Pa","trial_2",0.941,0.26610712128765
"481",5.75,"KPPR1",0.511,"Mouse_Pa","trial_2",0.4642,0.0217477311350819
"482",5.75,"145.1",2.239,"Mouse_Pa","trial_2",1.59066666666667,0.474641033952092
"483",5.75,"191.1",1.689,"Mouse_Pa","trial_2",1.51333333333333,0.434760598235141
"484",5.75,"193.1",1.723,"Mouse_Pa","trial_2",1.024,0.350529599320799
"485",6,"KPPR1",0.562,"Mouse_Pa","trial_2",0.502733333333333,0.0242874583874195
"486",6,"145.1",2.444,"Mouse_Pa","trial_2",1.75866666666667,0.553555276774095
"487",6,"191.1",2.058,"Mouse_Pa","trial_2",1.69933333333333,0.527914555375941
"488",6,"193.1",1.946,"Mouse_Pa","trial_2",1.09733333333333,0.424619568293523
"489",6.25,"KPPR1",0.612,"Mouse_Pa","trial_2",0.544133333333333,0.0263040584713365
"490",6.25,"145.1",2.638,"Mouse_Pa","trial_2",2.10066666666667,0.580352287647579
"491",6.25,"191.1",2.282,"Mouse_Pa","trial_2",1.82533333333333,0.598379014040804
"492",6.25,"193.1",2.165,"Mouse_Pa","trial_2",1.17666666666667,0.494167425519372
"493",6.5,"KPPR1",0.664,"Mouse_Pa","trial_2",0.584333333333333,0.0279487058507216
"494",6.5,"145.1",2.771,"Mouse_Pa","trial_2",2.64666666666667,0.375551298463709
"495",6.5,"191.1",2.456,"Mouse_Pa","trial_2",1.94466666666667,0.658457119164018
"496",6.5,"193.1",2.32,"Mouse_Pa","trial_2",1.24633333333333,0.536963789385384
"497",6.75,"KPPR1",0.704,"Mouse_Pa","trial_2",0.6266,0.0291756258348839
"498",6.75,"145.1",2.917,"Mouse_Pa","trial_2",2.863,0.273843629345898
"499",6.75,"191.1",2.624,"Mouse_Pa","trial_2",2.05,0.699028611717718
"500",6.75,"193.1",2.497,"Mouse_Pa","trial_2",1.335,0.581436152986723
"501",7,"KPPR1",0.748,"Mouse_Pa","trial_2",0.6704,0.029720892122738
"502",7,"145.1",3.282,"Mouse_Pa","trial_2",3.43933333333333,0.100023886036175
"503",7,"191.1",2.772,"Mouse_Pa","trial_2",2.16166666666667,0.73571288179863
"504",7,"193.1",2.643,"Mouse_Pa","trial_2",1.41966666666667,0.612347486680924
"505",7.25,"KPPR1",0.794,"Mouse_Pa","trial_2",0.716733333333333,0.0311771385514124
"506",7.25,"145.1",3.359,"Mouse_Pa","trial_2",3.51266666666667,0.104821011464517
"507",7.25,"191.1",2.912,"Mouse_Pa","trial_2",2.26366666666667,0.762555426036546
"508",7.25,"193.1",2.78,"Mouse_Pa","trial_2",1.508,0.636942697579617
"509",7.5,"KPPR1",0.839,"Mouse_Pa","trial_2",0.761666666666667,0.0323851327833749
"510",7.5,"145.1",3.455,"Mouse_Pa","trial_2",3.51066666666667,0.0493096790138046
"511",7.5,"191.1",3.027,"Mouse_Pa","trial_2",2.35533333333333,0.778508046058471
"512",7.5,"193.1",2.906,"Mouse_Pa","trial_2",1.595,0.65658992783421
"513",7.75,"KPPR1",0.879,"Mouse_Pa","trial_2",0.8084,0.033888584958304
"514",7.75,"145.1",3.56,"Mouse_Pa","trial_2",3.622,0.0575586657246327
"515",7.75,"191.1",3.147,"Mouse_Pa","trial_2",2.45066666666667,0.793750660542157
"516",7.75,"193.1",3.012,"Mouse_Pa","trial_2",1.68266666666667,0.666151717787406
"517",8,"KPPR1",0.921,"Mouse_Pa","trial_2",0.856333333333333,0.0357228307237911
"518",8,"145.1",3.682,"Mouse_Pa","trial_2",3.74166666666667,0.0463764787125735
"519",8,"191.1",3.253,"Mouse_Pa","trial_2",2.53533333333333,0.801066858078095
"520",8,"193.1",3.105,"Mouse_Pa","trial_2",1.765,0.671435278588587
"521",8.25,"KPPR1",0.955,"Mouse_Pa","trial_2",0.904133333333333,0.0380941023640226
"522",8.25,"145.1",3.887,"Mouse_Pa","trial_2",3.867,0.0349475797922165
"523",8.25,"191.1",3.361,"Mouse_Pa","trial_2",2.62566666666667,0.800699763401433
"524",8.25,"193.1",3.193,"Mouse_Pa","trial_2",1.856,0.670277803103559
"525",8.5,"KPPR1",0.995,"Mouse_Pa","trial_2",0.958133333333333,0.0417539124675665
"526",8.5,"145.1",4.023,"Mouse_Pa","trial_2",3.96633333333333,0.0408629144552585
"527",8.5,"191.1",3.451,"Mouse_Pa","trial_2",2.70733333333333,0.797764863714728
"528",8.5,"193.1",3.276,"Mouse_Pa","trial_2",1.94766666666667,0.66654790608861
"529",8.75,"KPPR1",1.036,"Mouse_Pa","trial_2",1.0124,0.0452934137964156
"530",8.75,"145.1",4.126,"Mouse_Pa","trial_2",4.04866666666667,0.0486015546161964
"531",8.75,"191.1",3.532,"Mouse_Pa","trial_2",2.78766666666667,0.790270066355659
"532",8.75,"193.1",3.35,"Mouse_Pa","trial_2",2.04933333333333,0.653832122524157
"533",9,"KPPR1",1.074,"Mouse_Pa","trial_2",1.06353333333333,0.049312305685939
"534",9,"145.1",4.191,"Mouse_Pa","trial_2",4.11266666666667,0.0468413397663977
"535",9,"191.1",3.605,"Mouse_Pa","trial_2",2.88133333333333,0.759950948709484
"536",9,"193.1",3.413,"Mouse_Pa","trial_2",2.19433333333333,0.616824484310119
"537",9.25,"KPPR1",1.114,"Mouse_Pa","trial_2",1.11513333333333,0.0527132283629493
"538",9.25,"145.1",4.253,"Mouse_Pa","trial_2",4.169,0.0484974226119286
"539",9.25,"191.1",3.674,"Mouse_Pa","trial_2",2.97166666666667,0.729499904805416
"540",9.25,"193.1",3.479,"Mouse_Pa","trial_2",2.31666666666667,0.587372775822797
"541",9.5,"KPPR1",1.152,"Mouse_Pa","trial_2",1.1678,0.0570499530486848
"542",9.5,"145.1",4.314,"Mouse_Pa","trial_2",4.21933333333333,0.0529223750201913
"543",9.5,"191.1",3.743,"Mouse_Pa","trial_2",3.07966666666667,0.679900074357336
"544",9.5,"193.1",3.534,"Mouse_Pa","trial_2",2.46066666666667,0.542214389743065
"545",9.75,"KPPR1",1.192,"Mouse_Pa","trial_2",1.22,0.0609300926511374
"546",9.75,"145.1",4.368,"Mouse_Pa","trial_2",4.26366666666667,0.0556367184909791
"547",9.75,"191.1",3.795,"Mouse_Pa","trial_2",3.19966666666667,0.602848884694811
"548",9.75,"193.1",3.583,"Mouse_Pa","trial_2",2.60633333333333,0.489686067235371
"549",10,"KPPR1",1.23,"Mouse_Pa","trial_2",1.27073333333333,0.0654264739387925
"550",10,"145.1",4.397,"Mouse_Pa","trial_2",4.29633333333333,0.0532301084391573
"551",10,"191.1",3.847,"Mouse_Pa","trial_2",3.26866666666667,0.581836842345955
"552",10,"193.1",3.63,"Mouse_Pa","trial_2",2.76533333333333,0.432752944659087
"553",10.25,"KPPR1",1.269,"Mouse_Pa","trial_2",1.3204,0.0690991558076749
"554",10.25,"145.1",4.448,"Mouse_Pa","trial_2",4.338,0.0571664237118259
"555",10.25,"191.1",3.894,"Mouse_Pa","trial_2",3.353,0.5355094147943
"556",10.25,"193.1",3.678,"Mouse_Pa","trial_2",2.88933333333333,0.395009001303908
"557",10.5,"KPPR1",1.306,"Mouse_Pa","trial_2",1.36826666666667,0.0734533520040775
"558",10.5,"145.1",4.481,"Mouse_Pa","trial_2",4.359,0.0639061812346818
"559",10.5,"191.1",3.941,"Mouse_Pa","trial_2",3.43166666666667,0.491937100767071
"560",10.5,"193.1",3.72,"Mouse_Pa","trial_2",2.99433333333333,0.364145727849595
"561",10.75,"KPPR1",1.343,"Mouse_Pa","trial_2",1.4136,0.0774789556681592
"562",10.75,"145.1",4.502,"Mouse_Pa","trial_2",4.38933333333333,0.0578772647745018
"563",10.75,"191.1",3.977,"Mouse_Pa","trial_2",3.51066666666667,0.451910881086575
"564",10.75,"193.1",3.756,"Mouse_Pa","trial_2",3.10833333333333,0.326101381645511
"565",11,"KPPR1",1.376,"Mouse_Pa","trial_2",1.45633333333333,0.0808027973741755
"566",11,"145.1",4.538,"Mouse_Pa","trial_2",4.408,0.0660176744011278
"567",11,"191.1",4.022,"Mouse_Pa","trial_2",3.586,0.412723070997168
"568",11,"193.1",3.803,"Mouse_Pa","trial_2",3.228,0.288916943082264
"569",11.25,"KPPR1",1.402,"Mouse_Pa","trial_2",1.4984,0.0856460490290458
"570",11.25,"145.1",4.559,"Mouse_Pa","trial_2",4.42133333333333,0.0690997668431507
"571",11.25,"191.1",4.054,"Mouse_Pa","trial_2",3.65066666666667,0.374707589698658
"572",11.25,"193.1",3.831,"Mouse_Pa","trial_2",3.32366666666667,0.256343736243176
"573",11.5,"KPPR1",1.44,"Mouse_Pa","trial_2",1.5362,0.0883205309680382
"574",11.5,"145.1",4.565,"Mouse_Pa","trial_2",4.424,0.0705714767688289
"575",11.5,"191.1",4.088,"Mouse_Pa","trial_2",3.71533333333333,0.341651056553971
"576",11.5,"193.1",3.865,"Mouse_Pa","trial_2",3.41033333333333,0.229957483993117
"577",11.75,"KPPR1",1.476,"Mouse_Pa","trial_2",1.57693333333333,0.0917036358352101
"578",11.75,"145.1",4.563,"Mouse_Pa","trial_2",4.43166666666667,0.0656692046886852
"579",11.75,"191.1",4.118,"Mouse_Pa","trial_2",3.77533333333333,0.306412213275588
"580",11.75,"193.1",3.891,"Mouse_Pa","trial_2",3.502,0.196847656831368
"581",12,"KPPR1",1.509,"Mouse_Pa","trial_2",1.61293333333333,0.0941514720147257
"582",12,"145.1",4.531,"Mouse_Pa","trial_2",4.41933333333333,0.0558400493473197
"583",12,"191.1",4.144,"Mouse_Pa","trial_2",3.83,0.278298999878428
"584",12,"193.1",3.921,"Mouse_Pa","trial_2",3.583,0.170570610989506
"585",12.25,"KPPR1",1.536,"Mouse_Pa","trial_2",1.6476,0.0967085360885013
"586",12.25,"145.1",4.559,"Mouse_Pa","trial_2",4.43033333333333,0.0643747707655034
"587",12.25,"191.1",4.169,"Mouse_Pa","trial_2",3.88066666666667,0.248463500561171
"588",12.25,"193.1",3.955,"Mouse_Pa","trial_2",3.662,0.148264403459945
"589",12.5,"KPPR1",1.57,"Mouse_Pa","trial_2",1.67986666666667,0.0995250084229451
"590",12.5,"145.1",4.559,"Mouse_Pa","trial_2",4.42866666666667,0.0651724208883209
"591",12.5,"191.1",4.197,"Mouse_Pa","trial_2",3.927,0.226958880269826
"592",12.5,"193.1",3.971,"Mouse_Pa","trial_2",3.728,0.122769431591636
"593",12.75,"KPPR1",1.601,"Mouse_Pa","trial_2",1.7112,0.100496017452482
"594",12.75,"145.1",4.543,"Mouse_Pa","trial_2",4.424,0.0595007002759912
"595",12.75,"191.1",4.217,"Mouse_Pa","trial_2",3.97233333333333,0.202728334915911
"596",12.75,"193.1",4,"Mouse_Pa","trial_2",3.79533333333333,0.103886690410487
"597",13,"KPPR1",1.625,"Mouse_Pa","trial_2",1.74026666666667,0.102390357928984
"598",13,"145.1",4.555,"Mouse_Pa","trial_2",4.43166666666667,0.0620546354253877
"599",13,"191.1",4.241,"Mouse_Pa","trial_2",4.013,0.180325631382045
"600",13,"193.1",4.017,"Mouse_Pa","trial_2",3.85033333333333,0.0849986928004061
"601",13.25,"KPPR1",1.647,"Mouse_Pa","trial_2",1.7674,0.103296650939119
"602",13.25,"145.1",4.542,"Mouse_Pa","trial_2",4.43166666666667,0.0559831323803081
"603",13.25,"191.1",4.261,"Mouse_Pa","trial_2",4.05466666666667,0.159856532900946
"604",13.25,"193.1",4.042,"Mouse_Pa","trial_2",3.904,0.0706139740655723
"605",13.5,"KPPR1",1.671,"Mouse_Pa","trial_2",1.79346666666667,0.104581791489299
"606",13.5,"145.1",4.559,"Mouse_Pa","trial_2",4.444,0.0599694366601299
"607",13.5,"191.1",4.275,"Mouse_Pa","trial_2",4.088,0.143917800613174
"608",13.5,"193.1",4.061,"Mouse_Pa","trial_2",3.95466666666667,0.0554867351515457
"609",13.75,"KPPR1",1.693,"Mouse_Pa","trial_2",1.81853333333333,0.105497229332459
"610",13.75,"145.1",4.558,"Mouse_Pa","trial_2",4.44233333333333,0.0586126645397088
"611",13.75,"191.1",4.302,"Mouse_Pa","trial_2",4.12366666666667,0.127355582698382
"612",13.75,"193.1",4.08,"Mouse_Pa","trial_2",3.999,0.0425323406362735
"613",14,"KPPR1",1.711,"Mouse_Pa","trial_2",1.84353333333333,0.106105556906079
"614",14,"145.1",4.535,"Mouse_Pa","trial_2",4.445,0.0466047207909243
"615",14,"191.1",4.307,"Mouse_Pa","trial_2",4.15133333333333,0.112003472168401
"616",14,"193.1",4.097,"Mouse_Pa","trial_2",4.04066666666667,0.0305523230613394
"617",14.25,"KPPR1",1.734,"Mouse_Pa","trial_2",1.86613333333333,0.106759581555794
"618",14.25,"145.1",4.556,"Mouse_Pa","trial_2",4.45533333333333,0.0546788604286681
"619",14.25,"191.1",4.326,"Mouse_Pa","trial_2",4.18,0.097139075556647
"620",14.25,"193.1",4.119,"Mouse_Pa","trial_2",4.082,0.0219620885467054
"621",14.5,"KPPR1",1.755,"Mouse_Pa","trial_2",1.88613333333333,0.107358760667509
"622",14.5,"145.1",4.526,"Mouse_Pa","trial_2",4.45933333333333,0.0381109491412171
"623",14.5,"191.1",4.344,"Mouse_Pa","trial_2",4.20666666666667,0.0871671446768284
"624",14.5,"193.1",4.132,"Mouse_Pa","trial_2",4.11533333333333,0.0124409717376809
"625",14.75,"KPPR1",1.771,"Mouse_Pa","trial_2",1.90346666666667,0.108208831021831
"626",14.75,"145.1",4.561,"Mouse_Pa","trial_2",4.46833333333333,0.049670022258009
"627",14.75,"191.1",4.355,"Mouse_Pa","trial_2",4.227,0.0769502003462846
"628",14.75,"193.1",4.162,"Mouse_Pa","trial_2",4.152,0.0100000000000001
"629",15,"KPPR1",1.792,"Mouse_Pa","trial_2",1.92106666666667,0.109907080523533
"630",15,"145.1",4.564,"Mouse_Pa","trial_2",4.46733333333333,0.0488273602717893
"631",15,"191.1",4.371,"Mouse_Pa","trial_2",4.25233333333333,0.0689983896752512
"632",15,"193.1",4.203,"Mouse_Pa","trial_2",4.19266666666667,0.0108371788046725
"633",15.25,"KPPR1",1.812,"Mouse_Pa","trial_2",1.93573333333333,0.110541070439761
"634",15.25,"145.1",4.536,"Mouse_Pa","trial_2",4.454,0.0411987054812809
"635",15.25,"191.1",4.383,"Mouse_Pa","trial_2",4.27233333333333,0.0604133907157824
"636",15.25,"193.1",4.249,"Mouse_Pa","trial_2",4.23466666666667,0.00938675189355254
"637",15.5,"KPPR1",1.828,"Mouse_Pa","trial_2",1.949,0.111181062107845
"638",15.5,"145.1",4.512,"Mouse_Pa","trial_2",4.434,0.0391066916694998
"639",15.5,"191.1",4.395,"Mouse_Pa","trial_2",4.30166666666667,0.0542750198321269
"640",15.5,"193.1",4.28,"Mouse_Pa","trial_2",4.25866666666667,0.0161486153517191
"641",15.75,"KPPR1",1.841,"Mouse_Pa","trial_2",1.96173333333333,0.112282613956148
"642",15.75,"145.1",4.479,"Mouse_Pa","trial_2",4.41166666666667,0.0337111916793881
"643",15.75,"191.1",4.405,"Mouse_Pa","trial_2",4.33166666666667,0.0456155431599557
"644",15.75,"193.1",4.314,"Mouse_Pa","trial_2",4.289,0.0188767935130238
"645",16,"KPPR1",1.863,"Mouse_Pa","trial_2",1.9744,0.112773890933099
"646",16,"145.1",4.44,"Mouse_Pa","trial_2",4.39966666666667,0.0216204635575756
"647",16,"191.1",4.414,"Mouse_Pa","trial_2",4.352,0.0404474968323133
"648",16,"193.1",4.342,"Mouse_Pa","trial_2",4.316,0.0170098010962307
"649",16.25,"KPPR1",1.879,"Mouse_Pa","trial_2",1.98553333333333,0.113421458735053
"650",16.25,"145.1",4.405,"Mouse_Pa","trial_2",4.40666666666667,0.0199360087390742
"651",16.25,"191.1",4.422,"Mouse_Pa","trial_2",4.36933333333333,0.033908373269412
"652",16.25,"193.1",4.372,"Mouse_Pa","trial_2",4.34466666666667,0.0175245859041264
"653",16.5,"KPPR1",1.892,"Mouse_Pa","trial_2",1.99486666666667,0.114204781263711
"654",16.5,"145.1",4.359,"Mouse_Pa","trial_2",4.371,0.0272274371422161
"655",16.5,"191.1",4.433,"Mouse_Pa","trial_2",4.38466666666667,0.0269093127208985
"656",16.5,"193.1",4.378,"Mouse_Pa","trial_2",4.365,0.0135030860670193
"657",16.75,"KPPR1",1.91,"Mouse_Pa","trial_2",2.00606666666667,0.115054788880969
"658",16.75,"145.1",4.33,"Mouse_Pa","trial_2",4.37366666666667,0.0284155669386419
"659",16.75,"191.1",4.438,"Mouse_Pa","trial_2",4.395,0.0228691932520584
"660",16.75,"193.1",4.391,"Mouse_Pa","trial_2",4.38533333333333,0.0110503896361672
"661",17,"KPPR1",1.926,"Mouse_Pa","trial_2",2.01186666666667,0.115527604067544
"662",17,"145.1",4.299,"Mouse_Pa","trial_2",4.363,0.0438786204584115
"663",17,"191.1",4.45,"Mouse_Pa","trial_2",4.412,0.0195533458347501
"664",17,"193.1",4.393,"Mouse_Pa","trial_2",4.40066666666667,0.010268614533833
"665",17.25,"KPPR1",1.932,"Mouse_Pa","trial_2",2.01933333333333,0.116695520241543
"666",17.25,"145.1",4.269,"Mouse_Pa","trial_2",4.382,0.0613704597777574
"667",17.25,"191.1",4.455,"Mouse_Pa","trial_2",4.42166666666667,0.0167066187815223
"668",17.25,"193.1",4.403,"Mouse_Pa","trial_2",4.41666666666667,0.00993870101058383
"669",17.5,"KPPR1",1.933,"Mouse_Pa","trial_2",2.02513333333333,0.117371160028131
"670",17.5,"145.1",4.241,"Mouse_Pa","trial_2",4.38266666666667,0.0734264560253623
"671",17.5,"191.1",4.464,"Mouse_Pa","trial_2",4.43366666666667,0.0157726908857615
"672",17.5,"193.1",4.413,"Mouse_Pa","trial_2",4.42866666666667,0.00868587614719673
"673",17.75,"KPPR1",1.95,"Mouse_Pa","trial_2",2.03233333333333,0.117860719522448
"674",17.75,"145.1",4.23,"Mouse_Pa","trial_2",4.38466666666667,0.0792492551664962
"675",17.75,"191.1",4.471,"Mouse_Pa","trial_2",4.44766666666667,0.0145296631451355
"676",17.75,"193.1",4.419,"Mouse_Pa","trial_2",4.43833333333333,0.00973538791100696
"677",18,"KPPR1",1.952,"Mouse_Pa","trial_2",2.03786666666667,0.118866626605767
"678",18,"145.1",4.218,"Mouse_Pa","trial_2",4.39066666666667,0.088536872419223
"679",18,"191.1",4.478,"Mouse_Pa","trial_2",4.457,0.0149777612924406
"680",18,"193.1",4.422,"Mouse_Pa","trial_2",4.443,0.0118462370959447
"681",18.25,"KPPR1",1.95,"Mouse_Pa","trial_2",2.04153333333333,0.119614494529665
"682",18.25,"145.1",4.219,"Mouse_Pa","trial_2",4.38266666666667,0.0864914896263081
"683",18.25,"191.1",4.48,"Mouse_Pa","trial_2",4.46733333333333,0.0152351931760353
"684",18.25,"193.1",4.431,"Mouse_Pa","trial_2",4.45566666666667,0.0154092324417683
"685",18.5,"KPPR1",1.963,"Mouse_Pa","trial_2",2.04793333333333,0.120416082878796
"686",18.5,"145.1",4.222,"Mouse_Pa","trial_2",4.385,0.0841803619220856
"687",18.5,"191.1",4.483,"Mouse_Pa","trial_2",4.47766666666667,0.0175245859041264
"688",18.5,"193.1",4.438,"Mouse_Pa","trial_2",4.46466666666667,0.0188178402350301
"689",18.75,"KPPR1",1.964,"Mouse_Pa","trial_2",2.0482,0.120135962658188
"690",18.75,"145.1",4.23,"Mouse_Pa","trial_2",4.40166666666667,0.0859153329996713
"691",18.75,"191.1",4.49,"Mouse_Pa","trial_2",4.48766666666667,0.0205291121202173
"692",18.75,"193.1",4.448,"Mouse_Pa","trial_2",4.47533333333333,0.0207310824072882
"693",19,"KPPR1",1.965,"Mouse_Pa","trial_2",2.0538,0.121246942033113
"694",19,"145.1",4.244,"Mouse_Pa","trial_2",4.417,0.0869041617722266
"695",19,"191.1",4.49,"Mouse_Pa","trial_2",4.498,0.0234378611083293
"696",19,"193.1",4.451,"Mouse_Pa","trial_2",4.48133333333333,0.0250355303075005
"697",19.25,"KPPR1",1.963,"Mouse_Pa","trial_2",2.05686666666667,0.121379878565745
"698",19.25,"145.1",4.242,"Mouse_Pa","trial_2",4.431,0.0945110222848812
"699",19.25,"191.1",4.499,"Mouse_Pa","trial_2",4.50866666666667,0.0255755960069579
"700",19.25,"193.1",4.453,"Mouse_Pa","trial_2",4.485,0.029051678092668
"701",19.5,"KPPR1",1.969,"Mouse_Pa","trial_2",2.05626666666667,0.121362874478101
"702",19.5,"145.1",4.265,"Mouse_Pa","trial_2",4.44133333333333,0.0882729353262433
"703",19.5,"191.1",4.5,"Mouse_Pa","trial_2",4.51833333333333,0.0278228523180337
"704",19.5,"193.1",4.458,"Mouse_Pa","trial_2",4.49366666666667,0.0327125528063939
"705",19.75,"KPPR1",1.969,"Mouse_Pa","trial_2",2.05833333333333,0.121916351755607
"706",19.75,"145.1",4.282,"Mouse_Pa","trial_2",4.45466666666667,0.08640280345246
"707",19.75,"191.1",4.503,"Mouse_Pa","trial_2",4.523,0.0327414110874897
"708",19.75,"193.1",4.463,"Mouse_Pa","trial_2",4.49966666666667,0.0361678187220505
"709",20,"KPPR1",1.972,"Mouse_Pa","trial_2",2.0576,0.121534114356344
"710",20,"145.1",4.291,"Mouse_Pa","trial_2",4.45866666666667,0.0838934509429138
"711",20,"191.1",4.507,"Mouse_Pa","trial_2",4.535,0.0357631094844953
"712",20,"193.1",4.471,"Mouse_Pa","trial_2",4.506,0.039585350825779
"713",20.25,"KPPR1",1.975,"Mouse_Pa","trial_2",2.05826666666667,0.121737401486293
"714",20.25,"145.1",4.295,"Mouse_Pa","trial_2",4.46933333333333,0.0872053770003764
"715",20.25,"191.1",4.507,"Mouse_Pa","trial_2",4.539,0.0407962416569632
"716",20.25,"193.1",4.47,"Mouse_Pa","trial_2",4.51633333333333,0.0423962786626899
"717",20.5,"KPPR1",1.972,"Mouse_Pa","trial_2",2.05813333333333,0.122028211674368
"718",20.5,"145.1",4.301,"Mouse_Pa","trial_2",4.48033333333333,0.0899802447454132
"719",20.5,"191.1",4.511,"Mouse_Pa","trial_2",4.54633333333333,0.0435787919877446
"720",20.5,"193.1",4.474,"Mouse_Pa","trial_2",4.527,0.043385865593916
"721",20.75,"KPPR1",1.986,"Mouse_Pa","trial_2",2.05906666666667,0.121672412127877
"722",20.75,"145.1",4.308,"Mouse_Pa","trial_2",4.47733333333333,0.0846686351477203
"723",20.75,"191.1",4.514,"Mouse_Pa","trial_2",4.553,0.0467011777153425
"724",20.75,"193.1",4.478,"Mouse_Pa","trial_2",4.54033333333333,0.0455350902540495
"725",21,"KPPR1",1.989,"Mouse_Pa","trial_2",2.05626666666667,0.12198838612428
"726",21,"145.1",4.308,"Mouse_Pa","trial_2",4.49,0.0912213425319609
"727",21,"191.1",4.512,"Mouse_Pa","trial_2",4.55766666666667,0.0502338973646726
"728",21,"193.1",4.477,"Mouse_Pa","trial_2",4.548,0.0470567033836128
"729",21.25,"KPPR1",1.994,"Mouse_Pa","trial_2",2.05726666666667,0.122201374268115
"730",21.25,"145.1",4.31,"Mouse_Pa","trial_2",4.48766666666667,0.0890024968438778
"731",21.25,"191.1",4.518,"Mouse_Pa","trial_2",4.56366666666667,0.055438654785668
"732",21.25,"193.1",4.484,"Mouse_Pa","trial_2",4.56133333333333,0.0479107967419082
"733",21.5,"KPPR1",1.995,"Mouse_Pa","trial_2",2.0536,0.121864163254479
"734",21.5,"145.1",4.322,"Mouse_Pa","trial_2",4.50433333333333,0.0917248300322463
"735",21.5,"191.1",4.514,"Mouse_Pa","trial_2",4.56633333333333,0.0599898139501847
"736",21.5,"193.1",4.484,"Mouse_Pa","trial_2",4.568,0.0503189825016366
"737",21.75,"KPPR1",2.001,"Mouse_Pa","trial_2",2.05146666666667,0.121919171767382
"738",21.75,"145.1",4.333,"Mouse_Pa","trial_2",4.51566666666667,0.0918591917616908
"739",21.75,"191.1",4.513,"Mouse_Pa","trial_2",4.57,0.0641274772101114
"740",21.75,"193.1",4.485,"Mouse_Pa","trial_2",4.57966666666667,0.0537194357544621
"741",22,"KPPR1",2.007,"Mouse_Pa","trial_2",2.0502,0.122173732661243
"742",22,"145.1",4.333,"Mouse_Pa","trial_2",4.52,0.0941080938779088
"743",22,"191.1",4.513,"Mouse_Pa","trial_2",4.576,0.066530694670455
"744",22,"193.1",4.487,"Mouse_Pa","trial_2",4.588,0.0566598035059541
"745",22.25,"KPPR1",2.018,"Mouse_Pa","trial_2",2.05,0.121939446330663
"746",22.25,"145.1",4.337,"Mouse_Pa","trial_2",4.51766666666667,0.0928248051139588
"747",22.25,"191.1",4.513,"Mouse_Pa","trial_2",4.57766666666667,0.0707515213813653
"748",22.25,"193.1",4.487,"Mouse_Pa","trial_2",4.59533333333333,0.0592293095613236
"749",22.5,"KPPR1",2.023,"Mouse_Pa","trial_2",2.04946666666667,0.121412083287678
"750",22.5,"145.1",4.341,"Mouse_Pa","trial_2",4.53,0.0958244923458159
"751",22.5,"191.1",4.508,"Mouse_Pa","trial_2",4.57866666666667,0.0762328304895236
"752",22.5,"193.1",4.489,"Mouse_Pa","trial_2",4.604,0.0618573628061634
"753",22.75,"KPPR1",2.029,"Mouse_Pa","trial_2",2.04713333333333,0.120671725755561
"754",22.75,"145.1",4.341,"Mouse_Pa","trial_2",4.52066666666667,0.0935954652272806
"755",22.75,"191.1",4.501,"Mouse_Pa","trial_2",4.579,0.0800083328993507
"756",22.75,"193.1",4.488,"Mouse_Pa","trial_2",4.612,0.0661614187675365
"757",23,"KPPR1",2.028,"Mouse_Pa","trial_2",2.04333333333333,0.120772894572798
"758",23,"145.1",4.342,"Mouse_Pa","trial_2",4.53966666666667,0.0997602681988733
"759",23,"191.1",4.505,"Mouse_Pa","trial_2",4.582,0.0805253583247746
"760",23,"193.1",4.497,"Mouse_Pa","trial_2",4.621,0.0648613906727262
"761",23.25,"KPPR1",2.03,"Mouse_Pa","trial_2",2.04066666666667,0.120758107946923
"762",23.25,"145.1",4.339,"Mouse_Pa","trial_2",4.54066666666667,0.101742048556359
"763",23.25,"191.1",4.496,"Mouse_Pa","trial_2",4.58233333333333,0.0868338131784566
"764",23.25,"193.1",4.486,"Mouse_Pa","trial_2",4.624,0.0715821206726932
"765",23.5,"KPPR1",2.032,"Mouse_Pa","trial_2",2.04033333333333,0.120706951970333
"766",23.5,"145.1",4.352,"Mouse_Pa","trial_2",4.54033333333333,0.0959067834467985
"767",23.5,"191.1",4.492,"Mouse_Pa","trial_2",4.58466666666667,0.088204938133367
"768",23.5,"193.1",4.483,"Mouse_Pa","trial_2",4.62766666666667,0.0745147263595892
"769",23.75,"KPPR1",2.049,"Mouse_Pa","trial_2",2.03886666666667,0.120784493906519
"770",23.75,"145.1",4.343,"Mouse_Pa","trial_2",4.538,0.0975038460779881
"771",23.75,"191.1",4.489,"Mouse_Pa","trial_2",4.586,0.0910659101969556
"772",23.75,"193.1",4.489,"Mouse_Pa","trial_2",4.634,0.0744737090074969
"773",24,"KPPR1",2.086,"Mouse_Pa","trial_2",2.03546666666667,0.120323131080503
"774",24,"145.1",4.346,"Mouse_Pa","trial_2",4.54466666666667,0.0995746509464687
"775",24,"191.1",4.483,"Mouse_Pa","trial_2",4.58333333333333,0.0973487430724083
"776",24,"193.1",4.484,"Mouse_Pa","trial_2",4.63866666666667,0.0790049224908029
"777",0,"KPPR1",0.01,"Mouse_Pa","trial_3",0.00893333333333333,0.00141241659396958
"778",0,"145.1",0.004,"Mouse_Pa","trial_3",0.00366666666666667,0.00145296631451356
"779",0,"191.1",0.032,"Mouse_Pa","trial_3",0.014,0.00901849950564579
"780",0,"193.1",0.017,"Mouse_Pa","trial_3",0.011,0.00321455025366432
"781",0.25,"KPPR1",0.011,"Mouse_Pa","trial_3",0.0108666666666667,0.00126816953450789
"782",0.25,"145.1",0.003,"Mouse_Pa","trial_3",0.00366666666666667,0.00120185042515466
"783",0.25,"191.1",0.03,"Mouse_Pa","trial_3",0.013,0.00850490054811538
"784",0.25,"193.1",0.016,"Mouse_Pa","trial_3",0.0106666666666667,0.00290593262902712
"785",0.5,"KPPR1",0.013,"Mouse_Pa","trial_3",0.0148,0.00170209954384074
"786",0.5,"145.1",0.002,"Mouse_Pa","trial_3",0.003,0.00152752523165195
"787",0.5,"191.1",0.029,"Mouse_Pa","trial_3",0.012,0.00854400374531753
"788",0.5,"193.1",0.016,"Mouse_Pa","trial_3",0.0103333333333333,0.00317979733805649
"789",0.75,"KPPR1",0.014,"Mouse_Pa","trial_3",0.0190666666666667,0.00213690177742198
"790",0.75,"145.1",0.003,"Mouse_Pa","trial_3",0.004,0.001
"791",0.75,"191.1",0.029,"Mouse_Pa","trial_3",0.012,0.00862167810425171
"792",0.75,"193.1",0.016,"Mouse_Pa","trial_3",0.01,0.00346410161513775
"793",1,"KPPR1",0.018,"Mouse_Pa","trial_3",0.0243333333333333,0.00277860305200921
"794",1,"145.1",0.004,"Mouse_Pa","trial_3",0.00433333333333333,0.00145296631451356
"795",1,"191.1",0.03,"Mouse_Pa","trial_3",0.0133333333333333,0.00841295297608264
"796",1,"193.1",0.018,"Mouse_Pa","trial_3",0.0116666666666667,0.00409606857581484
"797",1.25,"KPPR1",0.025,"Mouse_Pa","trial_3",0.0305333333333333,0.00357086979755789
"798",1.25,"145.1",0.006,"Mouse_Pa","trial_3",0.008,0.001
"799",1.25,"191.1",0.031,"Mouse_Pa","trial_3",0.0153333333333333,0.00788106027835793
"800",1.25,"193.1",0.02,"Mouse_Pa","trial_3",0.0146666666666667,0.004371625682868
"801",1.5,"KPPR1",0.038,"Mouse_Pa","trial_3",0.039,0.00445613541728063
"802",1.5,"145.1",0.01,"Mouse_Pa","trial_3",0.0113333333333333,0.000881917103688197
"803",1.5,"191.1",0.035,"Mouse_Pa","trial_3",0.018,0.00850490054811538
"804",1.5,"193.1",0.024,"Mouse_Pa","trial_3",0.0183333333333333,0.0047022453265553
"805",1.75,"KPPR1",0.056,"Mouse_Pa","trial_3",0.0510666666666667,0.00589791461665874
"806",1.75,"145.1",0.009,"Mouse_Pa","trial_3",0.014,0.00264575131106459
"807",1.75,"191.1",0.038,"Mouse_Pa","trial_3",0.0216666666666667,0.00821245666316995
"808",1.75,"193.1",0.028,"Mouse_Pa","trial_3",0.023,0.00602771377334171
"809",2,"KPPR1",0.084,"Mouse_Pa","trial_3",0.0685333333333333,0.00759063750799482
"810",2,"145.1",0.016,"Mouse_Pa","trial_3",0.021,0.00321455025366432
"811",2,"191.1",0.043,"Mouse_Pa","trial_3",0.0276666666666667,0.00785988408170106
"812",2,"193.1",0.034,"Mouse_Pa","trial_3",0.033,0.0101159939369957
"813",2.25,"KPPR1",0.116,"Mouse_Pa","trial_3",0.0904,0.00931961576972131
"814",2.25,"145.1",0.022,"Mouse_Pa","trial_3",0.03,0.00493288286231625
"815",2.25,"191.1",0.05,"Mouse_Pa","trial_3",0.0383333333333333,0.00841295297608264
"816",2.25,"193.1",0.049,"Mouse_Pa","trial_3",0.0483333333333333,0.0155920207513687
"817",2.5,"KPPR1",0.154,"Mouse_Pa","trial_3",0.117666666666667,0.0109595214818491
"818",2.5,"145.1",0.034,"Mouse_Pa","trial_3",0.042,0.00901849950564579
"819",2.5,"191.1",0.077,"Mouse_Pa","trial_3",0.0583333333333333,0.0144029318003122
"820",2.5,"193.1",0.068,"Mouse_Pa","trial_3",0.0753333333333333,0.0290994463483032
"821",2.75,"KPPR1",0.183,"Mouse_Pa","trial_3",0.143133333333333,0.0109895477036209
"822",2.75,"145.1",0.049,"Mouse_Pa","trial_3",0.0743333333333333,0.026847304851284
"823",2.75,"191.1",0.107,"Mouse_Pa","trial_3",0.0953333333333333,0.0207551867680775
"824",2.75,"193.1",0.112,"Mouse_Pa","trial_3",0.107333333333333,0.0312641079265736
"825",3,"KPPR1",0.207,"Mouse_Pa","trial_3",0.168466666666667,0.0103357293689077
"826",3,"145.1",0.075,"Mouse_Pa","trial_3",0.109333333333333,0.0323539453201272
"827",3,"191.1",0.154,"Mouse_Pa","trial_3",0.142,0.0130128141972954
"828",3,"193.1",0.135,"Mouse_Pa","trial_3",0.145666666666667,0.0276546158493981
"829",3.25,"KPPR1",0.232,"Mouse_Pa","trial_3",0.189133333333333,0.0104825781392005
"830",3.25,"145.1",0.156,"Mouse_Pa","trial_3",0.165,0.0165025250593154
"831",3.25,"191.1",0.178,"Mouse_Pa","trial_3",0.163333333333333,0.0156773013550731
"832",3.25,"193.1",0.163,"Mouse_Pa","trial_3",0.18,0.0337095436535906
"833",3.5,"KPPR1",0.259,"Mouse_Pa","trial_3",0.2092,0.0113507708989302
"834",3.5,"145.1",0.172,"Mouse_Pa","trial_3",0.197666666666667,0.0261682589749066
"835",3.5,"191.1",0.205,"Mouse_Pa","trial_3",0.189666666666667,0.0194707758220136
"836",3.5,"193.1",0.191,"Mouse_Pa","trial_3",0.210666666666667,0.0379575786606282
"837",3.75,"KPPR1",0.296,"Mouse_Pa","trial_3",0.230133333333333,0.012782006201676
"838",3.75,"145.1",0.191,"Mouse_Pa","trial_3",0.233,0.0440151489073175
"839",3.75,"191.1",0.238,"Mouse_Pa","trial_3",0.221333333333333,0.0245515331044271
"840",3.75,"193.1",0.229,"Mouse_Pa","trial_3",0.249666666666667,0.0422742369666338
"841",4,"KPPR1",0.331,"Mouse_Pa","trial_3",0.253533333333333,0.0138154043308691
"842",4,"145.1",0.233,"Mouse_Pa","trial_3",0.282,0.0510130702206144
"843",4,"191.1",0.289,"Mouse_Pa","trial_3",0.267666666666667,0.0296947432684268
"844",4,"193.1",0.284,"Mouse_Pa","trial_3",0.298,0.0524309069156733
"845",4.25,"KPPR1",0.368,"Mouse_Pa","trial_3",0.277933333333333,0.0147984769701115
"846",4.25,"145.1",0.298,"Mouse_Pa","trial_3",0.353,0.0525198375219625
"847",4.25,"191.1",0.349,"Mouse_Pa","trial_3",0.325,0.0366606055596467
"848",4.25,"193.1",0.339,"Mouse_Pa","trial_3",0.354333333333333,0.0559533535883041
"849",4.5,"KPPR1",0.412,"Mouse_Pa","trial_3",0.305133333333333,0.01563752101492
"850",4.5,"145.1",0.384,"Mouse_Pa","trial_3",0.436666666666667,0.0572256741137907
"851",4.5,"191.1",0.411,"Mouse_Pa","trial_3",0.384666666666667,0.0438798865591565
"852",4.5,"193.1",0.413,"Mouse_Pa","trial_3",0.422333333333333,0.0573478663751127
"853",4.75,"KPPR1",0.447,"Mouse_Pa","trial_3",0.3324,0.0165295694640443
"854",4.75,"145.1",0.484,"Mouse_Pa","trial_3",0.542333333333333,0.067533530766411
"855",4.75,"191.1",0.487,"Mouse_Pa","trial_3",0.548,0.124741065144295
"856",4.75,"193.1",0.488,"Mouse_Pa","trial_3",0.485666666666667,0.0586126645397088
"857",5,"KPPR1",0.486,"Mouse_Pa","trial_3",0.363,0.0172433562085034
"858",5,"145.1",0.55,"Mouse_Pa","trial_3",0.676333333333333,0.118912199168593
"859",5,"191.1",0.558,"Mouse_Pa","trial_3",0.805666666666667,0.307495438087209
"860",5,"193.1",0.614,"Mouse_Pa","trial_3",0.573666666666667,0.0543946484295815
"861",5.25,"KPPR1",0.53,"Mouse_Pa","trial_3",0.395266666666667,0.0184740401301437
"862",5.25,"145.1",0.606,"Mouse_Pa","trial_3",1.06833333333333,0.241913437227268
"863",5.25,"191.1",0.61,"Mouse_Pa","trial_3",0.941333333333333,0.370500712250028
"864",5.25,"193.1",0.669,"Mouse_Pa","trial_3",0.762,0.10008163334665
"865",5.5,"KPPR1",0.571,"Mouse_Pa","trial_3",0.4284,0.0197577712257614
"866",5.5,"145.1",0.636,"Mouse_Pa","trial_3",1.37766666666667,0.375802400796542
"867",5.5,"191.1",0.667,"Mouse_Pa","trial_3",1.20433333333333,0.373339136859654
"868",5.5,"193.1",0.718,"Mouse_Pa","trial_3",0.941,0.26610712128765
"869",5.75,"KPPR1",0.615,"Mouse_Pa","trial_3",0.4642,0.0217477311350819
"870",5.75,"145.1",0.666,"Mouse_Pa","trial_3",1.59066666666667,0.474641033952092
"871",5.75,"191.1",0.688,"Mouse_Pa","trial_3",1.51333333333333,0.434760598235141
"872",5.75,"193.1",0.721,"Mouse_Pa","trial_3",1.024,0.350529599320799
"873",6,"KPPR1",0.666,"Mouse_Pa","trial_3",0.502733333333333,0.0242874583874195
"874",6,"145.1",0.663,"Mouse_Pa","trial_3",1.75866666666667,0.553555276774095
"875",6,"191.1",0.66,"Mouse_Pa","trial_3",1.69933333333333,0.527914555375941
"876",6,"193.1",0.7,"Mouse_Pa","trial_3",1.09733333333333,0.424619568293523
"877",6.25,"KPPR1",0.709,"Mouse_Pa","trial_3",0.544133333333333,0.0263040584713365
"878",6.25,"145.1",0.941,"Mouse_Pa","trial_3",2.10066666666667,0.580352287647579
"879",6.25,"191.1",0.639,"Mouse_Pa","trial_3",1.82533333333333,0.598379014040804
"880",6.25,"193.1",0.681,"Mouse_Pa","trial_3",1.17666666666667,0.494167425519372
"881",6.5,"KPPR1",0.75,"Mouse_Pa","trial_3",0.584333333333333,0.0279487058507216
"882",6.5,"145.1",1.943,"Mouse_Pa","trial_3",2.64666666666667,0.375551298463709
"883",6.5,"191.1",0.638,"Mouse_Pa","trial_3",1.94466666666667,0.658457119164018
"884",6.5,"193.1",0.689,"Mouse_Pa","trial_3",1.24633333333333,0.536963789385384
"885",6.75,"KPPR1",0.791,"Mouse_Pa","trial_3",0.6266,0.0291756258348839
"886",6.75,"145.1",2.364,"Mouse_Pa","trial_3",2.863,0.273843629345898
"887",6.75,"191.1",0.659,"Mouse_Pa","trial_3",2.05,0.699028611717718
"888",6.75,"193.1",0.715,"Mouse_Pa","trial_3",1.335,0.581436152986723
"889",7,"KPPR1",0.831,"Mouse_Pa","trial_3",0.6704,0.029720892122738
"890",7,"145.1",3.625,"Mouse_Pa","trial_3",3.43933333333333,0.100023886036175
"891",7,"191.1",0.697,"Mouse_Pa","trial_3",2.16166666666667,0.73571288179863
"892",7,"193.1",0.758,"Mouse_Pa","trial_3",1.41966666666667,0.612347486680924
"893",7.25,"KPPR1",0.869,"Mouse_Pa","trial_3",0.716733333333333,0.0311771385514124
"894",7.25,"145.1",3.713,"Mouse_Pa","trial_3",3.51266666666667,0.104821011464517
"895",7.25,"191.1",0.744,"Mouse_Pa","trial_3",2.26366666666667,0.762555426036546
"896",7.25,"193.1",0.812,"Mouse_Pa","trial_3",1.508,0.636942697579617
"897",7.5,"KPPR1",0.905,"Mouse_Pa","trial_3",0.761666666666667,0.0323851327833749
"898",7.5,"145.1",3.468,"Mouse_Pa","trial_3",3.51066666666667,0.0493096790138046
"899",7.5,"191.1",0.803,"Mouse_Pa","trial_3",2.35533333333333,0.778508046058471
"900",7.5,"193.1",0.874,"Mouse_Pa","trial_3",1.595,0.65658992783421
"901",7.75,"KPPR1",0.938,"Mouse_Pa","trial_3",0.8084,0.033888584958304
"902",7.75,"145.1",3.569,"Mouse_Pa","trial_3",3.622,0.0575586657246327
"903",7.75,"191.1",0.867,"Mouse_Pa","trial_3",2.45066666666667,0.793750660542157
"904",7.75,"193.1",0.941,"Mouse_Pa","trial_3",1.68266666666667,0.666151717787406
"905",8,"KPPR1",0.978,"Mouse_Pa","trial_3",0.856333333333333,0.0357228307237911
"906",8,"145.1",3.71,"Mouse_Pa","trial_3",3.74166666666667,0.0463764787125735
"907",8,"191.1",0.936,"Mouse_Pa","trial_3",2.53533333333333,0.801066858078095
"908",8,"193.1",1.019,"Mouse_Pa","trial_3",1.765,0.671435278588587
"909",8.25,"KPPR1",1.014,"Mouse_Pa","trial_3",0.904133333333333,0.0380941023640226
"910",8.25,"145.1",3.799,"Mouse_Pa","trial_3",3.867,0.0349475797922165
"911",8.25,"191.1",1.026,"Mouse_Pa","trial_3",2.62566666666667,0.800699763401433
"912",8.25,"193.1",1.103,"Mouse_Pa","trial_3",1.856,0.670277803103559
"913",8.5,"KPPR1",1.053,"Mouse_Pa","trial_3",0.958133333333333,0.0417539124675665
"914",8.5,"145.1",3.887,"Mouse_Pa","trial_3",3.96633333333333,0.0408629144552585
"915",8.5,"191.1",1.113,"Mouse_Pa","trial_3",2.70733333333333,0.797764863714728
"916",8.5,"193.1",1.186,"Mouse_Pa","trial_3",1.94766666666667,0.66654790608861
"917",8.75,"KPPR1",1.094,"Mouse_Pa","trial_3",1.0124,0.0452934137964156
"918",8.75,"145.1",3.959,"Mouse_Pa","trial_3",4.04866666666667,0.0486015546161964
"919",8.75,"191.1",1.208,"Mouse_Pa","trial_3",2.78766666666667,0.790270066355659
"920",8.75,"193.1",1.282,"Mouse_Pa","trial_3",2.04933333333333,0.653832122524157
"921",9,"KPPR1",1.134,"Mouse_Pa","trial_3",1.06353333333333,0.049312305685939
"922",9,"145.1",4.029,"Mouse_Pa","trial_3",4.11266666666667,0.0468413397663977
"923",9,"191.1",1.362,"Mouse_Pa","trial_3",2.88133333333333,0.759950948709484
"924",9,"193.1",1.419,"Mouse_Pa","trial_3",2.19433333333333,0.616824484310119
"925",9.25,"KPPR1",1.182,"Mouse_Pa","trial_3",1.11513333333333,0.0527132283629493
"926",9.25,"145.1",4.085,"Mouse_Pa","trial_3",4.169,0.0484974226119286
"927",9.25,"191.1",1.513,"Mouse_Pa","trial_3",2.97166666666667,0.729499904805416
"928",9.25,"193.1",1.588,"Mouse_Pa","trial_3",2.31666666666667,0.587372775822797
"929",9.5,"KPPR1",1.223,"Mouse_Pa","trial_3",1.1678,0.0570499530486848
"930",9.5,"145.1",4.131,"Mouse_Pa","trial_3",4.21933333333333,0.0529223750201913
"931",9.5,"191.1",1.72,"Mouse_Pa","trial_3",3.07966666666667,0.679900074357336
"932",9.5,"193.1",1.79,"Mouse_Pa","trial_3",2.46066666666667,0.542214389743065
"933",9.75,"KPPR1",1.269,"Mouse_Pa","trial_3",1.22,0.0609300926511374
"934",9.75,"145.1",4.178,"Mouse_Pa","trial_3",4.26366666666667,0.0556367184909791
"935",9.75,"191.1",1.994,"Mouse_Pa","trial_3",3.19966666666667,0.602848884694811
"936",9.75,"193.1",2.055,"Mouse_Pa","trial_3",2.60633333333333,0.489686067235371
"937",10,"KPPR1",1.316,"Mouse_Pa","trial_3",1.27073333333333,0.0654264739387925
"938",10,"145.1",4.216,"Mouse_Pa","trial_3",4.29633333333333,0.0532301084391573
"939",10,"191.1",2.105,"Mouse_Pa","trial_3",3.26866666666667,0.581836842345955
"940",10,"193.1",2.3,"Mouse_Pa","trial_3",2.76533333333333,0.432752944659087
"941",10.25,"KPPR1",1.358,"Mouse_Pa","trial_3",1.3204,0.0690991558076749
"942",10.25,"145.1",4.256,"Mouse_Pa","trial_3",4.338,0.0571664237118259
"943",10.25,"191.1",2.282,"Mouse_Pa","trial_3",3.353,0.5355094147943
"944",10.25,"193.1",2.455,"Mouse_Pa","trial_3",2.88933333333333,0.395009001303908
"945",10.5,"KPPR1",1.403,"Mouse_Pa","trial_3",1.36826666666667,0.0734533520040775
"946",10.5,"145.1",4.265,"Mouse_Pa","trial_3",4.359,0.0639061812346818
"947",10.5,"191.1",2.448,"Mouse_Pa","trial_3",3.43166666666667,0.491937100767071
"948",10.5,"193.1",2.578,"Mouse_Pa","trial_3",2.99433333333333,0.364145727849595
"949",10.75,"KPPR1",1.45,"Mouse_Pa","trial_3",1.4136,0.0774789556681592
"950",10.75,"145.1",4.31,"Mouse_Pa","trial_3",4.38933333333333,0.0578772647745018
"951",10.75,"191.1",2.607,"Mouse_Pa","trial_3",3.51066666666667,0.451910881086575
"952",10.75,"193.1",2.718,"Mouse_Pa","trial_3",3.10833333333333,0.326101381645511
"953",11,"KPPR1",1.498,"Mouse_Pa","trial_3",1.45633333333333,0.0808027973741755
"954",11,"145.1",4.323,"Mouse_Pa","trial_3",4.408,0.0660176744011278
"955",11,"191.1",2.761,"Mouse_Pa","trial_3",3.586,0.412723070997168
"956",11,"193.1",2.891,"Mouse_Pa","trial_3",3.228,0.288916943082264
"957",11.25,"KPPR1",1.546,"Mouse_Pa","trial_3",1.4984,0.0856460490290458
"958",11.25,"145.1",4.342,"Mouse_Pa","trial_3",4.42133333333333,0.0690997668431507
"959",11.25,"191.1",2.902,"Mouse_Pa","trial_3",3.65066666666667,0.374707589698658
"960",11.25,"193.1",3.006,"Mouse_Pa","trial_3",3.32366666666667,0.256343736243176
"961",11.5,"KPPR1",1.587,"Mouse_Pa","trial_3",1.5362,0.0883205309680382
"962",11.5,"145.1",4.348,"Mouse_Pa","trial_3",4.424,0.0705714767688289
"963",11.5,"191.1",3.033,"Mouse_Pa","trial_3",3.71533333333333,0.341651056553971
"964",11.5,"193.1",3.123,"Mouse_Pa","trial_3",3.41033333333333,0.229957483993117
"965",11.75,"KPPR1",1.631,"Mouse_Pa","trial_3",1.57693333333333,0.0917036358352101
"966",11.75,"145.1",4.365,"Mouse_Pa","trial_3",4.43166666666667,0.0656692046886852
"967",11.75,"191.1",3.164,"Mouse_Pa","trial_3",3.77533333333333,0.306412213275588
"968",11.75,"193.1",3.255,"Mouse_Pa","trial_3",3.502,0.196847656831368
"969",12,"KPPR1",1.675,"Mouse_Pa","trial_3",1.61293333333333,0.0941514720147257
"970",12,"145.1",4.365,"Mouse_Pa","trial_3",4.41933333333333,0.0558400493473197
"971",12,"191.1",3.275,"Mouse_Pa","trial_3",3.83,0.278298999878428
"972",12,"193.1",3.374,"Mouse_Pa","trial_3",3.583,0.170570610989506
"973",12.25,"KPPR1",1.719,"Mouse_Pa","trial_3",1.6476,0.0967085360885013
"974",12.25,"145.1",4.362,"Mouse_Pa","trial_3",4.43033333333333,0.0643747707655034
"975",12.25,"191.1",3.386,"Mouse_Pa","trial_3",3.88066666666667,0.248463500561171
"976",12.25,"193.1",3.476,"Mouse_Pa","trial_3",3.662,0.148264403459945
"977",12.5,"KPPR1",1.757,"Mouse_Pa","trial_3",1.67986666666667,0.0995250084229451
"978",12.5,"145.1",4.362,"Mouse_Pa","trial_3",4.42866666666667,0.0651724208883209
"979",12.5,"191.1",3.476,"Mouse_Pa","trial_3",3.927,0.226958880269826
"980",12.5,"193.1",3.576,"Mouse_Pa","trial_3",3.728,0.122769431591636
"981",12.75,"KPPR1",1.798,"Mouse_Pa","trial_3",1.7112,0.100496017452482
"982",12.75,"145.1",4.365,"Mouse_Pa","trial_3",4.424,0.0595007002759912
"983",12.75,"191.1",3.57,"Mouse_Pa","trial_3",3.97233333333333,0.202728334915911
"984",12.75,"193.1",3.662,"Mouse_Pa","trial_3",3.79533333333333,0.103886690410487
"985",13,"KPPR1",1.837,"Mouse_Pa","trial_3",1.74026666666667,0.102390357928984
"986",13,"145.1",4.358,"Mouse_Pa","trial_3",4.43166666666667,0.0620546354253877
"987",13,"191.1",3.657,"Mouse_Pa","trial_3",4.013,0.180325631382045
"988",13,"193.1",3.738,"Mouse_Pa","trial_3",3.85033333333333,0.0849986928004061
"989",13.25,"KPPR1",1.875,"Mouse_Pa","trial_3",1.7674,0.103296650939119
"990",13.25,"145.1",4.36,"Mouse_Pa","trial_3",4.43166666666667,0.0559831323803081
"991",13.25,"191.1",3.74,"Mouse_Pa","trial_3",4.05466666666667,0.159856532900946
"992",13.25,"193.1",3.809,"Mouse_Pa","trial_3",3.904,0.0706139740655723
"993",13.5,"KPPR1",1.916,"Mouse_Pa","trial_3",1.79346666666667,0.104581791489299
"994",13.5,"145.1",4.357,"Mouse_Pa","trial_3",4.444,0.0599694366601299
"995",13.5,"191.1",3.805,"Mouse_Pa","trial_3",4.088,0.143917800613174
"996",13.5,"193.1",3.874,"Mouse_Pa","trial_3",3.95466666666667,0.0554867351515457
"997",13.75,"KPPR1",1.956,"Mouse_Pa","trial_3",1.81853333333333,0.105497229332459
"998",13.75,"145.1",4.368,"Mouse_Pa","trial_3",4.44233333333333,0.0586126645397088
"999",13.75,"191.1",3.877,"Mouse_Pa","trial_3",4.12366666666667,0.127355582698382
"1000",13.75,"193.1",3.936,"Mouse_Pa","trial_3",3.999,0.0425323406362735
"1001",14,"KPPR1",1.989,"Mouse_Pa","trial_3",1.84353333333333,0.106105556906079
"1002",14,"145.1",4.379,"Mouse_Pa","trial_3",4.445,0.0466047207909243
"1003",14,"191.1",3.934,"Mouse_Pa","trial_3",4.15133333333333,0.112003472168401
"1004",14,"193.1",3.992,"Mouse_Pa","trial_3",4.04066666666667,0.0305523230613394
"1005",14.25,"KPPR1",2.017,"Mouse_Pa","trial_3",1.86613333333333,0.106759581555794
"1006",14.25,"145.1",4.368,"Mouse_Pa","trial_3",4.45533333333333,0.0546788604286681
"1007",14.25,"191.1",3.996,"Mouse_Pa","trial_3",4.18,0.097139075556647
"1008",14.25,"193.1",4.043,"Mouse_Pa","trial_3",4.082,0.0219620885467054
"1009",14.5,"KPPR1",2.053,"Mouse_Pa","trial_3",1.88613333333333,0.107358760667509
"1010",14.5,"145.1",4.394,"Mouse_Pa","trial_3",4.45933333333333,0.0381109491412171
"1011",14.5,"191.1",4.045,"Mouse_Pa","trial_3",4.20666666666667,0.0871671446768284
"1012",14.5,"193.1",4.091,"Mouse_Pa","trial_3",4.11533333333333,0.0124409717376809
"1013",14.75,"KPPR1",2.077,"Mouse_Pa","trial_3",1.90346666666667,0.108208831021831
"1014",14.75,"145.1",4.391,"Mouse_Pa","trial_3",4.46833333333333,0.049670022258009
"1015",14.75,"191.1",4.089,"Mouse_Pa","trial_3",4.227,0.0769502003462846
"1016",14.75,"193.1",4.132,"Mouse_Pa","trial_3",4.152,0.0100000000000001
"1017",15,"KPPR1",2.103,"Mouse_Pa","trial_3",1.92106666666667,0.109907080523533
"1018",15,"145.1",4.407,"Mouse_Pa","trial_3",4.46733333333333,0.0488273602717893
"1019",15,"191.1",4.132,"Mouse_Pa","trial_3",4.25233333333333,0.0689983896752512
"1020",15,"193.1",4.171,"Mouse_Pa","trial_3",4.19266666666667,0.0108371788046725
"1021",15.25,"KPPR1",2.126,"Mouse_Pa","trial_3",1.93573333333333,0.110541070439761
"1022",15.25,"145.1",4.406,"Mouse_Pa","trial_3",4.454,0.0411987054812809
"1023",15.25,"191.1",4.175,"Mouse_Pa","trial_3",4.27233333333333,0.0604133907157824
"1024",15.25,"193.1",4.217,"Mouse_Pa","trial_3",4.23466666666667,0.00938675189355254
"1025",15.5,"KPPR1",2.145,"Mouse_Pa","trial_3",1.949,0.111181062107845
"1026",15.5,"145.1",4.39,"Mouse_Pa","trial_3",4.434,0.0391066916694998
"1027",15.5,"191.1",4.207,"Mouse_Pa","trial_3",4.30166666666667,0.0542750198321269
"1028",15.5,"193.1",4.227,"Mouse_Pa","trial_3",4.25866666666667,0.0161486153517191
"1029",15.75,"KPPR1",2.161,"Mouse_Pa","trial_3",1.96173333333333,0.112282613956148
"1030",15.75,"145.1",4.381,"Mouse_Pa","trial_3",4.41166666666667,0.0337111916793881
"1031",15.75,"191.1",4.248,"Mouse_Pa","trial_3",4.33166666666667,0.0456155431599557
"1032",15.75,"193.1",4.252,"Mouse_Pa","trial_3",4.289,0.0188767935130238
"1033",16,"KPPR1",2.178,"Mouse_Pa","trial_3",1.9744,0.112773890933099
"1034",16,"145.1",4.393,"Mouse_Pa","trial_3",4.39966666666667,0.0216204635575756
"1035",16,"191.1",4.276,"Mouse_Pa","trial_3",4.352,0.0404474968323133
"1036",16,"193.1",4.284,"Mouse_Pa","trial_3",4.316,0.0170098010962307
"1037",16.25,"KPPR1",2.192,"Mouse_Pa","trial_3",1.98553333333333,0.113421458735053
"1038",16.25,"145.1",4.442,"Mouse_Pa","trial_3",4.40666666666667,0.0199360087390742
"1039",16.25,"191.1",4.306,"Mouse_Pa","trial_3",4.36933333333333,0.033908373269412
"1040",16.25,"193.1",4.312,"Mouse_Pa","trial_3",4.34466666666667,0.0175245859041264
"1041",16.5,"KPPR1",2.206,"Mouse_Pa","trial_3",1.99486666666667,0.114204781263711
"1042",16.5,"145.1",4.423,"Mouse_Pa","trial_3",4.371,0.0272274371422161
"1043",16.5,"191.1",4.34,"Mouse_Pa","trial_3",4.38466666666667,0.0269093127208985
"1044",16.5,"193.1",4.338,"Mouse_Pa","trial_3",4.365,0.0135030860670193
"1045",16.75,"KPPR1",2.218,"Mouse_Pa","trial_3",2.00606666666667,0.115054788880969
"1046",16.75,"145.1",4.427,"Mouse_Pa","trial_3",4.37366666666667,0.0284155669386419
"1047",16.75,"191.1",4.36,"Mouse_Pa","trial_3",4.395,0.0228691932520584
"1048",16.75,"193.1",4.364,"Mouse_Pa","trial_3",4.38533333333333,0.0110503896361672
"1049",17,"KPPR1",2.227,"Mouse_Pa","trial_3",2.01186666666667,0.115527604067544
"1050",17,"145.1",4.447,"Mouse_Pa","trial_3",4.363,0.0438786204584115
"1051",17,"191.1",4.385,"Mouse_Pa","trial_3",4.412,0.0195533458347501
"1052",17,"193.1",4.388,"Mouse_Pa","trial_3",4.40066666666667,0.010268614533833
"1053",17.25,"KPPR1",2.24,"Mouse_Pa","trial_3",2.01933333333333,0.116695520241543
"1054",17.25,"145.1",4.48,"Mouse_Pa","trial_3",4.382,0.0613704597777574
"1055",17.25,"191.1",4.403,"Mouse_Pa","trial_3",4.42166666666667,0.0167066187815223
"1056",17.25,"193.1",4.411,"Mouse_Pa","trial_3",4.41666666666667,0.00993870101058383
"1057",17.5,"KPPR1",2.254,"Mouse_Pa","trial_3",2.02513333333333,0.117371160028131
"1058",17.5,"145.1",4.487,"Mouse_Pa","trial_3",4.38266666666667,0.0734264560253623
"1059",17.5,"191.1",4.426,"Mouse_Pa","trial_3",4.43366666666667,0.0157726908857615
"1060",17.5,"193.1",4.43,"Mouse_Pa","trial_3",4.42866666666667,0.00868587614719673
"1061",17.75,"KPPR1",2.271,"Mouse_Pa","trial_3",2.03233333333333,0.117860719522448
"1062",17.75,"145.1",4.492,"Mouse_Pa","trial_3",4.38466666666667,0.0792492551664962
"1063",17.75,"191.1",4.451,"Mouse_Pa","trial_3",4.44766666666667,0.0145296631451355
"1064",17.75,"193.1",4.45,"Mouse_Pa","trial_3",4.43833333333333,0.00973538791100696
"1065",18,"KPPR1",2.281,"Mouse_Pa","trial_3",2.03786666666667,0.118866626605767
"1066",18,"145.1",4.511,"Mouse_Pa","trial_3",4.39066666666667,0.088536872419223
"1067",18,"191.1",4.465,"Mouse_Pa","trial_3",4.457,0.0149777612924406
"1068",18,"193.1",4.463,"Mouse_Pa","trial_3",4.443,0.0118462370959447
"1069",18.25,"KPPR1",2.28,"Mouse_Pa","trial_3",2.04153333333333,0.119614494529665
"1070",18.25,"145.1",4.513,"Mouse_Pa","trial_3",4.38266666666667,0.0864914896263081
"1071",18.25,"191.1",4.485,"Mouse_Pa","trial_3",4.46733333333333,0.0152351931760353
"1072",18.25,"193.1",4.484,"Mouse_Pa","trial_3",4.45566666666667,0.0154092324417683
"1073",18.5,"KPPR1",2.291,"Mouse_Pa","trial_3",2.04793333333333,0.120416082878796
"1074",18.5,"145.1",4.503,"Mouse_Pa","trial_3",4.385,0.0841803619220856
"1075",18.5,"191.1",4.505,"Mouse_Pa","trial_3",4.47766666666667,0.0175245859041264
"1076",18.5,"193.1",4.501,"Mouse_Pa","trial_3",4.46466666666667,0.0188178402350301
"1077",18.75,"KPPR1",2.302,"Mouse_Pa","trial_3",2.0482,0.120135962658188
"1078",18.75,"145.1",4.494,"Mouse_Pa","trial_3",4.40166666666667,0.0859153329996713
"1079",18.75,"191.1",4.522,"Mouse_Pa","trial_3",4.48766666666667,0.0205291121202173
"1080",18.75,"193.1",4.516,"Mouse_Pa","trial_3",4.47533333333333,0.0207310824072882
"1081",19,"KPPR1",2.307,"Mouse_Pa","trial_3",2.0538,0.121246942033113
"1082",19,"145.1",4.518,"Mouse_Pa","trial_3",4.417,0.0869041617722266
"1083",19,"191.1",4.542,"Mouse_Pa","trial_3",4.498,0.0234378611083293
"1084",19,"193.1",4.531,"Mouse_Pa","trial_3",4.48133333333333,0.0250355303075005
"1085",19.25,"KPPR1",2.314,"Mouse_Pa","trial_3",2.05686666666667,0.121379878565745
"1086",19.25,"145.1",4.528,"Mouse_Pa","trial_3",4.431,0.0945110222848812
"1087",19.25,"191.1",4.557,"Mouse_Pa","trial_3",4.50866666666667,0.0255755960069579
"1088",19.25,"193.1",4.543,"Mouse_Pa","trial_3",4.485,0.029051678092668
"1089",19.5,"KPPR1",2.309,"Mouse_Pa","trial_3",2.05626666666667,0.121362874478101
"1090",19.5,"145.1",4.537,"Mouse_Pa","trial_3",4.44133333333333,0.0882729353262433
"1091",19.5,"191.1",4.573,"Mouse_Pa","trial_3",4.51833333333333,0.0278228523180337
"1092",19.5,"193.1",4.559,"Mouse_Pa","trial_3",4.49366666666667,0.0327125528063939
"1093",19.75,"KPPR1",2.324,"Mouse_Pa","trial_3",2.05833333333333,0.121916351755607
"1094",19.75,"145.1",4.547,"Mouse_Pa","trial_3",4.45466666666667,0.08640280345246
"1095",19.75,"191.1",4.587,"Mouse_Pa","trial_3",4.523,0.0327414110874897
"1096",19.75,"193.1",4.572,"Mouse_Pa","trial_3",4.49966666666667,0.0361678187220505
"1097",20,"KPPR1",2.329,"Mouse_Pa","trial_3",2.0576,0.121534114356344
"1098",20,"145.1",4.537,"Mouse_Pa","trial_3",4.45866666666667,0.0838934509429138
"1099",20,"191.1",4.606,"Mouse_Pa","trial_3",4.535,0.0357631094844953
"1100",20,"193.1",4.585,"Mouse_Pa","trial_3",4.506,0.039585350825779
"1101",20.25,"KPPR1",2.328,"Mouse_Pa","trial_3",2.05826666666667,0.121737401486293
"1102",20.25,"145.1",4.552,"Mouse_Pa","trial_3",4.46933333333333,0.0872053770003764
"1103",20.25,"191.1",4.62,"Mouse_Pa","trial_3",4.539,0.0407962416569632
"1104",20.25,"193.1",4.601,"Mouse_Pa","trial_3",4.51633333333333,0.0423962786626899
"1105",20.5,"KPPR1",2.336,"Mouse_Pa","trial_3",2.05813333333333,0.122028211674368
"1106",20.5,"145.1",4.557,"Mouse_Pa","trial_3",4.48033333333333,0.0899802447454132
"1107",20.5,"191.1",4.633,"Mouse_Pa","trial_3",4.54633333333333,0.0435787919877446
"1108",20.5,"193.1",4.613,"Mouse_Pa","trial_3",4.527,0.043385865593916
"1109",20.75,"KPPR1",2.333,"Mouse_Pa","trial_3",2.05906666666667,0.121672412127877
"1110",20.75,"145.1",4.561,"Mouse_Pa","trial_3",4.47733333333333,0.0846686351477203
"1111",20.75,"191.1",4.646,"Mouse_Pa","trial_3",4.553,0.0467011777153425
"1112",20.75,"193.1",4.629,"Mouse_Pa","trial_3",4.54033333333333,0.0455350902540495
"1113",21,"KPPR1",2.341,"Mouse_Pa","trial_3",2.05626666666667,0.12198838612428
"1114",21,"145.1",4.57,"Mouse_Pa","trial_3",4.49,0.0912213425319609
"1115",21,"191.1",4.658,"Mouse_Pa","trial_3",4.55766666666667,0.0502338973646726
"1116",21,"193.1",4.637,"Mouse_Pa","trial_3",4.548,0.0470567033836128
"1117",21.25,"KPPR1",2.347,"Mouse_Pa","trial_3",2.05726666666667,0.122201374268115
"1118",21.25,"145.1",4.567,"Mouse_Pa","trial_3",4.48766666666667,0.0890024968438778
"1119",21.25,"191.1",4.674,"Mouse_Pa","trial_3",4.56366666666667,0.055438654785668
"1120",21.25,"193.1",4.649,"Mouse_Pa","trial_3",4.56133333333333,0.0479107967419082
"1121",21.5,"KPPR1",2.346,"Mouse_Pa","trial_3",2.0536,0.121864163254479
"1122",21.5,"145.1",4.578,"Mouse_Pa","trial_3",4.50433333333333,0.0917248300322463
"1123",21.5,"191.1",4.686,"Mouse_Pa","trial_3",4.56633333333333,0.0599898139501847
"1124",21.5,"193.1",4.658,"Mouse_Pa","trial_3",4.568,0.0503189825016366
"1125",21.75,"KPPR1",2.349,"Mouse_Pa","trial_3",2.05146666666667,0.121919171767382
"1126",21.75,"145.1",4.59,"Mouse_Pa","trial_3",4.51566666666667,0.0918591917616908
"1127",21.75,"191.1",4.698,"Mouse_Pa","trial_3",4.57,0.0641274772101114
"1128",21.75,"193.1",4.671,"Mouse_Pa","trial_3",4.57966666666667,0.0537194357544621
"1129",22,"KPPR1",2.352,"Mouse_Pa","trial_3",2.0502,0.122173732661243
"1130",22,"145.1",4.595,"Mouse_Pa","trial_3",4.52,0.0941080938779088
"1131",22,"191.1",4.709,"Mouse_Pa","trial_3",4.576,0.066530694670455
"1132",22,"193.1",4.683,"Mouse_Pa","trial_3",4.588,0.0566598035059541
"1133",22.25,"KPPR1",2.355,"Mouse_Pa","trial_3",2.05,0.121939446330663
"1134",22.25,"145.1",4.571,"Mouse_Pa","trial_3",4.51766666666667,0.0928248051139588
"1135",22.25,"191.1",4.719,"Mouse_Pa","trial_3",4.57766666666667,0.0707515213813653
"1136",22.25,"193.1",4.691,"Mouse_Pa","trial_3",4.59533333333333,0.0592293095613236
"1137",22.5,"KPPR1",2.369,"Mouse_Pa","trial_3",2.04946666666667,0.121412083287678
"1138",22.5,"145.1",4.597,"Mouse_Pa","trial_3",4.53,0.0958244923458159
"1139",22.5,"191.1",4.731,"Mouse_Pa","trial_3",4.57866666666667,0.0762328304895236
"1140",22.5,"193.1",4.701,"Mouse_Pa","trial_3",4.604,0.0618573628061634
"1141",22.75,"KPPR1",2.355,"Mouse_Pa","trial_3",2.04713333333333,0.120671725755561
"1142",22.75,"145.1",4.565,"Mouse_Pa","trial_3",4.52066666666667,0.0935954652272806
"1143",22.75,"191.1",4.739,"Mouse_Pa","trial_3",4.579,0.0800083328993507
"1144",22.75,"193.1",4.714,"Mouse_Pa","trial_3",4.612,0.0661614187675365
"1145",23,"KPPR1",2.365,"Mouse_Pa","trial_3",2.04333333333333,0.120772894572798
"1146",23,"145.1",4.615,"Mouse_Pa","trial_3",4.53966666666667,0.0997602681988733
"1147",23,"191.1",4.743,"Mouse_Pa","trial_3",4.582,0.0805253583247746
"1148",23,"193.1",4.716,"Mouse_Pa","trial_3",4.621,0.0648613906727262
"1149",23.25,"KPPR1",2.365,"Mouse_Pa","trial_3",2.04066666666667,0.120758107946923
"1150",23.25,"145.1",4.618,"Mouse_Pa","trial_3",4.54066666666667,0.101742048556359
"1151",23.25,"191.1",4.756,"Mouse_Pa","trial_3",4.58233333333333,0.0868338131784566
"1152",23.25,"193.1",4.726,"Mouse_Pa","trial_3",4.624,0.0715821206726932
"1153",23.5,"KPPR1",2.364,"Mouse_Pa","trial_3",2.04033333333333,0.120706951970333
"1154",23.5,"145.1",4.603,"Mouse_Pa","trial_3",4.54033333333333,0.0959067834467985
"1155",23.5,"191.1",4.761,"Mouse_Pa","trial_3",4.58466666666667,0.088204938133367
"1156",23.5,"193.1",4.731,"Mouse_Pa","trial_3",4.62766666666667,0.0745147263595892
"1157",23.75,"KPPR1",2.372,"Mouse_Pa","trial_3",2.03886666666667,0.120784493906519
"1158",23.75,"145.1",4.634,"Mouse_Pa","trial_3",4.538,0.0975038460779881
"1159",23.75,"191.1",4.768,"Mouse_Pa","trial_3",4.586,0.0910659101969556
"1160",23.75,"193.1",4.736,"Mouse_Pa","trial_3",4.634,0.0744737090074969
"1161",24,"KPPR1",2.362,"Mouse_Pa","trial_3",2.03546666666667,0.120323131080503
"1162",24,"145.1",4.632,"Mouse_Pa","trial_3",4.54466666666667,0.0995746509464687
"1163",24,"191.1",4.778,"Mouse_Pa","trial_3",4.58333333333333,0.0973487430724083
"1164",24,"193.1",4.744,"Mouse_Pa","trial_3",4.63866666666667,0.0790049224908029
"1165",0,"KPPR1",0.008,"Lab_Pa","trial_1",0.00893333333333333,0.00141241659396958
"1166",0,"PA01",0.008,"Lab_Pa","trial_1",0.00833333333333333,0.00145296631451356
"1167",0,"PA14",0.009,"Lab_Pa","trial_1",0.00466666666666667,0.00231900361745681
"1168",0.25,"KPPR1",0.011,"Lab_Pa","trial_1",0.0108666666666667,0.00126816953450789
"1169",0.25,"PA01",0.011,"Lab_Pa","trial_1",0.01,0.00152752523165195
"1170",0.25,"PA14",0.009,"Lab_Pa","trial_1",0.00383333333333333,0.00234402313223322
"1171",0.5,"KPPR1",0.016,"Lab_Pa","trial_1",0.0148,0.00170209954384074
"1172",0.5,"PA01",0.016,"Lab_Pa","trial_1",0.0156666666666667,0.000333333333333334
"1173",0.5,"PA14",0.013,"Lab_Pa","trial_1",0.008,0.00355902608401044
"1174",0.75,"KPPR1",0.023,"Lab_Pa","trial_1",0.0190666666666667,0.00213690177742198
"1175",0.75,"PA01",0.024,"Lab_Pa","trial_1",0.0183333333333333,0.00617341972581738
"1176",0.75,"PA14",0.017,"Lab_Pa","trial_1",0.008,0.00443471156521669
"1177",1,"KPPR1",0.027,"Lab_Pa","trial_1",0.0243333333333333,0.00277860305200921
"1178",1,"PA01",0.028,"Lab_Pa","trial_1",0.0216666666666667,0.00735602549690464
"1179",1,"PA14",0.018,"Lab_Pa","trial_1",0.0085,0.00435698672632054
"1180",1.25,"KPPR1",0.031,"Lab_Pa","trial_1",0.0305333333333333,0.00357086979755789
"1181",1.25,"PA01",0.03,"Lab_Pa","trial_1",0.0243333333333333,0.0072188026092359
"1182",1.25,"PA14",0.019,"Lab_Pa","trial_1",0.00916666666666667,0.00422229532100465
"1183",1.5,"KPPR1",0.036,"Lab_Pa","trial_1",0.039,0.00445613541728063
"1184",1.5,"PA01",0.033,"Lab_Pa","trial_1",0.0293333333333333,0.00578311719096582
"1185",1.5,"PA14",0.02,"Lab_Pa","trial_1",0.0103333333333333,0.00407158172922733
"1186",1.75,"KPPR1",0.043,"Lab_Pa","trial_1",0.0510666666666667,0.00589791461665874
"1187",1.75,"PA01",0.038,"Lab_Pa","trial_1",0.0376666666666667,0.00433333333333333
"1188",1.75,"PA14",0.022,"Lab_Pa","trial_1",0.0121666666666667,0.00405311951190411
"1189",2,"KPPR1",0.056,"Lab_Pa","trial_1",0.0685333333333333,0.00759063750799482
"1190",2,"PA01",0.045,"Lab_Pa","trial_1",0.047,0.00416333199893227
"1191",2,"PA14",0.025,"Lab_Pa","trial_1",0.0156666666666667,0.00394686936416418
"1192",2.25,"KPPR1",0.072,"Lab_Pa","trial_1",0.0904,0.00931961576972131
"1193",2.25,"PA01",0.055,"Lab_Pa","trial_1",0.067,0.0062449979983984
"1194",2.25,"PA14",0.03,"Lab_Pa","trial_1",0.022,0.00395811402901264
"1195",2.5,"KPPR1",0.096,"Lab_Pa","trial_1",0.117666666666667,0.0109595214818491
"1196",2.5,"PA01",0.069,"Lab_Pa","trial_1",0.123,0.029365512652316
"1197",2.5,"PA14",0.039,"Lab_Pa","trial_1",0.0321666666666667,0.00391932533876828
"1198",2.75,"KPPR1",0.125,"Lab_Pa","trial_1",0.143133333333333,0.0109895477036209
"1199",2.75,"PA01",0.082,"Lab_Pa","trial_1",0.132666666666667,0.0258607381522218
"1200",2.75,"PA14",0.054,"Lab_Pa","trial_1",0.0475,0.00439507299901454
"1201",3,"KPPR1",0.165,"Lab_Pa","trial_1",0.168466666666667,0.0103357293689077
"1202",3,"PA01",0.171,"Lab_Pa","trial_1",0.204666666666667,0.0212629045784227
"1203",3,"PA14",0.068,"Lab_Pa","trial_1",0.0713333333333333,0.01137150434688
"1204",3.25,"KPPR1",0.191,"Lab_Pa","trial_1",0.189133333333333,0.0104825781392005
"1205",3.25,"PA01",0.207,"Lab_Pa","trial_1",0.241666666666667,0.0257574153292687
"1206",3.25,"PA14",0.132,"Lab_Pa","trial_1",0.1235,0.0197968852768982
"1207",3.5,"KPPR1",0.213,"Lab_Pa","trial_1",0.2092,0.0113507708989302
"1208",3.5,"PA01",0.266,"Lab_Pa","trial_1",0.304,0.0191398362932741
"1209",3.5,"PA14",0.224,"Lab_Pa","trial_1",0.199,0.0129871731591854
"1210",3.75,"KPPR1",0.231,"Lab_Pa","trial_1",0.230133333333333,0.012782006201676
"1211",3.75,"PA01",0.32,"Lab_Pa","trial_1",0.372666666666667,0.0263902338838527
"1212",3.75,"PA14",0.294,"Lab_Pa","trial_1",0.267,0.0170333007175161
"1213",4,"KPPR1",0.259,"Lab_Pa","trial_1",0.253533333333333,0.0138154043308691
"1214",4,"PA01",0.407,"Lab_Pa","trial_1",0.465666666666667,0.0293560518084053
"1215",4,"PA14",0.366,"Lab_Pa","trial_1",0.333833333333333,0.01586067814159
"1216",4.25,"KPPR1",0.287,"Lab_Pa","trial_1",0.277933333333333,0.0147984769701115
"1217",4.25,"PA01",0.492,"Lab_Pa","trial_1",0.595,0.0538918670425634
"1218",4.25,"PA14",0.39,"Lab_Pa","trial_1",0.396166666666667,0.0216108254765471
"1219",4.5,"KPPR1",0.317,"Lab_Pa","trial_1",0.305133333333333,0.01563752101492
"1220",4.5,"PA01",0.582,"Lab_Pa","trial_1",0.761,0.0895004655481374
"1221",4.5,"PA14",0.425,"Lab_Pa","trial_1",0.453166666666667,0.0235448744127275
"1222",4.75,"KPPR1",0.35,"Lab_Pa","trial_1",0.3324,0.0165295694640443
"1223",4.75,"PA01",0.691,"Lab_Pa","trial_1",1.14366666666667,0.227133832305489
"1224",4.75,"PA14",0.484,"Lab_Pa","trial_1",0.505,0.0238997907940635
"1225",5,"KPPR1",0.386,"Lab_Pa","trial_1",0.363,0.0172433562085034
"1226",5,"PA01",0.831,"Lab_Pa","trial_1",1.58133333333333,0.379452383193348
"1227",5,"PA14",0.539,"Lab_Pa","trial_1",0.560333333333333,0.0289777692569858
"1228",5.25,"KPPR1",0.417,"Lab_Pa","trial_1",0.395266666666667,0.0184740401301437
"1229",5.25,"PA01",1.125,"Lab_Pa","trial_1",2.04,0.478953372817577
"1230",5.25,"PA14",0.596,"Lab_Pa","trial_1",0.628166666666667,0.0329134386602865
"1231",5.5,"KPPR1",0.454,"Lab_Pa","trial_1",0.4284,0.0197577712257614
"1232",5.5,"PA01",2.126,"Lab_Pa","trial_1",2.57133333333333,0.248221227492287
"1233",5.5,"PA14",0.683,"Lab_Pa","trial_1",0.738166666666667,0.0454799711716903
"1234",5.75,"KPPR1",0.497,"Lab_Pa","trial_1",0.4642,0.0217477311350819
"1235",5.75,"PA01",2.717,"Lab_Pa","trial_1",2.933,0.161080725103906
"1236",5.75,"PA14",0.856,"Lab_Pa","trial_1",0.8965,0.0509939538899793
"1237",6,"KPPR1",0.547,"Lab_Pa","trial_1",0.502733333333333,0.0242874583874195
"1238",6,"PA01",3.027,"Lab_Pa","trial_1",3.16566666666667,0.14775806050583
"1239",6,"PA14",1.039,"Lab_Pa","trial_1",1.05433333333333,0.0562421352526536
"1240",6.25,"KPPR1",0.589,"Lab_Pa","trial_1",0.544133333333333,0.0263040584713365
"1241",6.25,"PA01",3.24,"Lab_Pa","trial_1",3.31966666666667,0.142789277530835
"1242",6.25,"PA14",1.197,"Lab_Pa","trial_1",1.19666666666667,0.0608192221076345
"1243",6.5,"KPPR1",0.633,"Lab_Pa","trial_1",0.584333333333333,0.0279487058507216
"1244",6.5,"PA01",3.482,"Lab_Pa","trial_1",3.46633333333333,0.141379316419026
"1245",6.5,"PA14",1.341,"Lab_Pa","trial_1",1.34033333333333,0.0641252247126234
"1246",6.75,"KPPR1",0.687,"Lab_Pa","trial_1",0.6266,0.0291756258348839
"1247",6.75,"PA01",3.628,"Lab_Pa","trial_1",3.56466666666667,0.143825511567933
"1248",6.75,"PA14",1.525,"Lab_Pa","trial_1",1.49816666666667,0.0755731066216313
"1249",7,"KPPR1",0.738,"Lab_Pa","trial_1",0.6704,0.029720892122738
"1250",7,"PA01",3.74,"Lab_Pa","trial_1",3.639,0.15865160992985
"1251",7,"PA14",1.687,"Lab_Pa","trial_1",1.67183333333333,0.0763017765921024
"1252",7.25,"KPPR1",0.806,"Lab_Pa","trial_1",0.716733333333333,0.0311771385514124
"1253",7.25,"PA01",3.816,"Lab_Pa","trial_1",3.70133333333333,0.161766635757947
"1254",7.25,"PA14",1.804,"Lab_Pa","trial_1",1.83966666666667,0.0816041937920132
"1255",7.5,"KPPR1",0.858,"Lab_Pa","trial_1",0.761666666666667,0.0323851327833749
"1256",7.5,"PA01",3.904,"Lab_Pa","trial_1",3.76166666666667,0.169001314919276
"1257",7.5,"PA14",1.98,"Lab_Pa","trial_1",2.007,0.0904739373153028
"1258",7.75,"KPPR1",0.922,"Lab_Pa","trial_1",0.8084,0.033888584958304
"1259",7.75,"PA01",3.988,"Lab_Pa","trial_1",3.82233333333333,0.183960442607764
"1260",7.75,"PA14",2.137,"Lab_Pa","trial_1",2.15616666666667,0.089451445550707
"1261",8,"KPPR1",0.989,"Lab_Pa","trial_1",0.856333333333333,0.0357228307237911
"1262",8,"PA01",4.06,"Lab_Pa","trial_1",3.87333333333333,0.193203117067102
"1263",8,"PA14",2.274,"Lab_Pa","trial_1",2.34533333333333,0.0998644637051194
"1264",8.25,"KPPR1",1.052,"Lab_Pa","trial_1",0.904133333333333,0.0380941023640226
"1265",8.25,"PA01",4.119,"Lab_Pa","trial_1",3.91566666666667,0.202833538756401
"1266",8.25,"PA14",2.411,"Lab_Pa","trial_1",2.5705,0.108059165892271
"1267",8.5,"KPPR1",1.138,"Lab_Pa","trial_1",0.958133333333333,0.0417539124675665
"1268",8.5,"PA01",4.155,"Lab_Pa","trial_1",3.94566666666667,0.2068383695331
"1269",8.5,"PA14",2.533,"Lab_Pa","trial_1",2.74216666666667,0.132694490382147
"1270",8.75,"KPPR1",1.218,"Lab_Pa","trial_1",1.0124,0.0452934137964156
"1271",8.75,"PA01",4.208,"Lab_Pa","trial_1",3.97766666666667,0.212587498325853
"1272",8.75,"PA14",2.664,"Lab_Pa","trial_1",2.91316666666667,0.148163742003381
"1273",9,"KPPR1",1.299,"Lab_Pa","trial_1",1.06353333333333,0.049312305685939
"1274",9,"PA01",4.234,"Lab_Pa","trial_1",4.00366666666667,0.213558995231867
"1275",9,"PA14",2.754,"Lab_Pa","trial_1",3.06816666666667,0.164884892509222
"1276",9.25,"KPPR1",1.383,"Lab_Pa","trial_1",1.11513333333333,0.0527132283629493
"1277",9.25,"PA01",4.269,"Lab_Pa","trial_1",4.03,0.215446048931049
"1278",9.25,"PA14",2.93,"Lab_Pa","trial_1",3.21383333333333,0.167183614960053
"1279",9.5,"KPPR1",1.462,"Lab_Pa","trial_1",1.1678,0.0570499530486848
"1280",9.5,"PA01",4.305,"Lab_Pa","trial_1",4.052,0.226536972699822
"1281",9.5,"PA14",3.005,"Lab_Pa","trial_1",3.31816666666667,0.167503117715595
"1282",9.75,"KPPR1",1.535,"Lab_Pa","trial_1",1.22,0.0609300926511374
"1283",9.75,"PA01",4.336,"Lab_Pa","trial_1",4.073,0.230313554384742
"1284",9.75,"PA14",3.148,"Lab_Pa","trial_1",3.41533333333333,0.1671876523883
"1285",10,"KPPR1",1.605,"Lab_Pa","trial_1",1.27073333333333,0.0654264739387925
"1286",10,"PA01",4.365,"Lab_Pa","trial_1",4.09366666666667,0.23530500301618
"1287",10,"PA14",3.238,"Lab_Pa","trial_1",3.508,0.172227175556008
"1288",10.25,"KPPR1",1.678,"Lab_Pa","trial_1",1.3204,0.0690991558076749
"1289",10.25,"PA01",4.388,"Lab_Pa","trial_1",4.11133333333333,0.239201681525119
"1290",10.25,"PA14",3.34,"Lab_Pa","trial_1",3.58916666666667,0.162809380701618
"1291",10.5,"KPPR1",1.752,"Lab_Pa","trial_1",1.36826666666667,0.0734533520040775
"1292",10.5,"PA01",4.416,"Lab_Pa","trial_1",4.12933333333333,0.244460176261447
"1293",10.5,"PA14",3.425,"Lab_Pa","trial_1",3.65233333333333,0.151609073313938
"1294",10.75,"KPPR1",1.823,"Lab_Pa","trial_1",1.4136,0.0774789556681592
"1295",10.75,"PA01",4.445,"Lab_Pa","trial_1",4.14766666666667,0.248086902336885
"1296",10.75,"PA14",3.513,"Lab_Pa","trial_1",3.7215,0.153817803477578
"1297",11,"KPPR1",1.883,"Lab_Pa","trial_1",1.45633333333333,0.0808027973741755
"1298",11,"PA01",4.459,"Lab_Pa","trial_1",4.16033333333333,0.247565030738278
"1299",11,"PA14",3.53,"Lab_Pa","trial_1",3.749,0.146559430493799
"1300",11.25,"KPPR1",1.95,"Lab_Pa","trial_1",1.4984,0.0856460490290458
"1301",11.25,"PA01",4.5,"Lab_Pa","trial_1",4.17833333333333,0.25623708639548
"1302",11.25,"PA14",3.658,"Lab_Pa","trial_1",3.83,0.145291890115496
"1303",11.5,"KPPR1",2.002,"Lab_Pa","trial_1",1.5362,0.0883205309680382
"1304",11.5,"PA01",4.524,"Lab_Pa","trial_1",4.18833333333333,0.260246250906927
"1305",11.5,"PA14",3.721,"Lab_Pa","trial_1",3.87783333333333,0.138698093393929
"1306",11.75,"KPPR1",2.052,"Lab_Pa","trial_1",1.57693333333333,0.0917036358352101
"1307",11.75,"PA01",4.547,"Lab_Pa","trial_1",4.20333333333333,0.266797259689409
"1308",11.75,"PA14",3.787,"Lab_Pa","trial_1",3.9275,0.132155400949034
"1309",12,"KPPR1",2.103,"Lab_Pa","trial_1",1.61293333333333,0.0941514720147257
"1310",12,"PA01",4.572,"Lab_Pa","trial_1",4.21833333333333,0.270481258336157
"1311",12,"PA14",3.839,"Lab_Pa","trial_1",3.96683333333333,0.129908536200581
"1312",12.25,"KPPR1",2.151,"Lab_Pa","trial_1",1.6476,0.0967085360885013
"1313",12.25,"PA01",4.58,"Lab_Pa","trial_1",4.22566666666667,0.272011233428164
"1314",12.25,"PA14",3.882,"Lab_Pa","trial_1",3.99266666666667,0.124125384636307
"1315",12.5,"KPPR1",2.193,"Lab_Pa","trial_1",1.67986666666667,0.0995250084229451
"1316",12.5,"PA01",4.605,"Lab_Pa","trial_1",4.23333333333333,0.278593092360724
"1317",12.5,"PA14",3.943,"Lab_Pa","trial_1",4.03533333333333,0.118480003000975
"1318",12.75,"KPPR1",2.232,"Lab_Pa","trial_1",1.7112,0.100496017452482
"1319",12.75,"PA01",4.617,"Lab_Pa","trial_1",4.243,0.280016666170665
"1320",12.75,"PA14",3.987,"Lab_Pa","trial_1",4.05116666666667,0.111160669503401
"1321",13,"KPPR1",2.27,"Lab_Pa","trial_1",1.74026666666667,0.102390357928984
"1322",13,"PA01",4.629,"Lab_Pa","trial_1",4.246,0.283254302703419
"1323",13,"PA14",4.02,"Lab_Pa","trial_1",4.055,0.105555040934418
"1324",13.25,"KPPR1",2.302,"Lab_Pa","trial_1",1.7674,0.103296650939119
"1325",13.25,"PA01",4.651,"Lab_Pa","trial_1",4.257,0.287631708961303
"1326",13.25,"PA14",4.064,"Lab_Pa","trial_1",4.10366666666667,0.10492494672119
"1327",13.5,"KPPR1",2.33,"Lab_Pa","trial_1",1.79346666666667,0.104581791489299
"1328",13.5,"PA01",4.654,"Lab_Pa","trial_1",4.26266666666667,0.287142434651825
"1329",13.5,"PA14",4.087,"Lab_Pa","trial_1",4.11566666666667,0.101303065655049
"1330",13.75,"KPPR1",2.36,"Lab_Pa","trial_1",1.81853333333333,0.105497229332459
"1331",13.75,"PA01",4.669,"Lab_Pa","trial_1",4.27133333333333,0.288681100485947
"1332",13.75,"PA14",4.12,"Lab_Pa","trial_1",4.14866666666667,0.100090181558655
"1333",14,"KPPR1",2.39,"Lab_Pa","trial_1",1.84353333333333,0.106105556906079
"1334",14,"PA01",4.667,"Lab_Pa","trial_1",4.27166666666667,0.29061849753777
"1335",14,"PA14",4.156,"Lab_Pa","trial_1",4.144,0.0946717134804971
"1336",14.25,"KPPR1",2.421,"Lab_Pa","trial_1",1.86613333333333,0.106759581555794
"1337",14.25,"PA01",4.678,"Lab_Pa","trial_1",4.276,0.291638474827997
"1338",14.25,"PA14",4.178,"Lab_Pa","trial_1",4.17866666666667,0.0955721949336963
"1339",14.5,"KPPR1",2.44,"Lab_Pa","trial_1",1.88613333333333,0.107358760667509
"1340",14.5,"PA01",4.675,"Lab_Pa","trial_1",4.27433333333333,0.292018454515768
"1341",14.5,"PA14",4.209,"Lab_Pa","trial_1",4.2005,0.0948598088409066
"1342",14.75,"KPPR1",2.46,"Lab_Pa","trial_1",1.90346666666667,0.108208831021831
"1343",14.75,"PA01",4.68,"Lab_Pa","trial_1",4.27933333333333,0.289091296613678
"1344",14.75,"PA14",4.231,"Lab_Pa","trial_1",4.2,0.0861080716309453
"1345",15,"KPPR1",2.484,"Lab_Pa","trial_1",1.92106666666667,0.109907080523533
"1346",15,"PA01",4.691,"Lab_Pa","trial_1",4.28033333333333,0.29340207527858
"1347",15,"PA14",4.26,"Lab_Pa","trial_1",4.21683333333333,0.0852625031561028
"1348",15.25,"KPPR1",2.51,"Lab_Pa","trial_1",1.93573333333333,0.110541070439761
"1349",15.25,"PA01",4.691,"Lab_Pa","trial_1",4.282,0.293854272273406
"1350",15.25,"PA14",4.276,"Lab_Pa","trial_1",4.22433333333333,0.0855401140466337
"1351",15.5,"KPPR1",2.522,"Lab_Pa","trial_1",1.949,0.111181062107845
"1352",15.5,"PA01",4.698,"Lab_Pa","trial_1",4.28033333333333,0.294841388621823
"1353",15.5,"PA14",4.299,"Lab_Pa","trial_1",4.23233333333333,0.0810266074268886
"1354",15.75,"KPPR1",2.538,"Lab_Pa","trial_1",1.96173333333333,0.112282613956148
"1355",15.75,"PA01",4.693,"Lab_Pa","trial_1",4.27833333333333,0.29398544937538
"1356",15.75,"PA14",4.317,"Lab_Pa","trial_1",4.24316666666667,0.0842327793148909
"1357",16,"KPPR1",2.559,"Lab_Pa","trial_1",1.9744,0.112773890933099
"1358",16,"PA01",4.68,"Lab_Pa","trial_1",4.277,0.290940429183249
"1359",16,"PA14",4.33,"Lab_Pa","trial_1",4.251,0.0785026538829527
"1360",16.25,"KPPR1",2.575,"Lab_Pa","trial_1",1.98553333333333,0.113421458735053
"1361",16.25,"PA01",4.677,"Lab_Pa","trial_1",4.27766666666667,0.291141050199231
"1362",16.25,"PA14",4.345,"Lab_Pa","trial_1",4.25316666666667,0.0749463882459395
"1363",16.5,"KPPR1",2.584,"Lab_Pa","trial_1",1.99486666666667,0.114204781263711
"1364",16.5,"PA01",4.685,"Lab_Pa","trial_1",4.283,0.290802911493907
"1365",16.5,"PA14",4.359,"Lab_Pa","trial_1",4.25466666666667,0.0697799716569479
"1366",16.75,"KPPR1",2.607,"Lab_Pa","trial_1",2.00606666666667,0.115054788880969
"1367",16.75,"PA01",4.631,"Lab_Pa","trial_1",4.26133333333333,0.280089469832607
"1368",16.75,"PA14",4.358,"Lab_Pa","trial_1",4.25116666666667,0.0666995335649192
"1369",17,"KPPR1",2.612,"Lab_Pa","trial_1",2.01186666666667,0.115527604067544
"1370",17,"PA01",4.682,"Lab_Pa","trial_1",4.27933333333333,0.291033407780695
"1371",17,"PA14",4.376,"Lab_Pa","trial_1",4.24883333333333,0.0631640280891303
"1372",17.25,"KPPR1",2.624,"Lab_Pa","trial_1",2.01933333333333,0.116695520241543
"1373",17.25,"PA01",4.676,"Lab_Pa","trial_1",4.273,0.290940429183249
"1374",17.25,"PA14",4.394,"Lab_Pa","trial_1",4.26316666666667,0.0690233857310534
"1375",17.5,"KPPR1",2.638,"Lab_Pa","trial_1",2.02513333333333,0.117371160028131
"1376",17.5,"PA01",4.674,"Lab_Pa","trial_1",4.27233333333333,0.291732944850442
"1377",17.5,"PA14",4.395,"Lab_Pa","trial_1",4.26483333333333,0.0699487510809005
"1378",17.75,"KPPR1",2.638,"Lab_Pa","trial_1",2.03233333333333,0.117860719522448
"1379",17.75,"PA01",4.676,"Lab_Pa","trial_1",4.27066666666667,0.292373239389502
"1380",17.75,"PA14",4.406,"Lab_Pa","trial_1",4.26866666666667,0.0676272463171794
"1381",18,"KPPR1",2.652,"Lab_Pa","trial_1",2.03786666666667,0.118866626605767
"1382",18,"PA01",4.68,"Lab_Pa","trial_1",4.27,0.293581902257842
"1383",18,"PA14",4.423,"Lab_Pa","trial_1",4.26583333333333,0.0652152419130511
"1384",18.25,"KPPR1",2.668,"Lab_Pa","trial_1",2.04153333333333,0.119614494529665
"1385",18.25,"PA01",4.669,"Lab_Pa","trial_1",4.263,0.290119515602335
"1386",18.25,"PA14",4.426,"Lab_Pa","trial_1",4.2755,0.0723361366584273
"1387",18.5,"KPPR1",2.674,"Lab_Pa","trial_1",2.04793333333333,0.120416082878796
"1388",18.5,"PA01",4.673,"Lab_Pa","trial_1",4.26533333333333,0.292975728990949
"1389",18.5,"PA14",4.429,"Lab_Pa","trial_1",4.25833333333333,0.0673501629132732
"1390",18.75,"KPPR1",2.673,"Lab_Pa","trial_1",2.0482,0.120135962658188
"1391",18.75,"PA01",4.665,"Lab_Pa","trial_1",4.26,0.292049653312583
"1392",18.75,"PA14",4.43,"Lab_Pa","trial_1",4.24416666666667,0.0600607562759947
"1393",19,"KPPR1",2.684,"Lab_Pa","trial_1",2.0538,0.121246942033113
"1394",19,"PA01",4.666,"Lab_Pa","trial_1",4.25866666666667,0.293898697588888
"1395",19,"PA14",4.428,"Lab_Pa","trial_1",4.24116666666667,0.0615637429372552
"1396",19.25,"KPPR1",2.688,"Lab_Pa","trial_1",2.05686666666667,0.121379878565745
"1397",19.25,"PA01",4.659,"Lab_Pa","trial_1",4.25333333333333,0.292696847342851
"1398",19.25,"PA14",4.411,"Lab_Pa","trial_1",4.24116666666667,0.0626691932114797
"1399",19.5,"KPPR1",2.685,"Lab_Pa","trial_1",2.05626666666667,0.121362874478101
"1400",19.5,"PA01",4.66,"Lab_Pa","trial_1",4.24866666666667,0.291991628494913
"1401",19.5,"PA14",4.402,"Lab_Pa","trial_1",4.21883333333333,0.0543540349110451
"1402",19.75,"KPPR1",2.702,"Lab_Pa","trial_1",2.05833333333333,0.121916351755607
"1403",19.75,"PA01",4.63,"Lab_Pa","trial_1",4.23733333333333,0.287175517371829
"1404",19.75,"PA14",4.404,"Lab_Pa","trial_1",4.22333333333333,0.0644813495860969
"1405",20,"KPPR1",2.691,"Lab_Pa","trial_1",2.0576,0.121534114356344
"1406",20,"PA01",4.634,"Lab_Pa","trial_1",4.238,0.287898130131707
"1407",20,"PA14",4.4,"Lab_Pa","trial_1",4.2145,0.0646558839807588
"1408",20.25,"KPPR1",2.693,"Lab_Pa","trial_1",2.05826666666667,0.121737401486293
"1409",20.25,"PA01",4.637,"Lab_Pa","trial_1",4.23733333333333,0.286875311667708
"1410",20.25,"PA14",4.376,"Lab_Pa","trial_1",4.19766666666667,0.0629362993651341
"1411",20.5,"KPPR1",2.694,"Lab_Pa","trial_1",2.05813333333333,0.122028211674368
"1412",20.5,"PA01",4.625,"Lab_Pa","trial_1",4.22766666666667,0.287521206947321
"1413",20.5,"PA14",4.365,"Lab_Pa","trial_1",4.18633333333333,0.064528891031675
"1414",20.75,"KPPR1",2.692,"Lab_Pa","trial_1",2.05906666666667,0.121672412127877
"1415",20.75,"PA01",4.627,"Lab_Pa","trial_1",4.22266666666667,0.290572041172428
"1416",20.75,"PA14",4.358,"Lab_Pa","trial_1",4.17133333333333,0.0627235557382108
"1417",21,"KPPR1",2.688,"Lab_Pa","trial_1",2.05626666666667,0.12198838612428
"1418",21,"PA01",4.629,"Lab_Pa","trial_1",4.21766666666667,0.291173106206218
"1419",21,"PA14",4.346,"Lab_Pa","trial_1",4.16666666666667,0.0682923454308346
"1420",21.25,"KPPR1",2.691,"Lab_Pa","trial_1",2.05726666666667,0.122201374268115
"1421",21.25,"PA01",4.614,"Lab_Pa","trial_1",4.21,0.289007497019253
"1422",21.25,"PA14",4.326,"Lab_Pa","trial_1",4.13366666666667,0.058576825148214
"1423",21.5,"KPPR1",2.69,"Lab_Pa","trial_1",2.0536,0.121864163254479
"1424",21.5,"PA01",4.611,"Lab_Pa","trial_1",4.20233333333333,0.287783097333932
"1425",21.5,"PA14",4.308,"Lab_Pa","trial_1",4.1325,0.064824249577865
"1426",21.75,"KPPR1",2.681,"Lab_Pa","trial_1",2.05146666666667,0.121919171767382
"1427",21.75,"PA01",4.601,"Lab_Pa","trial_1",4.19566666666667,0.287010646337572
"1428",21.75,"PA14",4.302,"Lab_Pa","trial_1",4.11383333333333,0.0675343945293392
"1429",22,"KPPR1",2.683,"Lab_Pa","trial_1",2.0502,0.122173732661243
"1430",22,"PA01",4.591,"Lab_Pa","trial_1",4.18566666666667,0.287419747253231
"1431",22,"PA14",4.273,"Lab_Pa","trial_1",4.10366666666667,0.0683976932684461
"1432",22.25,"KPPR1",2.675,"Lab_Pa","trial_1",2.05,0.121939446330663
"1433",22.25,"PA01",4.57,"Lab_Pa","trial_1",4.172,0.284021125974812
"1434",22.25,"PA14",4.256,"Lab_Pa","trial_1",4.08383333333333,0.0737877210501705
"1435",22.5,"KPPR1",2.671,"Lab_Pa","trial_1",2.04946666666667,0.121412083287678
"1436",22.5,"PA01",4.564,"Lab_Pa","trial_1",4.16933333333333,0.282029746264074
"1437",22.5,"PA14",4.235,"Lab_Pa","trial_1",4.06666666666667,0.0722148030377276
"1438",22.75,"KPPR1",2.666,"Lab_Pa","trial_1",2.04713333333333,0.120671725755561
"1439",22.75,"PA01",4.553,"Lab_Pa","trial_1",4.152,0.285279395213418
"1440",22.75,"PA14",4.21,"Lab_Pa","trial_1",4.04766666666667,0.0750722614848151
"1441",23,"KPPR1",2.658,"Lab_Pa","trial_1",2.04333333333333,0.120772894572798
"1442",23,"PA01",4.541,"Lab_Pa","trial_1",4.14433333333333,0.282319165327314
"1443",23,"PA14",4.191,"Lab_Pa","trial_1",4.03766666666667,0.0787022518384604
"1444",23.25,"KPPR1",2.657,"Lab_Pa","trial_1",2.04066666666667,0.120758107946923
"1445",23.25,"PA01",4.536,"Lab_Pa","trial_1",4.13533333333333,0.283319215334537
"1446",23.25,"PA14",4.165,"Lab_Pa","trial_1",4.006,0.0746869020199213
"1447",23.5,"KPPR1",2.657,"Lab_Pa","trial_1",2.04033333333333,0.120706951970333
"1448",23.5,"PA01",4.525,"Lab_Pa","trial_1",4.124,0.283641205281132
"1449",23.5,"PA14",4.147,"Lab_Pa","trial_1",3.99916666666667,0.075153805255918
"1450",23.75,"KPPR1",2.649,"Lab_Pa","trial_1",2.03886666666667,0.120784493906519
"1451",23.75,"PA01",4.511,"Lab_Pa","trial_1",4.109,0.283383721009753
"1452",23.75,"PA14",4.118,"Lab_Pa","trial_1",3.968,0.0737382759042638
"1453",24,"KPPR1",2.645,"Lab_Pa","trial_1",2.03546666666667,0.120323131080503
"1454",24,"PA01",4.501,"Lab_Pa","trial_1",4.097,0.28328313280768
"1455",24,"PA14",4.107,"Lab_Pa","trial_1",3.95716666666667,0.0792933022252055
"1456",0,"KPPR1",0.02,"Lab_Pa","trial_2",0.00893333333333333,0.00141241659396958
"1457",0,"PA01",0.011,"Lab_Pa","trial_2",0.00833333333333333,0.00145296631451356
"1458",0,"PA14",0.01,"Lab_Pa","trial_2",0.00466666666666667,0.00231900361745681
"1459",0.25,"KPPR1",0.021,"Lab_Pa","trial_2",0.0108666666666667,0.00126816953450789
"1460",0.25,"PA01",0.012,"Lab_Pa","trial_2",0.01,0.00152752523165195
"1461",0.25,"PA14",0.008,"Lab_Pa","trial_2",0.00383333333333333,0.00234402313223322
"1462",0.5,"KPPR1",0.027,"Lab_Pa","trial_2",0.0148,0.00170209954384074
"1463",0.5,"PA01",0.016,"Lab_Pa","trial_2",0.0156666666666667,0.000333333333333334
"1464",0.5,"PA14",0.008,"Lab_Pa","trial_2",0.008,0.00355902608401044
"1465",0.75,"KPPR1",0.036,"Lab_Pa","trial_2",0.0190666666666667,0.00213690177742198
"1466",0.75,"PA01",0.025,"Lab_Pa","trial_2",0.0183333333333333,0.00617341972581738
"1467",0.75,"PA14",0.012,"Lab_Pa","trial_2",0.008,0.00443471156521669
"1468",1,"KPPR1",0.046,"Lab_Pa","trial_2",0.0243333333333333,0.00277860305200921
"1469",1,"PA01",0.03,"Lab_Pa","trial_2",0.0216666666666667,0.00735602549690464
"1470",1,"PA14",0.014,"Lab_Pa","trial_2",0.0085,0.00435698672632054
"1471",1.25,"KPPR1",0.055,"Lab_Pa","trial_2",0.0305333333333333,0.00357086979755789
"1472",1.25,"PA01",0.033,"Lab_Pa","trial_2",0.0243333333333333,0.0072188026092359
"1473",1.25,"PA14",0.015,"Lab_Pa","trial_2",0.00916666666666667,0.00422229532100465
"1474",1.5,"KPPR1",0.066,"Lab_Pa","trial_2",0.039,0.00445613541728063
"1475",1.5,"PA01",0.037,"Lab_Pa","trial_2",0.0293333333333333,0.00578311719096582
"1476",1.5,"PA14",0.017,"Lab_Pa","trial_2",0.0103333333333333,0.00407158172922733
"1477",1.75,"KPPR1",0.084,"Lab_Pa","trial_2",0.0510666666666667,0.00589791461665874
"1478",1.75,"PA01",0.045,"Lab_Pa","trial_2",0.0376666666666667,0.00433333333333333
"1479",1.75,"PA14",0.02,"Lab_Pa","trial_2",0.0121666666666667,0.00405311951190411
"1480",2,"KPPR1",0.107,"Lab_Pa","trial_2",0.0685333333333333,0.00759063750799482
"1481",2,"PA01",0.055,"Lab_Pa","trial_2",0.047,0.00416333199893227
"1482",2,"PA14",0.025,"Lab_Pa","trial_2",0.0156666666666667,0.00394686936416418
"1483",2.25,"KPPR1",0.134,"Lab_Pa","trial_2",0.0904,0.00931961576972131
"1484",2.25,"PA01",0.07,"Lab_Pa","trial_2",0.067,0.0062449979983984
"1485",2.25,"PA14",0.034,"Lab_Pa","trial_2",0.022,0.00395811402901264
"1486",2.5,"KPPR1",0.171,"Lab_Pa","trial_2",0.117666666666667,0.0109595214818491
"1487",2.5,"PA01",0.17,"Lab_Pa","trial_2",0.123,0.029365512652316
"1488",2.5,"PA14",0.046,"Lab_Pa","trial_2",0.0321666666666667,0.00391932533876828
"1489",2.75,"KPPR1",0.196,"Lab_Pa","trial_2",0.143133333333333,0.0109895477036209
"1490",2.75,"PA01",0.149,"Lab_Pa","trial_2",0.132666666666667,0.0258607381522218
"1491",2.75,"PA14",0.064,"Lab_Pa","trial_2",0.0475,0.00439507299901454
"1492",3,"KPPR1",0.21,"Lab_Pa","trial_2",0.168466666666667,0.0103357293689077
"1493",3,"PA01",0.244,"Lab_Pa","trial_2",0.204666666666667,0.0212629045784227
"1494",3,"PA14",0.119,"Lab_Pa","trial_2",0.0713333333333333,0.01137150434688
"1495",3.25,"KPPR1",0.231,"Lab_Pa","trial_2",0.189133333333333,0.0104825781392005
"1496",3.25,"PA01",0.292,"Lab_Pa","trial_2",0.241666666666667,0.0257574153292687
"1497",3.25,"PA14",0.185,"Lab_Pa","trial_2",0.1235,0.0197968852768982
"1498",3.5,"KPPR1",0.254,"Lab_Pa","trial_2",0.2092,0.0113507708989302
"1499",3.5,"PA01",0.319,"Lab_Pa","trial_2",0.304,0.0191398362932741
"1500",3.5,"PA14",0.24,"Lab_Pa","trial_2",0.199,0.0129871731591854
"1501",3.75,"KPPR1",0.278,"Lab_Pa","trial_2",0.230133333333333,0.012782006201676
"1502",3.75,"PA01",0.402,"Lab_Pa","trial_2",0.372666666666667,0.0263902338838527
"1503",3.75,"PA14",0.314,"Lab_Pa","trial_2",0.267,0.0170333007175161
"1504",4,"KPPR1",0.304,"Lab_Pa","trial_2",0.253533333333333,0.0138154043308691
"1505",4,"PA01",0.493,"Lab_Pa","trial_2",0.465666666666667,0.0293560518084053
"1506",4,"PA14",0.363,"Lab_Pa","trial_2",0.333833333333333,0.01586067814159
"1507",4.25,"KPPR1",0.326,"Lab_Pa","trial_2",0.277933333333333,0.0147984769701115
"1508",4.25,"PA01",0.619,"Lab_Pa","trial_2",0.595,0.0538918670425634
"1509",4.25,"PA14",0.479,"Lab_Pa","trial_2",0.396166666666667,0.0216108254765471
"1510",4.5,"KPPR1",0.357,"Lab_Pa","trial_2",0.305133333333333,0.01563752101492
"1511",4.5,"PA01",0.851,"Lab_Pa","trial_2",0.761,0.0895004655481374
"1512",4.5,"PA14",0.548,"Lab_Pa","trial_2",0.453166666666667,0.0235448744127275
"1513",4.75,"KPPR1",0.381,"Lab_Pa","trial_2",0.3324,0.0165295694640443
"1514",4.75,"PA01",1.403,"Lab_Pa","trial_2",1.14366666666667,0.227133832305489
"1515",4.75,"PA14",0.61,"Lab_Pa","trial_2",0.505,0.0238997907940635
"1516",5,"KPPR1",0.408,"Lab_Pa","trial_2",0.363,0.0172433562085034
"1517",5,"PA01",2.055,"Lab_Pa","trial_2",1.58133333333333,0.379452383193348
"1518",5,"PA14",0.688,"Lab_Pa","trial_2",0.560333333333333,0.0289777692569858
"1519",5.25,"KPPR1",0.44,"Lab_Pa","trial_2",0.395266666666667,0.0184740401301437
"1520",5.25,"PA01",2.743,"Lab_Pa","trial_2",2.04,0.478953372817577
"1521",5.25,"PA14",0.784,"Lab_Pa","trial_2",0.628166666666667,0.0329134386602865
"1522",5.5,"KPPR1",0.466,"Lab_Pa","trial_2",0.4284,0.0197577712257614
"1523",5.5,"PA01",2.984,"Lab_Pa","trial_2",2.57133333333333,0.248221227492287
"1524",5.5,"PA14",0.938,"Lab_Pa","trial_2",0.738166666666667,0.0454799711716903
"1525",5.75,"KPPR1",0.497,"Lab_Pa","trial_2",0.4642,0.0217477311350819
"1526",5.75,"PA01",3.248,"Lab_Pa","trial_2",2.933,0.161080725103906
"1527",5.75,"PA14",1.124,"Lab_Pa","trial_2",0.8965,0.0509939538899793
"1528",6,"KPPR1",0.524,"Lab_Pa","trial_2",0.502733333333333,0.0242874583874195
"1529",6,"PA01",3.461,"Lab_Pa","trial_2",3.16566666666667,0.14775806050583
"1530",6,"PA14",1.293,"Lab_Pa","trial_2",1.05433333333333,0.0562421352526536
"1531",6.25,"KPPR1",0.569,"Lab_Pa","trial_2",0.544133333333333,0.0263040584713365
"1532",6.25,"PA01",3.597,"Lab_Pa","trial_2",3.31966666666667,0.142789277530835
"1533",6.25,"PA14",1.471,"Lab_Pa","trial_2",1.19666666666667,0.0608192221076345
"1534",6.5,"KPPR1",0.607,"Lab_Pa","trial_2",0.584333333333333,0.0279487058507216
"1535",6.5,"PA01",3.703,"Lab_Pa","trial_2",3.46633333333333,0.141379316419026
"1536",6.5,"PA14",1.629,"Lab_Pa","trial_2",1.34033333333333,0.0641252247126234
"1537",6.75,"KPPR1",0.644,"Lab_Pa","trial_2",0.6266,0.0291756258348839
"1538",6.75,"PA01",3.776,"Lab_Pa","trial_2",3.56466666666667,0.143825511567933
"1539",6.75,"PA14",1.822,"Lab_Pa","trial_2",1.49816666666667,0.0755731066216313
"1540",7,"KPPR1",0.68,"Lab_Pa","trial_2",0.6704,0.029720892122738
"1541",7,"PA01",3.849,"Lab_Pa","trial_2",3.639,0.15865160992985
"1542",7,"PA14",1.998,"Lab_Pa","trial_2",1.67183333333333,0.0763017765921024
"1543",7.25,"KPPR1",0.714,"Lab_Pa","trial_2",0.716733333333333,0.0311771385514124
"1544",7.25,"PA01",3.906,"Lab_Pa","trial_2",3.70133333333333,0.161766635757947
"1545",7.25,"PA14",2.188,"Lab_Pa","trial_2",1.83966666666667,0.0816041937920132
"1546",7.5,"KPPR1",0.749,"Lab_Pa","trial_2",0.761666666666667,0.0323851327833749
"1547",7.5,"PA01",3.956,"Lab_Pa","trial_2",3.76166666666667,0.169001314919276
"1548",7.5,"PA14",2.395,"Lab_Pa","trial_2",2.007,0.0904739373153028
"1549",7.75,"KPPR1",0.783,"Lab_Pa","trial_2",0.8084,0.033888584958304
"1550",7.75,"PA01",4.024,"Lab_Pa","trial_2",3.82233333333333,0.183960442607764
"1551",7.75,"PA14",2.502,"Lab_Pa","trial_2",2.15616666666667,0.089451445550707
"1552",8,"KPPR1",0.82,"Lab_Pa","trial_2",0.856333333333333,0.0357228307237911
"1553",8,"PA01",4.073,"Lab_Pa","trial_2",3.87333333333333,0.193203117067102
"1554",8,"PA14",2.702,"Lab_Pa","trial_2",2.34533333333333,0.0998644637051194
"1555",8.25,"KPPR1",0.862,"Lab_Pa","trial_2",0.904133333333333,0.0380941023640226
"1556",8.25,"PA01",4.118,"Lab_Pa","trial_2",3.91566666666667,0.202833538756401
"1557",8.25,"PA14",2.845,"Lab_Pa","trial_2",2.5705,0.108059165892271
"1558",8.5,"KPPR1",0.901,"Lab_Pa","trial_2",0.958133333333333,0.0417539124675665
"1559",8.5,"PA01",4.15,"Lab_Pa","trial_2",3.94566666666667,0.2068383695331
"1560",8.5,"PA14",3.138,"Lab_Pa","trial_2",2.74216666666667,0.132694490382147
"1561",8.75,"KPPR1",0.932,"Lab_Pa","trial_2",1.0124,0.0452934137964156
"1562",8.75,"PA01",4.172,"Lab_Pa","trial_2",3.97766666666667,0.212587498325853
"1563",8.75,"PA14",3.375,"Lab_Pa","trial_2",2.91316666666667,0.148163742003381
"1564",9,"KPPR1",0.967,"Lab_Pa","trial_2",1.06353333333333,0.049312305685939
"1565",9,"PA01",4.2,"Lab_Pa","trial_2",4.00366666666667,0.213558995231867
"1566",9,"PA14",3.525,"Lab_Pa","trial_2",3.06816666666667,0.164884892509222
"1567",9.25,"KPPR1",0.996,"Lab_Pa","trial_2",1.11513333333333,0.0527132283629493
"1568",9.25,"PA01",4.221,"Lab_Pa","trial_2",4.03,0.215446048931049
"1569",9.25,"PA14",3.677,"Lab_Pa","trial_2",3.21383333333333,0.167183614960053
"1570",9.5,"KPPR1",1.031,"Lab_Pa","trial_2",1.1678,0.0570499530486848
"1571",9.5,"PA01",4.251,"Lab_Pa","trial_2",4.052,0.226536972699822
"1572",9.5,"PA14",3.799,"Lab_Pa","trial_2",3.31816666666667,0.167503117715595
"1573",9.75,"KPPR1",1.069,"Lab_Pa","trial_2",1.22,0.0609300926511374
"1574",9.75,"PA01",4.269,"Lab_Pa","trial_2",4.073,0.230313554384742
"1575",9.75,"PA14",3.905,"Lab_Pa","trial_2",3.41533333333333,0.1671876523883
"1576",10,"KPPR1",1.099,"Lab_Pa","trial_2",1.27073333333333,0.0654264739387925
"1577",10,"PA01",4.291,"Lab_Pa","trial_2",4.09366666666667,0.23530500301618
"1578",10,"PA14",4.021,"Lab_Pa","trial_2",3.508,0.172227175556008
"1579",10.25,"KPPR1",1.135,"Lab_Pa","trial_2",1.3204,0.0690991558076749
"1580",10.25,"PA01",4.311,"Lab_Pa","trial_2",4.11133333333333,0.239201681525119
"1581",10.25,"PA14",4.054,"Lab_Pa","trial_2",3.58916666666667,0.162809380701618
"1582",10.5,"KPPR1",1.171,"Lab_Pa","trial_2",1.36826666666667,0.0734533520040775
"1583",10.5,"PA01",4.329,"Lab_Pa","trial_2",4.12933333333333,0.244460176261447
"1584",10.5,"PA14",4.088,"Lab_Pa","trial_2",3.65233333333333,0.151609073313938
"1585",10.75,"KPPR1",1.201,"Lab_Pa","trial_2",1.4136,0.0774789556681592
"1586",10.75,"PA01",4.343,"Lab_Pa","trial_2",4.14766666666667,0.248086902336885
"1587",10.75,"PA14",4.166,"Lab_Pa","trial_2",3.7215,0.153817803477578
"1588",11,"KPPR1",1.229,"Lab_Pa","trial_2",1.45633333333333,0.0808027973741755
"1589",11,"PA01",4.353,"Lab_Pa","trial_2",4.16033333333333,0.247565030738278
"1590",11,"PA14",4.139,"Lab_Pa","trial_2",3.749,0.146559430493799
"1591",11.25,"KPPR1",1.253,"Lab_Pa","trial_2",1.4984,0.0856460490290458
"1592",11.25,"PA01",4.363,"Lab_Pa","trial_2",4.17833333333333,0.25623708639548
"1593",11.25,"PA14",4.235,"Lab_Pa","trial_2",3.83,0.145291890115496
"1594",11.5,"KPPR1",1.278,"Lab_Pa","trial_2",1.5362,0.0883205309680382
"1595",11.5,"PA01",4.365,"Lab_Pa","trial_2",4.18833333333333,0.260246250906927
"1596",11.5,"PA14",4.28,"Lab_Pa","trial_2",3.87783333333333,0.138698093393929
"1597",11.75,"KPPR1",1.307,"Lab_Pa","trial_2",1.57693333333333,0.0917036358352101
"1598",11.75,"PA01",4.385,"Lab_Pa","trial_2",4.20333333333333,0.266797259689409
"1599",11.75,"PA14",4.285,"Lab_Pa","trial_2",3.9275,0.132155400949034
"1600",12,"KPPR1",1.34,"Lab_Pa","trial_2",1.61293333333333,0.0941514720147257
"1601",12,"PA01",4.396,"Lab_Pa","trial_2",4.21833333333333,0.270481258336157
"1602",12,"PA14",4.368,"Lab_Pa","trial_2",3.96683333333333,0.129908536200581
"1603",12.25,"KPPR1",1.36,"Lab_Pa","trial_2",1.6476,0.0967085360885013
"1604",12.25,"PA01",4.406,"Lab_Pa","trial_2",4.22566666666667,0.272011233428164
"1605",12.25,"PA14",4.371,"Lab_Pa","trial_2",3.99266666666667,0.124125384636307
"1606",12.5,"KPPR1",1.379,"Lab_Pa","trial_2",1.67986666666667,0.0995250084229451
"1607",12.5,"PA01",4.407,"Lab_Pa","trial_2",4.23333333333333,0.278593092360724
"1608",12.5,"PA14",4.381,"Lab_Pa","trial_2",4.03533333333333,0.118480003000975
"1609",12.75,"KPPR1",1.407,"Lab_Pa","trial_2",1.7112,0.100496017452482
"1610",12.75,"PA01",4.417,"Lab_Pa","trial_2",4.243,0.280016666170665
"1611",12.75,"PA14",4.382,"Lab_Pa","trial_2",4.05116666666667,0.111160669503401
"1612",13,"KPPR1",1.429,"Lab_Pa","trial_2",1.74026666666667,0.102390357928984
"1613",13,"PA01",4.416,"Lab_Pa","trial_2",4.246,0.283254302703419
"1614",13,"PA14",4.371,"Lab_Pa","trial_2",4.055,0.105555040934418
"1615",13.25,"KPPR1",1.454,"Lab_Pa","trial_2",1.7674,0.103296650939119
"1616",13.25,"PA01",4.423,"Lab_Pa","trial_2",4.257,0.287631708961303
"1617",13.25,"PA14",4.408,"Lab_Pa","trial_2",4.10366666666667,0.10492494672119
"1618",13.5,"KPPR1",1.475,"Lab_Pa","trial_2",1.79346666666667,0.104581791489299
"1619",13.5,"PA01",4.431,"Lab_Pa","trial_2",4.26266666666667,0.287142434651825
"1620",13.5,"PA14",4.433,"Lab_Pa","trial_2",4.11566666666667,0.101303065655049
"1621",13.75,"KPPR1",1.502,"Lab_Pa","trial_2",1.81853333333333,0.105497229332459
"1622",13.75,"PA01",4.435,"Lab_Pa","trial_2",4.27133333333333,0.288681100485947
"1623",13.75,"PA14",4.45,"Lab_Pa","trial_2",4.14866666666667,0.100090181558655
"1624",14,"KPPR1",1.523,"Lab_Pa","trial_2",1.84353333333333,0.106105556906079
"1625",14,"PA01",4.443,"Lab_Pa","trial_2",4.27166666666667,0.29061849753777
"1626",14,"PA14",4.43,"Lab_Pa","trial_2",4.144,0.0946717134804971
"1627",14.25,"KPPR1",1.549,"Lab_Pa","trial_2",1.86613333333333,0.106759581555794
"1628",14.25,"PA01",4.441,"Lab_Pa","trial_2",4.276,0.291638474827997
"1629",14.25,"PA14",4.479,"Lab_Pa","trial_2",4.17866666666667,0.0955721949336963
"1630",14.5,"KPPR1",1.568,"Lab_Pa","trial_2",1.88613333333333,0.107358760667509
"1631",14.5,"PA01",4.442,"Lab_Pa","trial_2",4.27433333333333,0.292018454515768
"1632",14.5,"PA14",4.511,"Lab_Pa","trial_2",4.2005,0.0948598088409066
"1633",14.75,"KPPR1",1.588,"Lab_Pa","trial_2",1.90346666666667,0.108208831021831
"1634",14.75,"PA01",4.44,"Lab_Pa","trial_2",4.27933333333333,0.289091296613678
"1635",14.75,"PA14",4.474,"Lab_Pa","trial_2",4.2,0.0861080716309453
"1636",15,"KPPR1",1.6,"Lab_Pa","trial_2",1.92106666666667,0.109907080523533
"1637",15,"PA01",4.438,"Lab_Pa","trial_2",4.28033333333333,0.29340207527858
"1638",15,"PA14",4.487,"Lab_Pa","trial_2",4.21683333333333,0.0852625031561028
"1639",15.25,"KPPR1",1.616,"Lab_Pa","trial_2",1.93573333333333,0.110541070439761
"1640",15.25,"PA01",4.443,"Lab_Pa","trial_2",4.282,0.293854272273406
"1641",15.25,"PA14",4.499,"Lab_Pa","trial_2",4.22433333333333,0.0855401140466337
"1642",15.5,"KPPR1",1.631,"Lab_Pa","trial_2",1.949,0.111181062107845
"1643",15.5,"PA01",4.432,"Lab_Pa","trial_2",4.28033333333333,0.294841388621823
"1644",15.5,"PA14",4.469,"Lab_Pa","trial_2",4.23233333333333,0.0810266074268886
"1645",15.75,"KPPR1",1.643,"Lab_Pa","trial_2",1.96173333333333,0.112282613956148
"1646",15.75,"PA01",4.432,"Lab_Pa","trial_2",4.27833333333333,0.29398544937538
"1647",15.75,"PA14",4.526,"Lab_Pa","trial_2",4.24316666666667,0.0842327793148909
"1648",16,"KPPR1",1.657,"Lab_Pa","trial_2",1.9744,0.112773890933099
"1649",16,"PA01",4.439,"Lab_Pa","trial_2",4.277,0.290940429183249
"1650",16,"PA14",4.505,"Lab_Pa","trial_2",4.251,0.0785026538829527
"1651",16.25,"KPPR1",1.665,"Lab_Pa","trial_2",1.98553333333333,0.113421458735053
"1652",16.25,"PA01",4.445,"Lab_Pa","trial_2",4.27766666666667,0.291141050199231
"1653",16.25,"PA14",4.491,"Lab_Pa","trial_2",4.25316666666667,0.0749463882459395
"1654",16.5,"KPPR1",1.676,"Lab_Pa","trial_2",1.99486666666667,0.114204781263711
"1655",16.5,"PA01",4.446,"Lab_Pa","trial_2",4.283,0.290802911493907
"1656",16.5,"PA14",4.457,"Lab_Pa","trial_2",4.25466666666667,0.0697799716569479
"1657",16.75,"KPPR1",1.683,"Lab_Pa","trial_2",2.00606666666667,0.115054788880969
"1658",16.75,"PA01",4.441,"Lab_Pa","trial_2",4.26133333333333,0.280089469832607
"1659",16.75,"PA14",4.44,"Lab_Pa","trial_2",4.25116666666667,0.0666995335649192
"1660",17,"KPPR1",1.691,"Lab_Pa","trial_2",2.01186666666667,0.115527604067544
"1661",17,"PA01",4.442,"Lab_Pa","trial_2",4.27933333333333,0.291033407780695
"1662",17,"PA14",4.417,"Lab_Pa","trial_2",4.24883333333333,0.0631640280891303
"1663",17.25,"KPPR1",1.693,"Lab_Pa","trial_2",2.01933333333333,0.116695520241543
"1664",17.25,"PA01",4.435,"Lab_Pa","trial_2",4.273,0.290940429183249
"1665",17.25,"PA14",4.48,"Lab_Pa","trial_2",4.26316666666667,0.0690233857310534
"1666",17.5,"KPPR1",1.701,"Lab_Pa","trial_2",2.02513333333333,0.117371160028131
"1667",17.5,"PA01",4.438,"Lab_Pa","trial_2",4.27233333333333,0.291732944850442
"1668",17.5,"PA14",4.497,"Lab_Pa","trial_2",4.26483333333333,0.0699487510809005
"1669",17.75,"KPPR1",1.706,"Lab_Pa","trial_2",2.03233333333333,0.117860719522448
"1670",17.75,"PA01",4.433,"Lab_Pa","trial_2",4.27066666666667,0.292373239389502
"1671",17.75,"PA14",4.48,"Lab_Pa","trial_2",4.26866666666667,0.0676272463171794
"1672",18,"KPPR1",1.706,"Lab_Pa","trial_2",2.03786666666667,0.118866626605767
"1673",18,"PA01",4.429,"Lab_Pa","trial_2",4.27,0.293581902257842
"1674",18,"PA14",4.457,"Lab_Pa","trial_2",4.26583333333333,0.0652152419130511
"1675",18.25,"KPPR1",1.709,"Lab_Pa","trial_2",2.04153333333333,0.119614494529665
"1676",18.25,"PA01",4.419,"Lab_Pa","trial_2",4.263,0.290119515602335
"1677",18.25,"PA14",4.526,"Lab_Pa","trial_2",4.2755,0.0723361366584273
"1678",18.5,"KPPR1",1.713,"Lab_Pa","trial_2",2.04793333333333,0.120416082878796
"1679",18.5,"PA01",4.426,"Lab_Pa","trial_2",4.26533333333333,0.292975728990949
"1680",18.5,"PA14",4.46,"Lab_Pa","trial_2",4.25833333333333,0.0673501629132732
"1681",18.75,"KPPR1",1.711,"Lab_Pa","trial_2",2.0482,0.120135962658188
"1682",18.75,"PA01",4.422,"Lab_Pa","trial_2",4.26,0.292049653312583
"1683",18.75,"PA14",4.389,"Lab_Pa","trial_2",4.24416666666667,0.0600607562759947
"1684",19,"KPPR1",1.717,"Lab_Pa","trial_2",2.0538,0.121246942033113
"1685",19,"PA01",4.422,"Lab_Pa","trial_2",4.25866666666667,0.293898697588888
"1686",19,"PA14",4.403,"Lab_Pa","trial_2",4.24116666666667,0.0615637429372552
"1687",19.25,"KPPR1",1.72,"Lab_Pa","trial_2",2.05686666666667,0.121379878565745
"1688",19.25,"PA01",4.416,"Lab_Pa","trial_2",4.25333333333333,0.292696847342851
"1689",19.25,"PA14",4.43,"Lab_Pa","trial_2",4.24116666666667,0.0626691932114797
"1690",19.5,"KPPR1",1.718,"Lab_Pa","trial_2",2.05626666666667,0.121362874478101
"1691",19.5,"PA01",4.402,"Lab_Pa","trial_2",4.24866666666667,0.291991628494913
"1692",19.5,"PA14",4.343,"Lab_Pa","trial_2",4.21883333333333,0.0543540349110451
"1693",19.75,"KPPR1",1.711,"Lab_Pa","trial_2",2.05833333333333,0.121916351755607
"1694",19.75,"PA01",4.404,"Lab_Pa","trial_2",4.23733333333333,0.287175517371829
"1695",19.75,"PA14",4.418,"Lab_Pa","trial_2",4.22333333333333,0.0644813495860969
"1696",20,"KPPR1",1.716,"Lab_Pa","trial_2",2.0576,0.121534114356344
"1697",20,"PA01",4.402,"Lab_Pa","trial_2",4.238,0.287898130131707
"1698",20,"PA14",4.408,"Lab_Pa","trial_2",4.2145,0.0646558839807588
"1699",20.25,"KPPR1",1.714,"Lab_Pa","trial_2",2.05826666666667,0.121737401486293
"1700",20.25,"PA01",4.394,"Lab_Pa","trial_2",4.23733333333333,0.286875311667708
"1701",20.25,"PA14",4.394,"Lab_Pa","trial_2",4.19766666666667,0.0629362993651341
"1702",20.5,"KPPR1",1.713,"Lab_Pa","trial_2",2.05813333333333,0.122028211674368
"1703",20.5,"PA01",4.389,"Lab_Pa","trial_2",4.22766666666667,0.287521206947321
"1704",20.5,"PA14",4.392,"Lab_Pa","trial_2",4.18633333333333,0.064528891031675
"1705",20.75,"KPPR1",1.71,"Lab_Pa","trial_2",2.05906666666667,0.121672412127877
"1706",20.75,"PA01",4.382,"Lab_Pa","trial_2",4.22266666666667,0.290572041172428
"1707",20.75,"PA14",4.356,"Lab_Pa","trial_2",4.17133333333333,0.0627235557382108
"1708",21,"KPPR1",1.706,"Lab_Pa","trial_2",2.05626666666667,0.12198838612428
"1709",21,"PA01",4.369,"Lab_Pa","trial_2",4.21766666666667,0.291173106206218
"1710",21,"PA14",4.385,"Lab_Pa","trial_2",4.16666666666667,0.0682923454308346
"1711",21.25,"KPPR1",1.706,"Lab_Pa","trial_2",2.05726666666667,0.122201374268115
"1712",21.25,"PA01",4.366,"Lab_Pa","trial_2",4.21,0.289007497019253
"1713",21.25,"PA14",4.274,"Lab_Pa","trial_2",4.13366666666667,0.058576825148214
"1714",21.5,"KPPR1",1.704,"Lab_Pa","trial_2",2.0536,0.121864163254479
"1715",21.5,"PA01",4.349,"Lab_Pa","trial_2",4.20233333333333,0.287783097333932
"1716",21.5,"PA14",4.326,"Lab_Pa","trial_2",4.1325,0.064824249577865
"1717",21.75,"KPPR1",1.704,"Lab_Pa","trial_2",2.05146666666667,0.121919171767382
"1718",21.75,"PA01",4.345,"Lab_Pa","trial_2",4.19566666666667,0.287010646337572
"1719",21.75,"PA14",4.314,"Lab_Pa","trial_2",4.11383333333333,0.0675343945293392
"1720",22,"KPPR1",1.699,"Lab_Pa","trial_2",2.0502,0.122173732661243
"1721",22,"PA01",4.336,"Lab_Pa","trial_2",4.18566666666667,0.287419747253231
"1722",22,"PA14",4.318,"Lab_Pa","trial_2",4.10366666666667,0.0683976932684461
"1723",22.25,"KPPR1",1.704,"Lab_Pa","trial_2",2.05,0.121939446330663
"1724",22.25,"PA01",4.324,"Lab_Pa","trial_2",4.172,0.284021125974812
"1725",22.25,"PA14",4.324,"Lab_Pa","trial_2",4.08383333333333,0.0737877210501705
"1726",22.5,"KPPR1",1.705,"Lab_Pa","trial_2",2.04946666666667,0.121412083287678
"1727",22.5,"PA01",4.321,"Lab_Pa","trial_2",4.16933333333333,0.282029746264074
"1728",22.5,"PA14",4.293,"Lab_Pa","trial_2",4.06666666666667,0.0722148030377276
"1729",22.75,"KPPR1",1.706,"Lab_Pa","trial_2",2.04713333333333,0.120671725755561
"1730",22.75,"PA01",4.303,"Lab_Pa","trial_2",4.152,0.285279395213418
"1731",22.75,"PA14",4.29,"Lab_Pa","trial_2",4.04766666666667,0.0750722614848151
"1732",23,"KPPR1",1.701,"Lab_Pa","trial_2",2.04333333333333,0.120772894572798
"1733",23,"PA01",4.294,"Lab_Pa","trial_2",4.14433333333333,0.282319165327314
"1734",23,"PA14",4.303,"Lab_Pa","trial_2",4.03766666666667,0.0787022518384604
"1735",23.25,"KPPR1",1.699,"Lab_Pa","trial_2",2.04066666666667,0.120758107946923
"1736",23.25,"PA01",4.282,"Lab_Pa","trial_2",4.13533333333333,0.283319215334537
"1737",23.25,"PA14",4.236,"Lab_Pa","trial_2",4.006,0.0746869020199213
"1738",23.5,"KPPR1",1.696,"Lab_Pa","trial_2",2.04033333333333,0.120706951970333
"1739",23.5,"PA01",4.271,"Lab_Pa","trial_2",4.124,0.283641205281132
"1740",23.5,"PA14",4.242,"Lab_Pa","trial_2",3.99916666666667,0.075153805255918
"1741",23.75,"KPPR1",1.694,"Lab_Pa","trial_2",2.03886666666667,0.120784493906519
"1742",23.75,"PA01",4.254,"Lab_Pa","trial_2",4.109,0.283383721009753
"1743",23.75,"PA14",4.191,"Lab_Pa","trial_2",3.968,0.0737382759042638
"1744",24,"KPPR1",1.687,"Lab_Pa","trial_2",2.03546666666667,0.120323131080503
"1745",24,"PA01",4.239,"Lab_Pa","trial_2",4.097,0.28328313280768
"1746",24,"PA14",4.212,"Lab_Pa","trial_2",3.95716666666667,0.0792933022252055
"1747",0,"KPPR1",0.008,"Lab_Pa","trial_3",0.00893333333333333,0.00141241659396958
"1748",0,"PA01",0.006,"Lab_Pa","trial_3",0.00833333333333333,0.00145296631451356
"1749",0,"PA14",0.006,"Lab_Pa","trial_3",0.00466666666666667,0.00231900361745681
"1750",0.25,"KPPR1",0.009,"Lab_Pa","trial_3",0.0108666666666667,0.00126816953450789
"1751",0.25,"PA01",0.007,"Lab_Pa","trial_3",0.01,0.00152752523165195
"1752",0.25,"PA14",0.006,"Lab_Pa","trial_3",0.00383333333333333,0.00234402313223322
"1753",0.5,"KPPR1",0.013,"Lab_Pa","trial_3",0.0148,0.00170209954384074
"1754",0.5,"PA01",0.015,"Lab_Pa","trial_3",0.0156666666666667,0.000333333333333334
"1755",0.5,"PA14",0.007,"Lab_Pa","trial_3",0.008,0.00355902608401044
"1756",0.75,"KPPR1",0.009,"Lab_Pa","trial_3",0.0190666666666667,0.00213690177742198
"1757",0.75,"PA01",0.006,"Lab_Pa","trial_3",0.0183333333333333,0.00617341972581738
"1758",0.75,"PA14",-0.008,"Lab_Pa","trial_3",0.008,0.00443471156521669
"1759",1,"KPPR1",0.01,"Lab_Pa","trial_3",0.0243333333333333,0.00277860305200921
"1760",1,"PA01",0.007,"Lab_Pa","trial_3",0.0216666666666667,0.00735602549690464
"1761",1,"PA14",-0.009,"Lab_Pa","trial_3",0.0085,0.00435698672632054
"1762",1.25,"KPPR1",0.012,"Lab_Pa","trial_3",0.0305333333333333,0.00357086979755789
"1763",1.25,"PA01",0.01,"Lab_Pa","trial_3",0.0243333333333333,0.0072188026092359
"1764",1.25,"PA14",-0.008,"Lab_Pa","trial_3",0.00916666666666667,0.00422229532100465
"1765",1.5,"KPPR1",0.015,"Lab_Pa","trial_3",0.039,0.00445613541728063
"1766",1.5,"PA01",0.018,"Lab_Pa","trial_3",0.0293333333333333,0.00578311719096582
"1767",1.5,"PA14",-0.006,"Lab_Pa","trial_3",0.0103333333333333,0.00407158172922733
"1768",1.75,"KPPR1",0.02,"Lab_Pa","trial_3",0.0510666666666667,0.00589791461665874
"1769",1.75,"PA01",0.03,"Lab_Pa","trial_3",0.0376666666666667,0.00433333333333333
"1770",1.75,"PA14",-0.004,"Lab_Pa","trial_3",0.0121666666666667,0.00405311951190411
"1771",2,"KPPR1",0.027,"Lab_Pa","trial_3",0.0685333333333333,0.00759063750799482
"1772",2,"PA01",0.041,"Lab_Pa","trial_3",0.047,0.00416333199893227
"1773",2,"PA14",0.001,"Lab_Pa","trial_3",0.0156666666666667,0.00394686936416418
"1774",2.25,"KPPR1",0.039,"Lab_Pa","trial_3",0.0904,0.00931961576972131
"1775",2.25,"PA01",0.076,"Lab_Pa","trial_3",0.067,0.0062449979983984
"1776",2.25,"PA14",0.008,"Lab_Pa","trial_3",0.022,0.00395811402901264
"1777",2.5,"KPPR1",0.055,"Lab_Pa","trial_3",0.117666666666667,0.0109595214818491
"1778",2.5,"PA01",0.13,"Lab_Pa","trial_3",0.123,0.029365512652316
"1779",2.5,"PA14",0.02,"Lab_Pa","trial_3",0.0321666666666667,0.00391932533876828
"1780",2.75,"KPPR1",0.076,"Lab_Pa","trial_3",0.143133333333333,0.0109895477036209
"1781",2.75,"PA01",0.167,"Lab_Pa","trial_3",0.132666666666667,0.0258607381522218
"1782",2.75,"PA14",0.036,"Lab_Pa","trial_3",0.0475,0.00439507299901454
"1783",3,"KPPR1",0.099,"Lab_Pa","trial_3",0.168466666666667,0.0103357293689077
"1784",3,"PA01",0.199,"Lab_Pa","trial_3",0.204666666666667,0.0212629045784227
"1785",3,"PA14",0.044,"Lab_Pa","trial_3",0.0713333333333333,0.01137150434688
"1786",3.25,"KPPR1",0.117,"Lab_Pa","trial_3",0.189133333333333,0.0104825781392005
"1787",3.25,"PA01",0.226,"Lab_Pa","trial_3",0.241666666666667,0.0257574153292687
"1788",3.25,"PA14",0.121,"Lab_Pa","trial_3",0.1235,0.0197968852768982
"1789",3.5,"KPPR1",0.131,"Lab_Pa","trial_3",0.2092,0.0113507708989302
"1790",3.5,"PA01",0.327,"Lab_Pa","trial_3",0.304,0.0191398362932741
"1791",3.5,"PA14",0.196,"Lab_Pa","trial_3",0.199,0.0129871731591854
"1792",3.75,"KPPR1",0.146,"Lab_Pa","trial_3",0.230133333333333,0.012782006201676
"1793",3.75,"PA01",0.396,"Lab_Pa","trial_3",0.372666666666667,0.0263902338838527
"1794",3.75,"PA14",0.282,"Lab_Pa","trial_3",0.267,0.0170333007175161
"1795",4,"KPPR1",0.163,"Lab_Pa","trial_3",0.253533333333333,0.0138154043308691
"1796",4,"PA01",0.497,"Lab_Pa","trial_3",0.465666666666667,0.0293560518084053
"1797",4,"PA14",0.341,"Lab_Pa","trial_3",0.333833333333333,0.01586067814159
"1798",4.25,"KPPR1",0.182,"Lab_Pa","trial_3",0.277933333333333,0.0147984769701115
"1799",4.25,"PA01",0.674,"Lab_Pa","trial_3",0.595,0.0538918670425634
"1800",4.25,"PA14",0.398,"Lab_Pa","trial_3",0.396166666666667,0.0216108254765471
"1801",4.5,"KPPR1",0.203,"Lab_Pa","trial_3",0.305133333333333,0.01563752101492
"1802",4.5,"PA01",0.85,"Lab_Pa","trial_3",0.761,0.0895004655481374
"1803",4.5,"PA14",0.454,"Lab_Pa","trial_3",0.453166666666667,0.0235448744127275
"1804",4.75,"KPPR1",0.225,"Lab_Pa","trial_3",0.3324,0.0165295694640443
"1805",4.75,"PA01",1.337,"Lab_Pa","trial_3",1.14366666666667,0.227133832305489
"1806",4.75,"PA14",0.502,"Lab_Pa","trial_3",0.505,0.0238997907940635
"1807",5,"KPPR1",0.254,"Lab_Pa","trial_3",0.363,0.0172433562085034
"1808",5,"PA01",1.858,"Lab_Pa","trial_3",1.58133333333333,0.379452383193348
"1809",5,"PA14",0.554,"Lab_Pa","trial_3",0.560333333333333,0.0289777692569858
"1810",5.25,"KPPR1",0.281,"Lab_Pa","trial_3",0.395266666666667,0.0184740401301437
"1811",5.25,"PA01",2.252,"Lab_Pa","trial_3",2.04,0.478953372817577
"1812",5.25,"PA14",0.604,"Lab_Pa","trial_3",0.628166666666667,0.0329134386602865
"1813",5.5,"KPPR1",0.313,"Lab_Pa","trial_3",0.4284,0.0197577712257614
"1814",5.5,"PA01",2.604,"Lab_Pa","trial_3",2.57133333333333,0.248221227492287
"1815",5.5,"PA14",0.699,"Lab_Pa","trial_3",0.738166666666667,0.0454799711716903
"1816",5.75,"KPPR1",0.341,"Lab_Pa","trial_3",0.4642,0.0217477311350819
"1817",5.75,"PA01",2.834,"Lab_Pa","trial_3",2.933,0.161080725103906
"1818",5.75,"PA14",0.861,"Lab_Pa","trial_3",0.8965,0.0509939538899793
"1819",6,"KPPR1",0.372,"Lab_Pa","trial_3",0.502733333333333,0.0242874583874195
"1820",6,"PA01",3.009,"Lab_Pa","trial_3",3.16566666666667,0.14775806050583
"1821",6,"PA14",0.982,"Lab_Pa","trial_3",1.05433333333333,0.0562421352526536
"1822",6.25,"KPPR1",0.403,"Lab_Pa","trial_3",0.544133333333333,0.0263040584713365
"1823",6.25,"PA01",3.122,"Lab_Pa","trial_3",3.31966666666667,0.142789277530835
"1824",6.25,"PA14",1.117,"Lab_Pa","trial_3",1.19666666666667,0.0608192221076345
"1825",6.5,"KPPR1",0.432,"Lab_Pa","trial_3",0.584333333333333,0.0279487058507216
"1826",6.5,"PA01",3.214,"Lab_Pa","trial_3",3.46633333333333,0.141379316419026
"1827",6.5,"PA14",1.26,"Lab_Pa","trial_3",1.34033333333333,0.0641252247126234
"1828",6.75,"KPPR1",0.469,"Lab_Pa","trial_3",0.6266,0.0291756258348839
"1829",6.75,"PA01",3.29,"Lab_Pa","trial_3",3.56466666666667,0.143825511567933
"1830",6.75,"PA14",1.404,"Lab_Pa","trial_3",1.49816666666667,0.0755731066216313
"1831",7,"KPPR1",0.504,"Lab_Pa","trial_3",0.6704,0.029720892122738
"1832",7,"PA01",3.328,"Lab_Pa","trial_3",3.639,0.15865160992985
"1833",7,"PA14",1.575,"Lab_Pa","trial_3",1.67183333333333,0.0763017765921024
"1834",7.25,"KPPR1",0.539,"Lab_Pa","trial_3",0.716733333333333,0.0311771385514124
"1835",7.25,"PA01",3.382,"Lab_Pa","trial_3",3.70133333333333,0.161766635757947
"1836",7.25,"PA14",1.764,"Lab_Pa","trial_3",1.83966666666667,0.0816041937920132
"1837",7.5,"KPPR1",0.573,"Lab_Pa","trial_3",0.761666666666667,0.0323851327833749
"1838",7.5,"PA01",3.425,"Lab_Pa","trial_3",3.76166666666667,0.169001314919276
"1839",7.5,"PA14",1.931,"Lab_Pa","trial_3",2.007,0.0904739373153028
"1840",7.75,"KPPR1",0.611,"Lab_Pa","trial_3",0.8084,0.033888584958304
"1841",7.75,"PA01",3.455,"Lab_Pa","trial_3",3.82233333333333,0.183960442607764
"1842",7.75,"PA14",2.029,"Lab_Pa","trial_3",2.15616666666667,0.089451445550707
"1843",8,"KPPR1",0.647,"Lab_Pa","trial_3",0.856333333333333,0.0357228307237911
"1844",8,"PA01",3.487,"Lab_Pa","trial_3",3.87333333333333,0.193203117067102
"1845",8,"PA14",2.251,"Lab_Pa","trial_3",2.34533333333333,0.0998644637051194
"1846",8.25,"KPPR1",0.681,"Lab_Pa","trial_3",0.904133333333333,0.0380941023640226
"1847",8.25,"PA01",3.51,"Lab_Pa","trial_3",3.91566666666667,0.202833538756401
"1848",8.25,"PA14",2.641,"Lab_Pa","trial_3",2.5705,0.108059165892271
"1849",8.5,"KPPR1",0.718,"Lab_Pa","trial_3",0.958133333333333,0.0417539124675665
"1850",8.5,"PA01",3.532,"Lab_Pa","trial_3",3.94566666666667,0.2068383695331
"1851",8.5,"PA14",2.739,"Lab_Pa","trial_3",2.74216666666667,0.132694490382147
"1852",8.75,"KPPR1",0.756,"Lab_Pa","trial_3",1.0124,0.0452934137964156
"1853",8.75,"PA01",3.553,"Lab_Pa","trial_3",3.97766666666667,0.212587498325853
"1854",8.75,"PA14",2.89,"Lab_Pa","trial_3",2.91316666666667,0.148163742003381
"1855",9,"KPPR1",0.792,"Lab_Pa","trial_3",1.06353333333333,0.049312305685939
"1856",9,"PA01",3.577,"Lab_Pa","trial_3",4.00366666666667,0.213558995231867
"1857",9,"PA14",3.036,"Lab_Pa","trial_3",3.06816666666667,0.164884892509222
"1858",9.25,"KPPR1",0.831,"Lab_Pa","trial_3",1.11513333333333,0.0527132283629493
"1859",9.25,"PA01",3.6,"Lab_Pa","trial_3",4.03,0.215446048931049
"1860",9.25,"PA14",3.154,"Lab_Pa","trial_3",3.21383333333333,0.167183614960053
"1861",9.5,"KPPR1",0.869,"Lab_Pa","trial_3",1.1678,0.0570499530486848
"1862",9.5,"PA01",3.6,"Lab_Pa","trial_3",4.052,0.226536972699822
"1863",9.5,"PA14",3.265,"Lab_Pa","trial_3",3.31816666666667,0.167503117715595
"1864",9.75,"KPPR1",0.908,"Lab_Pa","trial_3",1.22,0.0609300926511374
"1865",9.75,"PA01",3.614,"Lab_Pa","trial_3",4.073,0.230313554384742
"1866",9.75,"PA14",3.356,"Lab_Pa","trial_3",3.41533333333333,0.1671876523883
"1867",10,"KPPR1",0.941,"Lab_Pa","trial_3",1.27073333333333,0.0654264739387925
"1868",10,"PA01",3.625,"Lab_Pa","trial_3",4.09366666666667,0.23530500301618
"1869",10,"PA14",3.418,"Lab_Pa","trial_3",3.508,0.172227175556008
"1870",10.25,"KPPR1",0.978,"Lab_Pa","trial_3",1.3204,0.0690991558076749
"1871",10.25,"PA01",3.635,"Lab_Pa","trial_3",4.11133333333333,0.239201681525119
"1872",10.25,"PA14",3.523,"Lab_Pa","trial_3",3.58916666666667,0.162809380701618
"1873",10.5,"KPPR1",1.006,"Lab_Pa","trial_3",1.36826666666667,0.0734533520040775
"1874",10.5,"PA01",3.643,"Lab_Pa","trial_3",4.12933333333333,0.244460176261447
"1875",10.5,"PA14",3.602,"Lab_Pa","trial_3",3.65233333333333,0.151609073313938
"1876",10.75,"KPPR1",1.036,"Lab_Pa","trial_3",1.4136,0.0774789556681592
"1877",10.75,"PA01",3.655,"Lab_Pa","trial_3",4.14766666666667,0.248086902336885
"1878",10.75,"PA14",3.612,"Lab_Pa","trial_3",3.7215,0.153817803477578
"1879",11,"KPPR1",1.065,"Lab_Pa","trial_3",1.45633333333333,0.0808027973741755
"1880",11,"PA01",3.669,"Lab_Pa","trial_3",4.16033333333333,0.247565030738278
"1881",11,"PA14",3.671,"Lab_Pa","trial_3",3.749,0.146559430493799
"1882",11.25,"KPPR1",1.091,"Lab_Pa","trial_3",1.4984,0.0856460490290458
"1883",11.25,"PA01",3.672,"Lab_Pa","trial_3",4.17833333333333,0.25623708639548
"1884",11.25,"PA14",3.729,"Lab_Pa","trial_3",3.83,0.145291890115496
"1885",11.5,"KPPR1",1.121,"Lab_Pa","trial_3",1.5362,0.0883205309680382
"1886",11.5,"PA01",3.676,"Lab_Pa","trial_3",4.18833333333333,0.260246250906927
"1887",11.5,"PA14",3.781,"Lab_Pa","trial_3",3.87783333333333,0.138698093393929
"1888",11.75,"KPPR1",1.145,"Lab_Pa","trial_3",1.57693333333333,0.0917036358352101
"1889",11.75,"PA01",3.678,"Lab_Pa","trial_3",4.20333333333333,0.266797259689409
"1890",11.75,"PA14",3.841,"Lab_Pa","trial_3",3.9275,0.132155400949034
"1891",12,"KPPR1",1.165,"Lab_Pa","trial_3",1.61293333333333,0.0941514720147257
"1892",12,"PA01",3.687,"Lab_Pa","trial_3",4.21833333333333,0.270481258336157
"1893",12,"PA14",3.901,"Lab_Pa","trial_3",3.96683333333333,0.129908536200581
"1894",12.25,"KPPR1",1.193,"Lab_Pa","trial_3",1.6476,0.0967085360885013
"1895",12.25,"PA01",3.691,"Lab_Pa","trial_3",4.22566666666667,0.272011233428164
"1896",12.25,"PA14",3.921,"Lab_Pa","trial_3",3.99266666666667,0.124125384636307
"1897",12.5,"KPPR1",1.219,"Lab_Pa","trial_3",1.67986666666667,0.0995250084229451
"1898",12.5,"PA01",3.688,"Lab_Pa","trial_3",4.23333333333333,0.278593092360724
"1899",12.5,"PA14",3.964,"Lab_Pa","trial_3",4.03533333333333,0.118480003000975
"1900",12.75,"KPPR1",1.242,"Lab_Pa","trial_3",1.7112,0.100496017452482
"1901",12.75,"PA01",3.695,"Lab_Pa","trial_3",4.243,0.280016666170665
"1902",12.75,"PA14",4.005,"Lab_Pa","trial_3",4.05116666666667,0.111160669503401
"1903",13,"KPPR1",1.264,"Lab_Pa","trial_3",1.74026666666667,0.102390357928984
"1904",13,"PA01",3.693,"Lab_Pa","trial_3",4.246,0.283254302703419
"1905",13,"PA14",3.998,"Lab_Pa","trial_3",4.055,0.105555040934418
"1906",13.25,"KPPR1",1.284,"Lab_Pa","trial_3",1.7674,0.103296650939119
"1907",13.25,"PA01",3.697,"Lab_Pa","trial_3",4.257,0.287631708961303
"1908",13.25,"PA14",4.04,"Lab_Pa","trial_3",4.10366666666667,0.10492494672119
"1909",13.5,"KPPR1",1.304,"Lab_Pa","trial_3",1.79346666666667,0.104581791489299
"1910",13.5,"PA01",3.703,"Lab_Pa","trial_3",4.26266666666667,0.287142434651825
"1911",13.5,"PA14",4.052,"Lab_Pa","trial_3",4.11566666666667,0.101303065655049
"1912",13.75,"KPPR1",1.321,"Lab_Pa","trial_3",1.81853333333333,0.105497229332459
"1913",13.75,"PA01",3.71,"Lab_Pa","trial_3",4.27133333333333,0.288681100485947
"1914",13.75,"PA14",4.085,"Lab_Pa","trial_3",4.14866666666667,0.100090181558655
"1915",14,"KPPR1",1.342,"Lab_Pa","trial_3",1.84353333333333,0.106105556906079
"1916",14,"PA01",3.705,"Lab_Pa","trial_3",4.27166666666667,0.29061849753777
"1917",14,"PA14",4.084,"Lab_Pa","trial_3",4.144,0.0946717134804971
"1918",14.25,"KPPR1",1.356,"Lab_Pa","trial_3",1.86613333333333,0.106759581555794
"1919",14.25,"PA01",3.709,"Lab_Pa","trial_3",4.276,0.291638474827997
"1920",14.25,"PA14",4.105,"Lab_Pa","trial_3",4.17866666666667,0.0955721949336963
"1921",14.5,"KPPR1",1.365,"Lab_Pa","trial_3",1.88613333333333,0.107358760667509
"1922",14.5,"PA01",3.706,"Lab_Pa","trial_3",4.27433333333333,0.292018454515768
"1923",14.5,"PA14",4.123,"Lab_Pa","trial_3",4.2005,0.0948598088409066
"1924",14.75,"KPPR1",1.375,"Lab_Pa","trial_3",1.90346666666667,0.108208831021831
"1925",14.75,"PA01",3.718,"Lab_Pa","trial_3",4.27933333333333,0.289091296613678
"1926",14.75,"PA14",4.134,"Lab_Pa","trial_3",4.2,0.0861080716309453
"1927",15,"KPPR1",1.379,"Lab_Pa","trial_3",1.92106666666667,0.109907080523533
"1928",15,"PA01",3.712,"Lab_Pa","trial_3",4.28033333333333,0.29340207527858
"1929",15,"PA14",4.163,"Lab_Pa","trial_3",4.21683333333333,0.0852625031561028
"1930",15.25,"KPPR1",1.392,"Lab_Pa","trial_3",1.93573333333333,0.110541070439761
"1931",15.25,"PA01",3.712,"Lab_Pa","trial_3",4.282,0.293854272273406
"1932",15.25,"PA14",4.156,"Lab_Pa","trial_3",4.22433333333333,0.0855401140466337
"1933",15.5,"KPPR1",1.397,"Lab_Pa","trial_3",1.949,0.111181062107845
"1934",15.5,"PA01",3.711,"Lab_Pa","trial_3",4.28033333333333,0.294841388621823
"1935",15.5,"PA14",4.168,"Lab_Pa","trial_3",4.23233333333333,0.0810266074268886
"1936",15.75,"KPPR1",1.395,"Lab_Pa","trial_3",1.96173333333333,0.112282613956148
"1937",15.75,"PA01",3.71,"Lab_Pa","trial_3",4.27833333333333,0.29398544937538
"1938",15.75,"PA14",4.162,"Lab_Pa","trial_3",4.24316666666667,0.0842327793148909
"1939",16,"KPPR1",1.405,"Lab_Pa","trial_3",1.9744,0.112773890933099
"1940",16,"PA01",3.712,"Lab_Pa","trial_3",4.277,0.290940429183249
"1941",16,"PA14",4.167,"Lab_Pa","trial_3",4.251,0.0785026538829527
"1942",16.25,"KPPR1",1.409,"Lab_Pa","trial_3",1.98553333333333,0.113421458735053
"1943",16.25,"PA01",3.711,"Lab_Pa","trial_3",4.27766666666667,0.291141050199231
"1944",16.25,"PA14",4.163,"Lab_Pa","trial_3",4.25316666666667,0.0749463882459395
"1945",16.5,"KPPR1",1.403,"Lab_Pa","trial_3",1.99486666666667,0.114204781263711
"1946",16.5,"PA01",3.718,"Lab_Pa","trial_3",4.283,0.290802911493907
"1947",16.5,"PA14",4.169,"Lab_Pa","trial_3",4.25466666666667,0.0697799716569479
"1948",16.75,"KPPR1",1.407,"Lab_Pa","trial_3",2.00606666666667,0.115054788880969
"1949",16.75,"PA01",3.712,"Lab_Pa","trial_3",4.26133333333333,0.280089469832607
"1950",16.75,"PA14",4.157,"Lab_Pa","trial_3",4.25116666666667,0.0666995335649192
"1951",17,"KPPR1",1.409,"Lab_Pa","trial_3",2.01186666666667,0.115527604067544
"1952",17,"PA01",3.714,"Lab_Pa","trial_3",4.27933333333333,0.291033407780695
"1953",17,"PA14",4.162,"Lab_Pa","trial_3",4.24883333333333,0.0631640280891303
"1954",17.25,"KPPR1",1.412,"Lab_Pa","trial_3",2.01933333333333,0.116695520241543
"1955",17.25,"PA01",3.708,"Lab_Pa","trial_3",4.273,0.290940429183249
"1956",17.25,"PA14",4.154,"Lab_Pa","trial_3",4.26316666666667,0.0690233857310534
"1957",17.5,"KPPR1",1.407,"Lab_Pa","trial_3",2.02513333333333,0.117371160028131
"1958",17.5,"PA01",3.705,"Lab_Pa","trial_3",4.27233333333333,0.291732944850442
"1959",17.5,"PA14",4.153,"Lab_Pa","trial_3",4.26483333333333,0.0699487510809005
"1960",17.75,"KPPR1",1.412,"Lab_Pa","trial_3",2.03233333333333,0.117860719522448
"1961",17.75,"PA01",3.703,"Lab_Pa","trial_3",4.27066666666667,0.292373239389502
"1962",17.75,"PA14",4.165,"Lab_Pa","trial_3",4.26866666666667,0.0676272463171794
"1963",18,"KPPR1",1.416,"Lab_Pa","trial_3",2.03786666666667,0.118866626605767
"1964",18,"PA01",3.701,"Lab_Pa","trial_3",4.27,0.293581902257842
"1965",18,"PA14",4.156,"Lab_Pa","trial_3",4.26583333333333,0.0652152419130511
"1966",18.25,"KPPR1",1.415,"Lab_Pa","trial_3",2.04153333333333,0.119614494529665
"1967",18.25,"PA01",3.701,"Lab_Pa","trial_3",4.263,0.290119515602335
"1968",18.25,"PA14",4.144,"Lab_Pa","trial_3",4.2755,0.0723361366584273
"1969",18.5,"KPPR1",1.413,"Lab_Pa","trial_3",2.04793333333333,0.120416082878796
"1970",18.5,"PA01",3.697,"Lab_Pa","trial_3",4.26533333333333,0.292975728990949
"1971",18.5,"PA14",4.121,"Lab_Pa","trial_3",4.25833333333333,0.0673501629132732
"1972",18.75,"KPPR1",1.41,"Lab_Pa","trial_3",2.0482,0.120135962658188
"1973",18.75,"PA01",3.693,"Lab_Pa","trial_3",4.26,0.292049653312583
"1974",18.75,"PA14",4.112,"Lab_Pa","trial_3",4.24416666666667,0.0600607562759947
"1975",19,"KPPR1",1.419,"Lab_Pa","trial_3",2.0538,0.121246942033113
"1976",19,"PA01",3.688,"Lab_Pa","trial_3",4.25866666666667,0.293898697588888
"1977",19,"PA14",4.097,"Lab_Pa","trial_3",4.24116666666667,0.0615637429372552
"1978",19.25,"KPPR1",1.42,"Lab_Pa","trial_3",2.05686666666667,0.121379878565745
"1979",19.25,"PA01",3.685,"Lab_Pa","trial_3",4.25333333333333,0.292696847342851
"1980",19.25,"PA14",4.09,"Lab_Pa","trial_3",4.24116666666667,0.0626691932114797
"1981",19.5,"KPPR1",1.418,"Lab_Pa","trial_3",2.05626666666667,0.121362874478101
"1982",19.5,"PA01",3.684,"Lab_Pa","trial_3",4.24866666666667,0.291991628494913
"1983",19.5,"PA14",4.078,"Lab_Pa","trial_3",4.21883333333333,0.0543540349110451
"1984",19.75,"KPPR1",1.419,"Lab_Pa","trial_3",2.05833333333333,0.121916351755607
"1985",19.75,"PA01",3.678,"Lab_Pa","trial_3",4.23733333333333,0.287175517371829
"1986",19.75,"PA14",4.046,"Lab_Pa","trial_3",4.22333333333333,0.0644813495860969
"1987",20,"KPPR1",1.421,"Lab_Pa","trial_3",2.0576,0.121534114356344
"1988",20,"PA01",3.678,"Lab_Pa","trial_3",4.238,0.287898130131707
"1989",20,"PA14",4.03,"Lab_Pa","trial_3",4.2145,0.0646558839807588
"1990",20.25,"KPPR1",1.422,"Lab_Pa","trial_3",2.05826666666667,0.121737401486293
"1991",20.25,"PA01",3.681,"Lab_Pa","trial_3",4.23733333333333,0.286875311667708
"1992",20.25,"PA14",4.022,"Lab_Pa","trial_3",4.19766666666667,0.0629362993651341
"1993",20.5,"KPPR1",1.421,"Lab_Pa","trial_3",2.05813333333333,0.122028211674368
"1994",20.5,"PA01",3.669,"Lab_Pa","trial_3",4.22766666666667,0.287521206947321
"1995",20.5,"PA14",3.999,"Lab_Pa","trial_3",4.18633333333333,0.064528891031675
"1996",20.75,"KPPR1",1.428,"Lab_Pa","trial_3",2.05906666666667,0.121672412127877
"1997",20.75,"PA01",3.659,"Lab_Pa","trial_3",4.22266666666667,0.290572041172428
"1998",20.75,"PA14",3.984,"Lab_Pa","trial_3",4.17133333333333,0.0627235557382108
"1999",21,"KPPR1",1.422,"Lab_Pa","trial_3",2.05626666666667,0.12198838612428
"2000",21,"PA01",3.655,"Lab_Pa","trial_3",4.21766666666667,0.291173106206218
"2001",21,"PA14",3.95,"Lab_Pa","trial_3",4.16666666666667,0.0682923454308346
"2002",21.25,"KPPR1",1.422,"Lab_Pa","trial_3",2.05726666666667,0.122201374268115
"2003",21.25,"PA01",3.65,"Lab_Pa","trial_3",4.21,0.289007497019253
"2004",21.25,"PA14",3.934,"Lab_Pa","trial_3",4.13366666666667,0.058576825148214
"2005",21.5,"KPPR1",1.422,"Lab_Pa","trial_3",2.0536,0.121864163254479
"2006",21.5,"PA01",3.647,"Lab_Pa","trial_3",4.20233333333333,0.287783097333932
"2007",21.5,"PA14",3.911,"Lab_Pa","trial_3",4.1325,0.064824249577865
"2008",21.75,"KPPR1",1.419,"Lab_Pa","trial_3",2.05146666666667,0.121919171767382
"2009",21.75,"PA01",3.641,"Lab_Pa","trial_3",4.19566666666667,0.287010646337572
"2010",21.75,"PA14",3.885,"Lab_Pa","trial_3",4.11383333333333,0.0675343945293392
"2011",22,"KPPR1",1.424,"Lab_Pa","trial_3",2.0502,0.122173732661243
"2012",22,"PA01",3.63,"Lab_Pa","trial_3",4.18566666666667,0.287419747253231
"2013",22,"PA14",3.866,"Lab_Pa","trial_3",4.10366666666667,0.0683976932684461
"2014",22.25,"KPPR1",1.424,"Lab_Pa","trial_3",2.05,0.121939446330663
"2015",22.25,"PA01",3.622,"Lab_Pa","trial_3",4.172,0.284021125974812
"2016",22.25,"PA14",3.827,"Lab_Pa","trial_3",4.08383333333333,0.0737877210501705
"2017",22.5,"KPPR1",1.42,"Lab_Pa","trial_3",2.04946666666667,0.121412083287678
"2018",22.5,"PA01",3.623,"Lab_Pa","trial_3",4.16933333333333,0.282029746264074
"2019",22.5,"PA14",3.806,"Lab_Pa","trial_3",4.06666666666667,0.0722148030377276
"2020",22.75,"KPPR1",1.423,"Lab_Pa","trial_3",2.04713333333333,0.120671725755561
"2021",22.75,"PA01",3.6,"Lab_Pa","trial_3",4.152,0.285279395213418
"2022",22.75,"PA14",3.776,"Lab_Pa","trial_3",4.04766666666667,0.0750722614848151
"2023",23,"KPPR1",1.421,"Lab_Pa","trial_3",2.04333333333333,0.120772894572798
"2024",23,"PA01",3.598,"Lab_Pa","trial_3",4.14433333333333,0.282319165327314
"2025",23,"PA14",3.751,"Lab_Pa","trial_3",4.03766666666667,0.0787022518384604
"2026",23.25,"KPPR1",1.421,"Lab_Pa","trial_3",2.04066666666667,0.120758107946923
"2027",23.25,"PA01",3.588,"Lab_Pa","trial_3",4.13533333333333,0.283319215334537
"2028",23.25,"PA14",3.722,"Lab_Pa","trial_3",4.006,0.0746869020199213
"2029",23.5,"KPPR1",1.424,"Lab_Pa","trial_3",2.04033333333333,0.120706951970333
"2030",23.5,"PA01",3.576,"Lab_Pa","trial_3",4.124,0.283641205281132
"2031",23.5,"PA14",3.715,"Lab_Pa","trial_3",3.99916666666667,0.075153805255918
"2032",23.75,"KPPR1",1.422,"Lab_Pa","trial_3",2.03886666666667,0.120784493906519
"2033",23.75,"PA01",3.562,"Lab_Pa","trial_3",4.109,0.283383721009753
"2034",23.75,"PA14",3.68,"Lab_Pa","trial_3",3.968,0.0737382759042638
"2035",24,"KPPR1",1.42,"Lab_Pa","trial_3",2.03546666666667,0.120323131080503
"2036",24,"PA01",3.551,"Lab_Pa","trial_3",4.097,0.28328313280768
"2037",24,"PA14",3.654,"Lab_Pa","trial_3",3.95716666666667,0.0792933022252055
"2038",0,"KPPR1",0.008,"MG1655","trial_1",0.00893333333333333,0.00141241659396958
"2039",0,"MG1655",0.009,"MG1655","trial_1",0.00666666666666667,0.00185592145427667
"2040",0.25,"KPPR1",0.01,"MG1655","trial_1",0.0108666666666667,0.00126816953450789
"2041",0.25,"MG1655",0.011,"MG1655","trial_1",0.00866666666666667,0.00233333333333333
"2042",0.5,"KPPR1",0.01,"MG1655","trial_1",0.0148,0.00170209954384074
"2043",0.5,"MG1655",0.013,"MG1655","trial_1",0.0103333333333333,0.00266666666666667
"2044",0.75,"KPPR1",0.012,"MG1655","trial_1",0.0190666666666667,0.00213690177742198
"2045",0.75,"MG1655",0.019,"MG1655","trial_1",0.0153333333333333,0.00417665469538056
"2046",1,"KPPR1",0.015,"MG1655","trial_1",0.0243333333333333,0.00277860305200921
"2047",1,"MG1655",0.027,"MG1655","trial_1",0.021,0.006
"2048",1.25,"KPPR1",0.018,"MG1655","trial_1",0.0305333333333333,0.00357086979755789
"2049",1.25,"MG1655",0.03,"MG1655","trial_1",0.024,0.00650640709864771
"2050",1.5,"KPPR1",0.024,"MG1655","trial_1",0.039,0.00445613541728063
"2051",1.5,"MG1655",0.033,"MG1655","trial_1",0.0273333333333333,0.00617341972581738
"2052",1.75,"KPPR1",0.032,"MG1655","trial_1",0.0510666666666667,0.00589791461665874
"2053",1.75,"MG1655",0.037,"MG1655","trial_1",0.0316666666666667,0.00635959467611297
"2054",2,"KPPR1",0.043,"MG1655","trial_1",0.0685333333333333,0.00759063750799482
"2055",2,"MG1655",0.041,"MG1655","trial_1",0.038,0.00513160143944688
"2056",2.25,"KPPR1",0.055,"MG1655","trial_1",0.0904,0.00931961576972131
"2057",2.25,"MG1655",0.047,"MG1655","trial_1",0.0446666666666667,0.00560753461375357
"2058",2.5,"KPPR1",0.073,"MG1655","trial_1",0.117666666666667,0.0109595214818491
"2059",2.5,"MG1655",0.054,"MG1655","trial_1",0.0536666666666667,0.00433333333333333
"2060",2.75,"KPPR1",0.083,"MG1655","trial_1",0.143133333333333,0.0109895477036209
"2061",2.75,"MG1655",0.063,"MG1655","trial_1",0.0653333333333333,0.00338296385503074
"2062",3,"KPPR1",0.108,"MG1655","trial_1",0.168466666666667,0.0103357293689077
"2063",3,"MG1655",0.074,"MG1655","trial_1",0.0783333333333333,0.00384418753155693
"2064",3.25,"KPPR1",0.128,"MG1655","trial_1",0.189133333333333,0.0104825781392005
"2065",3.25,"MG1655",0.086,"MG1655","trial_1",0.091,0.00404145188432738
"2066",3.5,"KPPR1",0.152,"MG1655","trial_1",0.2092,0.0113507708989302
"2067",3.5,"MG1655",0.104,"MG1655","trial_1",0.105666666666667,0.00440958551844099
"2068",3.75,"KPPR1",0.158,"MG1655","trial_1",0.230133333333333,0.012782006201676
"2069",3.75,"MG1655",0.119,"MG1655","trial_1",0.118666666666667,0.00664161961505709
"2070",4,"KPPR1",0.172,"MG1655","trial_1",0.253533333333333,0.0138154043308691
"2071",4,"MG1655",0.128,"MG1655","trial_1",0.128333333333333,0.0072188026092359
"2072",4.25,"KPPR1",0.192,"MG1655","trial_1",0.277933333333333,0.0147984769701115
"2073",4.25,"MG1655",0.141,"MG1655","trial_1",0.139,0.007
"2074",4.5,"KPPR1",0.219,"MG1655","trial_1",0.305133333333333,0.01563752101492
"2075",4.5,"MG1655",0.147,"MG1655","trial_1",0.148666666666667,0.00726483157256779
"2076",4.75,"KPPR1",0.234,"MG1655","trial_1",0.3324,0.0165295694640443
"2077",4.75,"MG1655",0.16,"MG1655","trial_1",0.16,0.00750555349946513
"2078",5,"KPPR1",0.256,"MG1655","trial_1",0.363,0.0172433562085034
"2079",5,"MG1655",0.175,"MG1655","trial_1",0.174666666666667,0.00779601037568433
"2080",5.25,"KPPR1",0.28,"MG1655","trial_1",0.395266666666667,0.0184740401301437
"2081",5.25,"MG1655",0.188,"MG1655","trial_1",0.186333333333333,0.0072648315725678
"2082",5.5,"KPPR1",0.305,"MG1655","trial_1",0.4284,0.0197577712257614
"2083",5.5,"MG1655",0.205,"MG1655","trial_1",0.201333333333333,0.00744610263456289
"2084",5.75,"KPPR1",0.329,"MG1655","trial_1",0.4642,0.0217477311350819
"2085",5.75,"MG1655",0.217,"MG1655","trial_1",0.214666666666667,0.00731057073315377
"2086",6,"KPPR1",0.358,"MG1655","trial_1",0.502733333333333,0.0242874583874195
"2087",6,"MG1655",0.233,"MG1655","trial_1",0.228333333333333,0.00896908269804914
"2088",6.25,"KPPR1",0.382,"MG1655","trial_1",0.544133333333333,0.0263040584713365
"2089",6.25,"MG1655",0.248,"MG1655","trial_1",0.241666666666667,0.0100388135642504
"2090",6.5,"KPPR1",0.416,"MG1655","trial_1",0.584333333333333,0.0279487058507216
"2091",6.5,"MG1655",0.268,"MG1655","trial_1",0.258333333333333,0.00917121099479841
"2092",6.75,"KPPR1",0.445,"MG1655","trial_1",0.6266,0.0291756258348839
"2093",6.75,"MG1655",0.284,"MG1655","trial_1",0.272,0.00960902353693305
"2094",7,"KPPR1",0.478,"MG1655","trial_1",0.6704,0.029720892122738
"2095",7,"MG1655",0.306,"MG1655","trial_1",0.289333333333333,0.0112150692275071
"2096",7.25,"KPPR1",0.51,"MG1655","trial_1",0.716733333333333,0.0311771385514124
"2097",7.25,"MG1655",0.324,"MG1655","trial_1",0.305,0.0122882057274445
"2098",7.5,"KPPR1",0.542,"MG1655","trial_1",0.761666666666667,0.0323851327833749
"2099",7.5,"MG1655",0.354,"MG1655","trial_1",0.326333333333333,0.0151033476789456
"2100",7.75,"KPPR1",0.572,"MG1655","trial_1",0.8084,0.033888584958304
"2101",7.75,"MG1655",0.392,"MG1655","trial_1",0.351,0.0217332310836041
"2102",8,"KPPR1",0.605,"MG1655","trial_1",0.856333333333333,0.0357228307237911
"2103",8,"MG1655",0.435,"MG1655","trial_1",0.38,0.0282901631902917
"2104",8.25,"KPPR1",0.64,"MG1655","trial_1",0.904133333333333,0.0380941023640226
"2105",8.25,"MG1655",0.495,"MG1655","trial_1",0.416333333333333,0.0393714504572934
"2106",8.5,"KPPR1",0.671,"MG1655","trial_1",0.958133333333333,0.0417539124675665
"2107",8.5,"MG1655",0.559,"MG1655","trial_1",0.456,0.0517912476518314
"2108",8.75,"KPPR1",0.712,"MG1655","trial_1",1.0124,0.0452934137964156
"2109",8.75,"MG1655",0.639,"MG1655","trial_1",0.501666666666667,0.0701672604883819
"2110",9,"KPPR1",0.745,"MG1655","trial_1",1.06353333333333,0.049312305685939
"2111",9,"MG1655",0.727,"MG1655","trial_1",0.556,0.0881986394452885
"2112",9.25,"KPPR1",0.796,"MG1655","trial_1",1.11513333333333,0.0527132283629493
"2113",9.25,"MG1655",0.806,"MG1655","trial_1",0.605666666666667,0.104486575426915
"2114",9.5,"KPPR1",0.839,"MG1655","trial_1",1.1678,0.0570499530486848
"2115",9.5,"MG1655",0.887,"MG1655","trial_1",0.660333333333333,0.120323637651867
"2116",9.75,"KPPR1",0.88,"MG1655","trial_1",1.22,0.0609300926511374
"2117",9.75,"MG1655",0.97,"MG1655","trial_1",0.714666666666667,0.135962413106629
"2118",10,"KPPR1",0.92,"MG1655","trial_1",1.27073333333333,0.0654264739387925
"2119",10,"MG1655",1.047,"MG1655","trial_1",0.770333333333333,0.148810095236998
"2120",10.25,"KPPR1",0.962,"MG1655","trial_1",1.3204,0.0690991558076749
"2121",10.25,"MG1655",1.127,"MG1655","trial_1",0.829333333333333,0.162620553573171
"2122",10.5,"KPPR1",0.999,"MG1655","trial_1",1.36826666666667,0.0734533520040775
"2123",10.5,"MG1655",1.207,"MG1655","trial_1",0.888666666666667,0.176595897775433
"2124",10.75,"KPPR1",1.035,"MG1655","trial_1",1.4136,0.0774789556681592
"2125",10.75,"MG1655",1.281,"MG1655","trial_1",0.943333333333333,0.187560064453438
"2126",11,"KPPR1",1.074,"MG1655","trial_1",1.45633333333333,0.0808027973741755
"2127",11,"MG1655",1.36,"MG1655","trial_1",1.00033333333333,0.199225444604292
"2128",11.25,"KPPR1",1.105,"MG1655","trial_1",1.4984,0.0856460490290458
"2129",11.25,"MG1655",1.42,"MG1655","trial_1",1.05133333333333,0.203909566011777
"2130",11.5,"KPPR1",1.134,"MG1655","trial_1",1.5362,0.0883205309680382
"2131",11.5,"MG1655",1.499,"MG1655","trial_1",1.11466666666667,0.211860278905173
"2132",11.75,"KPPR1",1.165,"MG1655","trial_1",1.57693333333333,0.0917036358352101
"2133",11.75,"MG1655",1.577,"MG1655","trial_1",1.17466666666667,0.220290969200081
"2134",12,"KPPR1",1.197,"MG1655","trial_1",1.61293333333333,0.0941514720147257
"2135",12,"MG1655",1.635,"MG1655","trial_1",1.22566666666667,0.223145194386475
"2136",12.25,"KPPR1",1.223,"MG1655","trial_1",1.6476,0.0967085360885013
"2137",12.25,"MG1655",1.714,"MG1655","trial_1",1.28566666666667,0.230690509365061
"2138",12.5,"KPPR1",1.245,"MG1655","trial_1",1.67986666666667,0.0995250084229451
"2139",12.5,"MG1655",1.77,"MG1655","trial_1",1.33733333333333,0.233023842366208
"2140",12.75,"KPPR1",1.273,"MG1655","trial_1",1.7112,0.100496017452482
"2141",12.75,"MG1655",1.83,"MG1655","trial_1",1.39133333333333,0.234973284533464
"2142",13,"KPPR1",1.293,"MG1655","trial_1",1.74026666666667,0.102390357928984
"2143",13,"MG1655",1.898,"MG1655","trial_1",1.44266666666667,0.242570493763039
"2144",13.25,"KPPR1",1.317,"MG1655","trial_1",1.7674,0.103296650939119
"2145",13.25,"MG1655",1.946,"MG1655","trial_1",1.48966666666667,0.243139420452089
"2146",13.5,"KPPR1",1.331,"MG1655","trial_1",1.79346666666667,0.104581791489299
"2147",13.5,"MG1655",2.027,"MG1655","trial_1",1.543,0.255509947621092
"2148",13.75,"KPPR1",1.349,"MG1655","trial_1",1.81853333333333,0.105497229332459
"2149",13.75,"MG1655",2.074,"MG1655","trial_1",1.587,0.256656060386918
"2150",14,"KPPR1",1.37,"MG1655","trial_1",1.84353333333333,0.106105556906079
"2151",14,"MG1655",2.118,"MG1655","trial_1",1.631,0.256474170239422
"2152",14.25,"KPPR1",1.384,"MG1655","trial_1",1.86613333333333,0.106759581555794
"2153",14.25,"MG1655",2.174,"MG1655","trial_1",1.67666666666667,0.260943374019047
"2154",14.5,"KPPR1",1.395,"MG1655","trial_1",1.88613333333333,0.107358760667509
"2155",14.5,"MG1655",2.235,"MG1655","trial_1",1.72533333333333,0.266741031297732
"2156",14.75,"KPPR1",1.411,"MG1655","trial_1",1.90346666666667,0.108208831021831
"2157",14.75,"MG1655",2.277,"MG1655","trial_1",1.773,0.263949490117586
"2158",15,"KPPR1",1.425,"MG1655","trial_1",1.92106666666667,0.109907080523533
"2159",15,"MG1655",2.328,"MG1655","trial_1",1.821,0.263336919806801
"2160",15.25,"KPPR1",1.436,"MG1655","trial_1",1.93573333333333,0.110541070439761
"2161",15.25,"MG1655",2.37,"MG1655","trial_1",1.86466666666667,0.263090816597193
"2162",15.5,"KPPR1",1.445,"MG1655","trial_1",1.949,0.111181062107845
"2163",15.5,"MG1655",2.417,"MG1655","trial_1",1.91133333333333,0.26448965533226
"2164",15.75,"KPPR1",1.454,"MG1655","trial_1",1.96173333333333,0.112282613956148
"2165",15.75,"MG1655",2.469,"MG1655","trial_1",1.956,0.267830170070513
"2166",16,"KPPR1",1.468,"MG1655","trial_1",1.9744,0.112773890933099
"2167",16,"MG1655",2.501,"MG1655","trial_1",1.99133333333333,0.266402160485066
"2168",16.25,"KPPR1",1.476,"MG1655","trial_1",1.98553333333333,0.113421458735053
"2169",16.25,"MG1655",2.554,"MG1655","trial_1",2.03566666666667,0.270716538919299
"2170",16.5,"KPPR1",1.484,"MG1655","trial_1",1.99486666666667,0.114204781263711
"2171",16.5,"MG1655",2.582,"MG1655","trial_1",2.06333333333333,0.269657395802732
"2172",16.75,"KPPR1",1.496,"MG1655","trial_1",2.00606666666667,0.115054788880969
"2173",16.75,"MG1655",2.625,"MG1655","trial_1",2.10133333333333,0.272618373881471
"2174",17,"KPPR1",1.494,"MG1655","trial_1",2.01186666666667,0.115527604067544
"2175",17,"MG1655",2.682,"MG1655","trial_1",2.14733333333333,0.278789247361595
"2176",17.25,"KPPR1",1.504,"MG1655","trial_1",2.01933333333333,0.116695520241543
"2177",17.25,"MG1655",2.716,"MG1655","trial_1",2.17633333333333,0.280625689803656
"2178",17.5,"KPPR1",1.511,"MG1655","trial_1",2.02513333333333,0.117371160028131
"2179",17.5,"MG1655",2.751,"MG1655","trial_1",2.21,0.281746339816509
"2180",17.75,"KPPR1",1.517,"MG1655","trial_1",2.03233333333333,0.117860719522448
"2181",17.75,"MG1655",2.787,"MG1655","trial_1",2.239,0.286843162721373
"2182",18,"KPPR1",1.521,"MG1655","trial_1",2.03786666666667,0.118866626605767
"2183",18,"MG1655",2.824,"MG1655","trial_1",2.26533333333333,0.29079278609423
"2184",18.25,"KPPR1",1.526,"MG1655","trial_1",2.04153333333333,0.119614494529665
"2185",18.25,"MG1655",2.853,"MG1655","trial_1",2.29433333333333,0.291774646678639
"2186",18.5,"KPPR1",1.533,"MG1655","trial_1",2.04793333333333,0.120416082878796
"2187",18.5,"MG1655",2.881,"MG1655","trial_1",2.325,0.292583891103617
"2188",18.75,"KPPR1",1.533,"MG1655","trial_1",2.0482,0.120135962658188
"2189",18.75,"MG1655",2.916,"MG1655","trial_1",2.354,0.297269238233625
"2190",19,"KPPR1",1.537,"MG1655","trial_1",2.0538,0.121246942033113
"2191",19,"MG1655",2.944,"MG1655","trial_1",2.37633333333333,0.298937191470791
"2192",19.25,"KPPR1",1.541,"MG1655","trial_1",2.05686666666667,0.121379878565745
"2193",19.25,"MG1655",2.971,"MG1655","trial_1",2.40366666666667,0.299978517749373
"2194",19.5,"KPPR1",1.544,"MG1655","trial_1",2.05626666666667,0.121362874478101
"2195",19.5,"MG1655",3.009,"MG1655","trial_1",2.42733333333333,0.306672644869266
"2196",19.75,"KPPR1",1.547,"MG1655","trial_1",2.05833333333333,0.121916351755607
"2197",19.75,"MG1655",3.028,"MG1655","trial_1",2.45033333333333,0.307849710807797
"2198",20,"KPPR1",1.545,"MG1655","trial_1",2.0576,0.121534114356344
"2199",20,"MG1655",3.058,"MG1655","trial_1",2.475,0.311355638030425
"2200",20.25,"KPPR1",1.544,"MG1655","trial_1",2.05826666666667,0.121737401486293
"2201",20.25,"MG1655",3.077,"MG1655","trial_1",2.49766666666667,0.310985708853496
"2202",20.5,"KPPR1",1.545,"MG1655","trial_1",2.05813333333333,0.122028211674368
"2203",20.5,"MG1655",3.118,"MG1655","trial_1",2.52433333333333,0.318188797903243
"2204",20.75,"KPPR1",1.545,"MG1655","trial_1",2.05906666666667,0.121672412127877
"2205",20.75,"MG1655",3.128,"MG1655","trial_1",2.539,0.317071495617839
"2206",21,"KPPR1",1.543,"MG1655","trial_1",2.05626666666667,0.12198838612428
"2207",21,"MG1655",3.164,"MG1655","trial_1",2.562,0.323012899639215
"2208",21.25,"KPPR1",1.544,"MG1655","trial_1",2.05726666666667,0.122201374268115
"2209",21.25,"MG1655",3.177,"MG1655","trial_1",2.58566666666667,0.319779785338459
"2210",21.5,"KPPR1",1.544,"MG1655","trial_1",2.0536,0.121864163254479
"2211",21.5,"MG1655",3.195,"MG1655","trial_1",2.60833333333333,0.320344779538824
"2212",21.75,"KPPR1",1.538,"MG1655","trial_1",2.05146666666667,0.121919171767382
"2213",21.75,"MG1655",3.226,"MG1655","trial_1",2.62533333333333,0.325640053501476
"2214",22,"KPPR1",1.538,"MG1655","trial_1",2.0502,0.122173732661243
"2215",22,"MG1655",3.247,"MG1655","trial_1",2.64,0.328232133304059
"2216",22.25,"KPPR1",1.534,"MG1655","trial_1",2.05,0.121939446330663
"2217",22.25,"MG1655",3.258,"MG1655","trial_1",2.659,0.327267983972361
"2218",22.5,"KPPR1",1.534,"MG1655","trial_1",2.04946666666667,0.121412083287678
"2219",22.5,"MG1655",3.284,"MG1655","trial_1",2.678,0.330589372686621
"2220",22.75,"KPPR1",1.531,"MG1655","trial_1",2.04713333333333,0.120671725755561
"2221",22.75,"MG1655",3.301,"MG1655","trial_1",2.695,0.331052865868882
"2222",23,"KPPR1",1.529,"MG1655","trial_1",2.04333333333333,0.120772894572798
"2223",23,"MG1655",3.312,"MG1655","trial_1",2.71033333333333,0.329422896053757
"2224",23.25,"KPPR1",1.53,"MG1655","trial_1",2.04066666666667,0.120758107946923
"2225",23.25,"MG1655",3.336,"MG1655","trial_1",2.726,0.333582073858893
"2226",23.5,"KPPR1",1.526,"MG1655","trial_1",2.04033333333333,0.120706951970333
"2227",23.5,"MG1655",3.341,"MG1655","trial_1",2.73566666666667,0.330981033360591
"2228",23.75,"KPPR1",1.521,"MG1655","trial_1",2.03886666666667,0.120784493906519
"2229",23.75,"MG1655",3.355,"MG1655","trial_1",2.75466666666667,0.328344500656111
"2230",24,"KPPR1",1.519,"MG1655","trial_1",2.03546666666667,0.120323131080503
"2231",24,"MG1655",3.37,"MG1655","trial_1",2.764,0.331989959687538
"2232",0,"KPPR1",0.011,"MG1655","trial_2",0.00893333333333333,0.00141241659396958
"2233",0,"MG1655",0.008,"MG1655","trial_2",0.00666666666666667,0.00185592145427667
"2234",0.25,"KPPR1",0.014,"MG1655","trial_2",0.0108666666666667,0.00126816953450789
"2235",0.25,"MG1655",0.011,"MG1655","trial_2",0.00866666666666667,0.00233333333333333
"2236",0.5,"KPPR1",0.018,"MG1655","trial_2",0.0148,0.00170209954384074
"2237",0.5,"MG1655",0.013,"MG1655","trial_2",0.0103333333333333,0.00266666666666667
"2238",0.75,"KPPR1",0.023,"MG1655","trial_2",0.0190666666666667,0.00213690177742198
"2239",0.75,"MG1655",0.02,"MG1655","trial_2",0.0153333333333333,0.00417665469538056
"2240",1,"KPPR1",0.035,"MG1655","trial_2",0.0243333333333333,0.00277860305200921
"2241",1,"MG1655",0.027,"MG1655","trial_2",0.021,0.006
"2242",1.25,"KPPR1",0.046,"MG1655","trial_2",0.0305333333333333,0.00357086979755789
"2243",1.25,"MG1655",0.031,"MG1655","trial_2",0.024,0.00650640709864771
"2244",1.5,"KPPR1",0.056,"MG1655","trial_2",0.039,0.00445613541728063
"2245",1.5,"MG1655",0.034,"MG1655","trial_2",0.0273333333333333,0.00617341972581738
"2246",1.75,"KPPR1",0.074,"MG1655","trial_2",0.0510666666666667,0.00589791461665874
"2247",1.75,"MG1655",0.039,"MG1655","trial_2",0.0316666666666667,0.00635959467611297
"2248",2,"KPPR1",0.097,"MG1655","trial_2",0.0685333333333333,0.00759063750799482
"2249",2,"MG1655",0.045,"MG1655","trial_2",0.038,0.00513160143944688
"2250",2.25,"KPPR1",0.124,"MG1655","trial_2",0.0904,0.00931961576972131
"2251",2.25,"MG1655",0.053,"MG1655","trial_2",0.0446666666666667,0.00560753461375357
"2252",2.5,"KPPR1",0.16,"MG1655","trial_2",0.117666666666667,0.0109595214818491
"2253",2.5,"MG1655",0.061,"MG1655","trial_2",0.0536666666666667,0.00433333333333333
"2254",2.75,"KPPR1",0.185,"MG1655","trial_2",0.143133333333333,0.0109895477036209
"2255",2.75,"MG1655",0.072,"MG1655","trial_2",0.0653333333333333,0.00338296385503074
"2256",3,"KPPR1",0.2,"MG1655","trial_2",0.168466666666667,0.0103357293689077
"2257",3,"MG1655",0.086,"MG1655","trial_2",0.0783333333333333,0.00384418753155693
"2258",3.25,"KPPR1",0.216,"MG1655","trial_2",0.189133333333333,0.0104825781392005
"2259",3.25,"MG1655",0.099,"MG1655","trial_2",0.091,0.00404145188432738
"2260",3.5,"KPPR1",0.236,"MG1655","trial_2",0.2092,0.0113507708989302
"2261",3.5,"MG1655",0.114,"MG1655","trial_2",0.105666666666667,0.00440958551844099
"2262",3.75,"KPPR1",0.262,"MG1655","trial_2",0.230133333333333,0.012782006201676
"2263",3.75,"MG1655",0.13,"MG1655","trial_2",0.118666666666667,0.00664161961505709
"2264",4,"KPPR1",0.286,"MG1655","trial_2",0.253533333333333,0.0138154043308691
"2265",4,"MG1655",0.141,"MG1655","trial_2",0.128333333333333,0.0072188026092359
"2266",4.25,"KPPR1",0.312,"MG1655","trial_2",0.277933333333333,0.0147984769701115
"2267",4.25,"MG1655",0.15,"MG1655","trial_2",0.139,0.007
"2268",4.5,"KPPR1",0.334,"MG1655","trial_2",0.305133333333333,0.01563752101492
"2269",4.5,"MG1655",0.162,"MG1655","trial_2",0.148666666666667,0.00726483157256779
"2270",4.75,"KPPR1",0.359,"MG1655","trial_2",0.3324,0.0165295694640443
"2271",4.75,"MG1655",0.173,"MG1655","trial_2",0.16,0.00750555349946513
"2272",5,"KPPR1",0.39,"MG1655","trial_2",0.363,0.0172433562085034
"2273",5,"MG1655",0.188,"MG1655","trial_2",0.174666666666667,0.00779601037568433
"2274",5.25,"KPPR1",0.421,"MG1655","trial_2",0.395266666666667,0.0184740401301437
"2275",5.25,"MG1655",0.198,"MG1655","trial_2",0.186333333333333,0.0072648315725678
"2276",5.5,"KPPR1",0.451,"MG1655","trial_2",0.4284,0.0197577712257614
"2277",5.5,"MG1655",0.212,"MG1655","trial_2",0.201333333333333,0.00744610263456289
"2278",5.75,"KPPR1",0.484,"MG1655","trial_2",0.4642,0.0217477311350819
"2279",5.75,"MG1655",0.226,"MG1655","trial_2",0.214666666666667,0.00731057073315377
"2280",6,"KPPR1",0.512,"MG1655","trial_2",0.502733333333333,0.0242874583874195
"2281",6,"MG1655",0.241,"MG1655","trial_2",0.228333333333333,0.00896908269804914
"2282",6.25,"KPPR1",0.55,"MG1655","trial_2",0.544133333333333,0.0263040584713365
"2283",6.25,"MG1655",0.255,"MG1655","trial_2",0.241666666666667,0.0100388135642504
"2284",6.5,"KPPR1",0.589,"MG1655","trial_2",0.584333333333333,0.0279487058507216
"2285",6.5,"MG1655",0.267,"MG1655","trial_2",0.258333333333333,0.00917121099479841
"2286",6.75,"KPPR1",0.626,"MG1655","trial_2",0.6266,0.0291756258348839
"2287",6.75,"MG1655",0.279,"MG1655","trial_2",0.272,0.00960902353693305
"2288",7,"KPPR1",0.664,"MG1655","trial_2",0.6704,0.029720892122738
"2289",7,"MG1655",0.294,"MG1655","trial_2",0.289333333333333,0.0112150692275071
"2290",7.25,"KPPR1",0.696,"MG1655","trial_2",0.716733333333333,0.0311771385514124
"2291",7.25,"MG1655",0.309,"MG1655","trial_2",0.305,0.0122882057274445
"2292",7.5,"KPPR1",0.733,"MG1655","trial_2",0.761666666666667,0.0323851327833749
"2293",7.5,"MG1655",0.323,"MG1655","trial_2",0.326333333333333,0.0151033476789456
"2294",7.75,"KPPR1",0.767,"MG1655","trial_2",0.8084,0.033888584958304
"2295",7.75,"MG1655",0.343,"MG1655","trial_2",0.351,0.0217332310836041
"2296",8,"KPPR1",0.809,"MG1655","trial_2",0.856333333333333,0.0357228307237911
"2297",8,"MG1655",0.364,"MG1655","trial_2",0.38,0.0282901631902917
"2298",8.25,"KPPR1",0.842,"MG1655","trial_2",0.904133333333333,0.0380941023640226
"2299",8.25,"MG1655",0.38,"MG1655","trial_2",0.416333333333333,0.0393714504572934
"2300",8.5,"KPPR1",0.883,"MG1655","trial_2",0.958133333333333,0.0417539124675665
"2301",8.5,"MG1655",0.395,"MG1655","trial_2",0.456,0.0517912476518314
"2302",8.75,"KPPR1",0.921,"MG1655","trial_2",1.0124,0.0452934137964156
"2303",8.75,"MG1655",0.408,"MG1655","trial_2",0.501666666666667,0.0701672604883819
"2304",9,"KPPR1",0.957,"MG1655","trial_2",1.06353333333333,0.049312305685939
"2305",9,"MG1655",0.433,"MG1655","trial_2",0.556,0.0881986394452885
"2306",9.25,"KPPR1",0.995,"MG1655","trial_2",1.11513333333333,0.0527132283629493
"2307",9.25,"MG1655",0.454,"MG1655","trial_2",0.605666666666667,0.104486575426915
"2308",9.5,"KPPR1",1.028,"MG1655","trial_2",1.1678,0.0570499530486848
"2309",9.5,"MG1655",0.477,"MG1655","trial_2",0.660333333333333,0.120323637651867
"2310",9.75,"KPPR1",1.068,"MG1655","trial_2",1.22,0.0609300926511374
"2311",9.75,"MG1655",0.506,"MG1655","trial_2",0.714666666666667,0.135962413106629
"2312",10,"KPPR1",1.109,"MG1655","trial_2",1.27073333333333,0.0654264739387925
"2313",10,"MG1655",0.537,"MG1655","trial_2",0.770333333333333,0.148810095236998
"2314",10.25,"KPPR1",1.146,"MG1655","trial_2",1.3204,0.0690991558076749
"2315",10.25,"MG1655",0.567,"MG1655","trial_2",0.829333333333333,0.162620553573171
"2316",10.5,"KPPR1",1.181,"MG1655","trial_2",1.36826666666667,0.0734533520040775
"2317",10.5,"MG1655",0.597,"MG1655","trial_2",0.888666666666667,0.176595897775433
"2318",10.75,"KPPR1",1.209,"MG1655","trial_2",1.4136,0.0774789556681592
"2319",10.75,"MG1655",0.633,"MG1655","trial_2",0.943333333333333,0.187560064453438
"2320",11,"KPPR1",1.238,"MG1655","trial_2",1.45633333333333,0.0808027973741755
"2321",11,"MG1655",0.672,"MG1655","trial_2",1.00033333333333,0.199225444604292
"2322",11.25,"KPPR1",1.262,"MG1655","trial_2",1.4984,0.0856460490290458
"2323",11.25,"MG1655",0.716,"MG1655","trial_2",1.05133333333333,0.203909566011777
"2324",11.5,"KPPR1",1.288,"MG1655","trial_2",1.5362,0.0883205309680382
"2325",11.5,"MG1655",0.768,"MG1655","trial_2",1.11466666666667,0.211860278905173
"2326",11.75,"KPPR1",1.318,"MG1655","trial_2",1.57693333333333,0.0917036358352101
"2327",11.75,"MG1655",0.818,"MG1655","trial_2",1.17466666666667,0.220290969200081
"2328",12,"KPPR1",1.339,"MG1655","trial_2",1.61293333333333,0.0941514720147257
"2329",12,"MG1655",0.867,"MG1655","trial_2",1.22566666666667,0.223145194386475
"2330",12.25,"KPPR1",1.368,"MG1655","trial_2",1.6476,0.0967085360885013
"2331",12.25,"MG1655",0.923,"MG1655","trial_2",1.28566666666667,0.230690509365061
"2332",12.5,"KPPR1",1.385,"MG1655","trial_2",1.67986666666667,0.0995250084229451
"2333",12.5,"MG1655",0.971,"MG1655","trial_2",1.33733333333333,0.233023842366208
"2334",12.75,"KPPR1",1.412,"MG1655","trial_2",1.7112,0.100496017452482
"2335",12.75,"MG1655",1.026,"MG1655","trial_2",1.39133333333333,0.234973284533464
"2336",13,"KPPR1",1.432,"MG1655","trial_2",1.74026666666667,0.102390357928984
"2337",13,"MG1655",1.07,"MG1655","trial_2",1.44266666666667,0.242570493763039
"2338",13.25,"KPPR1",1.463,"MG1655","trial_2",1.7674,0.103296650939119
"2339",13.25,"MG1655",1.116,"MG1655","trial_2",1.48966666666667,0.243139420452089
"2340",13.5,"KPPR1",1.486,"MG1655","trial_2",1.79346666666667,0.104581791489299
"2341",13.5,"MG1655",1.159,"MG1655","trial_2",1.543,0.255509947621092
"2342",13.75,"KPPR1",1.51,"MG1655","trial_2",1.81853333333333,0.105497229332459
"2343",13.75,"MG1655",1.203,"MG1655","trial_2",1.587,0.256656060386918
"2344",14,"KPPR1",1.535,"MG1655","trial_2",1.84353333333333,0.106105556906079
"2345",14,"MG1655",1.248,"MG1655","trial_2",1.631,0.256474170239422
"2346",14.25,"KPPR1",1.558,"MG1655","trial_2",1.86613333333333,0.106759581555794
"2347",14.25,"MG1655",1.291,"MG1655","trial_2",1.67666666666667,0.260943374019047
"2348",14.5,"KPPR1",1.583,"MG1655","trial_2",1.88613333333333,0.107358760667509
"2349",14.5,"MG1655",1.334,"MG1655","trial_2",1.72533333333333,0.266741031297732
"2350",14.75,"KPPR1",1.598,"MG1655","trial_2",1.90346666666667,0.108208831021831
"2351",14.75,"MG1655",1.385,"MG1655","trial_2",1.773,0.263949490117586
"2352",15,"KPPR1",1.61,"MG1655","trial_2",1.92106666666667,0.109907080523533
"2353",15,"MG1655",1.444,"MG1655","trial_2",1.821,0.263336919806801
"2354",15.25,"KPPR1",1.619,"MG1655","trial_2",1.93573333333333,0.110541070439761
"2355",15.25,"MG1655",1.485,"MG1655","trial_2",1.86466666666667,0.263090816597193
"2356",15.5,"KPPR1",1.627,"MG1655","trial_2",1.949,0.111181062107845
"2357",15.5,"MG1655",1.524,"MG1655","trial_2",1.91133333333333,0.26448965533226
"2358",15.75,"KPPR1",1.638,"MG1655","trial_2",1.96173333333333,0.112282613956148
"2359",15.75,"MG1655",1.566,"MG1655","trial_2",1.956,0.267830170070513
"2360",16,"KPPR1",1.647,"MG1655","trial_2",1.9744,0.112773890933099
"2361",16,"MG1655",1.602,"MG1655","trial_2",1.99133333333333,0.266402160485066
"2362",16.25,"KPPR1",1.66,"MG1655","trial_2",1.98553333333333,0.113421458735053
"2363",16.25,"MG1655",1.641,"MG1655","trial_2",2.03566666666667,0.270716538919299
"2364",16.5,"KPPR1",1.669,"MG1655","trial_2",1.99486666666667,0.114204781263711
"2365",16.5,"MG1655",1.676,"MG1655","trial_2",2.06333333333333,0.269657395802732
"2366",16.75,"KPPR1",1.676,"MG1655","trial_2",2.00606666666667,0.115054788880969
"2367",16.75,"MG1655",1.708,"MG1655","trial_2",2.10133333333333,0.272618373881471
"2368",17,"KPPR1",1.679,"MG1655","trial_2",2.01186666666667,0.115527604067544
"2369",17,"MG1655",1.743,"MG1655","trial_2",2.14733333333333,0.278789247361595
"2370",17.25,"KPPR1",1.683,"MG1655","trial_2",2.01933333333333,0.116695520241543
"2371",17.25,"MG1655",1.773,"MG1655","trial_2",2.17633333333333,0.280625689803656
"2372",17.5,"KPPR1",1.689,"MG1655","trial_2",2.02513333333333,0.117371160028131
"2373",17.5,"MG1655",1.803,"MG1655","trial_2",2.21,0.281746339816509
"2374",17.75,"KPPR1",1.697,"MG1655","trial_2",2.03233333333333,0.117860719522448
"2375",17.75,"MG1655",1.818,"MG1655","trial_2",2.239,0.286843162721373
"2376",18,"KPPR1",1.699,"MG1655","trial_2",2.03786666666667,0.118866626605767
"2377",18,"MG1655",1.846,"MG1655","trial_2",2.26533333333333,0.29079278609423
"2378",18.25,"KPPR1",1.701,"MG1655","trial_2",2.04153333333333,0.119614494529665
"2379",18.25,"MG1655",1.869,"MG1655","trial_2",2.29433333333333,0.291774646678639
"2380",18.5,"KPPR1",1.708,"MG1655","trial_2",2.04793333333333,0.120416082878796
"2381",18.5,"MG1655",1.889,"MG1655","trial_2",2.325,0.292583891103617
"2382",18.75,"KPPR1",1.712,"MG1655","trial_2",2.0482,0.120135962658188
"2383",18.75,"MG1655",1.905,"MG1655","trial_2",2.354,0.297269238233625
"2384",19,"KPPR1",1.712,"MG1655","trial_2",2.0538,0.121246942033113
"2385",19,"MG1655",1.93,"MG1655","trial_2",2.37633333333333,0.298937191470791
"2386",19.25,"KPPR1",1.718,"MG1655","trial_2",2.05686666666667,0.121379878565745
"2387",19.25,"MG1655",1.951,"MG1655","trial_2",2.40366666666667,0.299978517749373
"2388",19.5,"KPPR1",1.717,"MG1655","trial_2",2.05626666666667,0.121362874478101
"2389",19.5,"MG1655",1.968,"MG1655","trial_2",2.42733333333333,0.306672644869266
"2390",19.75,"KPPR1",1.715,"MG1655","trial_2",2.05833333333333,0.121916351755607
"2391",19.75,"MG1655",1.977,"MG1655","trial_2",2.45033333333333,0.307849710807797
"2392",20,"KPPR1",1.713,"MG1655","trial_2",2.0576,0.121534114356344
"2393",20,"MG1655",1.994,"MG1655","trial_2",2.475,0.311355638030425
"2394",20.25,"KPPR1",1.714,"MG1655","trial_2",2.05826666666667,0.121737401486293
"2395",20.25,"MG1655",2.012,"MG1655","trial_2",2.49766666666667,0.310985708853496
"2396",20.5,"KPPR1",1.717,"MG1655","trial_2",2.05813333333333,0.122028211674368
"2397",20.5,"MG1655",2.029,"MG1655","trial_2",2.52433333333333,0.318188797903243
"2398",20.75,"KPPR1",1.72,"MG1655","trial_2",2.05906666666667,0.121672412127877
"2399",20.75,"MG1655",2.041,"MG1655","trial_2",2.539,0.317071495617839
"2400",21,"KPPR1",1.713,"MG1655","trial_2",2.05626666666667,0.12198838612428
"2401",21,"MG1655",2.058,"MG1655","trial_2",2.562,0.323012899639215
"2402",21.25,"KPPR1",1.715,"MG1655","trial_2",2.05726666666667,0.122201374268115
"2403",21.25,"MG1655",2.079,"MG1655","trial_2",2.58566666666667,0.319779785338459
"2404",21.5,"KPPR1",1.71,"MG1655","trial_2",2.0536,0.121864163254479
"2405",21.5,"MG1655",2.092,"MG1655","trial_2",2.60833333333333,0.320344779538824
"2406",21.75,"KPPR1",1.704,"MG1655","trial_2",2.05146666666667,0.121919171767382
"2407",21.75,"MG1655",2.107,"MG1655","trial_2",2.62533333333333,0.325640053501476
"2408",22,"KPPR1",1.699,"MG1655","trial_2",2.0502,0.122173732661243
"2409",22,"MG1655",2.12,"MG1655","trial_2",2.64,0.328232133304059
"2410",22.25,"KPPR1",1.7,"MG1655","trial_2",2.05,0.121939446330663
"2411",22.25,"MG1655",2.131,"MG1655","trial_2",2.659,0.327267983972361
"2412",22.5,"KPPR1",1.704,"MG1655","trial_2",2.04946666666667,0.121412083287678
"2413",22.5,"MG1655",2.146,"MG1655","trial_2",2.678,0.330589372686621
"2414",22.75,"KPPR1",1.705,"MG1655","trial_2",2.04713333333333,0.120671725755561
"2415",22.75,"MG1655",2.161,"MG1655","trial_2",2.695,0.331052865868882
"2416",23,"KPPR1",1.699,"MG1655","trial_2",2.04333333333333,0.120772894572798
"2417",23,"MG1655",2.177,"MG1655","trial_2",2.71033333333333,0.329422896053757
"2418",23.25,"KPPR1",1.694,"MG1655","trial_2",2.04066666666667,0.120758107946923
"2419",23.25,"MG1655",2.187,"MG1655","trial_2",2.726,0.333582073858893
"2420",23.5,"KPPR1",1.694,"MG1655","trial_2",2.04033333333333,0.120706951970333
"2421",23.5,"MG1655",2.201,"MG1655","trial_2",2.73566666666667,0.330981033360591
"2422",23.75,"KPPR1",1.693,"MG1655","trial_2",2.03886666666667,0.120784493906519
"2423",23.75,"MG1655",2.224,"MG1655","trial_2",2.75466666666667,0.328344500656111
"2424",24,"KPPR1",1.685,"MG1655","trial_2",2.03546666666667,0.120323131080503
"2425",24,"MG1655",2.226,"MG1655","trial_2",2.764,0.331989959687538
"2426",0,"KPPR1",0.008,"MG1655","trial_3",0.00893333333333333,0.00141241659396958
"2427",0,"MG1655",0.003,"MG1655","trial_3",0.00666666666666667,0.00185592145427667
"2428",0.25,"KPPR1",0.008,"MG1655","trial_3",0.0108666666666667,0.00126816953450789
"2429",0.25,"MG1655",0.004,"MG1655","trial_3",0.00866666666666667,0.00233333333333333
"2430",0.5,"KPPR1",0.009,"MG1655","trial_3",0.0148,0.00170209954384074
"2431",0.5,"MG1655",0.005,"MG1655","trial_3",0.0103333333333333,0.00266666666666667
"2432",0.75,"KPPR1",0.01,"MG1655","trial_3",0.0190666666666667,0.00213690177742198
"2433",0.75,"MG1655",0.007,"MG1655","trial_3",0.0153333333333333,0.00417665469538056
"2434",1,"KPPR1",0.013,"MG1655","trial_3",0.0243333333333333,0.00277860305200921
"2435",1,"MG1655",0.009,"MG1655","trial_3",0.021,0.006
"2436",1.25,"KPPR1",0.016,"MG1655","trial_3",0.0305333333333333,0.00357086979755789
"2437",1.25,"MG1655",0.011,"MG1655","trial_3",0.024,0.00650640709864771
"2438",1.5,"KPPR1",0.024,"MG1655","trial_3",0.039,0.00445613541728063
"2439",1.5,"MG1655",0.015,"MG1655","trial_3",0.0273333333333333,0.00617341972581738
"2440",1.75,"KPPR1",0.031,"MG1655","trial_3",0.0510666666666667,0.00589791461665874
"2441",1.75,"MG1655",0.019,"MG1655","trial_3",0.0316666666666667,0.00635959467611297
"2442",2,"KPPR1",0.046,"MG1655","trial_3",0.0685333333333333,0.00759063750799482
"2443",2,"MG1655",0.028,"MG1655","trial_3",0.038,0.00513160143944688
"2444",2.25,"KPPR1",0.066,"MG1655","trial_3",0.0904,0.00931961576972131
"2445",2.25,"MG1655",0.034,"MG1655","trial_3",0.0446666666666667,0.00560753461375357
"2446",2.5,"KPPR1",0.088,"MG1655","trial_3",0.117666666666667,0.0109595214818491
"2447",2.5,"MG1655",0.046,"MG1655","trial_3",0.0536666666666667,0.00433333333333333
"2448",2.75,"KPPR1",0.121,"MG1655","trial_3",0.143133333333333,0.0109895477036209
"2449",2.75,"MG1655",0.061,"MG1655","trial_3",0.0653333333333333,0.00338296385503074
"2450",3,"KPPR1",0.143,"MG1655","trial_3",0.168466666666667,0.0103357293689077
"2451",3,"MG1655",0.075,"MG1655","trial_3",0.0783333333333333,0.00384418753155693
"2452",3.25,"KPPR1",0.159,"MG1655","trial_3",0.189133333333333,0.0104825781392005
"2453",3.25,"MG1655",0.088,"MG1655","trial_3",0.091,0.00404145188432738
"2454",3.5,"KPPR1",0.173,"MG1655","trial_3",0.2092,0.0113507708989302
"2455",3.5,"MG1655",0.099,"MG1655","trial_3",0.105666666666667,0.00440958551844099
"2456",3.75,"KPPR1",0.189,"MG1655","trial_3",0.230133333333333,0.012782006201676
"2457",3.75,"MG1655",0.107,"MG1655","trial_3",0.118666666666667,0.00664161961505709
"2458",4,"KPPR1",0.213,"MG1655","trial_3",0.253533333333333,0.0138154043308691
"2459",4,"MG1655",0.116,"MG1655","trial_3",0.128333333333333,0.0072188026092359
"2460",4.25,"KPPR1",0.234,"MG1655","trial_3",0.277933333333333,0.0147984769701115
"2461",4.25,"MG1655",0.126,"MG1655","trial_3",0.139,0.007
"2462",4.5,"KPPR1",0.259,"MG1655","trial_3",0.305133333333333,0.01563752101492
"2463",4.5,"MG1655",0.137,"MG1655","trial_3",0.148666666666667,0.00726483157256779
"2464",4.75,"KPPR1",0.287,"MG1655","trial_3",0.3324,0.0165295694640443
"2465",4.75,"MG1655",0.147,"MG1655","trial_3",0.16,0.00750555349946513
"2466",5,"KPPR1",0.312,"MG1655","trial_3",0.363,0.0172433562085034
"2467",5,"MG1655",0.161,"MG1655","trial_3",0.174666666666667,0.00779601037568433
"2468",5.25,"KPPR1",0.343,"MG1655","trial_3",0.395266666666667,0.0184740401301437
"2469",5.25,"MG1655",0.173,"MG1655","trial_3",0.186333333333333,0.0072648315725678
"2470",5.5,"KPPR1",0.37,"MG1655","trial_3",0.4284,0.0197577712257614
"2471",5.5,"MG1655",0.187,"MG1655","trial_3",0.201333333333333,0.00744610263456289
"2472",5.75,"KPPR1",0.403,"MG1655","trial_3",0.4642,0.0217477311350819
"2473",5.75,"MG1655",0.201,"MG1655","trial_3",0.214666666666667,0.00731057073315377
"2474",6,"KPPR1",0.435,"MG1655","trial_3",0.502733333333333,0.0242874583874195
"2475",6,"MG1655",0.211,"MG1655","trial_3",0.228333333333333,0.00896908269804914
"2476",6.25,"KPPR1",0.473,"MG1655","trial_3",0.544133333333333,0.0263040584713365
"2477",6.25,"MG1655",0.222,"MG1655","trial_3",0.241666666666667,0.0100388135642504
"2478",6.5,"KPPR1",0.506,"MG1655","trial_3",0.584333333333333,0.0279487058507216
"2479",6.5,"MG1655",0.24,"MG1655","trial_3",0.258333333333333,0.00917121099479841
"2480",6.75,"KPPR1",0.561,"MG1655","trial_3",0.6266,0.0291756258348839
"2481",6.75,"MG1655",0.253,"MG1655","trial_3",0.272,0.00960902353693305
"2482",7,"KPPR1",0.621,"MG1655","trial_3",0.6704,0.029720892122738
"2483",7,"MG1655",0.268,"MG1655","trial_3",0.289333333333333,0.0112150692275071
"2484",7.25,"KPPR1",0.692,"MG1655","trial_3",0.716733333333333,0.0311771385514124
"2485",7.25,"MG1655",0.282,"MG1655","trial_3",0.305,0.0122882057274445
"2486",7.5,"KPPR1",0.754,"MG1655","trial_3",0.761666666666667,0.0323851327833749
"2487",7.5,"MG1655",0.302,"MG1655","trial_3",0.326333333333333,0.0151033476789456
"2488",7.75,"KPPR1",0.824,"MG1655","trial_3",0.8084,0.033888584958304
"2489",7.75,"MG1655",0.318,"MG1655","trial_3",0.351,0.0217332310836041
"2490",8,"KPPR1",0.888,"MG1655","trial_3",0.856333333333333,0.0357228307237911
"2491",8,"MG1655",0.341,"MG1655","trial_3",0.38,0.0282901631902917
"2492",8.25,"KPPR1",0.963,"MG1655","trial_3",0.904133333333333,0.0380941023640226
"2493",8.25,"MG1655",0.374,"MG1655","trial_3",0.416333333333333,0.0393714504572934
"2494",8.5,"KPPR1",1.046,"MG1655","trial_3",0.958133333333333,0.0417539124675665
"2495",8.5,"MG1655",0.414,"MG1655","trial_3",0.456,0.0517912476518314
"2496",8.75,"KPPR1",1.134,"MG1655","trial_3",1.0124,0.0452934137964156
"2497",8.75,"MG1655",0.458,"MG1655","trial_3",0.501666666666667,0.0701672604883819
"2498",9,"KPPR1",1.217,"MG1655","trial_3",1.06353333333333,0.049312305685939
"2499",9,"MG1655",0.508,"MG1655","trial_3",0.556,0.0881986394452885
"2500",9.25,"KPPR1",1.312,"MG1655","trial_3",1.11513333333333,0.0527132283629493
"2501",9.25,"MG1655",0.557,"MG1655","trial_3",0.605666666666667,0.104486575426915
"2502",9.5,"KPPR1",1.391,"MG1655","trial_3",1.1678,0.0570499530486848
"2503",9.5,"MG1655",0.617,"MG1655","trial_3",0.660333333333333,0.120323637651867
"2504",9.75,"KPPR1",1.484,"MG1655","trial_3",1.22,0.0609300926511374
"2505",9.75,"MG1655",0.668,"MG1655","trial_3",0.714666666666667,0.135962413106629
"2506",10,"KPPR1",1.569,"MG1655","trial_3",1.27073333333333,0.0654264739387925
"2507",10,"MG1655",0.727,"MG1655","trial_3",0.770333333333333,0.148810095236998
"2508",10.25,"KPPR1",1.648,"MG1655","trial_3",1.3204,0.0690991558076749
"2509",10.25,"MG1655",0.794,"MG1655","trial_3",0.829333333333333,0.162620553573171
"2510",10.5,"KPPR1",1.74,"MG1655","trial_3",1.36826666666667,0.0734533520040775
"2511",10.5,"MG1655",0.862,"MG1655","trial_3",0.888666666666667,0.176595897775433
"2512",10.75,"KPPR1",1.812,"MG1655","trial_3",1.4136,0.0774789556681592
"2513",10.75,"MG1655",0.916,"MG1655","trial_3",0.943333333333333,0.187560064453438
"2514",11,"KPPR1",1.873,"MG1655","trial_3",1.45633333333333,0.0808027973741755
"2515",11,"MG1655",0.969,"MG1655","trial_3",1.00033333333333,0.199225444604292
"2516",11.25,"KPPR1",1.938,"MG1655","trial_3",1.4984,0.0856460490290458
"2517",11.25,"MG1655",1.018,"MG1655","trial_3",1.05133333333333,0.203909566011777
"2518",11.5,"KPPR1",1.982,"MG1655","trial_3",1.5362,0.0883205309680382
"2519",11.5,"MG1655",1.077,"MG1655","trial_3",1.11466666666667,0.211860278905173
"2520",11.75,"KPPR1",2.038,"MG1655","trial_3",1.57693333333333,0.0917036358352101
"2521",11.75,"MG1655",1.129,"MG1655","trial_3",1.17466666666667,0.220290969200081
"2522",12,"KPPR1",2.086,"MG1655","trial_3",1.61293333333333,0.0941514720147257
"2523",12,"MG1655",1.175,"MG1655","trial_3",1.22566666666667,0.223145194386475
"2524",12.25,"KPPR1",2.134,"MG1655","trial_3",1.6476,0.0967085360885013
"2525",12.25,"MG1655",1.22,"MG1655","trial_3",1.28566666666667,0.230690509365061
"2526",12.5,"KPPR1",2.172,"MG1655","trial_3",1.67986666666667,0.0995250084229451
"2527",12.5,"MG1655",1.271,"MG1655","trial_3",1.33733333333333,0.233023842366208
"2528",12.75,"KPPR1",2.206,"MG1655","trial_3",1.7112,0.100496017452482
"2529",12.75,"MG1655",1.318,"MG1655","trial_3",1.39133333333333,0.234973284533464
"2530",13,"KPPR1",2.239,"MG1655","trial_3",1.74026666666667,0.102390357928984
"2531",13,"MG1655",1.36,"MG1655","trial_3",1.44266666666667,0.242570493763039
"2532",13.25,"KPPR1",2.266,"MG1655","trial_3",1.7674,0.103296650939119
"2533",13.25,"MG1655",1.407,"MG1655","trial_3",1.48966666666667,0.243139420452089
"2534",13.5,"KPPR1",2.295,"MG1655","trial_3",1.79346666666667,0.104581791489299
"2535",13.5,"MG1655",1.443,"MG1655","trial_3",1.543,0.255509947621092
"2536",13.75,"KPPR1",2.323,"MG1655","trial_3",1.81853333333333,0.105497229332459
"2537",13.75,"MG1655",1.484,"MG1655","trial_3",1.587,0.256656060386918
"2538",14,"KPPR1",2.346,"MG1655","trial_3",1.84353333333333,0.106105556906079
"2539",14,"MG1655",1.527,"MG1655","trial_3",1.631,0.256474170239422
"2540",14.25,"KPPR1",2.37,"MG1655","trial_3",1.86613333333333,0.106759581555794
"2541",14.25,"MG1655",1.565,"MG1655","trial_3",1.67666666666667,0.260943374019047
"2542",14.5,"KPPR1",2.392,"MG1655","trial_3",1.88613333333333,0.107358760667509
"2543",14.5,"MG1655",1.607,"MG1655","trial_3",1.72533333333333,0.266741031297732
"2544",14.75,"KPPR1",2.414,"MG1655","trial_3",1.90346666666667,0.108208831021831
"2545",14.75,"MG1655",1.657,"MG1655","trial_3",1.773,0.263949490117586
"2546",15,"KPPR1",2.434,"MG1655","trial_3",1.92106666666667,0.109907080523533
"2547",15,"MG1655",1.691,"MG1655","trial_3",1.821,0.263336919806801
"2548",15.25,"KPPR1",2.446,"MG1655","trial_3",1.93573333333333,0.110541070439761
"2549",15.25,"MG1655",1.739,"MG1655","trial_3",1.86466666666667,0.263090816597193
"2550",15.5,"KPPR1",2.465,"MG1655","trial_3",1.949,0.111181062107845
"2551",15.5,"MG1655",1.793,"MG1655","trial_3",1.91133333333333,0.26448965533226
"2552",15.75,"KPPR1",2.476,"MG1655","trial_3",1.96173333333333,0.112282613956148
"2553",15.75,"MG1655",1.833,"MG1655","trial_3",1.956,0.267830170070513
"2554",16,"KPPR1",2.484,"MG1655","trial_3",1.9744,0.112773890933099
"2555",16,"MG1655",1.871,"MG1655","trial_3",1.99133333333333,0.266402160485066
"2556",16.25,"KPPR1",2.502,"MG1655","trial_3",1.98553333333333,0.113421458735053
"2557",16.25,"MG1655",1.912,"MG1655","trial_3",2.03566666666667,0.270716538919299
"2558",16.5,"KPPR1",2.511,"MG1655","trial_3",1.99486666666667,0.114204781263711
"2559",16.5,"MG1655",1.932,"MG1655","trial_3",2.06333333333333,0.269657395802732
"2560",16.75,"KPPR1",2.52,"MG1655","trial_3",2.00606666666667,0.115054788880969
"2561",16.75,"MG1655",1.971,"MG1655","trial_3",2.10133333333333,0.272618373881471
"2562",17,"KPPR1",2.532,"MG1655","trial_3",2.01186666666667,0.115527604067544
"2563",17,"MG1655",2.017,"MG1655","trial_3",2.14733333333333,0.278789247361595
"2564",17.25,"KPPR1",2.542,"MG1655","trial_3",2.01933333333333,0.116695520241543
"2565",17.25,"MG1655",2.04,"MG1655","trial_3",2.17633333333333,0.280625689803656
"2566",17.5,"KPPR1",2.546,"MG1655","trial_3",2.02513333333333,0.117371160028131
"2567",17.5,"MG1655",2.076,"MG1655","trial_3",2.21,0.281746339816509
"2568",17.75,"KPPR1",2.551,"MG1655","trial_3",2.03233333333333,0.117860719522448
"2569",17.75,"MG1655",2.112,"MG1655","trial_3",2.239,0.286843162721373
"2570",18,"KPPR1",2.571,"MG1655","trial_3",2.03786666666667,0.118866626605767
"2571",18,"MG1655",2.126,"MG1655","trial_3",2.26533333333333,0.29079278609423
"2572",18.25,"KPPR1",2.569,"MG1655","trial_3",2.04153333333333,0.119614494529665
"2573",18.25,"MG1655",2.161,"MG1655","trial_3",2.29433333333333,0.291774646678639
"2574",18.5,"KPPR1",2.58,"MG1655","trial_3",2.04793333333333,0.120416082878796
"2575",18.5,"MG1655",2.205,"MG1655","trial_3",2.325,0.292583891103617
"2576",18.75,"KPPR1",2.575,"MG1655","trial_3",2.0482,0.120135962658188
"2577",18.75,"MG1655",2.241,"MG1655","trial_3",2.354,0.297269238233625
"2578",19,"KPPR1",2.589,"MG1655","trial_3",2.0538,0.121246942033113
"2579",19,"MG1655",2.255,"MG1655","trial_3",2.37633333333333,0.298937191470791
"2580",19.25,"KPPR1",2.586,"MG1655","trial_3",2.05686666666667,0.121379878565745
"2581",19.25,"MG1655",2.289,"MG1655","trial_3",2.40366666666667,0.299978517749373
"2582",19.5,"KPPR1",2.582,"MG1655","trial_3",2.05626666666667,0.121362874478101
"2583",19.5,"MG1655",2.305,"MG1655","trial_3",2.42733333333333,0.306672644869266
"2584",19.75,"KPPR1",2.588,"MG1655","trial_3",2.05833333333333,0.121916351755607
"2585",19.75,"MG1655",2.346,"MG1655","trial_3",2.45033333333333,0.307849710807797
"2586",20,"KPPR1",2.58,"MG1655","trial_3",2.0576,0.121534114356344
"2587",20,"MG1655",2.373,"MG1655","trial_3",2.475,0.311355638030425
"2588",20.25,"KPPR1",2.585,"MG1655","trial_3",2.05826666666667,0.121737401486293
"2589",20.25,"MG1655",2.404,"MG1655","trial_3",2.49766666666667,0.310985708853496
"2590",20.5,"KPPR1",2.581,"MG1655","trial_3",2.05813333333333,0.122028211674368
"2591",20.5,"MG1655",2.426,"MG1655","trial_3",2.52433333333333,0.318188797903243
"2592",20.75,"KPPR1",2.573,"MG1655","trial_3",2.05906666666667,0.121672412127877
"2593",20.75,"MG1655",2.448,"MG1655","trial_3",2.539,0.317071495617839
"2594",21,"KPPR1",2.57,"MG1655","trial_3",2.05626666666667,0.12198838612428
"2595",21,"MG1655",2.464,"MG1655","trial_3",2.562,0.323012899639215
"2596",21.25,"KPPR1",2.568,"MG1655","trial_3",2.05726666666667,0.122201374268115
"2597",21.25,"MG1655",2.501,"MG1655","trial_3",2.58566666666667,0.319779785338459
"2598",21.5,"KPPR1",2.559,"MG1655","trial_3",2.0536,0.121864163254479
"2599",21.5,"MG1655",2.538,"MG1655","trial_3",2.60833333333333,0.320344779538824
"2600",21.75,"KPPR1",2.559,"MG1655","trial_3",2.05146666666667,0.121919171767382
"2601",21.75,"MG1655",2.543,"MG1655","trial_3",2.62533333333333,0.325640053501476
"2602",22,"KPPR1",2.544,"MG1655","trial_3",2.0502,0.122173732661243
"2603",22,"MG1655",2.553,"MG1655","trial_3",2.64,0.328232133304059
"2604",22.25,"KPPR1",2.547,"MG1655","trial_3",2.05,0.121939446330663
"2605",22.25,"MG1655",2.588,"MG1655","trial_3",2.659,0.327267983972361
"2606",22.5,"KPPR1",2.54,"MG1655","trial_3",2.04946666666667,0.121412083287678
"2607",22.5,"MG1655",2.604,"MG1655","trial_3",2.678,0.330589372686621
"2608",22.75,"KPPR1",2.535,"MG1655","trial_3",2.04713333333333,0.120671725755561
"2609",22.75,"MG1655",2.623,"MG1655","trial_3",2.695,0.331052865868882
"2610",23,"KPPR1",2.53,"MG1655","trial_3",2.04333333333333,0.120772894572798
"2611",23,"MG1655",2.642,"MG1655","trial_3",2.71033333333333,0.329422896053757
"2612",23.25,"KPPR1",2.526,"MG1655","trial_3",2.04066666666667,0.120758107946923
"2613",23.25,"MG1655",2.655,"MG1655","trial_3",2.726,0.333582073858893
"2614",23.5,"KPPR1",2.515,"MG1655","trial_3",2.04033333333333,0.120706951970333
"2615",23.5,"MG1655",2.665,"MG1655","trial_3",2.73566666666667,0.330981033360591
"2616",23.75,"KPPR1",2.509,"MG1655","trial_3",2.03886666666667,0.120784493906519
"2617",23.75,"MG1655",2.685,"MG1655","trial_3",2.75466666666667,0.328344500656111
"2618",24,"KPPR1",2.509,"MG1655","trial_3",2.03546666666667,0.120323131080503
"2619",24,"MG1655",2.696,"MG1655","trial_3",2.764,0.331989959687538
"2620",0,"KPPR1",0.002,"Tn13F11","trial_1",0.00893333333333333,0.00141241659396958
"2621",0,"13F11",0.008,"Tn13F11","trial_1",0.00633333333333333,0.00166666666666667
"2622",0.25,"KPPR1",0.011,"Tn13F11","trial_1",0.0108666666666667,0.00126816953450789
"2623",0.25,"13F11",0.016,"Tn13F11","trial_1",0.0106666666666667,0.00317979733805649
"2624",0.5,"KPPR1",0.027,"Tn13F11","trial_1",0.0148,0.00170209954384074
"2625",0.5,"13F11",0.034,"Tn13F11","trial_1",0.0183333333333333,0.00796520209689901
"2626",0.75,"KPPR1",0.028,"Tn13F11","trial_1",0.0190666666666667,0.00213690177742198
"2627",0.75,"13F11",0.037,"Tn13F11","trial_1",0.0246666666666667,0.0062271805640898
"2628",1,"KPPR1",0.03,"Tn13F11","trial_1",0.0243333333333333,0.00277860305200921
"2629",1,"13F11",0.039,"Tn13F11","trial_1",0.029,0.00529150262212918
"2630",1.25,"KPPR1",0.035,"Tn13F11","trial_1",0.0305333333333333,0.00357086979755789
"2631",1.25,"13F11",0.042,"Tn13F11","trial_1",0.033,0.00472581562625261
"2632",1.5,"KPPR1",0.038,"Tn13F11","trial_1",0.039,0.00445613541728063
"2633",1.5,"13F11",0.046,"Tn13F11","trial_1",0.0366666666666667,0.00480740170061865
"2634",1.75,"KPPR1",0.044,"Tn13F11","trial_1",0.0510666666666667,0.00589791461665874
"2635",1.75,"13F11",0.054,"Tn13F11","trial_1",0.0433333333333333,0.0053644923131437
"2636",2,"KPPR1",0.059,"Tn13F11","trial_1",0.0685333333333333,0.00759063750799482
"2637",2,"13F11",0.066,"Tn13F11","trial_1",0.0526666666666667,0.00669161996662825
"2638",2.25,"KPPR1",0.077,"Tn13F11","trial_1",0.0904,0.00931961576972131
"2639",2.25,"13F11",0.085,"Tn13F11","trial_1",0.0666666666666667,0.0095277372853043
"2640",2.5,"KPPR1",0.103,"Tn13F11","trial_1",0.117666666666667,0.0109595214818491
"2641",2.5,"13F11",0.11,"Tn13F11","trial_1",0.085,0.0141539158303748
"2642",2.75,"KPPR1",0.131,"Tn13F11","trial_1",0.143133333333333,0.0109895477036209
"2643",2.75,"13F11",0.139,"Tn13F11","trial_1",0.107666666666667,0.01946221410266
"2644",3,"KPPR1",0.166,"Tn13F11","trial_1",0.168466666666667,0.0103357293689077
"2645",3,"13F11",0.171,"Tn13F11","trial_1",0.134666666666667,0.0253004172121946
"2646",3.25,"KPPR1",0.186,"Tn13F11","trial_1",0.189133333333333,0.0104825781392005
"2647",3.25,"13F11",0.192,"Tn13F11","trial_1",0.156,0.0288270706107991
"2648",3.5,"KPPR1",0.202,"Tn13F11","trial_1",0.2092,0.0113507708989302
"2649",3.5,"13F11",0.209,"Tn13F11","trial_1",0.173,0.0297377425729213
"2650",3.75,"KPPR1",0.216,"Tn13F11","trial_1",0.230133333333333,0.012782006201676
"2651",3.75,"13F11",0.229,"Tn13F11","trial_1",0.190666666666667,0.0306829666825821
"2652",4,"KPPR1",0.238,"Tn13F11","trial_1",0.253533333333333,0.0138154043308691
"2653",4,"13F11",0.255,"Tn13F11","trial_1",0.210666666666667,0.0352625076312568
"2654",4.25,"KPPR1",0.254,"Tn13F11","trial_1",0.277933333333333,0.0147984769701115
"2655",4.25,"13F11",0.28,"Tn13F11","trial_1",0.229333333333333,0.0401718530538209
"2656",4.5,"KPPR1",0.276,"Tn13F11","trial_1",0.305133333333333,0.01563752101492
"2657",4.5,"13F11",0.302,"Tn13F11","trial_1",0.251666666666667,0.0449456461863784
"2658",4.75,"KPPR1",0.301,"Tn13F11","trial_1",0.3324,0.0165295694640443
"2659",4.75,"13F11",0.332,"Tn13F11","trial_1",0.277,0.0520288381573143
"2660",5,"KPPR1",0.326,"Tn13F11","trial_1",0.363,0.0172433562085034
"2661",5,"13F11",0.36,"Tn13F11","trial_1",0.302333333333333,0.0571673955249941
"2662",5.25,"KPPR1",0.354,"Tn13F11","trial_1",0.395266666666667,0.0184740401301437
"2663",5.25,"13F11",0.392,"Tn13F11","trial_1",0.328666666666667,0.0653435366182286
"2664",5.5,"KPPR1",0.378,"Tn13F11","trial_1",0.4284,0.0197577712257614
"2665",5.5,"13F11",0.424,"Tn13F11","trial_1",0.355333333333333,0.0716875938437824
"2666",5.75,"KPPR1",0.408,"Tn13F11","trial_1",0.4642,0.0217477311350819
"2667",5.75,"13F11",0.458,"Tn13F11","trial_1",0.386,0.0801332224070225
"2668",6,"KPPR1",0.437,"Tn13F11","trial_1",0.502733333333333,0.0242874583874195
"2669",6,"13F11",0.495,"Tn13F11","trial_1",0.414666666666667,0.086914389551507
"2670",6.25,"KPPR1",0.475,"Tn13F11","trial_1",0.544133333333333,0.0263040584713365
"2671",6.25,"13F11",0.539,"Tn13F11","trial_1",0.448,0.0965522311152536
"2672",6.5,"KPPR1",0.509,"Tn13F11","trial_1",0.584333333333333,0.0279487058507216
"2673",6.5,"13F11",0.59,"Tn13F11","trial_1",0.483333333333333,0.108170133483221
"2674",6.75,"KPPR1",0.552,"Tn13F11","trial_1",0.6266,0.0291756258348839
"2675",6.75,"13F11",0.626,"Tn13F11","trial_1",0.516333333333333,0.118780376231841
"2676",7,"KPPR1",0.603,"Tn13F11","trial_1",0.6704,0.029720892122738
"2677",7,"13F11",0.667,"Tn13F11","trial_1",0.55,0.128157455238988
"2678",7.25,"KPPR1",0.658,"Tn13F11","trial_1",0.716733333333333,0.0311771385514124
"2679",7.25,"13F11",0.713,"Tn13F11","trial_1",0.586333333333333,0.138839635711293
"2680",7.5,"KPPR1",0.721,"Tn13F11","trial_1",0.761666666666667,0.0323851327833749
"2681",7.5,"13F11",0.754,"Tn13F11","trial_1",0.619666666666667,0.148553394815168
"2682",7.75,"KPPR1",0.79,"Tn13F11","trial_1",0.8084,0.033888584958304
"2683",7.75,"13F11",0.797,"Tn13F11","trial_1",0.656666666666667,0.1571223868341
"2684",8,"KPPR1",0.874,"Tn13F11","trial_1",0.856333333333333,0.0357228307237911
"2685",8,"13F11",0.837,"Tn13F11","trial_1",0.693,0.164925235586715
"2686",8.25,"KPPR1",0.94,"Tn13F11","trial_1",0.904133333333333,0.0380941023640226
"2687",8.25,"13F11",0.885,"Tn13F11","trial_1",0.727333333333333,0.173912174514737
"2688",8.5,"KPPR1",1.034,"Tn13F11","trial_1",0.958133333333333,0.0417539124675665
"2689",8.5,"13F11",0.92,"Tn13F11","trial_1",0.761,0.183523840413174
"2690",8.75,"KPPR1",1.116,"Tn13F11","trial_1",1.0124,0.0452934137964156
"2691",8.75,"13F11",0.96,"Tn13F11","trial_1",0.795333333333333,0.194389071480655
"2692",9,"KPPR1",1.168,"Tn13F11","trial_1",1.06353333333333,0.049312305685939
"2693",9,"13F11",1.005,"Tn13F11","trial_1",0.833,0.200652269693949
"2694",9.25,"KPPR1",1.223,"Tn13F11","trial_1",1.11513333333333,0.0527132283629493
"2695",9.25,"13F11",1.043,"Tn13F11","trial_1",0.870333333333333,0.20917324026855
"2696",9.5,"KPPR1",1.275,"Tn13F11","trial_1",1.1678,0.0570499530486848
"2697",9.5,"13F11",1.093,"Tn13F11","trial_1",0.91,0.217362216894596
"2698",9.75,"KPPR1",1.32,"Tn13F11","trial_1",1.22,0.0609300926511374
"2699",9.75,"13F11",1.135,"Tn13F11","trial_1",0.950333333333333,0.223219125026907
"2700",10,"KPPR1",1.372,"Tn13F11","trial_1",1.27073333333333,0.0654264739387925
"2701",10,"13F11",1.179,"Tn13F11","trial_1",0.990333333333333,0.227725956164665
"2702",10.25,"KPPR1",1.416,"Tn13F11","trial_1",1.3204,0.0690991558076749
"2703",10.25,"13F11",1.218,"Tn13F11","trial_1",1.028,0.231682973047222
"2704",10.5,"KPPR1",1.461,"Tn13F11","trial_1",1.36826666666667,0.0734533520040775
"2705",10.5,"13F11",1.263,"Tn13F11","trial_1",1.069,0.237242491978145
"2706",10.75,"KPPR1",1.51,"Tn13F11","trial_1",1.4136,0.0774789556681592
"2707",10.75,"13F11",1.303,"Tn13F11","trial_1",1.109,0.239351902715089
"2708",11,"KPPR1",1.549,"Tn13F11","trial_1",1.45633333333333,0.0808027973741755
"2709",11,"13F11",1.342,"Tn13F11","trial_1",1.15,0.240535513663437
"2710",11.25,"KPPR1",1.591,"Tn13F11","trial_1",1.4984,0.0856460490290458
"2711",11.25,"13F11",1.38,"Tn13F11","trial_1",1.19033333333333,0.238746960422769
"2712",11.5,"KPPR1",1.627,"Tn13F11","trial_1",1.5362,0.0883205309680382
"2713",11.5,"13F11",1.409,"Tn13F11","trial_1",1.23066666666667,0.233348332851221
"2714",11.75,"KPPR1",1.668,"Tn13F11","trial_1",1.57693333333333,0.0917036358352101
"2715",11.75,"13F11",1.451,"Tn13F11","trial_1",1.27466666666667,0.230298598442206
"2716",12,"KPPR1",1.705,"Tn13F11","trial_1",1.61293333333333,0.0941514720147257
"2717",12,"13F11",1.48,"Tn13F11","trial_1",1.31333333333333,0.225538121931625
"2718",12.25,"KPPR1",1.737,"Tn13F11","trial_1",1.6476,0.0967085360885013
"2719",12.25,"13F11",1.508,"Tn13F11","trial_1",1.35366666666667,0.218194357804637
"2720",12.5,"KPPR1",1.772,"Tn13F11","trial_1",1.67986666666667,0.0995250084229451
"2721",12.5,"13F11",1.536,"Tn13F11","trial_1",1.39033333333333,0.212897732360973
"2722",12.75,"KPPR1",1.799,"Tn13F11","trial_1",1.7112,0.100496017452482
"2723",12.75,"13F11",1.571,"Tn13F11","trial_1",1.43333333333333,0.207200654224621
"2724",13,"KPPR1",1.832,"Tn13F11","trial_1",1.74026666666667,0.102390357928984
"2725",13,"13F11",1.594,"Tn13F11","trial_1",1.46566666666667,0.201861613763269
"2726",13.25,"KPPR1",1.858,"Tn13F11","trial_1",1.7674,0.103296650939119
"2727",13.25,"13F11",1.625,"Tn13F11","trial_1",1.503,0.197854323514381
"2728",13.5,"KPPR1",1.888,"Tn13F11","trial_1",1.79346666666667,0.104581791489299
"2729",13.5,"13F11",1.647,"Tn13F11","trial_1",1.532,0.191013961095343
"2730",13.75,"KPPR1",1.906,"Tn13F11","trial_1",1.81853333333333,0.105497229332459
"2731",13.75,"13F11",1.665,"Tn13F11","trial_1",1.562,0.184853996440434
"2732",14,"KPPR1",1.937,"Tn13F11","trial_1",1.84353333333333,0.106105556906079
"2733",14,"13F11",1.684,"Tn13F11","trial_1",1.59266666666667,0.178565891977661
"2734",14.25,"KPPR1",1.964,"Tn13F11","trial_1",1.86613333333333,0.106759581555794
"2735",14.25,"13F11",1.718,"Tn13F11","trial_1",1.625,0.172378459597867
"2736",14.5,"KPPR1",1.976,"Tn13F11","trial_1",1.88613333333333,0.107358760667509
"2737",14.5,"13F11",1.734,"Tn13F11","trial_1",1.65433333333333,0.1667736323417
"2738",14.75,"KPPR1",1.994,"Tn13F11","trial_1",1.90346666666667,0.108208831021831
"2739",14.75,"13F11",1.751,"Tn13F11","trial_1",1.68333333333333,0.156412204695726
"2740",15,"KPPR1",2.014,"Tn13F11","trial_1",1.92106666666667,0.109907080523533
"2741",15,"13F11",1.77,"Tn13F11","trial_1",1.71833333333333,0.145778751690514
"2742",15.25,"KPPR1",2.024,"Tn13F11","trial_1",1.93573333333333,0.110541070439761
"2743",15.25,"13F11",1.783,"Tn13F11","trial_1",1.74133333333333,0.137552818138262
"2744",15.5,"KPPR1",2.039,"Tn13F11","trial_1",1.949,0.111181062107845
"2745",15.5,"13F11",1.8,"Tn13F11","trial_1",1.76466666666667,0.129955547955616
"2746",15.75,"KPPR1",2.05,"Tn13F11","trial_1",1.96173333333333,0.112282613956148
"2747",15.75,"13F11",1.807,"Tn13F11","trial_1",1.78666666666667,0.121956731853738
"2748",16,"KPPR1",2.058,"Tn13F11","trial_1",1.9744,0.112773890933099
"2749",16,"13F11",1.819,"Tn13F11","trial_1",1.80833333333333,0.116169894742332
"2750",16.25,"KPPR1",2.067,"Tn13F11","trial_1",1.98553333333333,0.113421458735053
"2751",16.25,"13F11",1.828,"Tn13F11","trial_1",1.827,0.107099642078456
"2752",16.5,"KPPR1",2.072,"Tn13F11","trial_1",1.99486666666667,0.114204781263711
"2753",16.5,"13F11",1.845,"Tn13F11","trial_1",1.84866666666667,0.100764301438776
"2754",16.75,"KPPR1",2.08,"Tn13F11","trial_1",2.00606666666667,0.115054788880969
"2755",16.75,"13F11",1.85,"Tn13F11","trial_1",1.86333333333333,0.0937680353022524
"2756",17,"KPPR1",2.097,"Tn13F11","trial_1",2.01186666666667,0.115527604067544
"2757",17,"13F11",1.86,"Tn13F11","trial_1",1.88266666666667,0.0879134675563293
"2758",17.25,"KPPR1",2.093,"Tn13F11","trial_1",2.01933333333333,0.116695520241543
"2759",17.25,"13F11",1.86,"Tn13F11","trial_1",1.896,0.0833726573883789
"2760",17.5,"KPPR1",2.098,"Tn13F11","trial_1",2.02513333333333,0.117371160028131
"2761",17.5,"13F11",1.865,"Tn13F11","trial_1",1.90766666666667,0.0758097032780839
"2762",17.75,"KPPR1",2.104,"Tn13F11","trial_1",2.03233333333333,0.117860719522448
"2763",17.75,"13F11",1.869,"Tn13F11","trial_1",1.91666666666667,0.074633177013384
"2764",18,"KPPR1",2.104,"Tn13F11","trial_1",2.03786666666667,0.118866626605767
"2765",18,"13F11",1.874,"Tn13F11","trial_1",1.93,0.0704651213958603
"2766",18.25,"KPPR1",2.111,"Tn13F11","trial_1",2.04153333333333,0.119614494529665
"2767",18.25,"13F11",1.879,"Tn13F11","trial_1",1.94066666666667,0.0667291373972253
"2768",18.5,"KPPR1",2.114,"Tn13F11","trial_1",2.04793333333333,0.120416082878796
"2769",18.5,"13F11",1.882,"Tn13F11","trial_1",1.95033333333333,0.0648648166916738
"2770",18.75,"KPPR1",2.111,"Tn13F11","trial_1",2.0482,0.120135962658188
"2771",18.75,"13F11",1.882,"Tn13F11","trial_1",1.95566666666667,0.0625202189517742
"2772",19,"KPPR1",2.111,"Tn13F11","trial_1",2.0538,0.121246942033113
"2773",19,"13F11",1.889,"Tn13F11","trial_1",1.96633333333333,0.0580526580882488
"2774",19.25,"KPPR1",2.119,"Tn13F11","trial_1",2.05686666666667,0.121379878565745
"2775",19.25,"13F11",1.894,"Tn13F11","trial_1",1.976,0.0559732078766262
"2776",19.5,"KPPR1",2.121,"Tn13F11","trial_1",2.05626666666667,0.121362874478101
"2777",19.5,"13F11",1.894,"Tn13F11","trial_1",1.982,0.055293158105984
"2778",19.75,"KPPR1",2.123,"Tn13F11","trial_1",2.05833333333333,0.121916351755607
"2779",19.75,"13F11",1.897,"Tn13F11","trial_1",1.987,0.0550757054728611
"2780",20,"KPPR1",2.114,"Tn13F11","trial_1",2.0576,0.121534114356344
"2781",20,"13F11",1.893,"Tn13F11","trial_1",1.99066666666667,0.0554506787855458
"2782",20.25,"KPPR1",2.115,"Tn13F11","trial_1",2.05826666666667,0.121737401486293
"2783",20.25,"13F11",1.894,"Tn13F11","trial_1",1.99766666666667,0.0561733428277546
"2784",20.5,"KPPR1",2.11,"Tn13F11","trial_1",2.05813333333333,0.122028211674368
"2785",20.5,"13F11",1.89,"Tn13F11","trial_1",2.004,0.0599193902950734
"2786",20.75,"KPPR1",2.108,"Tn13F11","trial_1",2.05906666666667,0.121672412127877
"2787",20.75,"13F11",1.89,"Tn13F11","trial_1",2.00733333333333,0.0604161494230733
"2788",21,"KPPR1",2.093,"Tn13F11","trial_1",2.05626666666667,0.12198838612428
"2789",21,"13F11",1.884,"Tn13F11","trial_1",2.00833333333333,0.0625841655515018
"2790",21.25,"KPPR1",2.091,"Tn13F11","trial_1",2.05726666666667,0.122201374268115
"2791",21.25,"13F11",1.883,"Tn13F11","trial_1",2.014,0.0655006361292265
"2792",21.5,"KPPR1",2.085,"Tn13F11","trial_1",2.0536,0.121864163254479
"2793",21.5,"13F11",1.882,"Tn13F11","trial_1",2.017,0.0676387462923435
"2794",21.75,"KPPR1",2.08,"Tn13F11","trial_1",2.05146666666667,0.121919171767382
"2795",21.75,"13F11",1.885,"Tn13F11","trial_1",2.02266666666667,0.0694126149277717
"2796",22,"KPPR1",2.074,"Tn13F11","trial_1",2.0502,0.122173732661243
"2797",22,"13F11",1.88,"Tn13F11","trial_1",2.02533333333333,0.0737684063659897
"2798",22.25,"KPPR1",2.073,"Tn13F11","trial_1",2.05,0.121939446330663
"2799",22.25,"13F11",1.874,"Tn13F11","trial_1",2.02466666666667,0.0774302553556711
"2800",22.5,"KPPR1",2.065,"Tn13F11","trial_1",2.04946666666667,0.121412083287678
"2801",22.5,"13F11",1.878,"Tn13F11","trial_1",2.03166666666667,0.079825504139411
"2802",22.75,"KPPR1",2.057,"Tn13F11","trial_1",2.04713333333333,0.120671725755561
"2803",22.75,"13F11",1.871,"Tn13F11","trial_1",2.03466666666667,0.0857716606914999
"2804",23,"KPPR1",2.052,"Tn13F11","trial_1",2.04333333333333,0.120772894572798
"2805",23,"13F11",1.873,"Tn13F11","trial_1",2.03866666666667,0.0888150387665913
"2806",23.25,"KPPR1",2.045,"Tn13F11","trial_1",2.04066666666667,0.120758107946923
"2807",23.25,"13F11",1.864,"Tn13F11","trial_1",2.03766666666667,0.0940325002917135
"2808",23.5,"KPPR1",2.04,"Tn13F11","trial_1",2.04033333333333,0.120706951970333
"2809",23.5,"13F11",1.859,"Tn13F11","trial_1",2.03733333333333,0.0989988776591825
"2810",23.75,"KPPR1",2.028,"Tn13F11","trial_1",2.03886666666667,0.120784493906519
"2811",23.75,"13F11",1.851,"Tn13F11","trial_1",2.04366666666667,0.107852265210848
"2812",24,"KPPR1",2.018,"Tn13F11","trial_1",2.03546666666667,0.120323131080503
"2813",24,"13F11",1.847,"Tn13F11","trial_1",2.041,0.109500380516843
"2814",0,"KPPR1",0.007,"Tn13F11","trial_2",0.00893333333333333,0.00141241659396958
"2815",0,"13F11",0.003,"Tn13F11","trial_2",0.00633333333333333,0.00166666666666667
"2816",0.25,"KPPR1",0.007,"Tn13F11","trial_2",0.0108666666666667,0.00126816953450789
"2817",0.25,"13F11",0.005,"Tn13F11","trial_2",0.0106666666666667,0.00317979733805649
"2818",0.5,"KPPR1",0.008,"Tn13F11","trial_2",0.0148,0.00170209954384074
"2819",0.5,"13F11",0.008,"Tn13F11","trial_2",0.0183333333333333,0.00796520209689901
"2820",0.75,"KPPR1",0.016,"Tn13F11","trial_2",0.0190666666666667,0.00213690177742198
"2821",0.75,"13F11",0.017,"Tn13F11","trial_2",0.0246666666666667,0.0062271805640898
"2822",1,"KPPR1",0.019,"Tn13F11","trial_2",0.0243333333333333,0.00277860305200921
"2823",1,"13F11",0.021,"Tn13F11","trial_2",0.029,0.00529150262212918
"2824",1.25,"KPPR1",0.024,"Tn13F11","trial_2",0.0305333333333333,0.00357086979755789
"2825",1.25,"13F11",0.026,"Tn13F11","trial_2",0.033,0.00472581562625261
"2826",1.5,"KPPR1",0.031,"Tn13F11","trial_2",0.039,0.00445613541728063
"2827",1.5,"13F11",0.03,"Tn13F11","trial_2",0.0366666666666667,0.00480740170061865
"2828",1.75,"KPPR1",0.041,"Tn13F11","trial_2",0.0510666666666667,0.00589791461665874
"2829",1.75,"13F11",0.037,"Tn13F11","trial_2",0.0433333333333333,0.0053644923131437
"2830",2,"KPPR1",0.052,"Tn13F11","trial_2",0.0685333333333333,0.00759063750799482
"2831",2,"13F11",0.047,"Tn13F11","trial_2",0.0526666666666667,0.00669161996662825
"2832",2.25,"KPPR1",0.066,"Tn13F11","trial_2",0.0904,0.00931961576972131
"2833",2.25,"13F11",0.062,"Tn13F11","trial_2",0.0666666666666667,0.0095277372853043
"2834",2.5,"KPPR1",0.088,"Tn13F11","trial_2",0.117666666666667,0.0109595214818491
"2835",2.5,"13F11",0.084,"Tn13F11","trial_2",0.085,0.0141539158303748
"2836",2.75,"KPPR1",0.117,"Tn13F11","trial_2",0.143133333333333,0.0109895477036209
"2837",2.75,"13F11",0.112,"Tn13F11","trial_2",0.107666666666667,0.01946221410266
"2838",3,"KPPR1",0.151,"Tn13F11","trial_2",0.168466666666667,0.0103357293689077
"2839",3,"13F11",0.147,"Tn13F11","trial_2",0.134666666666667,0.0253004172121946
"2840",3.25,"KPPR1",0.178,"Tn13F11","trial_2",0.189133333333333,0.0104825781392005
"2841",3.25,"13F11",0.177,"Tn13F11","trial_2",0.156,0.0288270706107991
"2842",3.5,"KPPR1",0.198,"Tn13F11","trial_2",0.2092,0.0113507708989302
"2843",3.5,"13F11",0.196,"Tn13F11","trial_2",0.173,0.0297377425729213
"2844",3.75,"KPPR1",0.217,"Tn13F11","trial_2",0.230133333333333,0.012782006201676
"2845",3.75,"13F11",0.213,"Tn13F11","trial_2",0.190666666666667,0.0306829666825821
"2846",4,"KPPR1",0.244,"Tn13F11","trial_2",0.253533333333333,0.0138154043308691
"2847",4,"13F11",0.236,"Tn13F11","trial_2",0.210666666666667,0.0352625076312568
"2848",4.25,"KPPR1",0.273,"Tn13F11","trial_2",0.277933333333333,0.0147984769701115
"2849",4.25,"13F11",0.258,"Tn13F11","trial_2",0.229333333333333,0.0401718530538209
"2850",4.5,"KPPR1",0.302,"Tn13F11","trial_2",0.305133333333333,0.01563752101492
"2851",4.5,"13F11",0.291,"Tn13F11","trial_2",0.251666666666667,0.0449456461863784
"2852",4.75,"KPPR1",0.334,"Tn13F11","trial_2",0.3324,0.0165295694640443
"2853",4.75,"13F11",0.326,"Tn13F11","trial_2",0.277,0.0520288381573143
"2854",5,"KPPR1",0.364,"Tn13F11","trial_2",0.363,0.0172433562085034
"2855",5,"13F11",0.359,"Tn13F11","trial_2",0.302333333333333,0.0571673955249941
"2856",5.25,"KPPR1",0.399,"Tn13F11","trial_2",0.395266666666667,0.0184740401301437
"2857",5.25,"13F11",0.396,"Tn13F11","trial_2",0.328666666666667,0.0653435366182286
"2858",5.5,"KPPR1",0.432,"Tn13F11","trial_2",0.4284,0.0197577712257614
"2859",5.5,"13F11",0.43,"Tn13F11","trial_2",0.355333333333333,0.0716875938437824
"2860",5.75,"KPPR1",0.469,"Tn13F11","trial_2",0.4642,0.0217477311350819
"2861",5.75,"13F11",0.474,"Tn13F11","trial_2",0.386,0.0801332224070225
"2862",6,"KPPR1",0.512,"Tn13F11","trial_2",0.502733333333333,0.0242874583874195
"2863",6,"13F11",0.508,"Tn13F11","trial_2",0.414666666666667,0.086914389551507
"2864",6.25,"KPPR1",0.558,"Tn13F11","trial_2",0.544133333333333,0.0263040584713365
"2865",6.25,"13F11",0.55,"Tn13F11","trial_2",0.448,0.0965522311152536
"2866",6.5,"KPPR1",0.607,"Tn13F11","trial_2",0.584333333333333,0.0279487058507216
"2867",6.5,"13F11",0.593,"Tn13F11","trial_2",0.483333333333333,0.108170133483221
"2868",6.75,"KPPR1",0.66,"Tn13F11","trial_2",0.6266,0.0291756258348839
"2869",6.75,"13F11",0.644,"Tn13F11","trial_2",0.516333333333333,0.118780376231841
"2870",7,"KPPR1",0.718,"Tn13F11","trial_2",0.6704,0.029720892122738
"2871",7,"13F11",0.689,"Tn13F11","trial_2",0.55,0.128157455238988
"2872",7.25,"KPPR1",0.776,"Tn13F11","trial_2",0.716733333333333,0.0311771385514124
"2873",7.25,"13F11",0.737,"Tn13F11","trial_2",0.586333333333333,0.138839635711293
"2874",7.5,"KPPR1",0.838,"Tn13F11","trial_2",0.761666666666667,0.0323851327833749
"2875",7.5,"13F11",0.782,"Tn13F11","trial_2",0.619666666666667,0.148553394815168
"2876",7.75,"KPPR1",0.904,"Tn13F11","trial_2",0.8084,0.033888584958304
"2877",7.75,"13F11",0.83,"Tn13F11","trial_2",0.656666666666667,0.1571223868341
"2878",8,"KPPR1",0.966,"Tn13F11","trial_2",0.856333333333333,0.0357228307237911
"2879",8,"13F11",0.878,"Tn13F11","trial_2",0.693,0.164925235586715
"2880",8.25,"KPPR1",1.04,"Tn13F11","trial_2",0.904133333333333,0.0380941023640226
"2881",8.25,"13F11",0.917,"Tn13F11","trial_2",0.727333333333333,0.173912174514737
"2882",8.5,"KPPR1",1.125,"Tn13F11","trial_2",0.958133333333333,0.0417539124675665
"2883",8.5,"13F11",0.968,"Tn13F11","trial_2",0.761,0.183523840413174
"2884",8.75,"KPPR1",1.212,"Tn13F11","trial_2",1.0124,0.0452934137964156
"2885",8.75,"13F11",1.018,"Tn13F11","trial_2",0.795333333333333,0.194389071480655
"2886",9,"KPPR1",1.294,"Tn13F11","trial_2",1.06353333333333,0.049312305685939
"2887",9,"13F11",1.061,"Tn13F11","trial_2",0.833,0.200652269693949
"2888",9.25,"KPPR1",1.378,"Tn13F11","trial_2",1.11513333333333,0.0527132283629493
"2889",9.25,"13F11",1.114,"Tn13F11","trial_2",0.870333333333333,0.20917324026855
"2890",9.5,"KPPR1",1.466,"Tn13F11","trial_2",1.1678,0.0570499530486848
"2891",9.5,"13F11",1.16,"Tn13F11","trial_2",0.91,0.217362216894596
"2892",9.75,"KPPR1",1.55,"Tn13F11","trial_2",1.22,0.0609300926511374
"2893",9.75,"13F11",1.21,"Tn13F11","trial_2",0.950333333333333,0.223219125026907
"2894",10,"KPPR1",1.63,"Tn13F11","trial_2",1.27073333333333,0.0654264739387925
"2895",10,"13F11",1.255,"Tn13F11","trial_2",0.990333333333333,0.227725956164665
"2896",10.25,"KPPR1",1.707,"Tn13F11","trial_2",1.3204,0.0690991558076749
"2897",10.25,"13F11",1.299,"Tn13F11","trial_2",1.028,0.231682973047222
"2898",10.5,"KPPR1",1.785,"Tn13F11","trial_2",1.36826666666667,0.0734533520040775
"2899",10.5,"13F11",1.347,"Tn13F11","trial_2",1.069,0.237242491978145
"2900",10.75,"KPPR1",1.853,"Tn13F11","trial_2",1.4136,0.0774789556681592
"2901",10.75,"13F11",1.391,"Tn13F11","trial_2",1.109,0.239351902715089
"2902",11,"KPPR1",1.929,"Tn13F11","trial_2",1.45633333333333,0.0808027973741755
"2903",11,"13F11",1.436,"Tn13F11","trial_2",1.15,0.240535513663437
"2904",11.25,"KPPR1",1.997,"Tn13F11","trial_2",1.4984,0.0856460490290458
"2905",11.25,"13F11",1.475,"Tn13F11","trial_2",1.19033333333333,0.238746960422769
"2906",11.5,"KPPR1",2.058,"Tn13F11","trial_2",1.5362,0.0883205309680382
"2907",11.5,"13F11",1.515,"Tn13F11","trial_2",1.23066666666667,0.233348332851221
"2908",11.75,"KPPR1",2.119,"Tn13F11","trial_2",1.57693333333333,0.0917036358352101
"2909",11.75,"13F11",1.555,"Tn13F11","trial_2",1.27466666666667,0.230298598442206
"2910",12,"KPPR1",2.172,"Tn13F11","trial_2",1.61293333333333,0.0941514720147257
"2911",12,"13F11",1.593,"Tn13F11","trial_2",1.31333333333333,0.225538121931625
"2912",12.25,"KPPR1",2.227,"Tn13F11","trial_2",1.6476,0.0967085360885013
"2913",12.25,"13F11",1.63,"Tn13F11","trial_2",1.35366666666667,0.218194357804637
"2914",12.5,"KPPR1",2.275,"Tn13F11","trial_2",1.67986666666667,0.0995250084229451
"2915",12.5,"13F11",1.664,"Tn13F11","trial_2",1.39033333333333,0.212897732360973
"2916",12.75,"KPPR1",2.317,"Tn13F11","trial_2",1.7112,0.100496017452482
"2917",12.75,"13F11",1.703,"Tn13F11","trial_2",1.43333333333333,0.207200654224621
"2918",13,"KPPR1",2.355,"Tn13F11","trial_2",1.74026666666667,0.102390357928984
"2919",13,"13F11",1.733,"Tn13F11","trial_2",1.46566666666667,0.201861613763269
"2920",13.25,"KPPR1",2.393,"Tn13F11","trial_2",1.7674,0.103296650939119
"2921",13.25,"13F11",1.768,"Tn13F11","trial_2",1.503,0.197854323514381
"2922",13.5,"KPPR1",2.423,"Tn13F11","trial_2",1.79346666666667,0.104581791489299
"2923",13.5,"13F11",1.79,"Tn13F11","trial_2",1.532,0.191013961095343
"2924",13.75,"KPPR1",2.455,"Tn13F11","trial_2",1.81853333333333,0.105497229332459
"2925",13.75,"13F11",1.818,"Tn13F11","trial_2",1.562,0.184853996440434
"2926",14,"KPPR1",2.481,"Tn13F11","trial_2",1.84353333333333,0.106105556906079
"2927",14,"13F11",1.846,"Tn13F11","trial_2",1.59266666666667,0.178565891977661
"2928",14.25,"KPPR1",2.502,"Tn13F11","trial_2",1.86613333333333,0.106759581555794
"2929",14.25,"13F11",1.866,"Tn13F11","trial_2",1.625,0.172378459597867
"2930",14.5,"KPPR1",2.528,"Tn13F11","trial_2",1.88613333333333,0.107358760667509
"2931",14.5,"13F11",1.895,"Tn13F11","trial_2",1.65433333333333,0.1667736323417
"2932",14.75,"KPPR1",2.554,"Tn13F11","trial_2",1.90346666666667,0.108208831021831
"2933",14.75,"13F11",1.914,"Tn13F11","trial_2",1.68333333333333,0.156412204695726
"2934",15,"KPPR1",2.574,"Tn13F11","trial_2",1.92106666666667,0.109907080523533
"2935",15,"13F11",1.941,"Tn13F11","trial_2",1.71833333333333,0.145778751690514
"2936",15.25,"KPPR1",2.592,"Tn13F11","trial_2",1.93573333333333,0.110541070439761
"2937",15.25,"13F11",1.956,"Tn13F11","trial_2",1.74133333333333,0.137552818138262
"2938",15.5,"KPPR1",2.607,"Tn13F11","trial_2",1.949,0.111181062107845
"2939",15.5,"13F11",1.97,"Tn13F11","trial_2",1.76466666666667,0.129955547955616
"2940",15.75,"KPPR1",2.628,"Tn13F11","trial_2",1.96173333333333,0.112282613956148
"2941",15.75,"13F11",1.987,"Tn13F11","trial_2",1.78666666666667,0.121956731853738
"2942",16,"KPPR1",2.64,"Tn13F11","trial_2",1.9744,0.112773890933099
"2943",16,"13F11",2.004,"Tn13F11","trial_2",1.80833333333333,0.116169894742332
"2944",16.25,"KPPR1",2.647,"Tn13F11","trial_2",1.98553333333333,0.113421458735053
"2945",16.25,"13F11",2.012,"Tn13F11","trial_2",1.827,0.107099642078456
"2946",16.5,"KPPR1",2.672,"Tn13F11","trial_2",1.99486666666667,0.114204781263711
"2947",16.5,"13F11",2.025,"Tn13F11","trial_2",1.84866666666667,0.100764301438776
"2948",16.75,"KPPR1",2.679,"Tn13F11","trial_2",2.00606666666667,0.115054788880969
"2949",16.75,"13F11",2.032,"Tn13F11","trial_2",1.86333333333333,0.0937680353022524
"2950",17,"KPPR1",2.688,"Tn13F11","trial_2",2.01186666666667,0.115527604067544
"2951",17,"13F11",2.045,"Tn13F11","trial_2",1.88266666666667,0.0879134675563293
"2952",17.25,"KPPR1",2.704,"Tn13F11","trial_2",2.01933333333333,0.116695520241543
"2953",17.25,"13F11",2.055,"Tn13F11","trial_2",1.896,0.0833726573883789
"2954",17.5,"KPPR1",2.703,"Tn13F11","trial_2",2.02513333333333,0.117371160028131
"2955",17.5,"13F11",2.055,"Tn13F11","trial_2",1.90766666666667,0.0758097032780839
"2956",17.75,"KPPR1",2.717,"Tn13F11","trial_2",2.03233333333333,0.117860719522448
"2957",17.75,"13F11",2.063,"Tn13F11","trial_2",1.91666666666667,0.074633177013384
"2958",18,"KPPR1",2.725,"Tn13F11","trial_2",2.03786666666667,0.118866626605767
"2959",18,"13F11",2.07,"Tn13F11","trial_2",1.93,0.0704651213958603
"2960",18.25,"KPPR1",2.736,"Tn13F11","trial_2",2.04153333333333,0.119614494529665
"2961",18.25,"13F11",2.074,"Tn13F11","trial_2",1.94066666666667,0.0667291373972253
"2962",18.5,"KPPR1",2.742,"Tn13F11","trial_2",2.04793333333333,0.120416082878796
"2963",18.5,"13F11",2.08,"Tn13F11","trial_2",1.95033333333333,0.0648648166916738
"2964",18.75,"KPPR1",2.741,"Tn13F11","trial_2",2.0482,0.120135962658188
"2965",18.75,"13F11",2.08,"Tn13F11","trial_2",1.95566666666667,0.0625202189517742
"2966",19,"KPPR1",2.751,"Tn13F11","trial_2",2.0538,0.121246942033113
"2967",19,"13F11",2.08,"Tn13F11","trial_2",1.96633333333333,0.0580526580882488
"2968",19.25,"KPPR1",2.76,"Tn13F11","trial_2",2.05686666666667,0.121379878565745
"2969",19.25,"13F11",2.083,"Tn13F11","trial_2",1.976,0.0559732078766262
"2970",19.5,"KPPR1",2.757,"Tn13F11","trial_2",2.05626666666667,0.121362874478101
"2971",19.5,"13F11",2.084,"Tn13F11","trial_2",1.982,0.055293158105984
"2972",19.75,"KPPR1",2.76,"Tn13F11","trial_2",2.05833333333333,0.121916351755607
"2973",19.75,"13F11",2.087,"Tn13F11","trial_2",1.987,0.0550757054728611
"2974",20,"KPPR1",2.764,"Tn13F11","trial_2",2.0576,0.121534114356344
"2975",20,"13F11",2.085,"Tn13F11","trial_2",1.99066666666667,0.0554506787855458
"2976",20.25,"KPPR1",2.761,"Tn13F11","trial_2",2.05826666666667,0.121737401486293
"2977",20.25,"13F11",2.087,"Tn13F11","trial_2",1.99766666666667,0.0561733428277546
"2978",20.5,"KPPR1",2.764,"Tn13F11","trial_2",2.05813333333333,0.122028211674368
"2979",20.5,"13F11",2.093,"Tn13F11","trial_2",2.004,0.0599193902950734
"2980",20.75,"KPPR1",2.758,"Tn13F11","trial_2",2.05906666666667,0.121672412127877
"2981",20.75,"13F11",2.091,"Tn13F11","trial_2",2.00733333333333,0.0604161494230733
"2982",21,"KPPR1",2.751,"Tn13F11","trial_2",2.05626666666667,0.12198838612428
"2983",21,"13F11",2.083,"Tn13F11","trial_2",2.00833333333333,0.0625841655515018
"2984",21.25,"KPPR1",2.756,"Tn13F11","trial_2",2.05726666666667,0.122201374268115
"2985",21.25,"13F11",2.08,"Tn13F11","trial_2",2.014,0.0655006361292265
"2986",21.5,"KPPR1",2.76,"Tn13F11","trial_2",2.0536,0.121864163254479
"2987",21.5,"13F11",2.077,"Tn13F11","trial_2",2.017,0.0676387462923435
"2988",21.75,"KPPR1",2.745,"Tn13F11","trial_2",2.05146666666667,0.121919171767382
"2989",21.75,"13F11",2.076,"Tn13F11","trial_2",2.02266666666667,0.0694126149277717
"2990",22,"KPPR1",2.743,"Tn13F11","trial_2",2.0502,0.122173732661243
"2991",22,"13F11",2.076,"Tn13F11","trial_2",2.02533333333333,0.0737684063659897
"2992",22.25,"KPPR1",2.744,"Tn13F11","trial_2",2.05,0.121939446330663
"2993",22.25,"13F11",2.069,"Tn13F11","trial_2",2.02466666666667,0.0774302553556711
"2994",22.5,"KPPR1",2.732,"Tn13F11","trial_2",2.04946666666667,0.121412083287678
"2995",22.5,"13F11",2.071,"Tn13F11","trial_2",2.03166666666667,0.079825504139411
"2996",22.75,"KPPR1",2.726,"Tn13F11","trial_2",2.04713333333333,0.120671725755561
"2997",22.75,"13F11",2.072,"Tn13F11","trial_2",2.03466666666667,0.0857716606914999
"2998",23,"KPPR1",2.717,"Tn13F11","trial_2",2.04333333333333,0.120772894572798
"2999",23,"13F11",2.066,"Tn13F11","trial_2",2.03866666666667,0.0888150387665913
"3000",23.25,"KPPR1",2.711,"Tn13F11","trial_2",2.04066666666667,0.120758107946923
"3001",23.25,"13F11",2.062,"Tn13F11","trial_2",2.03766666666667,0.0940325002917135
"3002",23.5,"KPPR1",2.716,"Tn13F11","trial_2",2.04033333333333,0.120706951970333
"3003",23.5,"13F11",2.052,"Tn13F11","trial_2",2.03733333333333,0.0989988776591825
"3004",23.75,"KPPR1",2.706,"Tn13F11","trial_2",2.03886666666667,0.120784493906519
"3005",23.75,"13F11",2.056,"Tn13F11","trial_2",2.04366666666667,0.107852265210848
"3006",24,"KPPR1",2.698,"Tn13F11","trial_2",2.03546666666667,0.120323131080503
"3007",24,"13F11",2.05,"Tn13F11","trial_2",2.041,0.109500380516843
"3008",0,"KPPR1",0.011,"Tn13F11","trial_3",0.00893333333333333,0.00141241659396958
"3009",0,"13F11",0.008,"Tn13F11","trial_3",0.00633333333333333,0.00166666666666667
"3010",0.25,"KPPR1",0.014,"Tn13F11","trial_3",0.0108666666666667,0.00126816953450789
"3011",0.25,"13F11",0.011,"Tn13F11","trial_3",0.0106666666666667,0.00317979733805649
"3012",0.5,"KPPR1",0.018,"Tn13F11","trial_3",0.0148,0.00170209954384074
"3013",0.5,"13F11",0.013,"Tn13F11","trial_3",0.0183333333333333,0.00796520209689901
"3014",0.75,"KPPR1",0.023,"Tn13F11","trial_3",0.0190666666666667,0.00213690177742198
"3015",0.75,"13F11",0.02,"Tn13F11","trial_3",0.0246666666666667,0.0062271805640898
"3016",1,"KPPR1",0.035,"Tn13F11","trial_3",0.0243333333333333,0.00277860305200921
"3017",1,"13F11",0.027,"Tn13F11","trial_3",0.029,0.00529150262212918
"3018",1.25,"KPPR1",0.046,"Tn13F11","trial_3",0.0305333333333333,0.00357086979755789
"3019",1.25,"13F11",0.031,"Tn13F11","trial_3",0.033,0.00472581562625261
"3020",1.5,"KPPR1",0.056,"Tn13F11","trial_3",0.039,0.00445613541728063
"3021",1.5,"13F11",0.034,"Tn13F11","trial_3",0.0366666666666667,0.00480740170061865
"3022",1.75,"KPPR1",0.074,"Tn13F11","trial_3",0.0510666666666667,0.00589791461665874
"3023",1.75,"13F11",0.039,"Tn13F11","trial_3",0.0433333333333333,0.0053644923131437
"3024",2,"KPPR1",0.097,"Tn13F11","trial_3",0.0685333333333333,0.00759063750799482
"3025",2,"13F11",0.045,"Tn13F11","trial_3",0.0526666666666667,0.00669161996662825
"3026",2.25,"KPPR1",0.124,"Tn13F11","trial_3",0.0904,0.00931961576972131
"3027",2.25,"13F11",0.053,"Tn13F11","trial_3",0.0666666666666667,0.0095277372853043
"3028",2.5,"KPPR1",0.16,"Tn13F11","trial_3",0.117666666666667,0.0109595214818491
"3029",2.5,"13F11",0.061,"Tn13F11","trial_3",0.085,0.0141539158303748
"3030",2.75,"KPPR1",0.185,"Tn13F11","trial_3",0.143133333333333,0.0109895477036209
"3031",2.75,"13F11",0.072,"Tn13F11","trial_3",0.107666666666667,0.01946221410266
"3032",3,"KPPR1",0.2,"Tn13F11","trial_3",0.168466666666667,0.0103357293689077
"3033",3,"13F11",0.086,"Tn13F11","trial_3",0.134666666666667,0.0253004172121946
"3034",3.25,"KPPR1",0.216,"Tn13F11","trial_3",0.189133333333333,0.0104825781392005
"3035",3.25,"13F11",0.099,"Tn13F11","trial_3",0.156,0.0288270706107991
"3036",3.5,"KPPR1",0.236,"Tn13F11","trial_3",0.2092,0.0113507708989302
"3037",3.5,"13F11",0.114,"Tn13F11","trial_3",0.173,0.0297377425729213
"3038",3.75,"KPPR1",0.262,"Tn13F11","trial_3",0.230133333333333,0.012782006201676
"3039",3.75,"13F11",0.13,"Tn13F11","trial_3",0.190666666666667,0.0306829666825821
"3040",4,"KPPR1",0.286,"Tn13F11","trial_3",0.253533333333333,0.0138154043308691
"3041",4,"13F11",0.141,"Tn13F11","trial_3",0.210666666666667,0.0352625076312568
"3042",4.25,"KPPR1",0.312,"Tn13F11","trial_3",0.277933333333333,0.0147984769701115
"3043",4.25,"13F11",0.15,"Tn13F11","trial_3",0.229333333333333,0.0401718530538209
"3044",4.5,"KPPR1",0.334,"Tn13F11","trial_3",0.305133333333333,0.01563752101492
"3045",4.5,"13F11",0.162,"Tn13F11","trial_3",0.251666666666667,0.0449456461863784
"3046",4.75,"KPPR1",0.359,"Tn13F11","trial_3",0.3324,0.0165295694640443
"3047",4.75,"13F11",0.173,"Tn13F11","trial_3",0.277,0.0520288381573143
"3048",5,"KPPR1",0.39,"Tn13F11","trial_3",0.363,0.0172433562085034
"3049",5,"13F11",0.188,"Tn13F11","trial_3",0.302333333333333,0.0571673955249941
"3050",5.25,"KPPR1",0.421,"Tn13F11","trial_3",0.395266666666667,0.0184740401301437
"3051",5.25,"13F11",0.198,"Tn13F11","trial_3",0.328666666666667,0.0653435366182286
"3052",5.5,"KPPR1",0.451,"Tn13F11","trial_3",0.4284,0.0197577712257614
"3053",5.5,"13F11",0.212,"Tn13F11","trial_3",0.355333333333333,0.0716875938437824
"3054",5.75,"KPPR1",0.484,"Tn13F11","trial_3",0.4642,0.0217477311350819
"3055",5.75,"13F11",0.226,"Tn13F11","trial_3",0.386,0.0801332224070225
"3056",6,"KPPR1",0.512,"Tn13F11","trial_3",0.502733333333333,0.0242874583874195
"3057",6,"13F11",0.241,"Tn13F11","trial_3",0.414666666666667,0.086914389551507
"3058",6.25,"KPPR1",0.55,"Tn13F11","trial_3",0.544133333333333,0.0263040584713365
"3059",6.25,"13F11",0.255,"Tn13F11","trial_3",0.448,0.0965522311152536
"3060",6.5,"KPPR1",0.589,"Tn13F11","trial_3",0.584333333333333,0.0279487058507216
"3061",6.5,"13F11",0.267,"Tn13F11","trial_3",0.483333333333333,0.108170133483221
"3062",6.75,"KPPR1",0.626,"Tn13F11","trial_3",0.6266,0.0291756258348839
"3063",6.75,"13F11",0.279,"Tn13F11","trial_3",0.516333333333333,0.118780376231841
"3064",7,"KPPR1",0.664,"Tn13F11","trial_3",0.6704,0.029720892122738
"3065",7,"13F11",0.294,"Tn13F11","trial_3",0.55,0.128157455238988
"3066",7.25,"KPPR1",0.696,"Tn13F11","trial_3",0.716733333333333,0.0311771385514124
"3067",7.25,"13F11",0.309,"Tn13F11","trial_3",0.586333333333333,0.138839635711293
"3068",7.5,"KPPR1",0.733,"Tn13F11","trial_3",0.761666666666667,0.0323851327833749
"3069",7.5,"13F11",0.323,"Tn13F11","trial_3",0.619666666666667,0.148553394815168
"3070",7.75,"KPPR1",0.767,"Tn13F11","trial_3",0.8084,0.033888584958304
"3071",7.75,"13F11",0.343,"Tn13F11","trial_3",0.656666666666667,0.1571223868341
"3072",8,"KPPR1",0.809,"Tn13F11","trial_3",0.856333333333333,0.0357228307237911
"3073",8,"13F11",0.364,"Tn13F11","trial_3",0.693,0.164925235586715
"3074",8.25,"KPPR1",0.842,"Tn13F11","trial_3",0.904133333333333,0.0380941023640226
"3075",8.25,"13F11",0.38,"Tn13F11","trial_3",0.727333333333333,0.173912174514737
"3076",8.5,"KPPR1",0.883,"Tn13F11","trial_3",0.958133333333333,0.0417539124675665
"3077",8.5,"13F11",0.395,"Tn13F11","trial_3",0.761,0.183523840413174
"3078",8.75,"KPPR1",0.921,"Tn13F11","trial_3",1.0124,0.0452934137964156
"3079",8.75,"13F11",0.408,"Tn13F11","trial_3",0.795333333333333,0.194389071480655
"3080",9,"KPPR1",0.957,"Tn13F11","trial_3",1.06353333333333,0.049312305685939
"3081",9,"13F11",0.433,"Tn13F11","trial_3",0.833,0.200652269693949
"3082",9.25,"KPPR1",0.995,"Tn13F11","trial_3",1.11513333333333,0.0527132283629493
"3083",9.25,"13F11",0.454,"Tn13F11","trial_3",0.870333333333333,0.20917324026855
"3084",9.5,"KPPR1",1.028,"Tn13F11","trial_3",1.1678,0.0570499530486848
"3085",9.5,"13F11",0.477,"Tn13F11","trial_3",0.91,0.217362216894596
"3086",9.75,"KPPR1",1.068,"Tn13F11","trial_3",1.22,0.0609300926511374
"3087",9.75,"13F11",0.506,"Tn13F11","trial_3",0.950333333333333,0.223219125026907
"3088",10,"KPPR1",1.109,"Tn13F11","trial_3",1.27073333333333,0.0654264739387925
"3089",10,"13F11",0.537,"Tn13F11","trial_3",0.990333333333333,0.227725956164665
"3090",10.25,"KPPR1",1.146,"Tn13F11","trial_3",1.3204,0.0690991558076749
"3091",10.25,"13F11",0.567,"Tn13F11","trial_3",1.028,0.231682973047222
"3092",10.5,"KPPR1",1.181,"Tn13F11","trial_3",1.36826666666667,0.0734533520040775
"3093",10.5,"13F11",0.597,"Tn13F11","trial_3",1.069,0.237242491978145
"3094",10.75,"KPPR1",1.209,"Tn13F11","trial_3",1.4136,0.0774789556681592
"3095",10.75,"13F11",0.633,"Tn13F11","trial_3",1.109,0.239351902715089
"3096",11,"KPPR1",1.238,"Tn13F11","trial_3",1.45633333333333,0.0808027973741755
"3097",11,"13F11",0.672,"Tn13F11","trial_3",1.15,0.240535513663437
"3098",11.25,"KPPR1",1.262,"Tn13F11","trial_3",1.4984,0.0856460490290458
"3099",11.25,"13F11",0.716,"Tn13F11","trial_3",1.19033333333333,0.238746960422769
"3100",11.5,"KPPR1",1.288,"Tn13F11","trial_3",1.5362,0.0883205309680382
"3101",11.5,"13F11",0.768,"Tn13F11","trial_3",1.23066666666667,0.233348332851221
"3102",11.75,"KPPR1",1.318,"Tn13F11","trial_3",1.57693333333333,0.0917036358352101
"3103",11.75,"13F11",0.818,"Tn13F11","trial_3",1.27466666666667,0.230298598442206
"3104",12,"KPPR1",1.339,"Tn13F11","trial_3",1.61293333333333,0.0941514720147257
"3105",12,"13F11",0.867,"Tn13F11","trial_3",1.31333333333333,0.225538121931625
"3106",12.25,"KPPR1",1.368,"Tn13F11","trial_3",1.6476,0.0967085360885013
"3107",12.25,"13F11",0.923,"Tn13F11","trial_3",1.35366666666667,0.218194357804637
"3108",12.5,"KPPR1",1.385,"Tn13F11","trial_3",1.67986666666667,0.0995250084229451
"3109",12.5,"13F11",0.971,"Tn13F11","trial_3",1.39033333333333,0.212897732360973
"3110",12.75,"KPPR1",1.412,"Tn13F11","trial_3",1.7112,0.100496017452482
"3111",12.75,"13F11",1.026,"Tn13F11","trial_3",1.43333333333333,0.207200654224621
"3112",13,"KPPR1",1.432,"Tn13F11","trial_3",1.74026666666667,0.102390357928984
"3113",13,"13F11",1.07,"Tn13F11","trial_3",1.46566666666667,0.201861613763269
"3114",13.25,"KPPR1",1.463,"Tn13F11","trial_3",1.7674,0.103296650939119
"3115",13.25,"13F11",1.116,"Tn13F11","trial_3",1.503,0.197854323514381
"3116",13.5,"KPPR1",1.486,"Tn13F11","trial_3",1.79346666666667,0.104581791489299
"3117",13.5,"13F11",1.159,"Tn13F11","trial_3",1.532,0.191013961095343
"3118",13.75,"KPPR1",1.51,"Tn13F11","trial_3",1.81853333333333,0.105497229332459
"3119",13.75,"13F11",1.203,"Tn13F11","trial_3",1.562,0.184853996440434
"3120",14,"KPPR1",1.535,"Tn13F11","trial_3",1.84353333333333,0.106105556906079
"3121",14,"13F11",1.248,"Tn13F11","trial_3",1.59266666666667,0.178565891977661
"3122",14.25,"KPPR1",1.558,"Tn13F11","trial_3",1.86613333333333,0.106759581555794
"3123",14.25,"13F11",1.291,"Tn13F11","trial_3",1.625,0.172378459597867
"3124",14.5,"KPPR1",1.583,"Tn13F11","trial_3",1.88613333333333,0.107358760667509
"3125",14.5,"13F11",1.334,"Tn13F11","trial_3",1.65433333333333,0.1667736323417
"3126",14.75,"KPPR1",1.598,"Tn13F11","trial_3",1.90346666666667,0.108208831021831
"3127",14.75,"13F11",1.385,"Tn13F11","trial_3",1.68333333333333,0.156412204695726
"3128",15,"KPPR1",1.61,"Tn13F11","trial_3",1.92106666666667,0.109907080523533
"3129",15,"13F11",1.444,"Tn13F11","trial_3",1.71833333333333,0.145778751690514
"3130",15.25,"KPPR1",1.619,"Tn13F11","trial_3",1.93573333333333,0.110541070439761
"3131",15.25,"13F11",1.485,"Tn13F11","trial_3",1.74133333333333,0.137552818138262
"3132",15.5,"KPPR1",1.627,"Tn13F11","trial_3",1.949,0.111181062107845
"3133",15.5,"13F11",1.524,"Tn13F11","trial_3",1.76466666666667,0.129955547955616
"3134",15.75,"KPPR1",1.638,"Tn13F11","trial_3",1.96173333333333,0.112282613956148
"3135",15.75,"13F11",1.566,"Tn13F11","trial_3",1.78666666666667,0.121956731853738
"3136",16,"KPPR1",1.647,"Tn13F11","trial_3",1.9744,0.112773890933099
"3137",16,"13F11",1.602,"Tn13F11","trial_3",1.80833333333333,0.116169894742332
"3138",16.25,"KPPR1",1.66,"Tn13F11","trial_3",1.98553333333333,0.113421458735053
"3139",16.25,"13F11",1.641,"Tn13F11","trial_3",1.827,0.107099642078456
"3140",16.5,"KPPR1",1.669,"Tn13F11","trial_3",1.99486666666667,0.114204781263711
"3141",16.5,"13F11",1.676,"Tn13F11","trial_3",1.84866666666667,0.100764301438776
"3142",16.75,"KPPR1",1.676,"Tn13F11","trial_3",2.00606666666667,0.115054788880969
"3143",16.75,"13F11",1.708,"Tn13F11","trial_3",1.86333333333333,0.0937680353022524
"3144",17,"KPPR1",1.679,"Tn13F11","trial_3",2.01186666666667,0.115527604067544
"3145",17,"13F11",1.743,"Tn13F11","trial_3",1.88266666666667,0.0879134675563293
"3146",17.25,"KPPR1",1.683,"Tn13F11","trial_3",2.01933333333333,0.116695520241543
"3147",17.25,"13F11",1.773,"Tn13F11","trial_3",1.896,0.0833726573883789
"3148",17.5,"KPPR1",1.689,"Tn13F11","trial_3",2.02513333333333,0.117371160028131
"3149",17.5,"13F11",1.803,"Tn13F11","trial_3",1.90766666666667,0.0758097032780839
"3150",17.75,"KPPR1",1.697,"Tn13F11","trial_3",2.03233333333333,0.117860719522448
"3151",17.75,"13F11",1.818,"Tn13F11","trial_3",1.91666666666667,0.074633177013384
"3152",18,"KPPR1",1.699,"Tn13F11","trial_3",2.03786666666667,0.118866626605767
"3153",18,"13F11",1.846,"Tn13F11","trial_3",1.93,0.0704651213958603
"3154",18.25,"KPPR1",1.701,"Tn13F11","trial_3",2.04153333333333,0.119614494529665
"3155",18.25,"13F11",1.869,"Tn13F11","trial_3",1.94066666666667,0.0667291373972253
"3156",18.5,"KPPR1",1.708,"Tn13F11","trial_3",2.04793333333333,0.120416082878796
"3157",18.5,"13F11",1.889,"Tn13F11","trial_3",1.95033333333333,0.0648648166916738
"3158",18.75,"KPPR1",1.712,"Tn13F11","trial_3",2.0482,0.120135962658188
"3159",18.75,"13F11",1.905,"Tn13F11","trial_3",1.95566666666667,0.0625202189517742
"3160",19,"KPPR1",1.712,"Tn13F11","trial_3",2.0538,0.121246942033113
"3161",19,"13F11",1.93,"Tn13F11","trial_3",1.96633333333333,0.0580526580882488
"3162",19.25,"KPPR1",1.718,"Tn13F11","trial_3",2.05686666666667,0.121379878565745
"3163",19.25,"13F11",1.951,"Tn13F11","trial_3",1.976,0.0559732078766262
"3164",19.5,"KPPR1",1.717,"Tn13F11","trial_3",2.05626666666667,0.121362874478101
"3165",19.5,"13F11",1.968,"Tn13F11","trial_3",1.982,0.055293158105984
"3166",19.75,"KPPR1",1.715,"Tn13F11","trial_3",2.05833333333333,0.121916351755607
"3167",19.75,"13F11",1.977,"Tn13F11","trial_3",1.987,0.0550757054728611
"3168",20,"KPPR1",1.713,"Tn13F11","trial_3",2.0576,0.121534114356344
"3169",20,"13F11",1.994,"Tn13F11","trial_3",1.99066666666667,0.0554506787855458
"3170",20.25,"KPPR1",1.714,"Tn13F11","trial_3",2.05826666666667,0.121737401486293
"3171",20.25,"13F11",2.012,"Tn13F11","trial_3",1.99766666666667,0.0561733428277546
"3172",20.5,"KPPR1",1.717,"Tn13F11","trial_3",2.05813333333333,0.122028211674368
"3173",20.5,"13F11",2.029,"Tn13F11","trial_3",2.004,0.0599193902950734
"3174",20.75,"KPPR1",1.72,"Tn13F11","trial_3",2.05906666666667,0.121672412127877
"3175",20.75,"13F11",2.041,"Tn13F11","trial_3",2.00733333333333,0.0604161494230733
"3176",21,"KPPR1",1.713,"Tn13F11","trial_3",2.05626666666667,0.12198838612428
"3177",21,"13F11",2.058,"Tn13F11","trial_3",2.00833333333333,0.0625841655515018
"3178",21.25,"KPPR1",1.715,"Tn13F11","trial_3",2.05726666666667,0.122201374268115
"3179",21.25,"13F11",2.079,"Tn13F11","trial_3",2.014,0.0655006361292265
"3180",21.5,"KPPR1",1.71,"Tn13F11","trial_3",2.0536,0.121864163254479
"3181",21.5,"13F11",2.092,"Tn13F11","trial_3",2.017,0.0676387462923435
"3182",21.75,"KPPR1",1.704,"Tn13F11","trial_3",2.05146666666667,0.121919171767382
"3183",21.75,"13F11",2.107,"Tn13F11","trial_3",2.02266666666667,0.0694126149277717
"3184",22,"KPPR1",1.699,"Tn13F11","trial_3",2.0502,0.122173732661243
"3185",22,"13F11",2.12,"Tn13F11","trial_3",2.02533333333333,0.0737684063659897
"3186",22.25,"KPPR1",1.7,"Tn13F11","trial_3",2.05,0.121939446330663
"3187",22.25,"13F11",2.131,"Tn13F11","trial_3",2.02466666666667,0.0774302553556711
"3188",22.5,"KPPR1",1.704,"Tn13F11","trial_3",2.04946666666667,0.121412083287678
"3189",22.5,"13F11",2.146,"Tn13F11","trial_3",2.03166666666667,0.079825504139411
"3190",22.75,"KPPR1",1.705,"Tn13F11","trial_3",2.04713333333333,0.120671725755561
"3191",22.75,"13F11",2.161,"Tn13F11","trial_3",2.03466666666667,0.0857716606914999
"3192",23,"KPPR1",1.699,"Tn13F11","trial_3",2.04333333333333,0.120772894572798
"3193",23,"13F11",2.177,"Tn13F11","trial_3",2.03866666666667,0.0888150387665913
"3194",23.25,"KPPR1",1.694,"Tn13F11","trial_3",2.04066666666667,0.120758107946923
"3195",23.25,"13F11",2.187,"Tn13F11","trial_3",2.03766666666667,0.0940325002917135
"3196",23.5,"KPPR1",1.694,"Tn13F11","trial_3",2.04033333333333,0.120706951970333
"3197",23.5,"13F11",2.201,"Tn13F11","trial_3",2.03733333333333,0.0989988776591825
"3198",23.75,"KPPR1",1.693,"Tn13F11","trial_3",2.03886666666667,0.120784493906519
"3199",23.75,"13F11",2.224,"Tn13F11","trial_3",2.04366666666667,0.107852265210848
"3200",24,"KPPR1",1.685,"Tn13F11","trial_3",2.03546666666667,0.120323131080503
"3201",24,"13F11",2.226,"Tn13F11","trial_3",2.041,0.109500380516843
"3202",0,"KPPR1",-0.001,"rhl_Pa","trial_1",0.00893333333333333,0.00141241659396958
"3203",0,"PA14",0.001,"rhl_Pa","trial_1",0.00466666666666667,0.00231900361745681
"3204",0,"RHLR",-0.001,"rhl_Pa","trial_1",0.002,0.00458257569495584
"3205",0,"RHLI",-0.001,"rhl_Pa","trial_1",0.00266666666666667,0.00366666666666667
"3206",0.25,"KPPR1",0.003,"rhl_Pa","trial_1",0.0108666666666667,0.00126816953450789
"3207",0.25,"PA14",0,"rhl_Pa","trial_1",0.00383333333333333,0.00234402313223322
"3208",0.25,"RHLR",0.001,"rhl_Pa","trial_1",0.00133333333333333,0.00375647588986155
"3209",0.25,"RHLI",0,"rhl_Pa","trial_1",0.00133333333333333,0.00352766841475279
"3210",0.5,"KPPR1",0.012,"rhl_Pa","trial_1",0.0148,0.00170209954384074
"3211",0.5,"PA14",0.021,"rhl_Pa","trial_1",0.008,0.00355902608401044
"3212",0.5,"RHLR",0.022,"rhl_Pa","trial_1",0.00433333333333333,0.00920748487795542
"3213",0.5,"RHLI",0.001,"rhl_Pa","trial_1",-0.002,0.00152752523165195
"3214",0.75,"KPPR1",0.026,"rhl_Pa","trial_1",0.0190666666666667,0.00213690177742198
"3215",0.75,"PA14",0.021,"rhl_Pa","trial_1",0.008,0.00443471156521669
"3216",0.75,"RHLR",0.02,"rhl_Pa","trial_1",0.00433333333333333,0.00924361641590803
"3217",0.75,"RHLI",0.001,"rhl_Pa","trial_1",0.00133333333333333,0.00260341655863555
"3218",1,"KPPR1",0.028,"rhl_Pa","trial_1",0.0243333333333333,0.00277860305200921
"3219",1,"PA14",0.019,"rhl_Pa","trial_1",0.0085,0.00435698672632054
"3220",1,"RHLR",0.018,"rhl_Pa","trial_1",0.004,0.00907377172587747
"3221",1,"RHLI",0.002,"rhl_Pa","trial_1",0.003,0.00264575131106459
"3222",1.25,"KPPR1",0.03,"rhl_Pa","trial_1",0.0305333333333333,0.00357086979755789
"3223",1.25,"PA14",0.018,"rhl_Pa","trial_1",0.00916666666666667,0.00422229532100465
"3224",1.25,"RHLR",0.018,"rhl_Pa","trial_1",0.005,0.00888819441731559
"3225",1.25,"RHLI",0.002,"rhl_Pa","trial_1",0.004,0.00251661147842358
"3226",1.5,"KPPR1",0.035,"rhl_Pa","trial_1",0.039,0.00445613541728063
"3227",1.5,"PA14",0.018,"rhl_Pa","trial_1",0.0103333333333333,0.00407158172922733
"3228",1.5,"RHLR",0.018,"rhl_Pa","trial_1",0.00666666666666667,0.00808977406634106
"3229",1.5,"RHLI",0.003,"rhl_Pa","trial_1",0.006,0.00208166599946613
"3230",1.75,"KPPR1",0.043,"rhl_Pa","trial_1",0.0510666666666667,0.00589791461665874
"3231",1.75,"PA14",0.018,"rhl_Pa","trial_1",0.0121666666666667,0.00405311951190411
"3232",1.75,"RHLR",0.021,"rhl_Pa","trial_1",0.01,0.00818535277187245
"3233",1.75,"RHLI",0.005,"rhl_Pa","trial_1",0.00933333333333333,0.00233333333333333
"3234",2,"KPPR1",0.055,"rhl_Pa","trial_1",0.0685333333333333,0.00759063750799482
"3235",2,"PA14",0.02,"rhl_Pa","trial_1",0.0156666666666667,0.00394686936416418
"3236",2,"RHLR",0.024,"rhl_Pa","trial_1",0.0136666666666667,0.00796520209689901
"3237",2,"RHLI",0.008,"rhl_Pa","trial_1",0.014,0.00305505046330389
"3238",2.25,"KPPR1",0.075,"rhl_Pa","trial_1",0.0904,0.00931961576972131
"3239",2.25,"PA14",0.023,"rhl_Pa","trial_1",0.022,0.00395811402901264
"3240",2.25,"RHLR",0.029,"rhl_Pa","trial_1",0.0203333333333333,0.0072188026092359
"3241",2.25,"RHLI",0.013,"rhl_Pa","trial_1",0.0216666666666667,0.00466666666666667
"3242",2.5,"KPPR1",0.1,"rhl_Pa","trial_1",0.117666666666667,0.0109595214818491
"3243",2.5,"PA14",0.03,"rhl_Pa","trial_1",0.0321666666666667,0.00391932533876828
"3244",2.5,"RHLR",0.037,"rhl_Pa","trial_1",0.0296666666666667,0.00683942817622773
"3245",2.5,"RHLI",0.02,"rhl_Pa","trial_1",0.0323333333333333,0.00693621734889494
"3246",2.75,"KPPR1",0.13,"rhl_Pa","trial_1",0.143133333333333,0.0109895477036209
"3247",2.75,"PA14",0.042,"rhl_Pa","trial_1",0.0475,0.00439507299901454
"3248",2.75,"RHLR",0.049,"rhl_Pa","trial_1",0.0423333333333333,0.00569600249687835
"3249",2.75,"RHLI",0.03,"rhl_Pa","trial_1",0.057,0.01955334583475
"3250",3,"KPPR1",0.163,"rhl_Pa","trial_1",0.168466666666667,0.0103357293689077
"3251",3,"PA14",0.056,"rhl_Pa","trial_1",0.0713333333333333,0.01137150434688
"3252",3,"RHLR",0.062,"rhl_Pa","trial_1",0.0583333333333333,0.00800694143297621
"3253",3,"RHLI",0.043,"rhl_Pa","trial_1",0.0746666666666667,0.0249955551604236
"3254",3.25,"KPPR1",0.184,"rhl_Pa","trial_1",0.189133333333333,0.0104825781392005
"3255",3.25,"PA14",0.073,"rhl_Pa","trial_1",0.1235,0.0197968852768982
"3256",3.25,"RHLR",0.088,"rhl_Pa","trial_1",0.111,0.0115325625946708
"3257",3.25,"RHLI",0.055,"rhl_Pa","trial_1",0.129,0.0424381903478459
"3258",3.5,"KPPR1",0.202,"rhl_Pa","trial_1",0.2092,0.0113507708989302
"3259",3.5,"PA14",0.148,"rhl_Pa","trial_1",0.199,0.0129871731591854
"3260",3.5,"RHLR",0.159,"rhl_Pa","trial_1",0.162,0.00251661147842359
"3261",3.5,"RHLI",0.122,"rhl_Pa","trial_1",0.174333333333333,0.0318660390454233
"3262",3.75,"KPPR1",0.223,"rhl_Pa","trial_1",0.230133333333333,0.012782006201676
"3263",3.75,"PA14",0.196,"rhl_Pa","trial_1",0.267,0.0170333007175161
"3264",3.75,"RHLR",0.191,"rhl_Pa","trial_1",0.219333333333333,0.0161692437808465
"3265",3.75,"RHLI",0.171,"rhl_Pa","trial_1",0.231666666666667,0.0338444152622622
"3266",4,"KPPR1",0.244,"rhl_Pa","trial_1",0.253533333333333,0.0138154043308691
"3267",4,"PA14",0.26,"rhl_Pa","trial_1",0.333833333333333,0.01586067814159
"3268",4,"RHLR",0.238,"rhl_Pa","trial_1",0.259666666666667,0.0211686350790766
"3269",4,"RHLI",0.243,"rhl_Pa","trial_1",0.293666666666667,0.0276063599757576
"3270",4.25,"KPPR1",0.265,"rhl_Pa","trial_1",0.277933333333333,0.0147984769701115
"3271",4.25,"PA14",0.313,"rhl_Pa","trial_1",0.396166666666667,0.0216108254765471
"3272",4.25,"RHLR",0.268,"rhl_Pa","trial_1",0.299666666666667,0.0224227067451229
"3273",4.25,"RHLI",0.297,"rhl_Pa","trial_1",0.328666666666667,0.0171690936795679
"3274",4.5,"KPPR1",0.29,"rhl_Pa","trial_1",0.305133333333333,0.01563752101492
"3275",4.5,"PA14",0.372,"rhl_Pa","trial_1",0.453166666666667,0.0235448744127275
"3276",4.5,"RHLR",0.305,"rhl_Pa","trial_1",0.336666666666667,0.0263586376312923
"3277",4.5,"RHLI",0.327,"rhl_Pa","trial_1",0.368,0.0210792156716832
"3278",4.75,"KPPR1",0.32,"rhl_Pa","trial_1",0.3324,0.0165295694640443
"3279",4.75,"PA14",0.43,"rhl_Pa","trial_1",0.505,0.0238997907940635
"3280",4.75,"RHLR",0.34,"rhl_Pa","trial_1",0.372333333333333,0.0303553033989852
"3281",4.75,"RHLI",0.366,"rhl_Pa","trial_1",0.416,0.0253245598842968
"3282",5,"KPPR1",0.354,"rhl_Pa","trial_1",0.363,0.0172433562085034
"3283",5,"PA14",0.469,"rhl_Pa","trial_1",0.560333333333333,0.0289777692569858
"3284",5,"RHLR",0.378,"rhl_Pa","trial_1",0.416,0.029022979401387
"3285",5,"RHLI",0.422,"rhl_Pa","trial_1",0.463333333333333,0.0236737078727529
"3286",5.25,"KPPR1",0.387,"rhl_Pa","trial_1",0.395266666666667,0.0184740401301437
"3287",5.25,"PA14",0.551,"rhl_Pa","trial_1",0.628166666666667,0.0329134386602865
"3288",5.25,"RHLR",0.443,"rhl_Pa","trial_1",0.472333333333333,0.0214035303422382
"3289",5.25,"RHLI",0.458,"rhl_Pa","trial_1",0.518666666666667,0.0451823466017918
"3290",5.5,"KPPR1",0.419,"rhl_Pa","trial_1",0.4284,0.0197577712257614
"3291",5.5,"PA14",0.623,"rhl_Pa","trial_1",0.738166666666667,0.0454799711716903
"3292",5.5,"RHLR",0.473,"rhl_Pa","trial_1",0.520333333333333,0.0263333333333333
"3293",5.5,"RHLI",0.485,"rhl_Pa","trial_1",0.578333333333333,0.0636614308492809
"3294",5.75,"KPPR1",0.457,"rhl_Pa","trial_1",0.4642,0.0217477311350819
"3295",5.75,"PA14",0.764,"rhl_Pa","trial_1",0.8965,0.0509939538899793
"3296",5.75,"RHLR",0.566,"rhl_Pa","trial_1",0.620666666666667,0.0393375703932569
"3297",5.75,"RHLI",0.543,"rhl_Pa","trial_1",0.673,0.0784240609337041
"3298",6,"KPPR1",0.495,"rhl_Pa","trial_1",0.502733333333333,0.0242874583874195
"3299",6,"PA14",0.893,"rhl_Pa","trial_1",1.05433333333333,0.0562421352526536
"3300",6,"RHLR",0.678,"rhl_Pa","trial_1",0.731666666666667,0.0526698311285608
"3301",6,"RHLI",0.653,"rhl_Pa","trial_1",0.795333333333333,0.0840641289598469
"3302",6.25,"KPPR1",0.537,"rhl_Pa","trial_1",0.544133333333333,0.0263040584713365
"3303",6.25,"PA14",1.034,"rhl_Pa","trial_1",1.19666666666667,0.0608192221076345
"3304",6.25,"RHLR",0.81,"rhl_Pa","trial_1",0.879333333333333,0.0663559425455709
"3305",6.25,"RHLI",0.79,"rhl_Pa","trial_1",0.928333333333333,0.0823778557083826
"3306",6.5,"KPPR1",0.582,"rhl_Pa","trial_1",0.584333333333333,0.0279487058507216
"3307",6.5,"PA14",1.16,"rhl_Pa","trial_1",1.34033333333333,0.0641252247126234
"3308",6.5,"RHLR",0.961,"rhl_Pa","trial_1",1.02533333333333,0.0719637254300928
"3309",6.5,"RHLI",0.923,"rhl_Pa","trial_1",1.10033333333333,0.0951933704507713
"3310",6.75,"KPPR1",0.623,"rhl_Pa","trial_1",0.6266,0.0291756258348839
"3311",6.75,"PA14",1.265,"rhl_Pa","trial_1",1.49816666666667,0.0755731066216313
"3312",6.75,"RHLR",1.091,"rhl_Pa","trial_1",1.17,0.0840495885375612
"3313",6.75,"RHLI",1.078,"rhl_Pa","trial_1",1.255,0.0943203760241303
"3314",7,"KPPR1",0.671,"rhl_Pa","trial_1",0.6704,0.029720892122738
"3315",7,"PA14",1.43,"rhl_Pa","trial_1",1.67183333333333,0.0763017765921024
"3316",7,"RHLR",1.27,"rhl_Pa","trial_1",1.351,0.0815005112458403
"3317",7,"RHLI",1.241,"rhl_Pa","trial_1",1.43,0.0966971216393401
"3318",7.25,"KPPR1",0.722,"rhl_Pa","trial_1",0.716733333333333,0.0311771385514124
"3319",7.25,"PA14",1.575,"rhl_Pa","trial_1",1.83966666666667,0.0816041937920132
"3320",7.25,"RHLR",1.442,"rhl_Pa","trial_1",1.51833333333333,0.0783418435093562
"3321",7.25,"RHLI",1.423,"rhl_Pa","trial_1",1.61133333333333,0.0947704829809601
"3322",7.5,"KPPR1",0.776,"rhl_Pa","trial_1",0.761666666666667,0.0323851327833749
"3323",7.5,"PA14",1.711,"rhl_Pa","trial_1",2.007,0.0904739373153028
"3324",7.5,"RHLR",1.637,"rhl_Pa","trial_1",1.716,0.102327904307672
"3325",7.5,"RHLI",1.599,"rhl_Pa","trial_1",1.77366666666667,0.0875239649721403
"3326",7.75,"KPPR1",0.832,"rhl_Pa","trial_1",0.8084,0.033888584958304
"3327",7.75,"PA14",1.844,"rhl_Pa","trial_1",2.15616666666667,0.089451445550707
"3328",7.75,"RHLR",1.868,"rhl_Pa","trial_1",1.94566666666667,0.110671184646732
"3329",7.75,"RHLI",1.794,"rhl_Pa","trial_1",1.97866666666667,0.0928535286231911
"3330",8,"KPPR1",0.878,"rhl_Pa","trial_1",0.856333333333333,0.0357228307237911
"3331",8,"PA14",1.971,"rhl_Pa","trial_1",2.34533333333333,0.0998644637051194
"3332",8,"RHLR",2.194,"rhl_Pa","trial_1",2.21533333333333,0.118261480532665
"3333",8,"RHLI",1.971,"rhl_Pa","trial_1",2.19633333333333,0.128491677205612
"3334",8.25,"KPPR1",0.928,"rhl_Pa","trial_1",0.904133333333333,0.0380941023640226
"3335",8.25,"PA14",2.115,"rhl_Pa","trial_1",2.5705,0.108059165892271
"3336",8.25,"RHLR",2.477,"rhl_Pa","trial_1",2.511,0.121286162992047
"3337",8.25,"RHLI",2.199,"rhl_Pa","trial_1",2.406,0.147285437161995
"3338",8.5,"KPPR1",0.987,"rhl_Pa","trial_1",0.958133333333333,0.0417539124675665
"3339",8.5,"PA14",2.222,"rhl_Pa","trial_1",2.74216666666667,0.132694490382147
"3340",8.5,"RHLR",2.75,"rhl_Pa","trial_1",2.74266666666667,0.0832192552504794
"3341",8.5,"RHLI",2.458,"rhl_Pa","trial_1",2.61433333333333,0.151855560026991
"3342",8.75,"KPPR1",1.054,"rhl_Pa","trial_1",1.0124,0.0452934137964156
"3343",8.75,"PA14",2.353,"rhl_Pa","trial_1",2.91316666666667,0.148163742003381
"3344",8.75,"RHLR",2.971,"rhl_Pa","trial_1",2.96866666666667,0.0557265147344103
"3345",8.75,"RHLI",2.725,"rhl_Pa","trial_1",2.83366666666667,0.177125504782469
"3346",9,"KPPR1",1.123,"rhl_Pa","trial_1",1.06353333333333,0.049312305685939
"3347",9,"PA14",2.457,"rhl_Pa","trial_1",3.06816666666667,0.164884892509222
"3348",9,"RHLR",3.162,"rhl_Pa","trial_1",3.151,0.0393573373083089
"3349",9,"RHLI",2.934,"rhl_Pa","trial_1",2.99266666666667,0.179087812104689
"3350",9.25,"KPPR1",1.17,"rhl_Pa","trial_1",1.11513333333333,0.0527132283629493
"3351",9.25,"PA14",2.58,"rhl_Pa","trial_1",3.21383333333333,0.167183614960053
"3352",9.25,"RHLR",3.319,"rhl_Pa","trial_1",3.31466666666667,0.0309641369616171
"3353",9.25,"RHLI",3.101,"rhl_Pa","trial_1",3.13933333333333,0.195221526590805
"3354",9.5,"KPPR1",1.24,"rhl_Pa","trial_1",1.1678,0.0570499530486848
"3355",9.5,"PA14",2.7,"rhl_Pa","trial_1",3.31816666666667,0.167503117715595
"3356",9.5,"RHLR",3.453,"rhl_Pa","trial_1",3.45766666666667,0.0289616604803276
"3357",9.5,"RHLI",3.285,"rhl_Pa","trial_1",3.28166666666667,0.198615485577311
"3358",9.75,"KPPR1",1.304,"rhl_Pa","trial_1",1.22,0.0609300926511374
"3359",9.75,"PA14",2.778,"rhl_Pa","trial_1",3.41533333333333,0.1671876523883
"3360",9.75,"RHLR",3.604,"rhl_Pa","trial_1",3.567,0.0271845544381365
"3361",9.75,"RHLI",3.42,"rhl_Pa","trial_1",3.39266666666667,0.199078153274314
"3362",10,"KPPR1",1.356,"rhl_Pa","trial_1",1.27073333333333,0.0654264739387925
"3363",10,"PA14",2.86,"rhl_Pa","trial_1",3.508,0.172227175556008
"3364",10,"RHLR",3.701,"rhl_Pa","trial_1",3.69766666666667,0.00284800124843916
"3365",10,"RHLI",3.531,"rhl_Pa","trial_1",3.49233333333333,0.211617842137923
"3366",10.25,"KPPR1",1.414,"rhl_Pa","trial_1",1.3204,0.0690991558076749
"3367",10.25,"PA14",2.964,"rhl_Pa","trial_1",3.58916666666667,0.162809380701618
"3368",10.25,"RHLR",3.744,"rhl_Pa","trial_1",3.74533333333333,0.00868587614719699
"3369",10.25,"RHLI",3.643,"rhl_Pa","trial_1",3.58566666666667,0.205810862471132
"3370",10.5,"KPPR1",1.468,"rhl_Pa","trial_1",1.36826666666667,0.0734533520040775
"3371",10.5,"PA14",3.063,"rhl_Pa","trial_1",3.65233333333333,0.151609073313938
"3372",10.5,"RHLR",3.907,"rhl_Pa","trial_1",3.84833333333333,0.0304265965526507
"3373",10.5,"RHLI",3.742,"rhl_Pa","trial_1",3.674,0.206621231564748
"3374",10.75,"KPPR1",1.527,"rhl_Pa","trial_1",1.4136,0.0774789556681592
"3375",10.75,"PA14",3.138,"rhl_Pa","trial_1",3.7215,0.153817803477578
"3376",10.75,"RHLR",3.875,"rhl_Pa","trial_1",3.88833333333333,0.0113920049937567
"3377",10.75,"RHLI",3.824,"rhl_Pa","trial_1",3.74566666666667,0.20328332718428
"3378",11,"KPPR1",1.586,"rhl_Pa","trial_1",1.45633333333333,0.0808027973741755
"3379",11,"PA14",3.182,"rhl_Pa","trial_1",3.749,0.146559430493799
"3380",11,"RHLR",3.913,"rhl_Pa","trial_1",3.93133333333333,0.00938675189355252
"3381",11,"RHLI",3.872,"rhl_Pa","trial_1",3.8,0.192762375305279
"3382",11.25,"KPPR1",1.633,"rhl_Pa","trial_1",1.4984,0.0856460490290458
"3383",11.25,"PA14",3.259,"rhl_Pa","trial_1",3.83,0.145291890115496
"3384",11.25,"RHLR",3.952,"rhl_Pa","trial_1",3.97033333333333,0.0103976493069882
"3385",11.25,"RHLI",3.944,"rhl_Pa","trial_1",3.86233333333333,0.192312534981761
"3386",11.5,"KPPR1",1.681,"rhl_Pa","trial_1",1.5362,0.0883205309680382
"3387",11.5,"PA14",3.331,"rhl_Pa","trial_1",3.87783333333333,0.138698093393929
"3388",11.5,"RHLR",4.01,"rhl_Pa","trial_1",4.00833333333333,0.00120185042515457
"3389",11.5,"RHLI",4.026,"rhl_Pa","trial_1",3.89166666666667,0.159461942516423
"3390",11.75,"KPPR1",1.735,"rhl_Pa","trial_1",1.57693333333333,0.0917036358352101
"3391",11.75,"PA14",3.393,"rhl_Pa","trial_1",3.9275,0.132155400949034
"3392",11.75,"RHLR",4.053,"rhl_Pa","trial_1",4.03666666666667,0.00856997342145491
"3393",11.75,"RHLI",4.08,"rhl_Pa","trial_1",3.94533333333333,0.152501730409126
"3394",12,"KPPR1",1.78,"rhl_Pa","trial_1",1.61293333333333,0.0941514720147257
"3395",12,"PA14",3.443,"rhl_Pa","trial_1",3.96683333333333,0.129908536200581
"3396",12,"RHLR",4.089,"rhl_Pa","trial_1",4.05666666666667,0.0174769689718913
"3397",12,"RHLI",4.109,"rhl_Pa","trial_1",3.978,0.135524905460214
"3398",12.25,"KPPR1",1.817,"rhl_Pa","trial_1",1.6476,0.0967085360885013
"3399",12.25,"PA14",3.489,"rhl_Pa","trial_1",3.99266666666667,0.124125384636307
"3400",12.25,"RHLR",4.114,"rhl_Pa","trial_1",4.07666666666667,0.0232474610322169
"3401",12.25,"RHLI",4.135,"rhl_Pa","trial_1",4.00133333333333,0.127713655408409
"3402",12.5,"KPPR1",1.864,"rhl_Pa","trial_1",1.67986666666667,0.0995250084229451
"3403",12.5,"PA14",3.546,"rhl_Pa","trial_1",4.03533333333333,0.118480003000975
"3404",12.5,"RHLR",4.138,"rhl_Pa","trial_1",4.093,0.0256969518296106
"3405",12.5,"RHLI",4.155,"rhl_Pa","trial_1",4.03633333333333,0.10641167438042
"3406",12.75,"KPPR1",1.9,"rhl_Pa","trial_1",1.7112,0.100496017452482
"3407",12.75,"PA14",3.579,"rhl_Pa","trial_1",4.05116666666667,0.111160669503401
"3408",12.75,"RHLR",4.174,"rhl_Pa","trial_1",4.11633333333333,0.0318660390454234
"3409",12.75,"RHLI",4.189,"rhl_Pa","trial_1",4.067,0.102651514033322
"3410",13,"KPPR1",1.934,"rhl_Pa","trial_1",1.74026666666667,0.102390357928984
"3411",13,"PA14",3.604,"rhl_Pa","trial_1",4.055,0.105555040934418
"3412",13,"RHLR",4.186,"rhl_Pa","trial_1",4.127,0.0332315111503124
"3413",13,"RHLI",4.197,"rhl_Pa","trial_1",4.083,0.0897162192694275
"3414",13.25,"KPPR1",1.963,"rhl_Pa","trial_1",1.7674,0.103296650939119
"3415",13.25,"PA14",3.655,"rhl_Pa","trial_1",4.10366666666667,0.10492494672119
"3416",13.25,"RHLR",4.214,"rhl_Pa","trial_1",4.14866666666667,0.0369744656636322
"3417",13.25,"RHLI",4.227,"rhl_Pa","trial_1",4.119,0.0811849739791792
"3418",13.5,"KPPR1",1.993,"rhl_Pa","trial_1",1.79346666666667,0.104581791489299
"3419",13.5,"PA14",3.69,"rhl_Pa","trial_1",4.11566666666667,0.101303065655049
"3420",13.5,"RHLR",4.236,"rhl_Pa","trial_1",4.16066666666667,0.0427447202717611
"3421",13.5,"RHLI",4.241,"rhl_Pa","trial_1",4.14066666666667,0.0695756981839046
"3422",13.75,"KPPR1",2.021,"rhl_Pa","trial_1",1.81853333333333,0.105497229332459
"3423",13.75,"PA14",3.723,"rhl_Pa","trial_1",4.14866666666667,0.100090181558655
"3424",13.75,"RHLR",4.248,"rhl_Pa","trial_1",4.173,0.0424617474911244
"3425",13.75,"RHLI",4.266,"rhl_Pa","trial_1",4.165,0.0652252507341545
"3426",14,"KPPR1",2.05,"rhl_Pa","trial_1",1.84353333333333,0.106105556906079
"3427",14,"PA14",3.734,"rhl_Pa","trial_1",4.144,0.0946717134804971
"3428",14,"RHLR",4.26,"rhl_Pa","trial_1",4.17966666666667,0.0459069106392974
"3429",14,"RHLI",4.258,"rhl_Pa","trial_1",4.16966666666667,0.0532426312063724
"3430",14.25,"KPPR1",2.069,"rhl_Pa","trial_1",1.86613333333333,0.106759581555794
"3431",14.25,"PA14",3.776,"rhl_Pa","trial_1",4.17866666666667,0.0955721949336963
"3432",14.25,"RHLR",4.278,"rhl_Pa","trial_1",4.19,0.0499633198790203
"3433",14.25,"RHLI",4.266,"rhl_Pa","trial_1",4.18633333333333,0.0461892243325697
"3434",14.5,"KPPR1",2.092,"rhl_Pa","trial_1",1.88613333333333,0.107358760667509
"3435",14.5,"PA14",3.806,"rhl_Pa","trial_1",4.2005,0.0948598088409066
"3436",14.5,"RHLR",4.278,"rhl_Pa","trial_1",4.19633333333333,0.0501741411928936
"3437",14.5,"RHLI",4.295,"rhl_Pa","trial_1",4.208,0.0455668007801001
"3438",14.75,"KPPR1",2.109,"rhl_Pa","trial_1",1.90346666666667,0.108208831021831
"3439",14.75,"PA14",3.835,"rhl_Pa","trial_1",4.2,0.0861080716309453
"3440",14.75,"RHLR",4.301,"rhl_Pa","trial_1",4.20366666666667,0.0562918979763321
"3441",14.75,"RHLI",4.299,"rhl_Pa","trial_1",4.22133333333333,0.0394982418736723
"3442",15,"KPPR1",2.137,"rhl_Pa","trial_1",1.92106666666667,0.109907080523533
"3443",15,"PA14",3.85,"rhl_Pa","trial_1",4.21683333333333,0.0852625031561028
"3444",15,"RHLR",4.311,"rhl_Pa","trial_1",4.20933333333333,0.0591842696818824
"3445",15,"RHLI",4.309,"rhl_Pa","trial_1",4.23333333333333,0.0380190010974045
"3446",15.25,"KPPR1",2.153,"rhl_Pa","trial_1",1.93573333333333,0.110541070439761
"3447",15.25,"PA14",3.862,"rhl_Pa","trial_1",4.22433333333333,0.0855401140466337
"3448",15.25,"RHLR",4.305,"rhl_Pa","trial_1",4.212,0.0568008215903021
"3449",15.25,"RHLI",4.327,"rhl_Pa","trial_1",4.23633333333333,0.0453333333333334
"3450",15.5,"KPPR1",2.17,"rhl_Pa","trial_1",1.949,0.111181062107845
"3451",15.5,"PA14",3.878,"rhl_Pa","trial_1",4.23233333333333,0.0810266074268886
"3452",15.5,"RHLR",4.319,"rhl_Pa","trial_1",4.216,0.0612726148726601
"3453",15.5,"RHLI",4.303,"rhl_Pa","trial_1",4.235,0.0340440890610984
"3454",15.75,"KPPR1",2.189,"rhl_Pa","trial_1",1.96173333333333,0.112282613956148
"3455",15.75,"PA14",3.899,"rhl_Pa","trial_1",4.24316666666667,0.0842327793148909
"3456",15.75,"RHLR",4.327,"rhl_Pa","trial_1",4.21833333333333,0.0653843338354924
"3457",15.75,"RHLI",4.308,"rhl_Pa","trial_1",4.25733333333333,0.0283392150757763
"3458",16,"KPPR1",2.206,"rhl_Pa","trial_1",1.9744,0.112773890933099
"3459",16,"PA14",3.928,"rhl_Pa","trial_1",4.251,0.0785026538829527
"3460",16,"RHLR",4.334,"rhl_Pa","trial_1",4.224,0.0675746500792518
"3461",16,"RHLI",4.325,"rhl_Pa","trial_1",4.24333333333333,0.0415705558191265
"3462",16.25,"KPPR1",2.221,"rhl_Pa","trial_1",1.98553333333333,0.113421458735053
"3463",16.25,"PA14",3.948,"rhl_Pa","trial_1",4.25316666666667,0.0749463882459395
"3464",16.25,"RHLR",4.349,"rhl_Pa","trial_1",4.22866666666667,0.0736259314221409
"3465",16.25,"RHLI",4.334,"rhl_Pa","trial_1",4.24833333333333,0.0447598530431506
"3466",16.5,"KPPR1",2.232,"rhl_Pa","trial_1",1.99486666666667,0.114204781263711
"3467",16.5,"PA14",3.964,"rhl_Pa","trial_1",4.25466666666667,0.0697799716569479
"3468",16.5,"RHLR",4.334,"rhl_Pa","trial_1",4.22533333333333,0.0739939937502438
"3469",16.5,"RHLI",4.328,"rhl_Pa","trial_1",4.25066666666667,0.0428537564799687
"3470",16.75,"KPPR1",2.253,"rhl_Pa","trial_1",2.00606666666667,0.115054788880969
"3471",16.75,"PA14",3.978,"rhl_Pa","trial_1",4.25116666666667,0.0666995335649192
"3472",16.75,"RHLR",4.343,"rhl_Pa","trial_1",4.22733333333333,0.076411895525355
"3473",16.75,"RHLI",4.33,"rhl_Pa","trial_1",4.26266666666667,0.0389714995577252
"3474",17,"KPPR1",2.259,"rhl_Pa","trial_1",2.01186666666667,0.115527604067544
"3475",17,"PA14",3.991,"rhl_Pa","trial_1",4.24883333333333,0.0631640280891303
"3476",17,"RHLR",4.348,"rhl_Pa","trial_1",4.22266666666667,0.0814070704000033
"3477",17,"RHLI",4.327,"rhl_Pa","trial_1",4.25966666666667,0.0439747402241081
"3478",17.25,"KPPR1",2.274,"rhl_Pa","trial_1",2.01933333333333,0.116695520241543
"3479",17.25,"PA14",4.005,"rhl_Pa","trial_1",4.26316666666667,0.0690233857310534
"3480",17.25,"RHLR",4.345,"rhl_Pa","trial_1",4.22033333333333,0.0861497404394104
"3481",17.25,"RHLI",4.33,"rhl_Pa","trial_1",4.26633333333333,0.0485535214422645
"3482",17.5,"KPPR1",2.279,"rhl_Pa","trial_1",2.02513333333333,0.117371160028131
"3483",17.5,"PA14",4.013,"rhl_Pa","trial_1",4.26483333333333,0.0699487510809005
"3484",17.5,"RHLR",4.349,"rhl_Pa","trial_1",4.21766666666667,0.0878205240501584
"3485",17.5,"RHLI",4.327,"rhl_Pa","trial_1",4.265,0.0513939036592213
"3486",17.75,"KPPR1",2.291,"rhl_Pa","trial_1",2.03233333333333,0.117860719522448
"3487",17.75,"PA14",4.018,"rhl_Pa","trial_1",4.26866666666667,0.0676272463171794
"3488",17.75,"RHLR",4.341,"rhl_Pa","trial_1",4.212,0.0891122887148567
"3489",17.75,"RHLI",4.309,"rhl_Pa","trial_1",4.26433333333333,0.0533926753195395
"3490",18,"KPPR1",2.303,"rhl_Pa","trial_1",2.03786666666667,0.118866626605767
"3491",18,"PA14",4.035,"rhl_Pa","trial_1",4.26583333333333,0.0652152419130511
"3492",18,"RHLR",4.343,"rhl_Pa","trial_1",4.20933333333333,0.0923946847918092
"3493",18,"RHLI",4.324,"rhl_Pa","trial_1",4.26866666666667,0.0614310815286349
"3494",18.25,"KPPR1",2.306,"rhl_Pa","trial_1",2.04153333333333,0.119614494529665
"3495",18.25,"PA14",4.045,"rhl_Pa","trial_1",4.2755,0.0723361366584273
"3496",18.25,"RHLR",4.333,"rhl_Pa","trial_1",4.19266666666667,0.0956143875737911
"3497",18.25,"RHLI",4.308,"rhl_Pa","trial_1",4.26266666666667,0.0614880295486673
"3498",18.5,"KPPR1",2.318,"rhl_Pa","trial_1",2.04793333333333,0.120416082878796
"3499",18.5,"PA14",4.042,"rhl_Pa","trial_1",4.25833333333333,0.0673501629132732
"3500",18.5,"RHLR",4.323,"rhl_Pa","trial_1",4.18533333333333,0.0942449527089442
"3501",18.5,"RHLI",4.297,"rhl_Pa","trial_1",4.25833333333333,0.0674915632587594
"3502",18.75,"KPPR1",2.317,"rhl_Pa","trial_1",2.0482,0.120135962658188
"3503",18.75,"PA14",4.057,"rhl_Pa","trial_1",4.24416666666667,0.0600607562759947
"3504",18.75,"RHLR",4.328,"rhl_Pa","trial_1",4.18,0.102562176263962
"3505",18.75,"RHLI",4.292,"rhl_Pa","trial_1",4.26,0.0711055553385248
"3506",19,"KPPR1",2.322,"rhl_Pa","trial_1",2.0538,0.121246942033113
"3507",19,"PA14",4.064,"rhl_Pa","trial_1",4.24116666666667,0.0615637429372552
"3508",19,"RHLR",4.313,"rhl_Pa","trial_1",4.166,0.103210141620547
"3509",19,"RHLI",4.282,"rhl_Pa","trial_1",4.24966666666667,0.0770591403476
"3510",19.25,"KPPR1",2.323,"rhl_Pa","trial_1",2.05686666666667,0.121379878565745
"3511",19.25,"PA14",4.07,"rhl_Pa","trial_1",4.24116666666667,0.0626691932114797
"3512",19.25,"RHLR",4.312,"rhl_Pa","trial_1",4.15866666666667,0.110154941383086
"3513",19.25,"RHLI",4.279,"rhl_Pa","trial_1",4.249,0.0810740402348371
"3514",19.5,"KPPR1",2.325,"rhl_Pa","trial_1",2.05626666666667,0.121362874478101
"3515",19.5,"PA14",4.081,"rhl_Pa","trial_1",4.21883333333333,0.0543540349110451
"3516",19.5,"RHLR",4.305,"rhl_Pa","trial_1",4.145,0.112095197637246
"3517",19.5,"RHLI",4.275,"rhl_Pa","trial_1",4.245,0.0861858457056609
"3518",19.75,"KPPR1",2.331,"rhl_Pa","trial_1",2.05833333333333,0.121916351755607
"3519",19.75,"PA14",4.077,"rhl_Pa","trial_1",4.22333333333333,0.0644813495860969
"3520",19.75,"RHLR",4.285,"rhl_Pa","trial_1",4.12966666666667,0.115898422959264
"3521",19.75,"RHLI",4.26,"rhl_Pa","trial_1",4.23333333333333,0.0933333333333334
"3522",20,"KPPR1",2.327,"rhl_Pa","trial_1",2.0576,0.121534114356344
"3523",20,"PA14",4.082,"rhl_Pa","trial_1",4.2145,0.0646558839807588
"3524",20,"RHLR",4.278,"rhl_Pa","trial_1",4.113,0.120657918651588
"3525",20,"RHLI",4.255,"rhl_Pa","trial_1",4.231,0.100599867461808
"3526",20.25,"KPPR1",2.327,"rhl_Pa","trial_1",2.05826666666667,0.121737401486293
"3527",20.25,"PA14",4.079,"rhl_Pa","trial_1",4.19766666666667,0.0629362993651341
"3528",20.25,"RHLR",4.264,"rhl_Pa","trial_1",4.103,0.126270872862008
"3529",20.25,"RHLI",4.232,"rhl_Pa","trial_1",4.22066666666667,0.106383478249418
"3530",20.5,"KPPR1",2.324,"rhl_Pa","trial_1",2.05813333333333,0.122028211674368
"3531",20.5,"PA14",4.085,"rhl_Pa","trial_1",4.18633333333333,0.064528891031675
"3532",20.5,"RHLR",4.247,"rhl_Pa","trial_1",4.085,0.126368508735365
"3533",20.5,"RHLI",4.213,"rhl_Pa","trial_1",4.209,0.109137527917761
"3534",20.75,"KPPR1",2.319,"rhl_Pa","trial_1",2.05906666666667,0.121672412127877
"3535",20.75,"PA14",4.076,"rhl_Pa","trial_1",4.17133333333333,0.0627235557382108
"3536",20.75,"RHLR",4.228,"rhl_Pa","trial_1",4.07,0.12871026895059
"3537",20.75,"RHLI",4.204,"rhl_Pa","trial_1",4.205,0.113450429703902
"3538",21,"KPPR1",2.327,"rhl_Pa","trial_1",2.05626666666667,0.12198838612428
"3539",21,"PA14",4.076,"rhl_Pa","trial_1",4.16666666666667,0.0682923454308346
"3540",21,"RHLR",4.211,"rhl_Pa","trial_1",4.054,0.134187679513931
"3541",21,"RHLI",4.188,"rhl_Pa","trial_1",4.191,0.11807765806169
"3542",21.25,"KPPR1",2.32,"rhl_Pa","trial_1",2.05726666666667,0.122201374268115
"3543",21.25,"PA14",4.075,"rhl_Pa","trial_1",4.13366666666667,0.058576825148214
"3544",21.25,"RHLR",4.198,"rhl_Pa","trial_1",4.03866666666667,0.13933692180387
"3545",21.25,"RHLI",4.194,"rhl_Pa","trial_1",4.18266666666667,0.128296964543636
"3546",21.5,"KPPR1",2.315,"rhl_Pa","trial_1",2.0536,0.121864163254479
"3547",21.5,"PA14",4.069,"rhl_Pa","trial_1",4.1325,0.064824249577865
"3548",21.5,"RHLR",4.177,"rhl_Pa","trial_1",4.017,0.137642047839072
"3549",21.5,"RHLI",4.162,"rhl_Pa","trial_1",4.17,0.132850793499073
"3550",21.75,"KPPR1",2.315,"rhl_Pa","trial_1",2.05146666666667,0.121919171767382
"3551",21.75,"PA14",4.065,"rhl_Pa","trial_1",4.11383333333333,0.0675343945293392
"3552",21.75,"RHLR",4.168,"rhl_Pa","trial_1",4.00266666666667,0.14342284026999
"3553",21.75,"RHLI",4.143,"rhl_Pa","trial_1",4.15666666666667,0.140750764750241
"3554",22,"KPPR1",2.313,"rhl_Pa","trial_1",2.0502,0.122173732661243
"3555",22,"PA14",4.063,"rhl_Pa","trial_1",4.10366666666667,0.0683976932684461
"3556",22,"RHLR",4.153,"rhl_Pa","trial_1",3.98633333333333,0.146645074168135
"3557",22,"RHLI",4.143,"rhl_Pa","trial_1",4.14666666666667,0.142328649415514
"3558",22.25,"KPPR1",2.307,"rhl_Pa","trial_1",2.05,0.121939446330663
"3559",22.25,"PA14",4.045,"rhl_Pa","trial_1",4.08383333333333,0.0737877210501705
"3560",22.25,"RHLR",4.127,"rhl_Pa","trial_1",3.96533333333333,0.145959278948312
"3561",22.25,"RHLI",4.108,"rhl_Pa","trial_1",4.12833333333333,0.149014913496752
"3562",22.5,"KPPR1",2.304,"rhl_Pa","trial_1",2.04946666666667,0.121412083287678
"3563",22.5,"PA14",4.034,"rhl_Pa","trial_1",4.06666666666667,0.0722148030377276
"3564",22.5,"RHLR",4.103,"rhl_Pa","trial_1",3.95066666666667,0.147856161334063
"3565",22.5,"RHLI",4.094,"rhl_Pa","trial_1",4.11566666666667,0.151941143575765
"3566",22.75,"KPPR1",2.302,"rhl_Pa","trial_1",2.04713333333333,0.120671725755561
"3567",22.75,"PA14",4.026,"rhl_Pa","trial_1",4.04766666666667,0.0750722614848151
"3568",22.75,"RHLR",4.086,"rhl_Pa","trial_1",3.92633333333333,0.148315354715702
"3569",22.75,"RHLI",4.077,"rhl_Pa","trial_1",4.103,0.155850355576538
"3570",23,"KPPR1",2.301,"rhl_Pa","trial_1",2.04333333333333,0.120772894572798
"3571",23,"PA14",4.013,"rhl_Pa","trial_1",4.03766666666667,0.0787022518384604
"3572",23,"RHLR",4.066,"rhl_Pa","trial_1",3.91233333333333,0.153666666666667
"3573",23,"RHLI",4.043,"rhl_Pa","trial_1",4.07833333333333,0.158029884656177
"3574",23.25,"KPPR1",2.295,"rhl_Pa","trial_1",2.04066666666667,0.120758107946923
"3575",23.25,"PA14",3.991,"rhl_Pa","trial_1",4.006,0.0746869020199213
"3576",23.25,"RHLR",4.041,"rhl_Pa","trial_1",3.89133333333333,0.153179995792894
"3577",23.25,"RHLI",4.054,"rhl_Pa","trial_1",4.07966666666667,0.163029990424393
"3578",23.5,"KPPR1",2.297,"rhl_Pa","trial_1",2.04033333333333,0.120706951970333
"3579",23.5,"PA14",3.983,"rhl_Pa","trial_1",3.99916666666667,0.075153805255918
"3580",23.5,"RHLR",4.004,"rhl_Pa","trial_1",3.867,0.152762342654639
"3581",23.5,"RHLI",4.008,"rhl_Pa","trial_1",4.05333333333333,0.167242671322576
"3582",23.75,"KPPR1",2.29,"rhl_Pa","trial_1",2.03886666666667,0.120784493906519
"3583",23.75,"PA14",3.973,"rhl_Pa","trial_1",3.968,0.0737382759042638
"3584",23.75,"RHLR",4.004,"rhl_Pa","trial_1",3.85133333333333,0.155676302342749
"3585",23.75,"RHLI",4.009,"rhl_Pa","trial_1",4.04066666666667,0.167891168452794
"3586",24,"KPPR1",2.293,"rhl_Pa","trial_1",2.03546666666667,0.120323131080503
"3587",24,"PA14",3.949,"rhl_Pa","trial_1",3.95716666666667,0.0792933022252055
"3588",24,"RHLR",3.992,"rhl_Pa","trial_1",3.83866666666667,0.159370985788226
"3589",24,"RHLI",4.013,"rhl_Pa","trial_1",4.032,0.174330146561058
"3590",0,"KPPR1",0.006,"rhl_Pa","trial_2",0.00893333333333333,0.00141241659396958
"3591",0,"PA14",-0.005,"rhl_Pa","trial_2",0.00466666666666667,0.00231900361745681
"3592",0,"RHLR",-0.004,"rhl_Pa","trial_2",0.002,0.00458257569495584
"3593",0,"RHLI",-0.001,"rhl_Pa","trial_2",0.00266666666666667,0.00366666666666667
"3594",0.25,"KPPR1",0.007,"rhl_Pa","trial_2",0.0108666666666667,0.00126816953450789
"3595",0.25,"PA14",-0.006,"rhl_Pa","trial_2",0.00383333333333333,0.00234402313223322
"3596",0.25,"RHLR",-0.005,"rhl_Pa","trial_2",0.00133333333333333,0.00375647588986155
"3597",0.25,"RHLI",-0.004,"rhl_Pa","trial_2",0.00133333333333333,0.00352766841475279
"3598",0.5,"KPPR1",0.01,"rhl_Pa","trial_2",0.0148,0.00170209954384074
"3599",0.5,"PA14",-0.005,"rhl_Pa","trial_2",0.008,0.00355902608401044
"3600",0.5,"RHLR",0,"rhl_Pa","trial_2",0.00433333333333333,0.00920748487795542
"3601",0.5,"RHLI",-0.004,"rhl_Pa","trial_2",-0.002,0.00152752523165195
"3602",0.75,"KPPR1",0.016,"rhl_Pa","trial_2",0.0190666666666667,0.00213690177742198
"3603",0.75,"PA14",0,"rhl_Pa","trial_2",0.008,0.00443471156521669
"3604",0.75,"RHLR",0.005,"rhl_Pa","trial_2",0.00433333333333333,0.00924361641590803
"3605",0.75,"RHLI",-0.003,"rhl_Pa","trial_2",0.00133333333333333,0.00260341655863555
"3606",1,"KPPR1",0.025,"rhl_Pa","trial_2",0.0243333333333333,0.00277860305200921
"3607",1,"PA14",0.005,"rhl_Pa","trial_2",0.0085,0.00435698672632054
"3608",1,"RHLR",0.007,"rhl_Pa","trial_2",0.004,0.00907377172587747
"3609",1,"RHLI",-0.001,"rhl_Pa","trial_2",0.003,0.00264575131106459
"3610",1.25,"KPPR1",0.034,"rhl_Pa","trial_2",0.0305333333333333,0.00357086979755789
"3611",1.25,"PA14",0.007,"rhl_Pa","trial_2",0.00916666666666667,0.00422229532100465
"3612",1.25,"RHLR",0.009,"rhl_Pa","trial_2",0.005,0.00888819441731559
"3613",1.25,"RHLI",0.001,"rhl_Pa","trial_2",0.004,0.00251661147842358
"3614",1.5,"KPPR1",0.045,"rhl_Pa","trial_2",0.039,0.00445613541728063
"3615",1.5,"PA14",0.008,"rhl_Pa","trial_2",0.0103333333333333,0.00407158172922733
"3616",1.5,"RHLR",0.011,"rhl_Pa","trial_2",0.00666666666666667,0.00808977406634106
"3617",1.5,"RHLI",0.005,"rhl_Pa","trial_2",0.006,0.00208166599946613
"3618",1.75,"KPPR1",0.061,"rhl_Pa","trial_2",0.0510666666666667,0.00589791461665874
"3619",1.75,"PA14",0.011,"rhl_Pa","trial_2",0.0121666666666667,0.00405311951190411
"3620",1.75,"RHLR",0.015,"rhl_Pa","trial_2",0.01,0.00818535277187245
"3621",1.75,"RHLI",0.01,"rhl_Pa","trial_2",0.00933333333333333,0.00233333333333333
"3622",2,"KPPR1",0.082,"rhl_Pa","trial_2",0.0685333333333333,0.00759063750799482
"3623",2,"PA14",0.015,"rhl_Pa","trial_2",0.0156666666666667,0.00394686936416418
"3624",2,"RHLR",0.019,"rhl_Pa","trial_2",0.0136666666666667,0.00796520209689901
"3625",2,"RHLI",0.018,"rhl_Pa","trial_2",0.014,0.00305505046330389
"3626",2.25,"KPPR1",0.112,"rhl_Pa","trial_2",0.0904,0.00931961576972131
"3627",2.25,"PA14",0.023,"rhl_Pa","trial_2",0.022,0.00395811402901264
"3628",2.25,"RHLR",0.026,"rhl_Pa","trial_2",0.0203333333333333,0.0072188026092359
"3629",2.25,"RHLI",0.029,"rhl_Pa","trial_2",0.0216666666666667,0.00466666666666667
"3630",2.5,"KPPR1",0.145,"rhl_Pa","trial_2",0.117666666666667,0.0109595214818491
"3631",2.5,"PA14",0.034,"rhl_Pa","trial_2",0.0321666666666667,0.00391932533876828
"3632",2.5,"RHLR",0.036,"rhl_Pa","trial_2",0.0296666666666667,0.00683942817622773
"3633",2.5,"RHLI",0.044,"rhl_Pa","trial_2",0.0323333333333333,0.00693621734889494
"3634",2.75,"KPPR1",0.162,"rhl_Pa","trial_2",0.143133333333333,0.0109895477036209
"3635",2.75,"PA14",0.051,"rhl_Pa","trial_2",0.0475,0.00439507299901454
"3636",2.75,"RHLR",0.047,"rhl_Pa","trial_2",0.0423333333333333,0.00569600249687835
"3637",2.75,"RHLI",0.095,"rhl_Pa","trial_2",0.057,0.01955334583475
"3638",3,"KPPR1",0.181,"rhl_Pa","trial_2",0.168466666666667,0.0103357293689077
"3639",3,"PA14",0.088,"rhl_Pa","trial_2",0.0713333333333333,0.01137150434688
"3640",3,"RHLR",0.07,"rhl_Pa","trial_2",0.0583333333333333,0.00800694143297621
"3641",3,"RHLI",0.124,"rhl_Pa","trial_2",0.0746666666666667,0.0249955551604236
"3642",3.25,"KPPR1",0.199,"rhl_Pa","trial_2",0.189133333333333,0.0104825781392005
"3643",3.25,"PA14",0.166,"rhl_Pa","trial_2",0.1235,0.0197968852768982
"3644",3.25,"RHLR",0.124,"rhl_Pa","trial_2",0.111,0.0115325625946708
"3645",3.25,"RHLI",0.202,"rhl_Pa","trial_2",0.129,0.0424381903478459
"3646",3.5,"KPPR1",0.217,"rhl_Pa","trial_2",0.2092,0.0113507708989302
"3647",3.5,"PA14",0.199,"rhl_Pa","trial_2",0.199,0.0129871731591854
"3648",3.5,"RHLR",0.16,"rhl_Pa","trial_2",0.162,0.00251661147842359
"3649",3.5,"RHLI",0.232,"rhl_Pa","trial_2",0.174333333333333,0.0318660390454233
"3650",3.75,"KPPR1",0.24,"rhl_Pa","trial_2",0.230133333333333,0.012782006201676
"3651",3.75,"PA14",0.271,"rhl_Pa","trial_2",0.267,0.0170333007175161
"3652",3.75,"RHLR",0.22,"rhl_Pa","trial_2",0.219333333333333,0.0161692437808465
"3653",3.75,"RHLI",0.288,"rhl_Pa","trial_2",0.231666666666667,0.0338444152622622
"3654",4,"KPPR1",0.261,"rhl_Pa","trial_2",0.253533333333333,0.0138154043308691
"3655",4,"PA14",0.328,"rhl_Pa","trial_2",0.333833333333333,0.01586067814159
"3656",4,"RHLR",0.239,"rhl_Pa","trial_2",0.259666666666667,0.0211686350790766
"3657",4,"RHLI",0.338,"rhl_Pa","trial_2",0.293666666666667,0.0276063599757576
"3658",4.25,"KPPR1",0.284,"rhl_Pa","trial_2",0.277933333333333,0.0147984769701115
"3659",4.25,"PA14",0.389,"rhl_Pa","trial_2",0.396166666666667,0.0216108254765471
"3660",4.25,"RHLR",0.288,"rhl_Pa","trial_2",0.299666666666667,0.0224227067451229
"3661",4.25,"RHLI",0.356,"rhl_Pa","trial_2",0.328666666666667,0.0171690936795679
"3662",4.5,"KPPR1",0.314,"rhl_Pa","trial_2",0.305133333333333,0.01563752101492
"3663",4.5,"PA14",0.451,"rhl_Pa","trial_2",0.453166666666667,0.0235448744127275
"3664",4.5,"RHLR",0.316,"rhl_Pa","trial_2",0.336666666666667,0.0263586376312923
"3665",4.5,"RHLI",0.397,"rhl_Pa","trial_2",0.368,0.0210792156716832
"3666",4.75,"KPPR1",0.341,"rhl_Pa","trial_2",0.3324,0.0165295694640443
"3667",4.75,"PA14",0.499,"rhl_Pa","trial_2",0.505,0.0238997907940635
"3668",4.75,"RHLR",0.344,"rhl_Pa","trial_2",0.372333333333333,0.0303553033989852
"3669",4.75,"RHLI",0.448,"rhl_Pa","trial_2",0.416,0.0253245598842968
"3670",5,"KPPR1",0.369,"rhl_Pa","trial_2",0.363,0.0172433562085034
"3671",5,"PA14",0.559,"rhl_Pa","trial_2",0.560333333333333,0.0289777692569858
"3672",5,"RHLR",0.397,"rhl_Pa","trial_2",0.416,0.029022979401387
"3673",5,"RHLI",0.504,"rhl_Pa","trial_2",0.463333333333333,0.0236737078727529
"3674",5.25,"KPPR1",0.396,"rhl_Pa","trial_2",0.395266666666667,0.0184740401301437
"3675",5.25,"PA14",0.631,"rhl_Pa","trial_2",0.628166666666667,0.0329134386602865
"3676",5.25,"RHLR",0.46,"rhl_Pa","trial_2",0.472333333333333,0.0214035303422382
"3677",5.25,"RHLI",0.607,"rhl_Pa","trial_2",0.518666666666667,0.0451823466017918
"3678",5.5,"KPPR1",0.426,"rhl_Pa","trial_2",0.4284,0.0197577712257614
"3679",5.5,"PA14",0.789,"rhl_Pa","trial_2",0.738166666666667,0.0454799711716903
"3680",5.5,"RHLR",0.524,"rhl_Pa","trial_2",0.520333333333333,0.0263333333333333
"3681",5.5,"RHLI",0.7,"rhl_Pa","trial_2",0.578333333333333,0.0636614308492809
"3682",5.75,"KPPR1",0.453,"rhl_Pa","trial_2",0.4642,0.0217477311350819
"3683",5.75,"PA14",0.94,"rhl_Pa","trial_2",0.8965,0.0509939538899793
"3684",5.75,"RHLR",0.599,"rhl_Pa","trial_2",0.620666666666667,0.0393375703932569
"3685",5.75,"RHLI",0.814,"rhl_Pa","trial_2",0.673,0.0784240609337041
"3686",6,"KPPR1",0.487,"rhl_Pa","trial_2",0.502733333333333,0.0242874583874195
"3687",6,"PA14",1.116,"rhl_Pa","trial_2",1.05433333333333,0.0562421352526536
"3688",6,"RHLR",0.68,"rhl_Pa","trial_2",0.731666666666667,0.0526698311285608
"3689",6,"RHLI",0.944,"rhl_Pa","trial_2",0.795333333333333,0.0840641289598469
"3690",6.25,"KPPR1",0.532,"rhl_Pa","trial_2",0.544133333333333,0.0263040584713365
"3691",6.25,"PA14",1.215,"rhl_Pa","trial_2",1.19666666666667,0.0608192221076345
"3692",6.25,"RHLR",0.816,"rhl_Pa","trial_2",0.879333333333333,0.0663559425455709
"3693",6.25,"RHLI",1.075,"rhl_Pa","trial_2",0.928333333333333,0.0823778557083826
"3694",6.5,"KPPR1",0.563,"rhl_Pa","trial_2",0.584333333333333,0.0279487058507216
"3695",6.5,"PA14",1.344,"rhl_Pa","trial_2",1.34033333333333,0.0641252247126234
"3696",6.5,"RHLR",0.946,"rhl_Pa","trial_2",1.02533333333333,0.0719637254300928
"3697",6.5,"RHLI",1.249,"rhl_Pa","trial_2",1.10033333333333,0.0951933704507713
"3698",6.75,"KPPR1",0.597,"rhl_Pa","trial_2",0.6266,0.0291756258348839
"3699",6.75,"PA14",1.52,"rhl_Pa","trial_2",1.49816666666667,0.0755731066216313
"3700",6.75,"RHLR",1.081,"rhl_Pa","trial_2",1.17,0.0840495885375612
"3701",6.75,"RHLI",1.4,"rhl_Pa","trial_2",1.255,0.0943203760241303
"3702",7,"KPPR1",0.635,"rhl_Pa","trial_2",0.6704,0.029720892122738
"3703",7,"PA14",1.68,"rhl_Pa","trial_2",1.67183333333333,0.0763017765921024
"3704",7,"RHLR",1.269,"rhl_Pa","trial_2",1.351,0.0815005112458403
"3705",7,"RHLI",1.56,"rhl_Pa","trial_2",1.43,0.0966971216393401
"3706",7.25,"KPPR1",0.67,"rhl_Pa","trial_2",0.716733333333333,0.0311771385514124
"3707",7.25,"PA14",1.831,"rhl_Pa","trial_2",1.83966666666667,0.0816041937920132
"3708",7.25,"RHLR",1.438,"rhl_Pa","trial_2",1.51833333333333,0.0783418435093562
"3709",7.25,"RHLI",1.724,"rhl_Pa","trial_2",1.61133333333333,0.0947704829809601
"3710",7.5,"KPPR1",0.703,"rhl_Pa","trial_2",0.761666666666667,0.0323851327833749
"3711",7.5,"PA14",1.992,"rhl_Pa","trial_2",2.007,0.0904739373153028
"3712",7.5,"RHLR",1.592,"rhl_Pa","trial_2",1.716,0.102327904307672
"3713",7.5,"RHLI",1.871,"rhl_Pa","trial_2",1.77366666666667,0.0875239649721403
"3714",7.75,"KPPR1",0.739,"rhl_Pa","trial_2",0.8084,0.033888584958304
"3715",7.75,"PA14",2.205,"rhl_Pa","trial_2",2.15616666666667,0.089451445550707
"3716",7.75,"RHLR",1.805,"rhl_Pa","trial_2",1.94566666666667,0.110671184646732
"3717",7.75,"RHLI",2.054,"rhl_Pa","trial_2",1.97866666666667,0.0928535286231911
"3718",8,"KPPR1",0.774,"rhl_Pa","trial_2",0.856333333333333,0.0357228307237911
"3719",8,"PA14",2.46,"rhl_Pa","trial_2",2.34533333333333,0.0998644637051194
"3720",8,"RHLR",2.022,"rhl_Pa","trial_2",2.21533333333333,0.118261480532665
"3721",8,"RHLI",2.202,"rhl_Pa","trial_2",2.19633333333333,0.128491677205612
"3722",8.25,"KPPR1",0.81,"rhl_Pa","trial_2",0.904133333333333,0.0380941023640226
"3723",8.25,"PA14",2.688,"rhl_Pa","trial_2",2.5705,0.108059165892271
"3724",8.25,"RHLR",2.32,"rhl_Pa","trial_2",2.511,0.121286162992047
"3725",8.25,"RHLI",2.328,"rhl_Pa","trial_2",2.406,0.147285437161995
"3726",8.5,"KPPR1",0.846,"rhl_Pa","trial_2",0.958133333333333,0.0417539124675665
"3727",8.5,"PA14",2.894,"rhl_Pa","trial_2",2.74216666666667,0.132694490382147
"3728",8.5,"RHLR",2.595,"rhl_Pa","trial_2",2.74266666666667,0.0832192552504794
"3729",8.5,"RHLI",2.467,"rhl_Pa","trial_2",2.61433333333333,0.151855560026991
"3730",8.75,"KPPR1",0.883,"rhl_Pa","trial_2",1.0124,0.0452934137964156
"3731",8.75,"PA14",3.108,"rhl_Pa","trial_2",2.91316666666667,0.148163742003381
"3732",8.75,"RHLR",2.871,"rhl_Pa","trial_2",2.96866666666667,0.0557265147344103
"3733",8.75,"RHLI",2.596,"rhl_Pa","trial_2",2.83366666666667,0.177125504782469
"3734",9,"KPPR1",0.913,"rhl_Pa","trial_2",1.06353333333333,0.049312305685939
"3735",9,"PA14",3.254,"rhl_Pa","trial_2",3.06816666666667,0.164884892509222
"3736",9,"RHLR",3.078,"rhl_Pa","trial_2",3.151,0.0393573373083089
"3737",9,"RHLI",2.716,"rhl_Pa","trial_2",2.99266666666667,0.179087812104689
"3738",9.25,"KPPR1",0.949,"rhl_Pa","trial_2",1.11513333333333,0.0527132283629493
"3739",9.25,"PA14",3.417,"rhl_Pa","trial_2",3.21383333333333,0.167183614960053
"3740",9.25,"RHLR",3.259,"rhl_Pa","trial_2",3.31466666666667,0.0309641369616171
"3741",9.25,"RHLI",2.822,"rhl_Pa","trial_2",3.13933333333333,0.195221526590805
"3742",9.5,"KPPR1",0.985,"rhl_Pa","trial_2",1.1678,0.0570499530486848
"3743",9.5,"PA14",3.552,"rhl_Pa","trial_2",3.31816666666667,0.167503117715595
"3744",9.5,"RHLR",3.41,"rhl_Pa","trial_2",3.45766666666667,0.0289616604803276
"3745",9.5,"RHLI",2.936,"rhl_Pa","trial_2",3.28166666666667,0.198615485577311
"3746",9.75,"KPPR1",1.02,"rhl_Pa","trial_2",1.22,0.0609300926511374
"3747",9.75,"PA14",3.602,"rhl_Pa","trial_2",3.41533333333333,0.1671876523883
"3748",9.75,"RHLR",3.514,"rhl_Pa","trial_2",3.567,0.0271845544381365
"3749",9.75,"RHLI",3.035,"rhl_Pa","trial_2",3.39266666666667,0.199078153274314
"3750",10,"KPPR1",1.052,"rhl_Pa","trial_2",1.27073333333333,0.0654264739387925
"3751",10,"PA14",3.715,"rhl_Pa","trial_2",3.508,0.172227175556008
"3752",10,"RHLR",3.692,"rhl_Pa","trial_2",3.69766666666667,0.00284800124843916
"3753",10,"RHLI",3.108,"rhl_Pa","trial_2",3.49233333333333,0.211617842137923
"3754",10.25,"KPPR1",1.089,"rhl_Pa","trial_2",1.3204,0.0690991558076749
"3755",10.25,"PA14",3.761,"rhl_Pa","trial_2",3.58916666666667,0.162809380701618
"3756",10.25,"RHLR",3.731,"rhl_Pa","trial_2",3.74533333333333,0.00868587614719699
"3757",10.25,"RHLI",3.204,"rhl_Pa","trial_2",3.58566666666667,0.205810862471132
"3758",10.5,"KPPR1",1.121,"rhl_Pa","trial_2",1.36826666666667,0.0734533520040775
"3759",10.5,"PA14",3.817,"rhl_Pa","trial_2",3.65233333333333,0.151609073313938
"3760",10.5,"RHLR",3.805,"rhl_Pa","trial_2",3.84833333333333,0.0304265965526507
"3761",10.5,"RHLI",3.287,"rhl_Pa","trial_2",3.674,0.206621231564748
"3762",10.75,"KPPR1",1.153,"rhl_Pa","trial_2",1.4136,0.0774789556681592
"3763",10.75,"PA14",3.873,"rhl_Pa","trial_2",3.7215,0.153817803477578
"3764",10.75,"RHLR",3.879,"rhl_Pa","trial_2",3.88833333333333,0.0113920049937567
"3765",10.75,"RHLI",3.361,"rhl_Pa","trial_2",3.74566666666667,0.20328332718428
"3766",11,"KPPR1",1.184,"rhl_Pa","trial_2",1.45633333333333,0.0808027973741755
"3767",11,"PA14",3.939,"rhl_Pa","trial_2",3.749,0.146559430493799
"3768",11,"RHLR",3.937,"rhl_Pa","trial_2",3.93133333333333,0.00938675189355252
"3769",11,"RHLI",3.436,"rhl_Pa","trial_2",3.8,0.192762375305279
"3770",11.25,"KPPR1",1.212,"rhl_Pa","trial_2",1.4984,0.0856460490290458
"3771",11.25,"PA14",3.99,"rhl_Pa","trial_2",3.83,0.145291890115496
"3772",11.25,"RHLR",3.971,"rhl_Pa","trial_2",3.97033333333333,0.0103976493069882
"3773",11.25,"RHLI",3.496,"rhl_Pa","trial_2",3.86233333333333,0.192312534981761
"3774",11.5,"KPPR1",1.238,"rhl_Pa","trial_2",1.5362,0.0883205309680382
"3775",11.5,"PA14",4.038,"rhl_Pa","trial_2",3.87783333333333,0.138698093393929
"3776",11.5,"RHLR",4.009,"rhl_Pa","trial_2",4.00833333333333,0.00120185042515457
"3777",11.5,"RHLI",3.574,"rhl_Pa","trial_2",3.89166666666667,0.159461942516423
"3778",11.75,"KPPR1",1.267,"rhl_Pa","trial_2",1.57693333333333,0.0917036358352101
"3779",11.75,"PA14",4.101,"rhl_Pa","trial_2",3.9275,0.132155400949034
"3780",11.75,"RHLR",4.024,"rhl_Pa","trial_2",4.03666666666667,0.00856997342145491
"3781",11.75,"RHLI",3.641,"rhl_Pa","trial_2",3.94533333333333,0.152501730409126
"3782",12,"KPPR1",1.297,"rhl_Pa","trial_2",1.61293333333333,0.0941514720147257
"3783",12,"PA14",4.136,"rhl_Pa","trial_2",3.96683333333333,0.129908536200581
"3784",12,"RHLR",4.052,"rhl_Pa","trial_2",4.05666666666667,0.0174769689718913
"3785",12,"RHLI",3.707,"rhl_Pa","trial_2",3.978,0.135524905460214
"3786",12.25,"KPPR1",1.325,"rhl_Pa","trial_2",1.6476,0.0967085360885013
"3787",12.25,"PA14",4.128,"rhl_Pa","trial_2",3.99266666666667,0.124125384636307
"3788",12.25,"RHLR",4.082,"rhl_Pa","trial_2",4.07666666666667,0.0232474610322169
"3789",12.25,"RHLI",3.746,"rhl_Pa","trial_2",4.00133333333333,0.127713655408409
"3790",12.5,"KPPR1",1.346,"rhl_Pa","trial_2",1.67986666666667,0.0995250084229451
"3791",12.5,"PA14",4.163,"rhl_Pa","trial_2",4.03533333333333,0.118480003000975
"3792",12.5,"RHLR",4.092,"rhl_Pa","trial_2",4.093,0.0256969518296106
"3793",12.5,"RHLI",3.824,"rhl_Pa","trial_2",4.03633333333333,0.10641167438042
"3794",12.75,"KPPR1",1.375,"rhl_Pa","trial_2",1.7112,0.100496017452482
"3795",12.75,"PA14",4.191,"rhl_Pa","trial_2",4.05116666666667,0.111160669503401
"3796",12.75,"RHLR",4.111,"rhl_Pa","trial_2",4.11633333333333,0.0318660390454234
"3797",12.75,"RHLI",3.863,"rhl_Pa","trial_2",4.067,0.102651514033322
"3798",13,"KPPR1",1.397,"rhl_Pa","trial_2",1.74026666666667,0.102390357928984
"3799",13,"PA14",4.188,"rhl_Pa","trial_2",4.055,0.105555040934418
"3800",13,"RHLR",4.124,"rhl_Pa","trial_2",4.127,0.0332315111503124
"3801",13,"RHLI",3.906,"rhl_Pa","trial_2",4.083,0.0897162192694275
"3802",13.25,"KPPR1",1.418,"rhl_Pa","trial_2",1.7674,0.103296650939119
"3803",13.25,"PA14",4.222,"rhl_Pa","trial_2",4.10366666666667,0.10492494672119
"3804",13.25,"RHLR",4.146,"rhl_Pa","trial_2",4.14866666666667,0.0369744656636322
"3805",13.25,"RHLI",3.96,"rhl_Pa","trial_2",4.119,0.0811849739791792
"3806",13.5,"KPPR1",1.439,"rhl_Pa","trial_2",1.79346666666667,0.104581791489299
"3807",13.5,"PA14",4.238,"rhl_Pa","trial_2",4.11566666666667,0.101303065655049
"3808",13.5,"RHLR",4.158,"rhl_Pa","trial_2",4.16066666666667,0.0427447202717611
"3809",13.5,"RHLI",4.007,"rhl_Pa","trial_2",4.14066666666667,0.0695756981839046
"3810",13.75,"KPPR1",1.464,"rhl_Pa","trial_2",1.81853333333333,0.105497229332459
"3811",13.75,"PA14",4.267,"rhl_Pa","trial_2",4.14866666666667,0.100090181558655
"3812",13.75,"RHLR",4.17,"rhl_Pa","trial_2",4.173,0.0424617474911244
"3813",13.75,"RHLI",4.043,"rhl_Pa","trial_2",4.165,0.0652252507341545
"3814",14,"KPPR1",1.49,"rhl_Pa","trial_2",1.84353333333333,0.106105556906079
"3815",14,"PA14",4.245,"rhl_Pa","trial_2",4.144,0.0946717134804971
"3816",14,"RHLR",4.178,"rhl_Pa","trial_2",4.17966666666667,0.0459069106392974
"3817",14,"RHLI",4.074,"rhl_Pa","trial_2",4.16966666666667,0.0532426312063724
"3818",14.25,"KPPR1",1.511,"rhl_Pa","trial_2",1.86613333333333,0.106759581555794
"3819",14.25,"PA14",4.285,"rhl_Pa","trial_2",4.17866666666667,0.0955721949336963
"3820",14.25,"RHLR",4.187,"rhl_Pa","trial_2",4.19,0.0499633198790203
"3821",14.25,"RHLI",4.106,"rhl_Pa","trial_2",4.18633333333333,0.0461892243325697
"3822",14.5,"KPPR1",1.538,"rhl_Pa","trial_2",1.88613333333333,0.107358760667509
"3823",14.5,"PA14",4.269,"rhl_Pa","trial_2",4.2005,0.0948598088409066
"3824",14.5,"RHLR",4.206,"rhl_Pa","trial_2",4.19633333333333,0.0501741411928936
"3825",14.5,"RHLI",4.141,"rhl_Pa","trial_2",4.208,0.0455668007801001
"3826",14.75,"KPPR1",1.55,"rhl_Pa","trial_2",1.90346666666667,0.108208831021831
"3827",14.75,"PA14",4.284,"rhl_Pa","trial_2",4.2,0.0861080716309453
"3828",14.75,"RHLR",4.204,"rhl_Pa","trial_2",4.20366666666667,0.0562918979763321
"3829",14.75,"RHLI",4.17,"rhl_Pa","trial_2",4.22133333333333,0.0394982418736723
"3830",15,"KPPR1",1.563,"rhl_Pa","trial_2",1.92106666666667,0.109907080523533
"3831",15,"PA14",4.273,"rhl_Pa","trial_2",4.21683333333333,0.0852625031561028
"3832",15,"RHLR",4.211,"rhl_Pa","trial_2",4.20933333333333,0.0591842696818824
"3833",15,"RHLI",4.189,"rhl_Pa","trial_2",4.23333333333333,0.0380190010974045
"3834",15.25,"KPPR1",1.581,"rhl_Pa","trial_2",1.93573333333333,0.110541070439761
"3835",15.25,"PA14",4.275,"rhl_Pa","trial_2",4.22433333333333,0.0855401140466337
"3836",15.25,"RHLR",4.222,"rhl_Pa","trial_2",4.212,0.0568008215903021
"3837",15.25,"RHLI",4.191,"rhl_Pa","trial_2",4.23633333333333,0.0453333333333334
"3838",15.5,"KPPR1",1.59,"rhl_Pa","trial_2",1.949,0.111181062107845
"3839",15.5,"PA14",4.281,"rhl_Pa","trial_2",4.23233333333333,0.0810266074268886
"3840",15.5,"RHLR",4.222,"rhl_Pa","trial_2",4.216,0.0612726148726601
"3841",15.5,"RHLI",4.204,"rhl_Pa","trial_2",4.235,0.0340440890610984
"3842",15.75,"KPPR1",1.609,"rhl_Pa","trial_2",1.96173333333333,0.112282613956148
"3843",15.75,"PA14",4.28,"rhl_Pa","trial_2",4.24316666666667,0.0842327793148909
"3844",15.75,"RHLR",4.227,"rhl_Pa","trial_2",4.21833333333333,0.0653843338354924
"3845",15.75,"RHLI",4.254,"rhl_Pa","trial_2",4.25733333333333,0.0283392150757763
"3846",16,"KPPR1",1.622,"rhl_Pa","trial_2",1.9744,0.112773890933099
"3847",16,"PA14",4.288,"rhl_Pa","trial_2",4.251,0.0785026538829527
"3848",16,"RHLR",4.237,"rhl_Pa","trial_2",4.224,0.0675746500792518
"3849",16,"RHLI",4.216,"rhl_Pa","trial_2",4.24333333333333,0.0415705558191265
"3850",16.25,"KPPR1",1.632,"rhl_Pa","trial_2",1.98553333333333,0.113421458735053
"3851",16.25,"PA14",4.279,"rhl_Pa","trial_2",4.25316666666667,0.0749463882459395
"3852",16.25,"RHLR",4.242,"rhl_Pa","trial_2",4.22866666666667,0.0736259314221409
"3853",16.25,"RHLI",4.228,"rhl_Pa","trial_2",4.24833333333333,0.0447598530431506
"3854",16.5,"KPPR1",1.642,"rhl_Pa","trial_2",1.99486666666667,0.114204781263711
"3855",16.5,"PA14",4.29,"rhl_Pa","trial_2",4.25466666666667,0.0697799716569479
"3856",16.5,"RHLR",4.258,"rhl_Pa","trial_2",4.22533333333333,0.0739939937502438
"3857",16.5,"RHLI",4.244,"rhl_Pa","trial_2",4.25066666666667,0.0428537564799687
"3858",16.75,"KPPR1",1.65,"rhl_Pa","trial_2",2.00606666666667,0.115054788880969
"3859",16.75,"PA14",4.274,"rhl_Pa","trial_2",4.25116666666667,0.0666995335649192
"3860",16.75,"RHLR",4.256,"rhl_Pa","trial_2",4.22733333333333,0.076411895525355
"3861",16.75,"RHLI",4.263,"rhl_Pa","trial_2",4.26266666666667,0.0389714995577252
"3862",17,"KPPR1",1.656,"rhl_Pa","trial_2",2.01186666666667,0.115527604067544
"3863",17,"PA14",4.272,"rhl_Pa","trial_2",4.24883333333333,0.0631640280891303
"3864",17,"RHLR",4.25,"rhl_Pa","trial_2",4.22266666666667,0.0814070704000033
"3865",17,"RHLI",4.275,"rhl_Pa","trial_2",4.25966666666667,0.0439747402241081
"3866",17.25,"KPPR1",1.657,"rhl_Pa","trial_2",2.01933333333333,0.116695520241543
"3867",17.25,"PA14",4.269,"rhl_Pa","trial_2",4.26316666666667,0.0690233857310534
"3868",17.25,"RHLR",4.261,"rhl_Pa","trial_2",4.22033333333333,0.0861497404394104
"3869",17.25,"RHLI",4.298,"rhl_Pa","trial_2",4.26633333333333,0.0485535214422645
"3870",17.5,"KPPR1",1.66,"rhl_Pa","trial_2",2.02513333333333,0.117371160028131
"3871",17.5,"PA14",4.263,"rhl_Pa","trial_2",4.26483333333333,0.0699487510809005
"3872",17.5,"RHLR",4.253,"rhl_Pa","trial_2",4.21766666666667,0.0878205240501584
"3873",17.5,"RHLI",4.305,"rhl_Pa","trial_2",4.265,0.0513939036592213
"3874",17.75,"KPPR1",1.658,"rhl_Pa","trial_2",2.03233333333333,0.117860719522448
"3875",17.75,"PA14",4.265,"rhl_Pa","trial_2",4.26866666666667,0.0676272463171794
"3876",17.75,"RHLR",4.254,"rhl_Pa","trial_2",4.212,0.0891122887148567
"3877",17.75,"RHLI",4.326,"rhl_Pa","trial_2",4.26433333333333,0.0533926753195395
"3878",18,"KPPR1",1.656,"rhl_Pa","trial_2",2.03786666666667,0.118866626605767
"3879",18,"PA14",4.24,"rhl_Pa","trial_2",4.26583333333333,0.0652152419130511
"3880",18,"RHLR",4.253,"rhl_Pa","trial_2",4.20933333333333,0.0923946847918092
"3881",18,"RHLI",4.336,"rhl_Pa","trial_2",4.26866666666667,0.0614310815286349
"3882",18.25,"KPPR1",1.655,"rhl_Pa","trial_2",2.04153333333333,0.119614494529665
"3883",18.25,"PA14",4.242,"rhl_Pa","trial_2",4.2755,0.0723361366584273
"3884",18.25,"RHLR",4.235,"rhl_Pa","trial_2",4.19266666666667,0.0956143875737911
"3885",18.25,"RHLI",4.339,"rhl_Pa","trial_2",4.26266666666667,0.0614880295486673
"3886",18.5,"KPPR1",1.652,"rhl_Pa","trial_2",2.04793333333333,0.120416082878796
"3887",18.5,"PA14",4.234,"rhl_Pa","trial_2",4.25833333333333,0.0673501629132732
"3888",18.5,"RHLR",4.228,"rhl_Pa","trial_2",4.18533333333333,0.0942449527089442
"3889",18.5,"RHLI",4.351,"rhl_Pa","trial_2",4.25833333333333,0.0674915632587594
"3890",18.75,"KPPR1",1.655,"rhl_Pa","trial_2",2.0482,0.120135962658188
"3891",18.75,"PA14",4.23,"rhl_Pa","trial_2",4.24416666666667,0.0600607562759947
"3892",18.75,"RHLR",4.229,"rhl_Pa","trial_2",4.18,0.102562176263962
"3893",18.75,"RHLI",4.364,"rhl_Pa","trial_2",4.26,0.0711055553385248
"3894",19,"KPPR1",1.654,"rhl_Pa","trial_2",2.0538,0.121246942033113
"3895",19,"PA14",4.233,"rhl_Pa","trial_2",4.24116666666667,0.0615637429372552
"3896",19,"RHLR",4.218,"rhl_Pa","trial_2",4.166,0.103210141620547
"3897",19,"RHLI",4.364,"rhl_Pa","trial_2",4.24966666666667,0.0770591403476
"3898",19.25,"KPPR1",1.652,"rhl_Pa","trial_2",2.05686666666667,0.121379878565745
"3899",19.25,"PA14",4.207,"rhl_Pa","trial_2",4.24116666666667,0.0626691932114797
"3900",19.25,"RHLR",4.219,"rhl_Pa","trial_2",4.15866666666667,0.110154941383086
"3901",19.25,"RHLI",4.372,"rhl_Pa","trial_2",4.249,0.0810740402348371
"3902",19.5,"KPPR1",1.65,"rhl_Pa","trial_2",2.05626666666667,0.121362874478101
"3903",19.5,"PA14",4.19,"rhl_Pa","trial_2",4.21883333333333,0.0543540349110451
"3904",19.5,"RHLR",4.201,"rhl_Pa","trial_2",4.145,0.112095197637246
"3905",19.5,"RHLI",4.377,"rhl_Pa","trial_2",4.245,0.0861858457056609
"3906",19.75,"KPPR1",1.65,"rhl_Pa","trial_2",2.05833333333333,0.121916351755607
"3907",19.75,"PA14",4.199,"rhl_Pa","trial_2",4.22333333333333,0.0644813495860969
"3908",19.75,"RHLR",4.201,"rhl_Pa","trial_2",4.12966666666667,0.115898422959264
"3909",19.75,"RHLI",4.38,"rhl_Pa","trial_2",4.23333333333333,0.0933333333333334
"3910",20,"KPPR1",1.651,"rhl_Pa","trial_2",2.0576,0.121534114356344
"3911",20,"PA14",4.188,"rhl_Pa","trial_2",4.2145,0.0646558839807588
"3912",20,"RHLR",4.183,"rhl_Pa","trial_2",4.113,0.120657918651588
"3913",20,"RHLI",4.392,"rhl_Pa","trial_2",4.231,0.100599867461808
"3914",20.25,"KPPR1",1.649,"rhl_Pa","trial_2",2.05826666666667,0.121737401486293
"3915",20.25,"PA14",4.17,"rhl_Pa","trial_2",4.19766666666667,0.0629362993651341
"3916",20.25,"RHLR",4.191,"rhl_Pa","trial_2",4.103,0.126270872862008
"3917",20.25,"RHLI",4.399,"rhl_Pa","trial_2",4.22066666666667,0.106383478249418
"3918",20.5,"KPPR1",1.646,"rhl_Pa","trial_2",2.05813333333333,0.122028211674368
"3919",20.5,"PA14",4.158,"rhl_Pa","trial_2",4.18633333333333,0.064528891031675
"3920",20.5,"RHLR",4.172,"rhl_Pa","trial_2",4.085,0.126368508735365
"3921",20.5,"RHLI",4.396,"rhl_Pa","trial_2",4.209,0.109137527917761
"3922",20.75,"KPPR1",1.643,"rhl_Pa","trial_2",2.05906666666667,0.121672412127877
"3923",20.75,"PA14",4.149,"rhl_Pa","trial_2",4.17133333333333,0.0627235557382108
"3924",20.75,"RHLR",4.167,"rhl_Pa","trial_2",4.07,0.12871026895059
"3925",20.75,"RHLI",4.402,"rhl_Pa","trial_2",4.205,0.113450429703902
"3926",21,"KPPR1",1.64,"rhl_Pa","trial_2",2.05626666666667,0.12198838612428
"3927",21,"PA14",4.142,"rhl_Pa","trial_2",4.16666666666667,0.0682923454308346
"3928",21,"RHLR",4.164,"rhl_Pa","trial_2",4.054,0.134187679513931
"3929",21,"RHLI",4.397,"rhl_Pa","trial_2",4.191,0.11807765806169
"3930",21.25,"KPPR1",1.641,"rhl_Pa","trial_2",2.05726666666667,0.122201374268115
"3931",21.25,"PA14",4.106,"rhl_Pa","trial_2",4.13366666666667,0.058576825148214
"3932",21.25,"RHLR",4.157,"rhl_Pa","trial_2",4.03866666666667,0.13933692180387
"3933",21.25,"RHLI",4.399,"rhl_Pa","trial_2",4.18266666666667,0.128296964543636
"3934",21.5,"KPPR1",1.631,"rhl_Pa","trial_2",2.0536,0.121864163254479
"3935",21.5,"PA14",4.115,"rhl_Pa","trial_2",4.1325,0.064824249577865
"3936",21.5,"RHLR",4.131,"rhl_Pa","trial_2",4.017,0.137642047839072
"3937",21.5,"RHLI",4.404,"rhl_Pa","trial_2",4.17,0.132850793499073
"3938",21.75,"KPPR1",1.63,"rhl_Pa","trial_2",2.05146666666667,0.121919171767382
"3939",21.75,"PA14",4.074,"rhl_Pa","trial_2",4.11383333333333,0.0675343945293392
"3940",21.75,"RHLR",4.123,"rhl_Pa","trial_2",4.00266666666667,0.14342284026999
"3941",21.75,"RHLI",4.407,"rhl_Pa","trial_2",4.15666666666667,0.140750764750241
"3942",22,"KPPR1",1.622,"rhl_Pa","trial_2",2.0502,0.122173732661243
"3943",22,"PA14",4.083,"rhl_Pa","trial_2",4.10366666666667,0.0683976932684461
"3944",22,"RHLR",4.112,"rhl_Pa","trial_2",3.98633333333333,0.146645074168135
"3945",22,"RHLI",4.395,"rhl_Pa","trial_2",4.14666666666667,0.142328649415514
"3946",22.25,"KPPR1",1.621,"rhl_Pa","trial_2",2.05,0.121939446330663
"3947",22.25,"PA14",4.055,"rhl_Pa","trial_2",4.08383333333333,0.0737877210501705
"3948",22.25,"RHLR",4.095,"rhl_Pa","trial_2",3.96533333333333,0.145959278948312
"3949",22.25,"RHLI",4.396,"rhl_Pa","trial_2",4.12833333333333,0.149014913496752
"3950",22.5,"KPPR1",1.623,"rhl_Pa","trial_2",2.04946666666667,0.121412083287678
"3951",22.5,"PA14",4.053,"rhl_Pa","trial_2",4.06666666666667,0.0722148030377276
"3952",22.5,"RHLR",4.094,"rhl_Pa","trial_2",3.95066666666667,0.147856161334063
"3953",22.5,"RHLI",4.389,"rhl_Pa","trial_2",4.11566666666667,0.151941143575765
"3954",22.75,"KPPR1",1.622,"rhl_Pa","trial_2",2.04713333333333,0.120671725755561
"3955",22.75,"PA14",4.034,"rhl_Pa","trial_2",4.04766666666667,0.0750722614848151
"3956",22.75,"RHLR",4.063,"rhl_Pa","trial_2",3.92633333333333,0.148315354715702
"3957",22.75,"RHLI",4.385,"rhl_Pa","trial_2",4.103,0.155850355576538
"3958",23,"KPPR1",1.611,"rhl_Pa","trial_2",2.04333333333333,0.120772894572798
"3959",23,"PA14",4.025,"rhl_Pa","trial_2",4.03766666666667,0.0787022518384604
"3960",23,"RHLR",4.066,"rhl_Pa","trial_2",3.91233333333333,0.153666666666667
"3961",23,"RHLI",4.368,"rhl_Pa","trial_2",4.07833333333333,0.158029884656177
"3962",23.25,"KPPR1",1.601,"rhl_Pa","trial_2",2.04066666666667,0.120758107946923
"3963",23.25,"PA14",4.007,"rhl_Pa","trial_2",4.006,0.0746869020199213
"3964",23.25,"RHLR",4.048,"rhl_Pa","trial_2",3.89133333333333,0.153179995792894
"3965",23.25,"RHLI",4.374,"rhl_Pa","trial_2",4.07966666666667,0.163029990424393
"3966",23.5,"KPPR1",1.603,"rhl_Pa","trial_2",2.04033333333333,0.120706951970333
"3967",23.5,"PA14",3.996,"rhl_Pa","trial_2",3.99916666666667,0.075153805255918
"3968",23.5,"RHLR",4.035,"rhl_Pa","trial_2",3.867,0.152762342654639
"3969",23.5,"RHLI",4.363,"rhl_Pa","trial_2",4.05333333333333,0.167242671322576
"3970",23.75,"KPPR1",1.604,"rhl_Pa","trial_2",2.03886666666667,0.120784493906519
"3971",23.75,"PA14",3.967,"rhl_Pa","trial_2",3.968,0.0737382759042638
"3972",23.75,"RHLR",4.01,"rhl_Pa","trial_2",3.85133333333333,0.155676302342749
"3973",23.75,"RHLI",4.346,"rhl_Pa","trial_2",4.04066666666667,0.167891168452794
"3974",24,"KPPR1",1.597,"rhl_Pa","trial_2",2.03546666666667,0.120323131080503
"3975",24,"PA14",3.96,"rhl_Pa","trial_2",3.95716666666667,0.0792933022252055
"3976",24,"RHLR",4.004,"rhl_Pa","trial_2",3.83866666666667,0.159370985788226
"3977",24,"RHLI",4.343,"rhl_Pa","trial_2",4.032,0.174330146561058
"3978",0,"KPPR1",0.016,"rhl_Pa","trial_3",0.00893333333333333,0.00141241659396958
"3979",0,"PA14",0.007,"rhl_Pa","trial_3",0.00466666666666667,0.00231900361745681
"3980",0,"RHLR",0.011,"rhl_Pa","trial_3",0.002,0.00458257569495584
"3981",0,"RHLI",0.01,"rhl_Pa","trial_3",0.00266666666666667,0.00366666666666667
"3982",0.25,"KPPR1",0.016,"rhl_Pa","trial_3",0.0108666666666667,0.00126816953450789
"3983",0.25,"PA14",0.006,"rhl_Pa","trial_3",0.00383333333333333,0.00234402313223322
"3984",0.25,"RHLR",0.008,"rhl_Pa","trial_3",0.00133333333333333,0.00375647588986155
"3985",0.25,"RHLI",0.008,"rhl_Pa","trial_3",0.00133333333333333,0.00352766841475279
"3986",0.5,"KPPR1",0.017,"rhl_Pa","trial_3",0.0148,0.00170209954384074
"3987",0.5,"PA14",0.004,"rhl_Pa","trial_3",0.008,0.00355902608401044
"3988",0.5,"RHLR",-0.009,"rhl_Pa","trial_3",0.00433333333333333,0.00920748487795542
"3989",0.5,"RHLI",-0.003,"rhl_Pa","trial_3",-0.002,0.00152752523165195
"3990",0.75,"KPPR1",0.018,"rhl_Pa","trial_3",0.0190666666666667,0.00213690177742198
"3991",0.75,"PA14",0.006,"rhl_Pa","trial_3",0.008,0.00443471156521669
"3992",0.75,"RHLR",-0.012,"rhl_Pa","trial_3",0.00433333333333333,0.00924361641590803
"3993",0.75,"RHLI",0.006,"rhl_Pa","trial_3",0.00133333333333333,0.00260341655863555
"3994",1,"KPPR1",0.018,"rhl_Pa","trial_3",0.0243333333333333,0.00277860305200921
"3995",1,"PA14",0.004,"rhl_Pa","trial_3",0.0085,0.00435698672632054
"3996",1,"RHLR",-0.013,"rhl_Pa","trial_3",0.004,0.00907377172587747
"3997",1,"RHLI",0.008,"rhl_Pa","trial_3",0.003,0.00264575131106459
"3998",1.25,"KPPR1",0.021,"rhl_Pa","trial_3",0.0305333333333333,0.00357086979755789
"3999",1.25,"PA14",0.004,"rhl_Pa","trial_3",0.00916666666666667,0.00422229532100465
"4000",1.25,"RHLR",-0.012,"rhl_Pa","trial_3",0.005,0.00888819441731559
"4001",1.25,"RHLI",0.009,"rhl_Pa","trial_3",0.004,0.00251661147842358
"4002",1.5,"KPPR1",0.025,"rhl_Pa","trial_3",0.039,0.00445613541728063
"4003",1.5,"PA14",0.005,"rhl_Pa","trial_3",0.0103333333333333,0.00407158172922733
"4004",1.5,"RHLR",-0.009,"rhl_Pa","trial_3",0.00666666666666667,0.00808977406634106
"4005",1.5,"RHLI",0.01,"rhl_Pa","trial_3",0.006,0.00208166599946613
"4006",1.75,"KPPR1",0.03,"rhl_Pa","trial_3",0.0510666666666667,0.00589791461665874
"4007",1.75,"PA14",0.006,"rhl_Pa","trial_3",0.0121666666666667,0.00405311951190411
"4008",1.75,"RHLR",-0.006,"rhl_Pa","trial_3",0.01,0.00818535277187245
"4009",1.75,"RHLI",0.013,"rhl_Pa","trial_3",0.00933333333333333,0.00233333333333333
"4010",2,"KPPR1",0.04,"rhl_Pa","trial_3",0.0685333333333333,0.00759063750799482
"4011",2,"PA14",0.008,"rhl_Pa","trial_3",0.0156666666666667,0.00394686936416418
"4012",2,"RHLR",-0.002,"rhl_Pa","trial_3",0.0136666666666667,0.00796520209689901
"4013",2,"RHLI",0.016,"rhl_Pa","trial_3",0.014,0.00305505046330389
"4014",2.25,"KPPR1",0.053,"rhl_Pa","trial_3",0.0904,0.00931961576972131
"4015",2.25,"PA14",0.014,"rhl_Pa","trial_3",0.022,0.00395811402901264
"4016",2.25,"RHLR",0.006,"rhl_Pa","trial_3",0.0203333333333333,0.0072188026092359
"4017",2.25,"RHLI",0.023,"rhl_Pa","trial_3",0.0216666666666667,0.00466666666666667
"4018",2.5,"KPPR1",0.072,"rhl_Pa","trial_3",0.117666666666667,0.0109595214818491
"4019",2.5,"PA14",0.024,"rhl_Pa","trial_3",0.0321666666666667,0.00391932533876828
"4020",2.5,"RHLR",0.016,"rhl_Pa","trial_3",0.0296666666666667,0.00683942817622773
"4021",2.5,"RHLI",0.033,"rhl_Pa","trial_3",0.0323333333333333,0.00693621734889494
"4022",2.75,"KPPR1",0.094,"rhl_Pa","trial_3",0.143133333333333,0.0109895477036209
"4023",2.75,"PA14",0.038,"rhl_Pa","trial_3",0.0475,0.00439507299901454
"4024",2.75,"RHLR",0.031,"rhl_Pa","trial_3",0.0423333333333333,0.00569600249687835
"4025",2.75,"RHLI",0.046,"rhl_Pa","trial_3",0.057,0.01955334583475
"4026",3,"KPPR1",0.117,"rhl_Pa","trial_3",0.168466666666667,0.0103357293689077
"4027",3,"PA14",0.053,"rhl_Pa","trial_3",0.0713333333333333,0.01137150434688
"4028",3,"RHLR",0.043,"rhl_Pa","trial_3",0.0583333333333333,0.00800694143297621
"4029",3,"RHLI",0.057,"rhl_Pa","trial_3",0.0746666666666667,0.0249955551604236
"4030",3.25,"KPPR1",0.14,"rhl_Pa","trial_3",0.189133333333333,0.0104825781392005
"4031",3.25,"PA14",0.064,"rhl_Pa","trial_3",0.1235,0.0197968852768982
"4032",3.25,"RHLR",0.121,"rhl_Pa","trial_3",0.111,0.0115325625946708
"4033",3.25,"RHLI",0.13,"rhl_Pa","trial_3",0.129,0.0424381903478459
"4034",3.5,"KPPR1",0.153,"rhl_Pa","trial_3",0.2092,0.0113507708989302
"4035",3.5,"PA14",0.187,"rhl_Pa","trial_3",0.199,0.0129871731591854
"4036",3.5,"RHLR",0.167,"rhl_Pa","trial_3",0.162,0.00251661147842359
"4037",3.5,"RHLI",0.169,"rhl_Pa","trial_3",0.174333333333333,0.0318660390454233
"4038",3.75,"KPPR1",0.171,"rhl_Pa","trial_3",0.230133333333333,0.012782006201676
"4039",3.75,"PA14",0.245,"rhl_Pa","trial_3",0.267,0.0170333007175161
"4040",3.75,"RHLR",0.247,"rhl_Pa","trial_3",0.219333333333333,0.0161692437808465
"4041",3.75,"RHLI",0.236,"rhl_Pa","trial_3",0.231666666666667,0.0338444152622622
"4042",4,"KPPR1",0.19,"rhl_Pa","trial_3",0.253533333333333,0.0138154043308691
"4043",4,"PA14",0.345,"rhl_Pa","trial_3",0.333833333333333,0.01586067814159
"4044",4,"RHLR",0.302,"rhl_Pa","trial_3",0.259666666666667,0.0211686350790766
"4045",4,"RHLI",0.3,"rhl_Pa","trial_3",0.293666666666667,0.0276063599757576
"4046",4.25,"KPPR1",0.211,"rhl_Pa","trial_3",0.277933333333333,0.0147984769701115
"4047",4.25,"PA14",0.408,"rhl_Pa","trial_3",0.396166666666667,0.0216108254765471
"4048",4.25,"RHLR",0.343,"rhl_Pa","trial_3",0.299666666666667,0.0224227067451229
"4049",4.25,"RHLI",0.333,"rhl_Pa","trial_3",0.328666666666667,0.0171690936795679
"4050",4.5,"KPPR1",0.236,"rhl_Pa","trial_3",0.305133333333333,0.01563752101492
"4051",4.5,"PA14",0.469,"rhl_Pa","trial_3",0.453166666666667,0.0235448744127275
"4052",4.5,"RHLR",0.389,"rhl_Pa","trial_3",0.336666666666667,0.0263586376312923
"4053",4.5,"RHLI",0.38,"rhl_Pa","trial_3",0.368,0.0210792156716832
"4054",4.75,"KPPR1",0.262,"rhl_Pa","trial_3",0.3324,0.0165295694640443
"4055",4.75,"PA14",0.505,"rhl_Pa","trial_3",0.505,0.0238997907940635
"4056",4.75,"RHLR",0.433,"rhl_Pa","trial_3",0.372333333333333,0.0303553033989852
"4057",4.75,"RHLI",0.434,"rhl_Pa","trial_3",0.416,0.0253245598842968
"4058",5,"KPPR1",0.296,"rhl_Pa","trial_3",0.363,0.0172433562085034
"4059",5,"PA14",0.553,"rhl_Pa","trial_3",0.560333333333333,0.0289777692569858
"4060",5,"RHLR",0.473,"rhl_Pa","trial_3",0.416,0.029022979401387
"4061",5,"RHLI",0.464,"rhl_Pa","trial_3",0.463333333333333,0.0236737078727529
"4062",5.25,"KPPR1",0.324,"rhl_Pa","trial_3",0.395266666666667,0.0184740401301437
"4063",5.25,"PA14",0.603,"rhl_Pa","trial_3",0.628166666666667,0.0329134386602865
"4064",5.25,"RHLR",0.514,"rhl_Pa","trial_3",0.472333333333333,0.0214035303422382
"4065",5.25,"RHLI",0.491,"rhl_Pa","trial_3",0.518666666666667,0.0451823466017918
"4066",5.5,"KPPR1",0.359,"rhl_Pa","trial_3",0.4284,0.0197577712257614
"4067",5.5,"PA14",0.697,"rhl_Pa","trial_3",0.738166666666667,0.0454799711716903
"4068",5.5,"RHLR",0.564,"rhl_Pa","trial_3",0.520333333333333,0.0263333333333333
"4069",5.5,"RHLI",0.55,"rhl_Pa","trial_3",0.578333333333333,0.0636614308492809
"4070",5.75,"KPPR1",0.391,"rhl_Pa","trial_3",0.4642,0.0217477311350819
"4071",5.75,"PA14",0.834,"rhl_Pa","trial_3",0.8965,0.0509939538899793
"4072",5.75,"RHLR",0.697,"rhl_Pa","trial_3",0.620666666666667,0.0393375703932569
"4073",5.75,"RHLI",0.662,"rhl_Pa","trial_3",0.673,0.0784240609337041
"4074",6,"KPPR1",0.425,"rhl_Pa","trial_3",0.502733333333333,0.0242874583874195
"4075",6,"PA14",1.003,"rhl_Pa","trial_3",1.05433333333333,0.0562421352526536
"4076",6,"RHLR",0.837,"rhl_Pa","trial_3",0.731666666666667,0.0526698311285608
"4077",6,"RHLI",0.789,"rhl_Pa","trial_3",0.795333333333333,0.0840641289598469
"4078",6.25,"KPPR1",0.461,"rhl_Pa","trial_3",0.544133333333333,0.0263040584713365
"4079",6.25,"PA14",1.146,"rhl_Pa","trial_3",1.19666666666667,0.0608192221076345
"4080",6.25,"RHLR",1.012,"rhl_Pa","trial_3",0.879333333333333,0.0663559425455709
"4081",6.25,"RHLI",0.92,"rhl_Pa","trial_3",0.928333333333333,0.0823778557083826
"4082",6.5,"KPPR1",0.498,"rhl_Pa","trial_3",0.584333333333333,0.0279487058507216
"4083",6.5,"PA14",1.308,"rhl_Pa","trial_3",1.34033333333333,0.0641252247126234
"4084",6.5,"RHLR",1.169,"rhl_Pa","trial_3",1.02533333333333,0.0719637254300928
"4085",6.5,"RHLI",1.129,"rhl_Pa","trial_3",1.10033333333333,0.0951933704507713
"4086",6.75,"KPPR1",0.535,"rhl_Pa","trial_3",0.6266,0.0291756258348839
"4087",6.75,"PA14",1.453,"rhl_Pa","trial_3",1.49816666666667,0.0755731066216313
"4088",6.75,"RHLR",1.338,"rhl_Pa","trial_3",1.17,0.0840495885375612
"4089",6.75,"RHLI",1.287,"rhl_Pa","trial_3",1.255,0.0943203760241303
"4090",7,"KPPR1",0.576,"rhl_Pa","trial_3",0.6704,0.029720892122738
"4091",7,"PA14",1.661,"rhl_Pa","trial_3",1.67183333333333,0.0763017765921024
"4092",7,"RHLR",1.514,"rhl_Pa","trial_3",1.351,0.0815005112458403
"4093",7,"RHLI",1.489,"rhl_Pa","trial_3",1.43,0.0966971216393401
"4094",7.25,"KPPR1",0.622,"rhl_Pa","trial_3",0.716733333333333,0.0311771385514124
"4095",7.25,"PA14",1.876,"rhl_Pa","trial_3",1.83966666666667,0.0816041937920132
"4096",7.25,"RHLR",1.675,"rhl_Pa","trial_3",1.51833333333333,0.0783418435093562
"4097",7.25,"RHLI",1.687,"rhl_Pa","trial_3",1.61133333333333,0.0947704829809601
"4098",7.5,"KPPR1",0.661,"rhl_Pa","trial_3",0.761666666666667,0.0323851327833749
"4099",7.5,"PA14",2.033,"rhl_Pa","trial_3",2.007,0.0904739373153028
"4100",7.5,"RHLR",1.919,"rhl_Pa","trial_3",1.716,0.102327904307672
"4101",7.5,"RHLI",1.851,"rhl_Pa","trial_3",1.77366666666667,0.0875239649721403
"4102",7.75,"KPPR1",0.704,"rhl_Pa","trial_3",0.8084,0.033888584958304
"4103",7.75,"PA14",2.22,"rhl_Pa","trial_3",2.15616666666667,0.089451445550707
"4104",7.75,"RHLR",2.164,"rhl_Pa","trial_3",1.94566666666667,0.110671184646732
"4105",7.75,"RHLI",2.088,"rhl_Pa","trial_3",1.97866666666667,0.0928535286231911
"4106",8,"KPPR1",0.74,"rhl_Pa","trial_3",0.856333333333333,0.0357228307237911
"4107",8,"PA14",2.414,"rhl_Pa","trial_3",2.34533333333333,0.0998644637051194
"4108",8,"RHLR",2.43,"rhl_Pa","trial_3",2.21533333333333,0.118261480532665
"4109",8,"RHLI",2.416,"rhl_Pa","trial_3",2.19633333333333,0.128491677205612
"4110",8.25,"KPPR1",0.785,"rhl_Pa","trial_3",0.904133333333333,0.0380941023640226
"4111",8.25,"PA14",2.723,"rhl_Pa","trial_3",2.5705,0.108059165892271
"4112",8.25,"RHLR",2.736,"rhl_Pa","trial_3",2.511,0.121286162992047
"4113",8.25,"RHLI",2.691,"rhl_Pa","trial_3",2.406,0.147285437161995
"4114",8.5,"KPPR1",0.824,"rhl_Pa","trial_3",0.958133333333333,0.0417539124675665
"4115",8.5,"PA14",2.927,"rhl_Pa","trial_3",2.74216666666667,0.132694490382147
"4116",8.5,"RHLR",2.883,"rhl_Pa","trial_3",2.74266666666667,0.0832192552504794
"4117",8.5,"RHLI",2.918,"rhl_Pa","trial_3",2.61433333333333,0.151855560026991
"4118",8.75,"KPPR1",0.871,"rhl_Pa","trial_3",1.0124,0.0452934137964156
"4119",8.75,"PA14",3.089,"rhl_Pa","trial_3",2.91316666666667,0.148163742003381
"4120",8.75,"RHLR",3.064,"rhl_Pa","trial_3",2.96866666666667,0.0557265147344103
"4121",8.75,"RHLI",3.18,"rhl_Pa","trial_3",2.83366666666667,0.177125504782469
"4122",9,"KPPR1",0.92,"rhl_Pa","trial_3",1.06353333333333,0.049312305685939
"4123",9,"PA14",3.383,"rhl_Pa","trial_3",3.06816666666667,0.164884892509222
"4124",9,"RHLR",3.213,"rhl_Pa","trial_3",3.151,0.0393573373083089
"4125",9,"RHLI",3.328,"rhl_Pa","trial_3",2.99266666666667,0.179087812104689
"4126",9.25,"KPPR1",0.96,"rhl_Pa","trial_3",1.11513333333333,0.0527132283629493
"4127",9.25,"PA14",3.525,"rhl_Pa","trial_3",3.21383333333333,0.167183614960053
"4128",9.25,"RHLR",3.366,"rhl_Pa","trial_3",3.31466666666667,0.0309641369616171
"4129",9.25,"RHLI",3.495,"rhl_Pa","trial_3",3.13933333333333,0.195221526590805
"4130",9.5,"KPPR1",1.008,"rhl_Pa","trial_3",1.1678,0.0570499530486848
"4131",9.5,"PA14",3.588,"rhl_Pa","trial_3",3.31816666666667,0.167503117715595
"4132",9.5,"RHLR",3.51,"rhl_Pa","trial_3",3.45766666666667,0.0289616604803276
"4133",9.5,"RHLI",3.624,"rhl_Pa","trial_3",3.28166666666667,0.198615485577311
"4134",9.75,"KPPR1",1.051,"rhl_Pa","trial_3",1.22,0.0609300926511374
"4135",9.75,"PA14",3.703,"rhl_Pa","trial_3",3.41533333333333,0.1671876523883
"4136",9.75,"RHLR",3.583,"rhl_Pa","trial_3",3.567,0.0271845544381365
"4137",9.75,"RHLI",3.723,"rhl_Pa","trial_3",3.39266666666667,0.199078153274314
"4138",10,"KPPR1",1.09,"rhl_Pa","trial_3",1.27073333333333,0.0654264739387925
"4139",10,"PA14",3.796,"rhl_Pa","trial_3",3.508,0.172227175556008
"4140",10,"RHLR",3.7,"rhl_Pa","trial_3",3.69766666666667,0.00284800124843916
"4141",10,"RHLI",3.838,"rhl_Pa","trial_3",3.49233333333333,0.211617842137923
"4142",10.25,"KPPR1",1.132,"rhl_Pa","trial_3",1.3204,0.0690991558076749
"4143",10.25,"PA14",3.893,"rhl_Pa","trial_3",3.58916666666667,0.162809380701618
"4144",10.25,"RHLR",3.761,"rhl_Pa","trial_3",3.74533333333333,0.00868587614719699
"4145",10.25,"RHLI",3.91,"rhl_Pa","trial_3",3.58566666666667,0.205810862471132
"4146",10.5,"KPPR1",1.167,"rhl_Pa","trial_3",1.36826666666667,0.0734533520040775
"4147",10.5,"PA14",3.919,"rhl_Pa","trial_3",3.65233333333333,0.151609073313938
"4148",10.5,"RHLR",3.833,"rhl_Pa","trial_3",3.84833333333333,0.0304265965526507
"4149",10.5,"RHLI",3.993,"rhl_Pa","trial_3",3.674,0.206621231564748
"4150",10.75,"KPPR1",1.2,"rhl_Pa","trial_3",1.4136,0.0774789556681592
"4151",10.75,"PA14",4.027,"rhl_Pa","trial_3",3.7215,0.153817803477578
"4152",10.75,"RHLR",3.911,"rhl_Pa","trial_3",3.88833333333333,0.0113920049937567
"4153",10.75,"RHLI",4.052,"rhl_Pa","trial_3",3.74566666666667,0.20328332718428
"4154",11,"KPPR1",1.233,"rhl_Pa","trial_3",1.45633333333333,0.0808027973741755
"4155",11,"PA14",4.033,"rhl_Pa","trial_3",3.749,0.146559430493799
"4156",11,"RHLR",3.944,"rhl_Pa","trial_3",3.93133333333333,0.00938675189355252
"4157",11,"RHLI",4.092,"rhl_Pa","trial_3",3.8,0.192762375305279
"4158",11.25,"KPPR1",1.261,"rhl_Pa","trial_3",1.4984,0.0856460490290458
"4159",11.25,"PA14",4.109,"rhl_Pa","trial_3",3.83,0.145291890115496
"4160",11.25,"RHLR",3.988,"rhl_Pa","trial_3",3.97033333333333,0.0103976493069882
"4161",11.25,"RHLI",4.147,"rhl_Pa","trial_3",3.86233333333333,0.192312534981761
"4162",11.5,"KPPR1",1.295,"rhl_Pa","trial_3",1.5362,0.0883205309680382
"4163",11.5,"PA14",4.116,"rhl_Pa","trial_3",3.87783333333333,0.138698093393929
"4164",11.5,"RHLR",4.006,"rhl_Pa","trial_3",4.00833333333333,0.00120185042515457
"4165",11.5,"RHLI",4.075,"rhl_Pa","trial_3",3.89166666666667,0.159461942516423
"4166",11.75,"KPPR1",1.324,"rhl_Pa","trial_3",1.57693333333333,0.0917036358352101
"4167",11.75,"PA14",4.158,"rhl_Pa","trial_3",3.9275,0.132155400949034
"4168",11.75,"RHLR",4.033,"rhl_Pa","trial_3",4.03666666666667,0.00856997342145491
"4169",11.75,"RHLI",4.115,"rhl_Pa","trial_3",3.94533333333333,0.152501730409126
"4170",12,"KPPR1",1.355,"rhl_Pa","trial_3",1.61293333333333,0.0941514720147257
"4171",12,"PA14",4.114,"rhl_Pa","trial_3",3.96683333333333,0.129908536200581
"4172",12,"RHLR",4.029,"rhl_Pa","trial_3",4.05666666666667,0.0174769689718913
"4173",12,"RHLI",4.118,"rhl_Pa","trial_3",3.978,0.135524905460214
"4174",12.25,"KPPR1",1.378,"rhl_Pa","trial_3",1.6476,0.0967085360885013
"4175",12.25,"PA14",4.165,"rhl_Pa","trial_3",3.99266666666667,0.124125384636307
"4176",12.25,"RHLR",4.034,"rhl_Pa","trial_3",4.07666666666667,0.0232474610322169
"4177",12.25,"RHLI",4.123,"rhl_Pa","trial_3",4.00133333333333,0.127713655408409
"4178",12.5,"KPPR1",1.403,"rhl_Pa","trial_3",1.67986666666667,0.0995250084229451
"4179",12.5,"PA14",4.215,"rhl_Pa","trial_3",4.03533333333333,0.118480003000975
"4180",12.5,"RHLR",4.049,"rhl_Pa","trial_3",4.093,0.0256969518296106
"4181",12.5,"RHLI",4.13,"rhl_Pa","trial_3",4.03633333333333,0.10641167438042
"4182",12.75,"KPPR1",1.434,"rhl_Pa","trial_3",1.7112,0.100496017452482
"4183",12.75,"PA14",4.163,"rhl_Pa","trial_3",4.05116666666667,0.111160669503401
"4184",12.75,"RHLR",4.064,"rhl_Pa","trial_3",4.11633333333333,0.0318660390454234
"4185",12.75,"RHLI",4.149,"rhl_Pa","trial_3",4.067,0.102651514033322
"4186",13,"KPPR1",1.462,"rhl_Pa","trial_3",1.74026666666667,0.102390357928984
"4187",13,"PA14",4.149,"rhl_Pa","trial_3",4.055,0.105555040934418
"4188",13,"RHLR",4.071,"rhl_Pa","trial_3",4.127,0.0332315111503124
"4189",13,"RHLI",4.146,"rhl_Pa","trial_3",4.083,0.0897162192694275
"4190",13.25,"KPPR1",1.478,"rhl_Pa","trial_3",1.7674,0.103296650939119
"4191",13.25,"PA14",4.233,"rhl_Pa","trial_3",4.10366666666667,0.10492494672119
"4192",13.25,"RHLR",4.086,"rhl_Pa","trial_3",4.14866666666667,0.0369744656636322
"4193",13.25,"RHLI",4.17,"rhl_Pa","trial_3",4.119,0.0811849739791792
"4194",13.5,"KPPR1",1.5,"rhl_Pa","trial_3",1.79346666666667,0.104581791489299
"4195",13.5,"PA14",4.194,"rhl_Pa","trial_3",4.11566666666667,0.101303065655049
"4196",13.5,"RHLR",4.088,"rhl_Pa","trial_3",4.16066666666667,0.0427447202717611
"4197",13.5,"RHLI",4.174,"rhl_Pa","trial_3",4.14066666666667,0.0695756981839046
"4198",13.75,"KPPR1",1.518,"rhl_Pa","trial_3",1.81853333333333,0.105497229332459
"4199",13.75,"PA14",4.247,"rhl_Pa","trial_3",4.14866666666667,0.100090181558655
"4200",13.75,"RHLR",4.101,"rhl_Pa","trial_3",4.173,0.0424617474911244
"4201",13.75,"RHLI",4.186,"rhl_Pa","trial_3",4.165,0.0652252507341545
"4202",14,"KPPR1",1.537,"rhl_Pa","trial_3",1.84353333333333,0.106105556906079
"4203",14,"PA14",4.215,"rhl_Pa","trial_3",4.144,0.0946717134804971
"4204",14,"RHLR",4.101,"rhl_Pa","trial_3",4.17966666666667,0.0459069106392974
"4205",14,"RHLI",4.177,"rhl_Pa","trial_3",4.16966666666667,0.0532426312063724
"4206",14.25,"KPPR1",1.557,"rhl_Pa","trial_3",1.86613333333333,0.106759581555794
"4207",14.25,"PA14",4.249,"rhl_Pa","trial_3",4.17866666666667,0.0955721949336963
"4208",14.25,"RHLR",4.105,"rhl_Pa","trial_3",4.19,0.0499633198790203
"4209",14.25,"RHLI",4.187,"rhl_Pa","trial_3",4.18633333333333,0.0461892243325697
"4210",14.5,"KPPR1",1.565,"rhl_Pa","trial_3",1.88613333333333,0.107358760667509
"4211",14.5,"PA14",4.285,"rhl_Pa","trial_3",4.2005,0.0948598088409066
"4212",14.5,"RHLR",4.105,"rhl_Pa","trial_3",4.19633333333333,0.0501741411928936
"4213",14.5,"RHLI",4.188,"rhl_Pa","trial_3",4.208,0.0455668007801001
"4214",14.75,"KPPR1",1.577,"rhl_Pa","trial_3",1.90346666666667,0.108208831021831
"4215",14.75,"PA14",4.242,"rhl_Pa","trial_3",4.2,0.0861080716309453
"4216",14.75,"RHLR",4.106,"rhl_Pa","trial_3",4.20366666666667,0.0562918979763321
"4217",14.75,"RHLI",4.195,"rhl_Pa","trial_3",4.22133333333333,0.0394982418736723
"4218",15,"KPPR1",1.582,"rhl_Pa","trial_3",1.92106666666667,0.109907080523533
"4219",15,"PA14",4.268,"rhl_Pa","trial_3",4.21683333333333,0.0852625031561028
"4220",15,"RHLR",4.106,"rhl_Pa","trial_3",4.20933333333333,0.0591842696818824
"4221",15,"RHLI",4.202,"rhl_Pa","trial_3",4.23333333333333,0.0380190010974045
"4222",15.25,"KPPR1",1.588,"rhl_Pa","trial_3",1.93573333333333,0.110541070439761
"4223",15.25,"PA14",4.278,"rhl_Pa","trial_3",4.22433333333333,0.0855401140466337
"4224",15.25,"RHLR",4.109,"rhl_Pa","trial_3",4.212,0.0568008215903021
"4225",15.25,"RHLI",4.191,"rhl_Pa","trial_3",4.23633333333333,0.0453333333333334
"4226",15.5,"KPPR1",1.606,"rhl_Pa","trial_3",1.949,0.111181062107845
"4227",15.5,"PA14",4.299,"rhl_Pa","trial_3",4.23233333333333,0.0810266074268886
"4228",15.5,"RHLR",4.107,"rhl_Pa","trial_3",4.216,0.0612726148726601
"4229",15.5,"RHLI",4.198,"rhl_Pa","trial_3",4.235,0.0340440890610984
"4230",15.75,"KPPR1",1.609,"rhl_Pa","trial_3",1.96173333333333,0.112282613956148
"4231",15.75,"PA14",4.275,"rhl_Pa","trial_3",4.24316666666667,0.0842327793148909
"4232",15.75,"RHLR",4.101,"rhl_Pa","trial_3",4.21833333333333,0.0653843338354924
"4233",15.75,"RHLI",4.21,"rhl_Pa","trial_3",4.25733333333333,0.0283392150757763
"4234",16,"KPPR1",1.609,"rhl_Pa","trial_3",1.9744,0.112773890933099
"4235",16,"PA14",4.288,"rhl_Pa","trial_3",4.251,0.0785026538829527
"4236",16,"RHLR",4.101,"rhl_Pa","trial_3",4.224,0.0675746500792518
"4237",16,"RHLI",4.189,"rhl_Pa","trial_3",4.24333333333333,0.0415705558191265
"4238",16.25,"KPPR1",1.611,"rhl_Pa","trial_3",1.98553333333333,0.113421458735053
"4239",16.25,"PA14",4.293,"rhl_Pa","trial_3",4.25316666666667,0.0749463882459395
"4240",16.25,"RHLR",4.095,"rhl_Pa","trial_3",4.22866666666667,0.0736259314221409
"4241",16.25,"RHLI",4.183,"rhl_Pa","trial_3",4.24833333333333,0.0447598530431506
"4242",16.5,"KPPR1",1.618,"rhl_Pa","trial_3",1.99486666666667,0.114204781263711
"4243",16.5,"PA14",4.289,"rhl_Pa","trial_3",4.25466666666667,0.0697799716569479
"4244",16.5,"RHLR",4.084,"rhl_Pa","trial_3",4.22533333333333,0.0739939937502438
"4245",16.5,"RHLI",4.18,"rhl_Pa","trial_3",4.25066666666667,0.0428537564799687
"4246",16.75,"KPPR1",1.624,"rhl_Pa","trial_3",2.00606666666667,0.115054788880969
"4247",16.75,"PA14",4.3,"rhl_Pa","trial_3",4.25116666666667,0.0666995335649192
"4248",16.75,"RHLR",4.083,"rhl_Pa","trial_3",4.22733333333333,0.076411895525355
"4249",16.75,"RHLI",4.195,"rhl_Pa","trial_3",4.26266666666667,0.0389714995577252
"4250",17,"KPPR1",1.62,"rhl_Pa","trial_3",2.01186666666667,0.115527604067544
"4251",17,"PA14",4.275,"rhl_Pa","trial_3",4.24883333333333,0.0631640280891303
"4252",17,"RHLR",4.07,"rhl_Pa","trial_3",4.22266666666667,0.0814070704000033
"4253",17,"RHLI",4.177,"rhl_Pa","trial_3",4.25966666666667,0.0439747402241081
"4254",17.25,"KPPR1",1.622,"rhl_Pa","trial_3",2.01933333333333,0.116695520241543
"4255",17.25,"PA14",4.277,"rhl_Pa","trial_3",4.26316666666667,0.0690233857310534
"4256",17.25,"RHLR",4.055,"rhl_Pa","trial_3",4.22033333333333,0.0861497404394104
"4257",17.25,"RHLI",4.171,"rhl_Pa","trial_3",4.26633333333333,0.0485535214422645
"4258",17.5,"KPPR1",1.624,"rhl_Pa","trial_3",2.02513333333333,0.117371160028131
"4259",17.5,"PA14",4.268,"rhl_Pa","trial_3",4.26483333333333,0.0699487510809005
"4260",17.5,"RHLR",4.051,"rhl_Pa","trial_3",4.21766666666667,0.0878205240501584
"4261",17.5,"RHLI",4.163,"rhl_Pa","trial_3",4.265,0.0513939036592213
"4262",17.75,"KPPR1",1.622,"rhl_Pa","trial_3",2.03233333333333,0.117860719522448
"4263",17.75,"PA14",4.278,"rhl_Pa","trial_3",4.26866666666667,0.0676272463171794
"4264",17.75,"RHLR",4.041,"rhl_Pa","trial_3",4.212,0.0891122887148567
"4265",17.75,"RHLI",4.158,"rhl_Pa","trial_3",4.26433333333333,0.0533926753195395
"4266",18,"KPPR1",1.626,"rhl_Pa","trial_3",2.03786666666667,0.118866626605767
"4267",18,"PA14",4.284,"rhl_Pa","trial_3",4.26583333333333,0.0652152419130511
"4268",18,"RHLR",4.032,"rhl_Pa","trial_3",4.20933333333333,0.0923946847918092
"4269",18,"RHLI",4.146,"rhl_Pa","trial_3",4.26866666666667,0.0614310815286349
"4270",18.25,"KPPR1",1.629,"rhl_Pa","trial_3",2.04153333333333,0.119614494529665
"4271",18.25,"PA14",4.27,"rhl_Pa","trial_3",4.2755,0.0723361366584273
"4272",18.25,"RHLR",4.01,"rhl_Pa","trial_3",4.19266666666667,0.0956143875737911
"4273",18.25,"RHLI",4.141,"rhl_Pa","trial_3",4.26266666666667,0.0614880295486673
"4274",18.5,"KPPR1",1.629,"rhl_Pa","trial_3",2.04793333333333,0.120416082878796
"4275",18.5,"PA14",4.264,"rhl_Pa","trial_3",4.25833333333333,0.0673501629132732
"4276",18.5,"RHLR",4.005,"rhl_Pa","trial_3",4.18533333333333,0.0942449527089442
"4277",18.5,"RHLI",4.127,"rhl_Pa","trial_3",4.25833333333333,0.0674915632587594
"4278",18.75,"KPPR1",1.631,"rhl_Pa","trial_3",2.0482,0.120135962658188
"4279",18.75,"PA14",4.247,"rhl_Pa","trial_3",4.24416666666667,0.0600607562759947
"4280",18.75,"RHLR",3.983,"rhl_Pa","trial_3",4.18,0.102562176263962
"4281",18.75,"RHLI",4.124,"rhl_Pa","trial_3",4.26,0.0711055553385248
"4282",19,"KPPR1",1.63,"rhl_Pa","trial_3",2.0538,0.121246942033113
"4283",19,"PA14",4.222,"rhl_Pa","trial_3",4.24116666666667,0.0615637429372552
"4284",19,"RHLR",3.967,"rhl_Pa","trial_3",4.166,0.103210141620547
"4285",19,"RHLI",4.103,"rhl_Pa","trial_3",4.24966666666667,0.0770591403476
"4286",19.25,"KPPR1",1.632,"rhl_Pa","trial_3",2.05686666666667,0.121379878565745
"4287",19.25,"PA14",4.239,"rhl_Pa","trial_3",4.24116666666667,0.0626691932114797
"4288",19.25,"RHLR",3.945,"rhl_Pa","trial_3",4.15866666666667,0.110154941383086
"4289",19.25,"RHLI",4.096,"rhl_Pa","trial_3",4.249,0.0810740402348371
"4290",19.5,"KPPR1",1.628,"rhl_Pa","trial_3",2.05626666666667,0.121362874478101
"4291",19.5,"PA14",4.219,"rhl_Pa","trial_3",4.21883333333333,0.0543540349110451
"4292",19.5,"RHLR",3.929,"rhl_Pa","trial_3",4.145,0.112095197637246
"4293",19.5,"RHLI",4.083,"rhl_Pa","trial_3",4.245,0.0861858457056609
"4294",19.75,"KPPR1",1.63,"rhl_Pa","trial_3",2.05833333333333,0.121916351755607
"4295",19.75,"PA14",4.196,"rhl_Pa","trial_3",4.22333333333333,0.0644813495860969
"4296",19.75,"RHLR",3.903,"rhl_Pa","trial_3",4.12966666666667,0.115898422959264
"4297",19.75,"RHLI",4.06,"rhl_Pa","trial_3",4.23333333333333,0.0933333333333334
"4298",20,"KPPR1",1.634,"rhl_Pa","trial_3",2.0576,0.121534114356344
"4299",20,"PA14",4.179,"rhl_Pa","trial_3",4.2145,0.0646558839807588
"4300",20,"RHLR",3.878,"rhl_Pa","trial_3",4.113,0.120657918651588
"4301",20,"RHLI",4.046,"rhl_Pa","trial_3",4.231,0.100599867461808
"4302",20.25,"KPPR1",1.634,"rhl_Pa","trial_3",2.05826666666667,0.121737401486293
"4303",20.25,"PA14",4.145,"rhl_Pa","trial_3",4.19766666666667,0.0629362993651341
"4304",20.25,"RHLR",3.854,"rhl_Pa","trial_3",4.103,0.126270872862008
"4305",20.25,"RHLI",4.031,"rhl_Pa","trial_3",4.22066666666667,0.106383478249418
"4306",20.5,"KPPR1",1.628,"rhl_Pa","trial_3",2.05813333333333,0.122028211674368
"4307",20.5,"PA14",4.119,"rhl_Pa","trial_3",4.18633333333333,0.064528891031675
"4308",20.5,"RHLR",3.836,"rhl_Pa","trial_3",4.085,0.126368508735365
"4309",20.5,"RHLI",4.018,"rhl_Pa","trial_3",4.209,0.109137527917761
"4310",20.75,"KPPR1",1.632,"rhl_Pa","trial_3",2.05906666666667,0.121672412127877
"4311",20.75,"PA14",4.105,"rhl_Pa","trial_3",4.17133333333333,0.0627235557382108
"4312",20.75,"RHLR",3.815,"rhl_Pa","trial_3",4.07,0.12871026895059
"4313",20.75,"RHLI",4.009,"rhl_Pa","trial_3",4.205,0.113450429703902
"4314",21,"KPPR1",1.629,"rhl_Pa","trial_3",2.05626666666667,0.12198838612428
"4315",21,"PA14",4.101,"rhl_Pa","trial_3",4.16666666666667,0.0682923454308346
"4316",21,"RHLR",3.787,"rhl_Pa","trial_3",4.054,0.134187679513931
"4317",21,"RHLI",3.988,"rhl_Pa","trial_3",4.191,0.11807765806169
"4318",21.25,"KPPR1",1.626,"rhl_Pa","trial_3",2.05726666666667,0.122201374268115
"4319",21.25,"PA14",4.087,"rhl_Pa","trial_3",4.13366666666667,0.058576825148214
"4320",21.25,"RHLR",3.761,"rhl_Pa","trial_3",4.03866666666667,0.13933692180387
"4321",21.25,"RHLI",3.955,"rhl_Pa","trial_3",4.18266666666667,0.128296964543636
"4322",21.5,"KPPR1",1.628,"rhl_Pa","trial_3",2.0536,0.121864163254479
"4323",21.5,"PA14",4.066,"rhl_Pa","trial_3",4.1325,0.064824249577865
"4324",21.5,"RHLR",3.743,"rhl_Pa","trial_3",4.017,0.137642047839072
"4325",21.5,"RHLI",3.944,"rhl_Pa","trial_3",4.17,0.132850793499073
"4326",21.75,"KPPR1",1.627,"rhl_Pa","trial_3",2.05146666666667,0.121919171767382
"4327",21.75,"PA14",4.043,"rhl_Pa","trial_3",4.11383333333333,0.0675343945293392
"4328",21.75,"RHLR",3.717,"rhl_Pa","trial_3",4.00266666666667,0.14342284026999
"4329",21.75,"RHLI",3.92,"rhl_Pa","trial_3",4.15666666666667,0.140750764750241
"4330",22,"KPPR1",1.627,"rhl_Pa","trial_3",2.0502,0.122173732661243
"4331",22,"PA14",4.019,"rhl_Pa","trial_3",4.10366666666667,0.0683976932684461
"4332",22,"RHLR",3.694,"rhl_Pa","trial_3",3.98633333333333,0.146645074168135
"4333",22,"RHLI",3.902,"rhl_Pa","trial_3",4.14666666666667,0.142328649415514
"4334",22.25,"KPPR1",1.624,"rhl_Pa","trial_3",2.05,0.121939446330663
"4335",22.25,"PA14",3.996,"rhl_Pa","trial_3",4.08383333333333,0.0737877210501705
"4336",22.25,"RHLR",3.674,"rhl_Pa","trial_3",3.96533333333333,0.145959278948312
"4337",22.25,"RHLI",3.881,"rhl_Pa","trial_3",4.12833333333333,0.149014913496752
"4338",22.5,"KPPR1",1.625,"rhl_Pa","trial_3",2.04946666666667,0.121412083287678
"4339",22.5,"PA14",3.979,"rhl_Pa","trial_3",4.06666666666667,0.0722148030377276
"4340",22.5,"RHLR",3.655,"rhl_Pa","trial_3",3.95066666666667,0.147856161334063
"4341",22.5,"RHLI",3.864,"rhl_Pa","trial_3",4.11566666666667,0.151941143575765
"4342",22.75,"KPPR1",1.626,"rhl_Pa","trial_3",2.04713333333333,0.120671725755561
"4343",22.75,"PA14",3.95,"rhl_Pa","trial_3",4.04766666666667,0.0750722614848151
"4344",22.75,"RHLR",3.63,"rhl_Pa","trial_3",3.92633333333333,0.148315354715702
"4345",22.75,"RHLI",3.847,"rhl_Pa","trial_3",4.103,0.155850355576538
"4346",23,"KPPR1",1.622,"rhl_Pa","trial_3",2.04333333333333,0.120772894572798
"4347",23,"PA14",3.943,"rhl_Pa","trial_3",4.03766666666667,0.0787022518384604
"4348",23,"RHLR",3.605,"rhl_Pa","trial_3",3.91233333333333,0.153666666666667
"4349",23,"RHLI",3.824,"rhl_Pa","trial_3",4.07833333333333,0.158029884656177
"4350",23.25,"KPPR1",1.624,"rhl_Pa","trial_3",2.04066666666667,0.120758107946923
"4351",23.25,"PA14",3.915,"rhl_Pa","trial_3",4.006,0.0746869020199213
"4352",23.25,"RHLR",3.585,"rhl_Pa","trial_3",3.89133333333333,0.153179995792894
"4353",23.25,"RHLI",3.811,"rhl_Pa","trial_3",4.07966666666667,0.163029990424393
"4354",23.5,"KPPR1",1.627,"rhl_Pa","trial_3",2.04033333333333,0.120706951970333
"4355",23.5,"PA14",3.912,"rhl_Pa","trial_3",3.99916666666667,0.075153805255918
"4356",23.5,"RHLR",3.562,"rhl_Pa","trial_3",3.867,0.152762342654639
"4357",23.5,"RHLI",3.789,"rhl_Pa","trial_3",4.05333333333333,0.167242671322576
"4358",23.75,"KPPR1",1.621,"rhl_Pa","trial_3",2.03886666666667,0.120784493906519
"4359",23.75,"PA14",3.879,"rhl_Pa","trial_3",3.968,0.0737382759042638
"4360",23.75,"RHLR",3.54,"rhl_Pa","trial_3",3.85133333333333,0.155676302342749
"4361",23.75,"RHLI",3.767,"rhl_Pa","trial_3",4.04066666666667,0.167891168452794
"4362",24,"KPPR1",1.62,"rhl_Pa","trial_3",2.03546666666667,0.120323131080503
"4363",24,"PA14",3.861,"rhl_Pa","trial_3",3.95716666666667,0.0792933022252055
"4364",24,"RHLR",3.52,"rhl_Pa","trial_3",3.83866666666667,0.159370985788226
"4365",24,"RHLI",3.74,"rhl_Pa","trial_3",4.032,0.174330146561058
