"","Strain","Plate","Chemical","corr_OD595","trial","chem_mean"
"1","JV1","PM1","Negative Control",0,"trial_1",0
"2","JV1","PM1","L-Arabinose",3.941,"trial_1",3.39133333333333
"3","JV1","PM1","N-Acetyl-D-Glucosamine",4.015,"trial_1",3.80366666666667
"4","JV1","PM1","D-Saccharic acid",2.248,"trial_1",2.146
"5","JV1","PM1","Succinic acid",1.522,"trial_1",1.42333333333333
"6","JV1","PM1","D-Galactose",3.888,"trial_1",3.236
"7","JV1","PM1","L-Aspartic acid",2.204,"trial_1",1.95933333333333
"8","JV1","PM1","L-Proline",1.906,"trial_1",1.783
"9","JV1","PM1","D-Alanine",1.895,"trial_1",1.76133333333333
"10","JV1","PM1","D-Trehalose",4.486,"trial_1",3.71166666666667
"11","JV1","PM1","D-Mannose",4.202,"trial_1",3.45466666666667
"12","JV1","PM1","Dulcitol",0.095,"trial_1",0.041
"13","JV1","PM1","D-Serine",2.03,"trial_1",2.00233333333333
"14","JV1","PM1","D-Sorbitol",3.677,"trial_1",3.52233333333333
"15","JV1","PM1","Glycerol",1.68,"trial_1",1.451
"16","JV1","PM1","L-Fucose",2.385,"trial_1",2.11033333333333
"17","JV1","PM1","D-Glucuronic acid",2.425,"trial_1",2.20066666666667
"18","JV1","PM1","D-Gluconic acid",2.817,"trial_1",2.54366666666667
"19","JV1","PM1","DL-a-Glycerol Phosphate",2.031,"trial_1",2.03866666666667
"20","JV1","PM1","D-Xylose",3.769,"trial_1",3.397
"21","JV1","PM1","L-Lactic acid",1.896,"trial_1",1.91666666666667
"22","JV1","PM1","Formic acid",0.105,"trial_1",0.188333333333333
"23","JV1","PM1","D-Mannitol",3.387,"trial_1",3.13133333333333
"24","JV1","PM1","L-Glutamic acid",1.89,"trial_1",1.83333333333333
"25","JV1","PM1","D-Glucose-6-Phosphate",2.391,"trial_1",2.383
"26","JV1","PM1","D-Galactonic acid-g-Lactone",0.93,"trial_1",0.622333333333333
"27","JV1","PM1","DL-Malic acid",1.722,"trial_1",1.768
"28","JV1","PM1","D-Ribose",2.516,"trial_1",2.32633333333333
"29","JV1","PM1","Tween 20",1.441,"trial_1",1.003
"30","JV1","PM1","L-Rhamnose",2.256,"trial_1",1.97933333333333
"31","JV1","PM1","D-Fructose",3.87,"trial_1",3.35033333333333
"32","JV1","PM1","Acetic acid",1.519,"trial_1",1.57666666666667
"33","JV1","PM1","a-D-Glucose",4.37,"trial_1",3.771
"34","JV1","PM1","Maltose",3.392,"trial_1",3.07033333333333
"35","JV1","PM1","D-Melibiose",4.451,"trial_1",3.782
"36","JV1","PM1","Thymidine",2.435,"trial_1",2.10966666666667
"37","JV1","PM1","L-Asparagine",1.659,"trial_1",1.673
"38","JV1","PM1","D-Aspartic acid",0,"trial_1",0.00933333333333333
"39","JV1","PM1","D-Glucosaminic acid",0.846,"trial_1",0.387333333333333
"40","JV1","PM1","1,2-Propanediol",0.19,"trial_1",0.0853333333333333
"41","JV1","PM1","Tween 40",1.252,"trial_1",0.468666666666667
"42","JV1","PM1","a-Ketoglutaric acid",0.151,"trial_1",0.0933333333333333
"43","JV1","PM1","a-Ketobutyric acid",0.052,"trial_1",0.0636666666666667
"44","JV1","PM1","a-Methyl D-Galactoside",2.666,"trial_1",2.25666666666667
"45","JV1","PM1","a-D-Lactose",3.027,"trial_1",2.675
"46","JV1","PM1","Lactulose",1.992,"trial_1",2.21166666666667
"47","JV1","PM1","Sucrose",4.29,"trial_1",4.007
"48","JV1","PM1","Uridine",2.977,"trial_1",2.62666666666667
"49","JV1","PM1","L-Glutamine",2.344,"trial_1",2.33333333333333
"50","JV1","PM1","m-Tartaric acid",0.132,"trial_1",0.0706666666666667
"51","JV1","PM1","D-Glucose-1-Phosphate",2.169,"trial_1",2.07166666666667
"52","JV1","PM1","D-Fructose-6-Phosphate",2.276,"trial_1",2.329
"53","JV1","PM1","Tween 80",1.108,"trial_1",0.616666666666667
"54","JV1","PM1","a-Hydroxyglutaric acid-g-Lactone",0.065,"trial_1",0.0503333333333333
"55","JV1","PM1","a-Hydroxybutyric acid",0.872,"trial_1",0.667333333333333
"56","JV1","PM1","b-Methyl D-Glucoside",3.366,"trial_1",3.26033333333333
"57","JV1","PM1","Adonitol",2.872,"trial_1",3.03266666666667
"58","JV1","PM1","Maltotriose",4.446,"trial_1",4.073
"59","JV1","PM1","2`-Deoxyadenosine",2.213,"trial_1",2.32066666666667
"60","JV1","PM1","Adenosine",2.179,"trial_1",2.11133333333333
"61","JV1","PM1","Gly-Asp",1.664,"trial_1",1.73633333333333
"62","JV1","PM1","Citric acid",1.933,"trial_1",1.84733333333333
"63","JV1","PM1","m-Inositol",1.99,"trial_1",1.76766666666667
"64","JV1","PM1","D-Threonine",0.579,"trial_1",0.218666666666667
"65","JV1","PM1","Fumaric acid",1.77,"trial_1",1.811
"66","JV1","PM1","Bromosuccinic acid",1.55,"trial_1",1.567
"67","JV1","PM1","Propionic acid",0.019,"trial_1",0.007
"68","JV1","PM1","Mucic acid",2.426,"trial_1",2.31233333333333
"69","JV1","PM1","Glycolic acid",1.189,"trial_1",0.402333333333333
"70","JV1","PM1","Glyoxylic acid",0,"trial_1",0.00266666666666667
"71","JV1","PM1","D-Cellobiose",6.405,"trial_1",4.785
"72","JV1","PM1","Inosine",2.971,"trial_1",2.68
"73","JV1","PM1","Gly-Glu",1.825,"trial_1",1.71
"74","JV1","PM1","Tricarballylic acid",0.736,"trial_1",0.267
"75","JV1","PM1","L-Serine",2.008,"trial_1",1.97666666666667
"76","JV1","PM1","L-Threonine",1.529,"trial_1",1.51566666666667
"77","JV1","PM1","L-Alanine",1.64,"trial_1",1.60566666666667
"78","JV1","PM1","Ala-Gly",1.727,"trial_1",1.657
"79","JV1","PM1","Acetoacetic acid",0.417,"trial_1",0.178666666666667
"80","JV1","PM1","N-Acetyl-D-Mannosamine",1.793,"trial_1",1.79766666666667
"81","JV1","PM1","Mono-methyl Succinate",1.489,"trial_1",0.970333333333333
"82","JV1","PM1","Methyl Pyruvate",1.674,"trial_1",1.69166666666667
"83","JV1","PM1","D-Malic acid",1.594,"trial_1",1.41133333333333
"84","JV1","PM1","L-Malic acid",2.098,"trial_1",1.95433333333333
"85","JV1","PM1","Gly-Pro",1.483,"trial_1",1.69833333333333
"86","JV1","PM1","p-Hydroxyphenyl Acetic acid",1.352,"trial_1",1.554
"87","JV1","PM1","m-Hydroxyphenyl Acetic acid",1.993,"trial_1",1.60133333333333
"88","JV1","PM1","Tyramine",1.573,"trial_1",1.51666666666667
"89","JV1","PM1","D-Psicose",0.266,"trial_1",0.262666666666667
"90","JV1","PM1","L-Lyxose",1.381,"trial_1",1.506
"91","JV1","PM1","Glucuronamide",0.417,"trial_1",0.383333333333333
"92","JV1","PM1","Pyruvic acid",2.128,"trial_1",1.986
"93","JV1","PM1","L-Galactonic acid-g-Lactone",2.642,"trial_1",2.524
"94","JV1","PM1","D-Galacturonic acid",2.449,"trial_1",2.412
"95","JV1","PM1","b-Phenylethylamine",0.059,"trial_1",0.033
"96","JV1","PM1","Ethanolamine",0.051,"trial_1",0.0243333333333333
"97","JV1","PM1","Negative Control",0,"trial_2",0
"98","JV1","PM1","L-Arabinose",3.268,"trial_2",3.39133333333333
"99","JV1","PM1","N-Acetyl-D-Glucosamine",3.899,"trial_2",3.80366666666667
"100","JV1","PM1","D-Saccharic acid",2.113,"trial_2",2.146
"101","JV1","PM1","Succinic acid",1.498,"trial_2",1.42333333333333
"102","JV1","PM1","D-Galactose",3.471,"trial_2",3.236
"103","JV1","PM1","L-Aspartic acid",2.051,"trial_2",1.95933333333333
"104","JV1","PM1","L-Proline",1.935,"trial_2",1.783
"105","JV1","PM1","D-Alanine",1.902,"trial_2",1.76133333333333
"106","JV1","PM1","D-Trehalose",4.066,"trial_2",3.71166666666667
"107","JV1","PM1","D-Mannose",3.701,"trial_2",3.45466666666667
"108","JV1","PM1","Dulcitol",0.028,"trial_2",0.041
"109","JV1","PM1","D-Serine",1.96,"trial_2",2.00233333333333
"110","JV1","PM1","D-Sorbitol",3.36,"trial_2",3.52233333333333
"111","JV1","PM1","Glycerol",1.565,"trial_2",1.451
"112","JV1","PM1","L-Fucose",2.045,"trial_2",2.11033333333333
"113","JV1","PM1","D-Glucuronic acid",2.306,"trial_2",2.20066666666667
"114","JV1","PM1","D-Gluconic acid",2.633,"trial_2",2.54366666666667
"115","JV1","PM1","DL-a-Glycerol Phosphate",2.294,"trial_2",2.03866666666667
"116","JV1","PM1","D-Xylose",3.242,"trial_2",3.397
"117","JV1","PM1","L-Lactic acid",2.091,"trial_2",1.91666666666667
"118","JV1","PM1","Formic acid",0.249,"trial_2",0.188333333333333
"119","JV1","PM1","D-Mannitol",3.367,"trial_2",3.13133333333333
"120","JV1","PM1","L-Glutamic acid",1.942,"trial_2",1.83333333333333
"121","JV1","PM1","D-Glucose-6-Phosphate",2.356,"trial_2",2.383
"122","JV1","PM1","D-Galactonic acid-g-Lactone",0.676,"trial_2",0.622333333333333
"123","JV1","PM1","DL-Malic acid",1.96,"trial_2",1.768
"124","JV1","PM1","D-Ribose",2.212,"trial_2",2.32633333333333
"125","JV1","PM1","Tween 20",1.53,"trial_2",1.003
"126","JV1","PM1","L-Rhamnose",2.036,"trial_2",1.97933333333333
"127","JV1","PM1","D-Fructose",3.543,"trial_2",3.35033333333333
"128","JV1","PM1","Acetic acid",1.715,"trial_2",1.57666666666667
"129","JV1","PM1","a-D-Glucose",3.899,"trial_2",3.771
"130","JV1","PM1","Maltose",3.292,"trial_2",3.07033333333333
"131","JV1","PM1","D-Melibiose",3.896,"trial_2",3.782
"132","JV1","PM1","Thymidine",2.01,"trial_2",2.10966666666667
"133","JV1","PM1","L-Asparagine",1.778,"trial_2",1.673
"134","JV1","PM1","D-Aspartic acid",0.028,"trial_2",0.00933333333333333
"135","JV1","PM1","D-Glucosaminic acid",0.201,"trial_2",0.387333333333333
"136","JV1","PM1","1,2-Propanediol",0.065,"trial_2",0.0853333333333333
"137","JV1","PM1","Tween 40",0.154,"trial_2",0.468666666666667
"138","JV1","PM1","a-Ketoglutaric acid",0.082,"trial_2",0.0933333333333333
"139","JV1","PM1","a-Ketobutyric acid",0.139,"trial_2",0.0636666666666667
"140","JV1","PM1","a-Methyl D-Galactoside",2.222,"trial_2",2.25666666666667
"141","JV1","PM1","a-D-Lactose",2.672,"trial_2",2.675
"142","JV1","PM1","Lactulose",2.381,"trial_2",2.21166666666667
"143","JV1","PM1","Sucrose",4.472,"trial_2",4.007
"144","JV1","PM1","Uridine",2.555,"trial_2",2.62666666666667
"145","JV1","PM1","L-Glutamine",2.498,"trial_2",2.33333333333333
"146","JV1","PM1","m-Tartaric acid",0.065,"trial_2",0.0706666666666667
"147","JV1","PM1","D-Glucose-1-Phosphate",2.06,"trial_2",2.07166666666667
"148","JV1","PM1","D-Fructose-6-Phosphate",2.421,"trial_2",2.329
"149","JV1","PM1","Tween 80",0.742,"trial_2",0.616666666666667
"150","JV1","PM1","a-Hydroxyglutaric acid-g-Lactone",0.07,"trial_2",0.0503333333333333
"151","JV1","PM1","a-Hydroxybutyric acid",0.654,"trial_2",0.667333333333333
"152","JV1","PM1","b-Methyl D-Glucoside",3.484,"trial_2",3.26033333333333
"153","JV1","PM1","Adonitol",3.603,"trial_2",3.03266666666667
"154","JV1","PM1","Maltotriose",4.283,"trial_2",4.073
"155","JV1","PM1","2`-Deoxyadenosine",2.525,"trial_2",2.32066666666667
"156","JV1","PM1","Adenosine",2.071,"trial_2",2.11133333333333
"157","JV1","PM1","Gly-Asp",1.855,"trial_2",1.73633333333333
"158","JV1","PM1","Citric acid",1.888,"trial_2",1.84733333333333
"159","JV1","PM1","m-Inositol",1.74,"trial_2",1.76766666666667
"160","JV1","PM1","D-Threonine",0.077,"trial_2",0.218666666666667
"161","JV1","PM1","Fumaric acid",2.178,"trial_2",1.811
"162","JV1","PM1","Bromosuccinic acid",1.693,"trial_2",1.567
"163","JV1","PM1","Propionic acid",0.002,"trial_2",0.007
"164","JV1","PM1","Mucic acid",2.393,"trial_2",2.31233333333333
"165","JV1","PM1","Glycolic acid",0.018,"trial_2",0.402333333333333
"166","JV1","PM1","Glyoxylic acid",0.008,"trial_2",0.00266666666666667
"167","JV1","PM1","D-Cellobiose",4.247,"trial_2",4.785
"168","JV1","PM1","Inosine",2.46,"trial_2",2.68
"169","JV1","PM1","Gly-Glu",1.609,"trial_2",1.71
"170","JV1","PM1","Tricarballylic acid",0.06,"trial_2",0.267
"171","JV1","PM1","L-Serine",2.18,"trial_2",1.97666666666667
"172","JV1","PM1","L-Threonine",1.58,"trial_2",1.51566666666667
"173","JV1","PM1","L-Alanine",1.735,"trial_2",1.60566666666667
"174","JV1","PM1","Ala-Gly",1.754,"trial_2",1.657
"175","JV1","PM1","Acetoacetic acid",0.109,"trial_2",0.178666666666667
"176","JV1","PM1","N-Acetyl-D-Mannosamine",1.869,"trial_2",1.79766666666667
"177","JV1","PM1","Mono-methyl Succinate",1.099,"trial_2",0.970333333333333
"178","JV1","PM1","Methyl Pyruvate",1.767,"trial_2",1.69166666666667
"179","JV1","PM1","D-Malic acid",1.568,"trial_2",1.41133333333333
"180","JV1","PM1","L-Malic acid",2.066,"trial_2",1.95433333333333
"181","JV1","PM1","Gly-Pro",2.016,"trial_2",1.69833333333333
"182","JV1","PM1","p-Hydroxyphenyl Acetic acid",1.899,"trial_2",1.554
"183","JV1","PM1","m-Hydroxyphenyl Acetic acid",1.547,"trial_2",1.60133333333333
"184","JV1","PM1","Tyramine",1.644,"trial_2",1.51666666666667
"185","JV1","PM1","D-Psicose",0.312,"trial_2",0.262666666666667
"186","JV1","PM1","L-Lyxose",1.717,"trial_2",1.506
"187","JV1","PM1","Glucuronamide",0.378,"trial_2",0.383333333333333
"188","JV1","PM1","Pyruvic acid",1.954,"trial_2",1.986
"189","JV1","PM1","L-Galactonic acid-g-Lactone",2.368,"trial_2",2.524
"190","JV1","PM1","D-Galacturonic acid",2.46,"trial_2",2.412
"191","JV1","PM1","b-Phenylethylamine",0.014,"trial_2",0.033
"192","JV1","PM1","Ethanolamine",0.002,"trial_2",0.0243333333333333
"193","JV1","PM1","Negative Control",0,"trial_3",0
"194","JV1","PM1","L-Arabinose",2.965,"trial_3",3.39133333333333
"195","JV1","PM1","N-Acetyl-D-Glucosamine",3.497,"trial_3",3.80366666666667
"196","JV1","PM1","D-Saccharic acid",2.077,"trial_3",2.146
"197","JV1","PM1","Succinic acid",1.25,"trial_3",1.42333333333333
"198","JV1","PM1","D-Galactose",2.349,"trial_3",3.236
"199","JV1","PM1","L-Aspartic acid",1.623,"trial_3",1.95933333333333
"200","JV1","PM1","L-Proline",1.508,"trial_3",1.783
"201","JV1","PM1","D-Alanine",1.487,"trial_3",1.76133333333333
"202","JV1","PM1","D-Trehalose",2.583,"trial_3",3.71166666666667
"203","JV1","PM1","D-Mannose",2.461,"trial_3",3.45466666666667
"204","JV1","PM1","Dulcitol",0,"trial_3",0.041
"205","JV1","PM1","D-Serine",2.017,"trial_3",2.00233333333333
"206","JV1","PM1","D-Sorbitol",3.53,"trial_3",3.52233333333333
"207","JV1","PM1","Glycerol",1.108,"trial_3",1.451
"208","JV1","PM1","L-Fucose",1.901,"trial_3",2.11033333333333
"209","JV1","PM1","D-Glucuronic acid",1.871,"trial_3",2.20066666666667
"210","JV1","PM1","D-Gluconic acid",2.181,"trial_3",2.54366666666667
"211","JV1","PM1","DL-a-Glycerol Phosphate",1.791,"trial_3",2.03866666666667
"212","JV1","PM1","D-Xylose",3.18,"trial_3",3.397
"213","JV1","PM1","L-Lactic acid",1.763,"trial_3",1.91666666666667
"214","JV1","PM1","Formic acid",0.211,"trial_3",0.188333333333333
"215","JV1","PM1","D-Mannitol",2.64,"trial_3",3.13133333333333
"216","JV1","PM1","L-Glutamic acid",1.668,"trial_3",1.83333333333333
"217","JV1","PM1","D-Glucose-6-Phosphate",2.402,"trial_3",2.383
"218","JV1","PM1","D-Galactonic acid-g-Lactone",0.261,"trial_3",0.622333333333333
"219","JV1","PM1","DL-Malic acid",1.622,"trial_3",1.768
"220","JV1","PM1","D-Ribose",2.251,"trial_3",2.32633333333333
"221","JV1","PM1","Tween 20",0.038,"trial_3",1.003
"222","JV1","PM1","L-Rhamnose",1.646,"trial_3",1.97933333333333
"223","JV1","PM1","D-Fructose",2.638,"trial_3",3.35033333333333
"224","JV1","PM1","Acetic acid",1.496,"trial_3",1.57666666666667
"225","JV1","PM1","a-D-Glucose",3.044,"trial_3",3.771
"226","JV1","PM1","Maltose",2.527,"trial_3",3.07033333333333
"227","JV1","PM1","D-Melibiose",2.999,"trial_3",3.782
"228","JV1","PM1","Thymidine",1.884,"trial_3",2.10966666666667
"229","JV1","PM1","L-Asparagine",1.582,"trial_3",1.673
"230","JV1","PM1","D-Aspartic acid",0,"trial_3",0.00933333333333333
"231","JV1","PM1","D-Glucosaminic acid",0.115,"trial_3",0.387333333333333
"232","JV1","PM1","1,2-Propanediol",0.001,"trial_3",0.0853333333333333
"233","JV1","PM1","Tween 40",0,"trial_3",0.468666666666667
"234","JV1","PM1","a-Ketoglutaric acid",0.047,"trial_3",0.0933333333333333
"235","JV1","PM1","a-Ketobutyric acid",0,"trial_3",0.0636666666666667
"236","JV1","PM1","a-Methyl D-Galactoside",1.882,"trial_3",2.25666666666667
"237","JV1","PM1","a-D-Lactose",2.326,"trial_3",2.675
"238","JV1","PM1","Lactulose",2.262,"trial_3",2.21166666666667
"239","JV1","PM1","Sucrose",3.259,"trial_3",4.007
"240","JV1","PM1","Uridine",2.348,"trial_3",2.62666666666667
"241","JV1","PM1","L-Glutamine",2.158,"trial_3",2.33333333333333
"242","JV1","PM1","m-Tartaric acid",0.015,"trial_3",0.0706666666666667
"243","JV1","PM1","D-Glucose-1-Phosphate",1.986,"trial_3",2.07166666666667
"244","JV1","PM1","D-Fructose-6-Phosphate",2.29,"trial_3",2.329
"245","JV1","PM1","Tween 80",0,"trial_3",0.616666666666667
"246","JV1","PM1","a-Hydroxyglutaric acid-g-Lactone",0.016,"trial_3",0.0503333333333333
"247","JV1","PM1","a-Hydroxybutyric acid",0.476,"trial_3",0.667333333333333
"248","JV1","PM1","b-Methyl D-Glucoside",2.931,"trial_3",3.26033333333333
"249","JV1","PM1","Adonitol",2.623,"trial_3",3.03266666666667
"250","JV1","PM1","Maltotriose",3.49,"trial_3",4.073
"251","JV1","PM1","2`-Deoxyadenosine",2.224,"trial_3",2.32066666666667
"252","JV1","PM1","Adenosine",2.084,"trial_3",2.11133333333333
"253","JV1","PM1","Gly-Asp",1.69,"trial_3",1.73633333333333
"254","JV1","PM1","Citric acid",1.721,"trial_3",1.84733333333333
"255","JV1","PM1","m-Inositol",1.573,"trial_3",1.76766666666667
"256","JV1","PM1","D-Threonine",0,"trial_3",0.218666666666667
"257","JV1","PM1","Fumaric acid",1.485,"trial_3",1.811
"258","JV1","PM1","Bromosuccinic acid",1.458,"trial_3",1.567
"259","JV1","PM1","Propionic acid",0,"trial_3",0.007
"260","JV1","PM1","Mucic acid",2.118,"trial_3",2.31233333333333
"261","JV1","PM1","Glycolic acid",0,"trial_3",0.402333333333333
"262","JV1","PM1","Glyoxylic acid",0,"trial_3",0.00266666666666667
"263","JV1","PM1","D-Cellobiose",3.703,"trial_3",4.785
"264","JV1","PM1","Inosine",2.609,"trial_3",2.68
"265","JV1","PM1","Gly-Glu",1.696,"trial_3",1.71
"266","JV1","PM1","Tricarballylic acid",0.005,"trial_3",0.267
"267","JV1","PM1","L-Serine",1.742,"trial_3",1.97666666666667
"268","JV1","PM1","L-Threonine",1.438,"trial_3",1.51566666666667
"269","JV1","PM1","L-Alanine",1.442,"trial_3",1.60566666666667
"270","JV1","PM1","Ala-Gly",1.49,"trial_3",1.657
"271","JV1","PM1","Acetoacetic acid",0.01,"trial_3",0.178666666666667
"272","JV1","PM1","N-Acetyl-D-Mannosamine",1.731,"trial_3",1.79766666666667
"273","JV1","PM1","Mono-methyl Succinate",0.323,"trial_3",0.970333333333333
"274","JV1","PM1","Methyl Pyruvate",1.634,"trial_3",1.69166666666667
"275","JV1","PM1","D-Malic acid",1.072,"trial_3",1.41133333333333
"276","JV1","PM1","L-Malic acid",1.699,"trial_3",1.95433333333333
"277","JV1","PM1","Gly-Pro",1.596,"trial_3",1.69833333333333
"278","JV1","PM1","p-Hydroxyphenyl Acetic acid",1.411,"trial_3",1.554
"279","JV1","PM1","m-Hydroxyphenyl Acetic acid",1.264,"trial_3",1.60133333333333
"280","JV1","PM1","Tyramine",1.333,"trial_3",1.51666666666667
"281","JV1","PM1","D-Psicose",0.21,"trial_3",0.262666666666667
"282","JV1","PM1","L-Lyxose",1.42,"trial_3",1.506
"283","JV1","PM1","Glucuronamide",0.355,"trial_3",0.383333333333333
"284","JV1","PM1","Pyruvic acid",1.876,"trial_3",1.986
"285","JV1","PM1","L-Galactonic acid-g-Lactone",2.562,"trial_3",2.524
"286","JV1","PM1","D-Galacturonic acid",2.327,"trial_3",2.412
"287","JV1","PM1","b-Phenylethylamine",0.026,"trial_3",0.033
"288","JV1","PM1","Ethanolamine",0.02,"trial_3",0.0243333333333333
"289","JV3","PM1","Negative Control",0,"trial_1",0
"290","JV3","PM1","L-Arabinose",0.37,"trial_1",0.499
"291","JV3","PM1","N-Acetyl-D-Glucosamine",0.323,"trial_1",0.309
"292","JV3","PM1","D-Saccharic acid",0.031,"trial_1",0.0183333333333333
"293","JV3","PM1","Succinic acid",1.22,"trial_1",1.10433333333333
"294","JV3","PM1","D-Galactose",0,"trial_1",0.0233333333333333
"295","JV3","PM1","L-Aspartic acid",0.805,"trial_1",0.915333333333333
"296","JV3","PM1","L-Proline",0.952,"trial_1",1.173
"297","JV3","PM1","D-Alanine",0.307,"trial_1",0.323
"298","JV3","PM1","D-Trehalose",0.068,"trial_1",0.064
"299","JV3","PM1","D-Mannose",0.015,"trial_1",0.013
"300","JV3","PM1","Dulcitol",0.017,"trial_1",0.0106666666666667
"301","JV3","PM1","D-Serine",0.028,"trial_1",0.0423333333333333
"302","JV3","PM1","D-Sorbitol",0.039,"trial_1",0.0306666666666667
"303","JV3","PM1","Glycerol",0.342,"trial_1",0.252333333333333
"304","JV3","PM1","L-Fucose",0.074,"trial_1",0.086
"305","JV3","PM1","D-Glucuronic acid",0.059,"trial_1",0.0493333333333333
"306","JV3","PM1","D-Gluconic acid",2.04,"trial_1",1.60566666666667
"307","JV3","PM1","DL-a-Glycerol Phosphate",0.284,"trial_1",0.304666666666667
"308","JV3","PM1","D-Xylose",0.648,"trial_1",0.794
"309","JV3","PM1","L-Lactic acid",1.693,"trial_1",1.44866666666667
"310","JV3","PM1","Formic acid",0.18,"trial_1",0.0933333333333333
"311","JV3","PM1","D-Mannitol",0.791,"trial_1",0.827333333333333
"312","JV3","PM1","L-Glutamic acid",1.657,"trial_1",1.708
"313","JV3","PM1","D-Glucose-6-Phosphate",0.009,"trial_1",0.003
"314","JV3","PM1","D-Galactonic acid-g-Lactone",0.04,"trial_1",0.0236666666666667
"315","JV3","PM1","DL-Malic acid",1.457,"trial_1",1.22333333333333
"316","JV3","PM1","D-Ribose",0.864,"trial_1",0.936666666666667
"317","JV3","PM1","Tween 20",0.747,"trial_1",1.14933333333333
"318","JV3","PM1","L-Rhamnose",0.102,"trial_1",0.0703333333333333
"319","JV3","PM1","D-Fructose",0.748,"trial_1",0.725333333333333
"320","JV3","PM1","Acetic acid",0.504,"trial_1",0.505333333333333
"321","JV3","PM1","a-D-Glucose",1.863,"trial_1",1.75633333333333
"322","JV3","PM1","Maltose",0.092,"trial_1",0.0586666666666667
"323","JV3","PM1","D-Melibiose",0.075,"trial_1",0.042
"324","JV3","PM1","Thymidine",0.033,"trial_1",0.015
"325","JV3","PM1","L-Asparagine",1.652,"trial_1",1.578
"326","JV3","PM1","D-Aspartic acid",0.061,"trial_1",0.0333333333333333
"327","JV3","PM1","D-Glucosaminic acid",0.05,"trial_1",0.031
"328","JV3","PM1","1,2-Propanediol",0.121,"trial_1",0.0976666666666667
"329","JV3","PM1","Tween 40",1.281,"trial_1",1.31666666666667
"330","JV3","PM1","a-Ketoglutaric acid",0.847,"trial_1",0.631
"331","JV3","PM1","a-Ketobutyric acid",0.071,"trial_1",0.0646666666666667
"332","JV3","PM1","a-Methyl D-Galactoside",0.077,"trial_1",0.051
"333","JV3","PM1","a-D-Lactose",0.085,"trial_1",0.0543333333333333
"334","JV3","PM1","Lactulose",0.125,"trial_1",0.0836666666666667
"335","JV3","PM1","Sucrose",0.125,"trial_1",0.0713333333333333
"336","JV3","PM1","Uridine",0.317,"trial_1",0.281333333333333
"337","JV3","PM1","L-Glutamine",1.738,"trial_1",1.592
"338","JV3","PM1","m-Tartaric acid",0.059,"trial_1",0.0253333333333333
"339","JV3","PM1","D-Glucose-1-Phosphate",0.06,"trial_1",0.0373333333333333
"340","JV3","PM1","D-Fructose-6-Phosphate",0.182,"trial_1",0.209
"341","JV3","PM1","Tween 80",0.757,"trial_1",0.926
"342","JV3","PM1","a-Hydroxyglutaric acid-g-Lactone",0.077,"trial_1",0.053
"343","JV3","PM1","a-Hydroxybutyric acid",0.071,"trial_1",0.0463333333333333
"344","JV3","PM1","b-Methyl D-Glucoside",0.077,"trial_1",0.048
"345","JV3","PM1","Adonitol",0.088,"trial_1",0.0646666666666667
"346","JV3","PM1","Maltotriose",0.165,"trial_1",0.122
"347","JV3","PM1","2`-Deoxyadenosine",0.052,"trial_1",0.0173333333333333
"348","JV3","PM1","Adenosine",0.285,"trial_1",0.296666666666667
"349","JV3","PM1","Gly-Asp",0.07,"trial_1",0.069
"350","JV3","PM1","Citric acid",1.442,"trial_1",1.42666666666667
"351","JV3","PM1","m-Inositol",0.037,"trial_1",0.0283333333333333
"352","JV3","PM1","D-Threonine",0.097,"trial_1",0.0683333333333333
"353","JV3","PM1","Fumaric acid",1.762,"trial_1",1.82366666666667
"354","JV3","PM1","Bromosuccinic acid",0.556,"trial_1",0.435
"355","JV3","PM1","Propionic acid",0.422,"trial_1",0.643333333333333
"356","JV3","PM1","Mucic acid",0.077,"trial_1",0.0516666666666667
"357","JV3","PM1","Glycolic acid",0.06,"trial_1",0.024
"358","JV3","PM1","Glyoxylic acid",0.052,"trial_1",0.0283333333333333
"359","JV3","PM1","D-Cellobiose",0.089,"trial_1",0.06
"360","JV3","PM1","Inosine",1.266,"trial_1",1.20966666666667
"361","JV3","PM1","Gly-Glu",0.076,"trial_1",0.0926666666666667
"362","JV3","PM1","Tricarballylic acid",0.084,"trial_1",0.0533333333333333
"363","JV3","PM1","L-Serine",0.077,"trial_1",0.109333333333333
"364","JV3","PM1","L-Threonine",0.086,"trial_1",0.0763333333333333
"365","JV3","PM1","L-Alanine",0.411,"trial_1",0.413333333333333
"366","JV3","PM1","Ala-Gly",0.061,"trial_1",0.0573333333333333
"367","JV3","PM1","Acetoacetic acid",0.071,"trial_1",0.0613333333333333
"368","JV3","PM1","N-Acetyl-D-Mannosamine",0.056,"trial_1",0.042
"369","JV3","PM1","Mono-methyl Succinate",0.346,"trial_1",0.226
"370","JV3","PM1","Methyl Pyruvate",0.652,"trial_1",0.521
"371","JV3","PM1","D-Malic acid",0.135,"trial_1",0.098
"372","JV3","PM1","L-Malic acid",2.174,"trial_1",1.91666666666667
"373","JV3","PM1","Gly-Pro",0.579,"trial_1",0.511
"374","JV3","PM1","p-Hydroxyphenyl Acetic acid",1.023,"trial_1",1.353
"375","JV3","PM1","m-Hydroxyphenyl Acetic acid",0.014,"trial_1",0.00633333333333333
"376","JV3","PM1","Tyramine",0.674,"trial_1",2.05233333333333
"377","JV3","PM1","D-Psicose",0.222,"trial_1",0.261333333333333
"378","JV3","PM1","L-Lyxose",1.036,"trial_1",1.08433333333333
"379","JV3","PM1","Glucuronamide",0.058,"trial_1",0.081
"380","JV3","PM1","Pyruvic acid",0.902,"trial_1",0.901333333333333
"381","JV3","PM1","L-Galactonic acid-g-Lactone",0.004,"trial_1",0.0113333333333333
"382","JV3","PM1","D-Galacturonic acid",0.035,"trial_1",0.0176666666666667
"383","JV3","PM1","b-Phenylethylamine",0.013,"trial_1",0.014
"384","JV3","PM1","Ethanolamine",0.965,"trial_1",0.712666666666667
"385","JV3","PM1","Negative Control",0,"trial_2",0
"386","JV3","PM1","L-Arabinose",0.468,"trial_2",0.499
"387","JV3","PM1","N-Acetyl-D-Glucosamine",0.329,"trial_2",0.309
"388","JV3","PM1","D-Saccharic acid",0.014,"trial_2",0.0183333333333333
"389","JV3","PM1","Succinic acid",1.043,"trial_2",1.10433333333333
"390","JV3","PM1","D-Galactose",0,"trial_2",0.0233333333333333
"391","JV3","PM1","L-Aspartic acid",1.181,"trial_2",0.915333333333333
"392","JV3","PM1","L-Proline",1.619,"trial_2",1.173
"393","JV3","PM1","D-Alanine",0.256,"trial_2",0.323
"394","JV3","PM1","D-Trehalose",0.041,"trial_2",0.064
"395","JV3","PM1","D-Mannose",0,"trial_2",0.013
"396","JV3","PM1","Dulcitol",0.004,"trial_2",0.0106666666666667
"397","JV3","PM1","D-Serine",0.027,"trial_2",0.0423333333333333
"398","JV3","PM1","D-Sorbitol",0.015,"trial_2",0.0306666666666667
"399","JV3","PM1","Glycerol",0.254,"trial_2",0.252333333333333
"400","JV3","PM1","L-Fucose",0.071,"trial_2",0.086
"401","JV3","PM1","D-Glucuronic acid",0.036,"trial_2",0.0493333333333333
"402","JV3","PM1","D-Gluconic acid",1.577,"trial_2",1.60566666666667
"403","JV3","PM1","DL-a-Glycerol Phosphate",0.331,"trial_2",0.304666666666667
"404","JV3","PM1","D-Xylose",0.707,"trial_2",0.794
"405","JV3","PM1","L-Lactic acid",1.619,"trial_2",1.44866666666667
"406","JV3","PM1","Formic acid",0.041,"trial_2",0.0933333333333333
"407","JV3","PM1","D-Mannitol",0.897,"trial_2",0.827333333333333
"408","JV3","PM1","L-Glutamic acid",2.201,"trial_2",1.708
"409","JV3","PM1","D-Glucose-6-Phosphate",0,"trial_2",0.003
"410","JV3","PM1","D-Galactonic acid-g-Lactone",0.011,"trial_2",0.0236666666666667
"411","JV3","PM1","DL-Malic acid",1.185,"trial_2",1.22333333333333
"412","JV3","PM1","D-Ribose",0.937,"trial_2",0.936666666666667
"413","JV3","PM1","Tween 20",1.503,"trial_2",1.14933333333333
"414","JV3","PM1","L-Rhamnose",0.057,"trial_2",0.0703333333333333
"415","JV3","PM1","D-Fructose",0.759,"trial_2",0.725333333333333
"416","JV3","PM1","Acetic acid",0.506,"trial_2",0.505333333333333
"417","JV3","PM1","a-D-Glucose",2.101,"trial_2",1.75633333333333
"418","JV3","PM1","Maltose",0.039,"trial_2",0.0586666666666667
"419","JV3","PM1","D-Melibiose",0.022,"trial_2",0.042
"420","JV3","PM1","Thymidine",0,"trial_2",0.015
"421","JV3","PM1","L-Asparagine",1.857,"trial_2",1.578
"422","JV3","PM1","D-Aspartic acid",0.026,"trial_2",0.0333333333333333
"423","JV3","PM1","D-Glucosaminic acid",0.003,"trial_2",0.031
"424","JV3","PM1","1,2-Propanediol",0.107,"trial_2",0.0976666666666667
"425","JV3","PM1","Tween 40",1.413,"trial_2",1.31666666666667
"426","JV3","PM1","a-Ketoglutaric acid",0.614,"trial_2",0.631
"427","JV3","PM1","a-Ketobutyric acid",0.06,"trial_2",0.0646666666666667
"428","JV3","PM1","a-Methyl D-Galactoside",0.038,"trial_2",0.051
"429","JV3","PM1","a-D-Lactose",0.031,"trial_2",0.0543333333333333
"430","JV3","PM1","Lactulose",0.075,"trial_2",0.0836666666666667
"431","JV3","PM1","Sucrose",0.05,"trial_2",0.0713333333333333
"432","JV3","PM1","Uridine",0.331,"trial_2",0.281333333333333
"433","JV3","PM1","L-Glutamine",1.702,"trial_2",1.592
"434","JV3","PM1","m-Tartaric acid",0.011,"trial_2",0.0253333333333333
"435","JV3","PM1","D-Glucose-1-Phosphate",0.007,"trial_2",0.0373333333333333
"436","JV3","PM1","D-Fructose-6-Phosphate",0.158,"trial_2",0.209
"437","JV3","PM1","Tween 80",0.771,"trial_2",0.926
"438","JV3","PM1","a-Hydroxyglutaric acid-g-Lactone",0.029,"trial_2",0.053
"439","JV3","PM1","a-Hydroxybutyric acid",0.018,"trial_2",0.0463333333333333
"440","JV3","PM1","b-Methyl D-Glucoside",0.038,"trial_2",0.048
"441","JV3","PM1","Adonitol",0.053,"trial_2",0.0646666666666667
"442","JV3","PM1","Maltotriose",0.093,"trial_2",0.122
"443","JV3","PM1","2`-Deoxyadenosine",0,"trial_2",0.0173333333333333
"444","JV3","PM1","Adenosine",0.381,"trial_2",0.296666666666667
"445","JV3","PM1","Gly-Asp",0.023,"trial_2",0.069
"446","JV3","PM1","Citric acid",1.633,"trial_2",1.42666666666667
"447","JV3","PM1","m-Inositol",0.012,"trial_2",0.0283333333333333
"448","JV3","PM1","D-Threonine",0.051,"trial_2",0.0683333333333333
"449","JV3","PM1","Fumaric acid",2.5,"trial_2",1.82366666666667
"450","JV3","PM1","Bromosuccinic acid",0.38,"trial_2",0.435
"451","JV3","PM1","Propionic acid",1.31,"trial_2",0.643333333333333
"452","JV3","PM1","Mucic acid",0.025,"trial_2",0.0516666666666667
"453","JV3","PM1","Glycolic acid",0.008,"trial_2",0.024
"454","JV3","PM1","Glyoxylic acid",0,"trial_2",0.0283333333333333
"455","JV3","PM1","D-Cellobiose",0.05,"trial_2",0.06
"456","JV3","PM1","Inosine",1.393,"trial_2",1.20966666666667
"457","JV3","PM1","Gly-Glu",0.064,"trial_2",0.0926666666666667
"458","JV3","PM1","Tricarballylic acid",0.034,"trial_2",0.0533333333333333
"459","JV3","PM1","L-Serine",0.2,"trial_2",0.109333333333333
"460","JV3","PM1","L-Threonine",0.046,"trial_2",0.0763333333333333
"461","JV3","PM1","L-Alanine",0.574,"trial_2",0.413333333333333
"462","JV3","PM1","Ala-Gly",0.023,"trial_2",0.0573333333333333
"463","JV3","PM1","Acetoacetic acid",0.045,"trial_2",0.0613333333333333
"464","JV3","PM1","N-Acetyl-D-Mannosamine",0.038,"trial_2",0.042
"465","JV3","PM1","Mono-methyl Succinate",0.275,"trial_2",0.226
"466","JV3","PM1","Methyl Pyruvate",0.603,"trial_2",0.521
"467","JV3","PM1","D-Malic acid",0.069,"trial_2",0.098
"468","JV3","PM1","L-Malic acid",2.229,"trial_2",1.91666666666667
"469","JV3","PM1","Gly-Pro",0.576,"trial_2",0.511
"470","JV3","PM1","p-Hydroxyphenyl Acetic acid",2.32,"trial_2",1.353
"471","JV3","PM1","m-Hydroxyphenyl Acetic acid",0,"trial_2",0.00633333333333333
"472","JV3","PM1","Tyramine",4.988,"trial_2",2.05233333333333
"473","JV3","PM1","D-Psicose",0.209,"trial_2",0.261333333333333
"474","JV3","PM1","L-Lyxose",1.089,"trial_2",1.08433333333333
"475","JV3","PM1","Glucuronamide",0.063,"trial_2",0.081
"476","JV3","PM1","Pyruvic acid",1.048,"trial_2",0.901333333333333
"477","JV3","PM1","L-Galactonic acid-g-Lactone",0.005,"trial_2",0.0113333333333333
"478","JV3","PM1","D-Galacturonic acid",0.001,"trial_2",0.0176666666666667
"479","JV3","PM1","b-Phenylethylamine",0,"trial_2",0.014
"480","JV3","PM1","Ethanolamine",0.772,"trial_2",0.712666666666667
"481","JV3","PM1","Negative Control",0,"trial_3",0
"482","JV3","PM1","L-Arabinose",0.659,"trial_3",0.499
"483","JV3","PM1","N-Acetyl-D-Glucosamine",0.275,"trial_3",0.309
"484","JV3","PM1","D-Saccharic acid",0.01,"trial_3",0.0183333333333333
"485","JV3","PM1","Succinic acid",1.05,"trial_3",1.10433333333333
"486","JV3","PM1","D-Galactose",0.07,"trial_3",0.0233333333333333
"487","JV3","PM1","L-Aspartic acid",0.76,"trial_3",0.915333333333333
"488","JV3","PM1","L-Proline",0.948,"trial_3",1.173
"489","JV3","PM1","D-Alanine",0.406,"trial_3",0.323
"490","JV3","PM1","D-Trehalose",0.083,"trial_3",0.064
"491","JV3","PM1","D-Mannose",0.024,"trial_3",0.013
"492","JV3","PM1","Dulcitol",0.011,"trial_3",0.0106666666666667
"493","JV3","PM1","D-Serine",0.072,"trial_3",0.0423333333333333
"494","JV3","PM1","D-Sorbitol",0.038,"trial_3",0.0306666666666667
"495","JV3","PM1","Glycerol",0.161,"trial_3",0.252333333333333
"496","JV3","PM1","L-Fucose",0.113,"trial_3",0.086
"497","JV3","PM1","D-Glucuronic acid",0.053,"trial_3",0.0493333333333333
"498","JV3","PM1","D-Gluconic acid",1.2,"trial_3",1.60566666666667
"499","JV3","PM1","DL-a-Glycerol Phosphate",0.299,"trial_3",0.304666666666667
"500","JV3","PM1","D-Xylose",1.027,"trial_3",0.794
"501","JV3","PM1","L-Lactic acid",1.034,"trial_3",1.44866666666667
"502","JV3","PM1","Formic acid",0.059,"trial_3",0.0933333333333333
"503","JV3","PM1","D-Mannitol",0.794,"trial_3",0.827333333333333
"504","JV3","PM1","L-Glutamic acid",1.266,"trial_3",1.708
"505","JV3","PM1","D-Glucose-6-Phosphate",0,"trial_3",0.003
"506","JV3","PM1","D-Galactonic acid-g-Lactone",0.02,"trial_3",0.0236666666666667
"507","JV3","PM1","DL-Malic acid",1.028,"trial_3",1.22333333333333
"508","JV3","PM1","D-Ribose",1.009,"trial_3",0.936666666666667
"509","JV3","PM1","Tween 20",1.198,"trial_3",1.14933333333333
"510","JV3","PM1","L-Rhamnose",0.052,"trial_3",0.0703333333333333
"511","JV3","PM1","D-Fructose",0.669,"trial_3",0.725333333333333
"512","JV3","PM1","Acetic acid",0.506,"trial_3",0.505333333333333
"513","JV3","PM1","a-D-Glucose",1.305,"trial_3",1.75633333333333
"514","JV3","PM1","Maltose",0.045,"trial_3",0.0586666666666667
"515","JV3","PM1","D-Melibiose",0.029,"trial_3",0.042
"516","JV3","PM1","Thymidine",0.012,"trial_3",0.015
"517","JV3","PM1","L-Asparagine",1.225,"trial_3",1.578
"518","JV3","PM1","D-Aspartic acid",0.013,"trial_3",0.0333333333333333
"519","JV3","PM1","D-Glucosaminic acid",0.04,"trial_3",0.031
"520","JV3","PM1","1,2-Propanediol",0.065,"trial_3",0.0976666666666667
"521","JV3","PM1","Tween 40",1.256,"trial_3",1.31666666666667
"522","JV3","PM1","a-Ketoglutaric acid",0.432,"trial_3",0.631
"523","JV3","PM1","a-Ketobutyric acid",0.063,"trial_3",0.0646666666666667
"524","JV3","PM1","a-Methyl D-Galactoside",0.038,"trial_3",0.051
"525","JV3","PM1","a-D-Lactose",0.047,"trial_3",0.0543333333333333
"526","JV3","PM1","Lactulose",0.051,"trial_3",0.0836666666666667
"527","JV3","PM1","Sucrose",0.039,"trial_3",0.0713333333333333
"528","JV3","PM1","Uridine",0.196,"trial_3",0.281333333333333
"529","JV3","PM1","L-Glutamine",1.336,"trial_3",1.592
"530","JV3","PM1","m-Tartaric acid",0.006,"trial_3",0.0253333333333333
"531","JV3","PM1","D-Glucose-1-Phosphate",0.045,"trial_3",0.0373333333333333
"532","JV3","PM1","D-Fructose-6-Phosphate",0.287,"trial_3",0.209
"533","JV3","PM1","Tween 80",1.25,"trial_3",0.926
"534","JV3","PM1","a-Hydroxyglutaric acid-g-Lactone",0.053,"trial_3",0.053
"535","JV3","PM1","a-Hydroxybutyric acid",0.05,"trial_3",0.0463333333333333
"536","JV3","PM1","b-Methyl D-Glucoside",0.029,"trial_3",0.048
"537","JV3","PM1","Adonitol",0.053,"trial_3",0.0646666666666667
"538","JV3","PM1","Maltotriose",0.108,"trial_3",0.122
"539","JV3","PM1","2`-Deoxyadenosine",0,"trial_3",0.0173333333333333
"540","JV3","PM1","Adenosine",0.224,"trial_3",0.296666666666667
"541","JV3","PM1","Gly-Asp",0.114,"trial_3",0.069
"542","JV3","PM1","Citric acid",1.205,"trial_3",1.42666666666667
"543","JV3","PM1","m-Inositol",0.036,"trial_3",0.0283333333333333
"544","JV3","PM1","D-Threonine",0.057,"trial_3",0.0683333333333333
"545","JV3","PM1","Fumaric acid",1.209,"trial_3",1.82366666666667
"546","JV3","PM1","Bromosuccinic acid",0.369,"trial_3",0.435
"547","JV3","PM1","Propionic acid",0.198,"trial_3",0.643333333333333
"548","JV3","PM1","Mucic acid",0.053,"trial_3",0.0516666666666667
"549","JV3","PM1","Glycolic acid",0.004,"trial_3",0.024
"550","JV3","PM1","Glyoxylic acid",0.033,"trial_3",0.0283333333333333
"551","JV3","PM1","D-Cellobiose",0.041,"trial_3",0.06
"552","JV3","PM1","Inosine",0.97,"trial_3",1.20966666666667
"553","JV3","PM1","Gly-Glu",0.138,"trial_3",0.0926666666666667
"554","JV3","PM1","Tricarballylic acid",0.042,"trial_3",0.0533333333333333
"555","JV3","PM1","L-Serine",0.051,"trial_3",0.109333333333333
"556","JV3","PM1","L-Threonine",0.097,"trial_3",0.0763333333333333
"557","JV3","PM1","L-Alanine",0.255,"trial_3",0.413333333333333
"558","JV3","PM1","Ala-Gly",0.088,"trial_3",0.0573333333333333
"559","JV3","PM1","Acetoacetic acid",0.068,"trial_3",0.0613333333333333
"560","JV3","PM1","N-Acetyl-D-Mannosamine",0.032,"trial_3",0.042
"561","JV3","PM1","Mono-methyl Succinate",0.057,"trial_3",0.226
"562","JV3","PM1","Methyl Pyruvate",0.308,"trial_3",0.521
"563","JV3","PM1","D-Malic acid",0.09,"trial_3",0.098
"564","JV3","PM1","L-Malic acid",1.347,"trial_3",1.91666666666667
"565","JV3","PM1","Gly-Pro",0.378,"trial_3",0.511
"566","JV3","PM1","p-Hydroxyphenyl Acetic acid",0.716,"trial_3",1.353
"567","JV3","PM1","m-Hydroxyphenyl Acetic acid",0.005,"trial_3",0.00633333333333333
"568","JV3","PM1","Tyramine",0.495,"trial_3",2.05233333333333
"569","JV3","PM1","D-Psicose",0.353,"trial_3",0.261333333333333
"570","JV3","PM1","L-Lyxose",1.128,"trial_3",1.08433333333333
"571","JV3","PM1","Glucuronamide",0.122,"trial_3",0.081
"572","JV3","PM1","Pyruvic acid",0.754,"trial_3",0.901333333333333
"573","JV3","PM1","L-Galactonic acid-g-Lactone",0.025,"trial_3",0.0113333333333333
"574","JV3","PM1","D-Galacturonic acid",0.017,"trial_3",0.0176666666666667
"575","JV3","PM1","b-Phenylethylamine",0.029,"trial_3",0.014
"576","JV3","PM1","Ethanolamine",0.401,"trial_3",0.712666666666667
"577","JV4","PM1","Negative Control",0,"trial_1",0
"578","JV4","PM1","L-Arabinose",0.484,"trial_1",0.604333333333333
"579","JV4","PM1","N-Acetyl-D-Glucosamine",0.196,"trial_1",0.144666666666667
"580","JV4","PM1","D-Saccharic acid",0.018,"trial_1",0.00866666666666667
"581","JV4","PM1","Succinic acid",0.999,"trial_1",0.868666666666667
"582","JV4","PM1","D-Galactose",0,"trial_1",0.0316666666666667
"583","JV4","PM1","L-Aspartic acid",0.878,"trial_1",0.819333333333333
"584","JV4","PM1","L-Proline",0.633,"trial_1",0.656
"585","JV4","PM1","D-Alanine",0.13,"trial_1",0.14
"586","JV4","PM1","D-Trehalose",0.042,"trial_1",0.041
"587","JV4","PM1","D-Mannose",0.001,"trial_1",0.00966666666666667
"588","JV4","PM1","Dulcitol",0.022,"trial_1",0.0183333333333333
"589","JV4","PM1","D-Serine",0,"trial_1",0
"590","JV4","PM1","D-Sorbitol",0.026,"trial_1",0.037
"591","JV4","PM1","Glycerol",0.129,"trial_1",0.188666666666667
"592","JV4","PM1","L-Fucose",0.049,"trial_1",0.11
"593","JV4","PM1","D-Glucuronic acid",0.021,"trial_1",0.0303333333333333
"594","JV4","PM1","D-Gluconic acid",1.407,"trial_1",1.237
"595","JV4","PM1","DL-a-Glycerol Phosphate",0.206,"trial_1",0.165
"596","JV4","PM1","D-Xylose",0.831,"trial_1",1.02166666666667
"597","JV4","PM1","L-Lactic acid",0.797,"trial_1",0.701666666666667
"598","JV4","PM1","Formic acid",0.037,"trial_1",0.046
"599","JV4","PM1","D-Mannitol",0.869,"trial_1",0.874666666666667
"600","JV4","PM1","L-Glutamic acid",1.264,"trial_1",1.39133333333333
"601","JV4","PM1","D-Glucose-6-Phosphate",0,"trial_1",0
"602","JV4","PM1","D-Galactonic acid-g-Lactone",0,"trial_1",0
"603","JV4","PM1","DL-Malic acid",1.181,"trial_1",1.05233333333333
"604","JV4","PM1","D-Ribose",0.858,"trial_1",0.957666666666667
"605","JV4","PM1","Tween 20",0.766,"trial_1",1.04466666666667
"606","JV4","PM1","L-Rhamnose",0.136,"trial_1",0.109666666666667
"607","JV4","PM1","D-Fructose",0.917,"trial_1",0.979666666666667
"608","JV4","PM1","Acetic acid",0.486,"trial_1",0.442666666666667
"609","JV4","PM1","a-D-Glucose",1.207,"trial_1",1.39933333333333
"610","JV4","PM1","Maltose",0.043,"trial_1",0.043
"611","JV4","PM1","D-Melibiose",0.059,"trial_1",0.046
"612","JV4","PM1","Thymidine",0.01,"trial_1",0.017
"613","JV4","PM1","L-Asparagine",1.379,"trial_1",1.32866666666667
"614","JV4","PM1","D-Aspartic acid",0.006,"trial_1",0.0103333333333333
"615","JV4","PM1","D-Glucosaminic acid",0.035,"trial_1",0.042
"616","JV4","PM1","1,2-Propanediol",0.058,"trial_1",0.061
"617","JV4","PM1","Tween 40",1.433,"trial_1",1.12466666666667
"618","JV4","PM1","a-Ketoglutaric acid",0.474,"trial_1",0.431666666666667
"619","JV4","PM1","a-Ketobutyric acid",0.046,"trial_1",0.044
"620","JV4","PM1","a-Methyl D-Galactoside",0.106,"trial_1",0.067
"621","JV4","PM1","a-D-Lactose",0.068,"trial_1",0.05
"622","JV4","PM1","Lactulose",0.035,"trial_1",0.042
"623","JV4","PM1","Sucrose",0.07,"trial_1",0.0436666666666667
"624","JV4","PM1","Uridine",0.102,"trial_1",0.163666666666667
"625","JV4","PM1","L-Glutamine",1.397,"trial_1",1.28433333333333
"626","JV4","PM1","m-Tartaric acid",0,"trial_1",0
"627","JV4","PM1","D-Glucose-1-Phosphate",0.025,"trial_1",0.029
"628","JV4","PM1","D-Fructose-6-Phosphate",0.15,"trial_1",0.204666666666667
"629","JV4","PM1","Tween 80",0.809,"trial_1",0.783666666666667
"630","JV4","PM1","a-Hydroxyglutaric acid-g-Lactone",0.073,"trial_1",0.0336666666666667
"631","JV4","PM1","a-Hydroxybutyric acid",0.034,"trial_1",0.0166666666666667
"632","JV4","PM1","b-Methyl D-Glucoside",0.073,"trial_1",0.045
"633","JV4","PM1","Adonitol",0.117,"trial_1",0.059
"634","JV4","PM1","Maltotriose",0.153,"trial_1",0.102333333333333
"635","JV4","PM1","2`-Deoxyadenosine",0,"trial_1",0
"636","JV4","PM1","Adenosine",0.242,"trial_1",0.313666666666667
"637","JV4","PM1","Gly-Asp",0.072,"trial_1",0.111666666666667
"638","JV4","PM1","Citric acid",1.061,"trial_1",1.117
"639","JV4","PM1","m-Inositol",0.022,"trial_1",0.0286666666666667
"640","JV4","PM1","D-Threonine",0,"trial_1",0.019
"641","JV4","PM1","Fumaric acid",1.697,"trial_1",1.654
"642","JV4","PM1","Bromosuccinic acid",0.41,"trial_1",0.335666666666667
"643","JV4","PM1","Propionic acid",0.692,"trial_1",0.534333333333333
"644","JV4","PM1","Mucic acid",0.164,"trial_1",0.078
"645","JV4","PM1","Glycolic acid",0.064,"trial_1",0.0296666666666667
"646","JV4","PM1","Glyoxylic acid",0.023,"trial_1",0.0193333333333333
"647","JV4","PM1","D-Cellobiose",0.065,"trial_1",0.048
"648","JV4","PM1","Inosine",0.689,"trial_1",0.771
"649","JV4","PM1","Gly-Glu",0.078,"trial_1",0.116
"650","JV4","PM1","Tricarballylic acid",0.037,"trial_1",0.0373333333333333
"651","JV4","PM1","L-Serine",0.015,"trial_1",0.114333333333333
"652","JV4","PM1","L-Threonine",0.06,"trial_1",0.0626666666666667
"653","JV4","PM1","L-Alanine",0.157,"trial_1",0.19
"654","JV4","PM1","Ala-Gly",0.079,"trial_1",0.0843333333333333
"655","JV4","PM1","Acetoacetic acid",0.049,"trial_1",0.0473333333333333
"656","JV4","PM1","N-Acetyl-D-Mannosamine",0.042,"trial_1",0.0333333333333333
"657","JV4","PM1","Mono-methyl Succinate",0.154,"trial_1",0.141666666666667
"658","JV4","PM1","Methyl Pyruvate",0.326,"trial_1",0.246
"659","JV4","PM1","D-Malic acid",0.089,"trial_1",0.0803333333333333
"660","JV4","PM1","L-Malic acid",1.909,"trial_1",1.46366666666667
"661","JV4","PM1","Gly-Pro",2.234,"trial_1",1.15966666666667
"662","JV4","PM1","p-Hydroxyphenyl Acetic acid",1.682,"trial_1",0.893333333333333
"663","JV4","PM1","m-Hydroxyphenyl Acetic acid",0,"trial_1",0.0113333333333333
"664","JV4","PM1","Tyramine",0.398,"trial_1",0.396333333333333
"665","JV4","PM1","D-Psicose",0.249,"trial_1",0.271
"666","JV4","PM1","L-Lyxose",1.099,"trial_1",1.10866666666667
"667","JV4","PM1","Glucuronamide",0.07,"trial_1",0.0846666666666667
"668","JV4","PM1","Pyruvic acid",0.912,"trial_1",0.745666666666667
"669","JV4","PM1","L-Galactonic acid-g-Lactone",0,"trial_1",0.0183333333333333
"670","JV4","PM1","D-Galacturonic acid",0.016,"trial_1",0.0156666666666667
"671","JV4","PM1","b-Phenylethylamine",0.015,"trial_1",0.0193333333333333
"672","JV4","PM1","Ethanolamine",1.045,"trial_1",0.998333333333333
"673","JV4","PM1","Negative Control",0,"trial_2",0
"674","JV4","PM1","L-Arabinose",0.677,"trial_2",0.604333333333333
"675","JV4","PM1","N-Acetyl-D-Glucosamine",0.154,"trial_2",0.144666666666667
"676","JV4","PM1","D-Saccharic acid",0.008,"trial_2",0.00866666666666667
"677","JV4","PM1","Succinic acid",0.913,"trial_2",0.868666666666667
"678","JV4","PM1","D-Galactose",0.038,"trial_2",0.0316666666666667
"679","JV4","PM1","L-Aspartic acid",0.932,"trial_2",0.819333333333333
"680","JV4","PM1","L-Proline",0.784,"trial_2",0.656
"681","JV4","PM1","D-Alanine",0.176,"trial_2",0.14
"682","JV4","PM1","D-Trehalose",0.056,"trial_2",0.041
"683","JV4","PM1","D-Mannose",0.017,"trial_2",0.00966666666666667
"684","JV4","PM1","Dulcitol",0.033,"trial_2",0.0183333333333333
"685","JV4","PM1","D-Serine",0,"trial_2",0
"686","JV4","PM1","D-Sorbitol",0.041,"trial_2",0.037
"687","JV4","PM1","Glycerol",0.261,"trial_2",0.188666666666667
"688","JV4","PM1","L-Fucose",0.162,"trial_2",0.11
"689","JV4","PM1","D-Glucuronic acid",0.052,"trial_2",0.0303333333333333
"690","JV4","PM1","D-Gluconic acid",1.275,"trial_2",1.237
"691","JV4","PM1","DL-a-Glycerol Phosphate",0.15,"trial_2",0.165
"692","JV4","PM1","D-Xylose",1.078,"trial_2",1.02166666666667
"693","JV4","PM1","L-Lactic acid",0.601,"trial_2",0.701666666666667
"694","JV4","PM1","Formic acid",0.084,"trial_2",0.046
"695","JV4","PM1","D-Mannitol",0.915,"trial_2",0.874666666666667
"696","JV4","PM1","L-Glutamic acid",2,"trial_2",1.39133333333333
"697","JV4","PM1","D-Glucose-6-Phosphate",0,"trial_2",0
"698","JV4","PM1","D-Galactonic acid-g-Lactone",0,"trial_2",0
"699","JV4","PM1","DL-Malic acid",1.006,"trial_2",1.05233333333333
"700","JV4","PM1","D-Ribose",1.018,"trial_2",0.957666666666667
"701","JV4","PM1","Tween 20",0.713,"trial_2",1.04466666666667
"702","JV4","PM1","L-Rhamnose",0.129,"trial_2",0.109666666666667
"703","JV4","PM1","D-Fructose",1.064,"trial_2",0.979666666666667
"704","JV4","PM1","Acetic acid",0.395,"trial_2",0.442666666666667
"705","JV4","PM1","a-D-Glucose",1.731,"trial_2",1.39933333333333
"706","JV4","PM1","Maltose",0.053,"trial_2",0.043
"707","JV4","PM1","D-Melibiose",0.062,"trial_2",0.046
"708","JV4","PM1","Thymidine",0.041,"trial_2",0.017
"709","JV4","PM1","L-Asparagine",1.353,"trial_2",1.32866666666667
"710","JV4","PM1","D-Aspartic acid",0.025,"trial_2",0.0103333333333333
"711","JV4","PM1","D-Glucosaminic acid",0.06,"trial_2",0.042
"712","JV4","PM1","1,2-Propanediol",0.072,"trial_2",0.061
"713","JV4","PM1","Tween 40",0.965,"trial_2",1.12466666666667
"714","JV4","PM1","a-Ketoglutaric acid",0.489,"trial_2",0.431666666666667
"715","JV4","PM1","a-Ketobutyric acid",0.06,"trial_2",0.044
"716","JV4","PM1","a-Methyl D-Galactoside",0.07,"trial_2",0.067
"717","JV4","PM1","a-D-Lactose",0.064,"trial_2",0.05
"718","JV4","PM1","Lactulose",0.067,"trial_2",0.042
"719","JV4","PM1","Sucrose",0.054,"trial_2",0.0436666666666667
"720","JV4","PM1","Uridine",0.28,"trial_2",0.163666666666667
"721","JV4","PM1","L-Glutamine",1.361,"trial_2",1.28433333333333
"722","JV4","PM1","m-Tartaric acid",0,"trial_2",0
"723","JV4","PM1","D-Glucose-1-Phosphate",0.04,"trial_2",0.029
"724","JV4","PM1","D-Fructose-6-Phosphate",0.217,"trial_2",0.204666666666667
"725","JV4","PM1","Tween 80",1.023,"trial_2",0.783666666666667
"726","JV4","PM1","a-Hydroxyglutaric acid-g-Lactone",0.028,"trial_2",0.0336666666666667
"727","JV4","PM1","a-Hydroxybutyric acid",0.016,"trial_2",0.0166666666666667
"728","JV4","PM1","b-Methyl D-Glucoside",0.053,"trial_2",0.045
"729","JV4","PM1","Adonitol",0.042,"trial_2",0.059
"730","JV4","PM1","Maltotriose",0.109,"trial_2",0.102333333333333
"731","JV4","PM1","2`-Deoxyadenosine",0,"trial_2",0
"732","JV4","PM1","Adenosine",0.504,"trial_2",0.313666666666667
"733","JV4","PM1","Gly-Asp",0.162,"trial_2",0.111666666666667
"734","JV4","PM1","Citric acid",1.356,"trial_2",1.117
"735","JV4","PM1","m-Inositol",0.043,"trial_2",0.0286666666666667
"736","JV4","PM1","D-Threonine",0.057,"trial_2",0.019
"737","JV4","PM1","Fumaric acid",2.267,"trial_2",1.654
"738","JV4","PM1","Bromosuccinic acid",0.436,"trial_2",0.335666666666667
"739","JV4","PM1","Propionic acid",0.771,"trial_2",0.534333333333333
"740","JV4","PM1","Mucic acid",0.055,"trial_2",0.078
"741","JV4","PM1","Glycolic acid",0.025,"trial_2",0.0296666666666667
"742","JV4","PM1","Glyoxylic acid",0.035,"trial_2",0.0193333333333333
"743","JV4","PM1","D-Cellobiose",0.079,"trial_2",0.048
"744","JV4","PM1","Inosine",0.943,"trial_2",0.771
"745","JV4","PM1","Gly-Glu",0.194,"trial_2",0.116
"746","JV4","PM1","Tricarballylic acid",0.048,"trial_2",0.0373333333333333
"747","JV4","PM1","L-Serine",0.228,"trial_2",0.114333333333333
"748","JV4","PM1","L-Threonine",0.088,"trial_2",0.0626666666666667
"749","JV4","PM1","L-Alanine",0.261,"trial_2",0.19
"750","JV4","PM1","Ala-Gly",0.115,"trial_2",0.0843333333333333
"751","JV4","PM1","Acetoacetic acid",0.063,"trial_2",0.0473333333333333
"752","JV4","PM1","N-Acetyl-D-Mannosamine",0.042,"trial_2",0.0333333333333333
"753","JV4","PM1","Mono-methyl Succinate",0.211,"trial_2",0.141666666666667
"754","JV4","PM1","Methyl Pyruvate",0.278,"trial_2",0.246
"755","JV4","PM1","D-Malic acid",0.114,"trial_2",0.0803333333333333
"756","JV4","PM1","L-Malic acid",1.633,"trial_2",1.46366666666667
"757","JV4","PM1","Gly-Pro",0.739,"trial_2",1.15966666666667
"758","JV4","PM1","p-Hydroxyphenyl Acetic acid",0.569,"trial_2",0.893333333333333
"759","JV4","PM1","m-Hydroxyphenyl Acetic acid",0.034,"trial_2",0.0113333333333333
"760","JV4","PM1","Tyramine",0.413,"trial_2",0.396333333333333
"761","JV4","PM1","D-Psicose",0.262,"trial_2",0.271
"762","JV4","PM1","L-Lyxose",1.093,"trial_2",1.10866666666667
"763","JV4","PM1","Glucuronamide",0.09,"trial_2",0.0846666666666667
"764","JV4","PM1","Pyruvic acid",0.763,"trial_2",0.745666666666667
"765","JV4","PM1","L-Galactonic acid-g-Lactone",0.04,"trial_2",0.0183333333333333
"766","JV4","PM1","D-Galacturonic acid",0.031,"trial_2",0.0156666666666667
"767","JV4","PM1","b-Phenylethylamine",0.043,"trial_2",0.0193333333333333
"768","JV4","PM1","Ethanolamine",1.056,"trial_2",0.998333333333333
"769","JV4","PM1","Negative Control",0,"trial_3",0
"770","JV4","PM1","L-Arabinose",0.652,"trial_3",0.604333333333333
"771","JV4","PM1","N-Acetyl-D-Glucosamine",0.084,"trial_3",0.144666666666667
"772","JV4","PM1","D-Saccharic acid",0,"trial_3",0.00866666666666667
"773","JV4","PM1","Succinic acid",0.694,"trial_3",0.868666666666667
"774","JV4","PM1","D-Galactose",0.057,"trial_3",0.0316666666666667
"775","JV4","PM1","L-Aspartic acid",0.648,"trial_3",0.819333333333333
"776","JV4","PM1","L-Proline",0.551,"trial_3",0.656
"777","JV4","PM1","D-Alanine",0.114,"trial_3",0.14
"778","JV4","PM1","D-Trehalose",0.025,"trial_3",0.041
"779","JV4","PM1","D-Mannose",0.011,"trial_3",0.00966666666666667
"780","JV4","PM1","Dulcitol",0,"trial_3",0.0183333333333333
"781","JV4","PM1","D-Serine",0,"trial_3",0
"782","JV4","PM1","D-Sorbitol",0.044,"trial_3",0.037
"783","JV4","PM1","Glycerol",0.176,"trial_3",0.188666666666667
"784","JV4","PM1","L-Fucose",0.119,"trial_3",0.11
"785","JV4","PM1","D-Glucuronic acid",0.018,"trial_3",0.0303333333333333
"786","JV4","PM1","D-Gluconic acid",1.029,"trial_3",1.237
"787","JV4","PM1","DL-a-Glycerol Phosphate",0.139,"trial_3",0.165
"788","JV4","PM1","D-Xylose",1.156,"trial_3",1.02166666666667
"789","JV4","PM1","L-Lactic acid",0.707,"trial_3",0.701666666666667
"790","JV4","PM1","Formic acid",0.017,"trial_3",0.046
"791","JV4","PM1","D-Mannitol",0.84,"trial_3",0.874666666666667
"792","JV4","PM1","L-Glutamic acid",0.91,"trial_3",1.39133333333333
"793","JV4","PM1","D-Glucose-6-Phosphate",0,"trial_3",0
"794","JV4","PM1","D-Galactonic acid-g-Lactone",0,"trial_3",0
"795","JV4","PM1","DL-Malic acid",0.97,"trial_3",1.05233333333333
"796","JV4","PM1","D-Ribose",0.997,"trial_3",0.957666666666667
"797","JV4","PM1","Tween 20",1.655,"trial_3",1.04466666666667
"798","JV4","PM1","L-Rhamnose",0.064,"trial_3",0.109666666666667
"799","JV4","PM1","D-Fructose",0.958,"trial_3",0.979666666666667
"800","JV4","PM1","Acetic acid",0.447,"trial_3",0.442666666666667
"801","JV4","PM1","a-D-Glucose",1.26,"trial_3",1.39933333333333
"802","JV4","PM1","Maltose",0.033,"trial_3",0.043
"803","JV4","PM1","D-Melibiose",0.017,"trial_3",0.046
"804","JV4","PM1","Thymidine",0,"trial_3",0.017
"805","JV4","PM1","L-Asparagine",1.254,"trial_3",1.32866666666667
"806","JV4","PM1","D-Aspartic acid",0,"trial_3",0.0103333333333333
"807","JV4","PM1","D-Glucosaminic acid",0.031,"trial_3",0.042
"808","JV4","PM1","1,2-Propanediol",0.053,"trial_3",0.061
"809","JV4","PM1","Tween 40",0.976,"trial_3",1.12466666666667
"810","JV4","PM1","a-Ketoglutaric acid",0.332,"trial_3",0.431666666666667
"811","JV4","PM1","a-Ketobutyric acid",0.026,"trial_3",0.044
"812","JV4","PM1","a-Methyl D-Galactoside",0.025,"trial_3",0.067
"813","JV4","PM1","a-D-Lactose",0.018,"trial_3",0.05
"814","JV4","PM1","Lactulose",0.024,"trial_3",0.042
"815","JV4","PM1","Sucrose",0.007,"trial_3",0.0436666666666667
"816","JV4","PM1","Uridine",0.109,"trial_3",0.163666666666667
"817","JV4","PM1","L-Glutamine",1.095,"trial_3",1.28433333333333
"818","JV4","PM1","m-Tartaric acid",0,"trial_3",0
"819","JV4","PM1","D-Glucose-1-Phosphate",0.022,"trial_3",0.029
"820","JV4","PM1","D-Fructose-6-Phosphate",0.247,"trial_3",0.204666666666667
"821","JV4","PM1","Tween 80",0.519,"trial_3",0.783666666666667
"822","JV4","PM1","a-Hydroxyglutaric acid-g-Lactone",0,"trial_3",0.0336666666666667
"823","JV4","PM1","a-Hydroxybutyric acid",0,"trial_3",0.0166666666666667
"824","JV4","PM1","b-Methyl D-Glucoside",0.009,"trial_3",0.045
"825","JV4","PM1","Adonitol",0.018,"trial_3",0.059
"826","JV4","PM1","Maltotriose",0.045,"trial_3",0.102333333333333
"827","JV4","PM1","2`-Deoxyadenosine",0,"trial_3",0
"828","JV4","PM1","Adenosine",0.195,"trial_3",0.313666666666667
"829","JV4","PM1","Gly-Asp",0.101,"trial_3",0.111666666666667
"830","JV4","PM1","Citric acid",0.934,"trial_3",1.117
"831","JV4","PM1","m-Inositol",0.021,"trial_3",0.0286666666666667
"832","JV4","PM1","D-Threonine",0,"trial_3",0.019
"833","JV4","PM1","Fumaric acid",0.998,"trial_3",1.654
"834","JV4","PM1","Bromosuccinic acid",0.161,"trial_3",0.335666666666667
"835","JV4","PM1","Propionic acid",0.14,"trial_3",0.534333333333333
"836","JV4","PM1","Mucic acid",0.015,"trial_3",0.078
"837","JV4","PM1","Glycolic acid",0,"trial_3",0.0296666666666667
"838","JV4","PM1","Glyoxylic acid",0,"trial_3",0.0193333333333333
"839","JV4","PM1","D-Cellobiose",0,"trial_3",0.048
"840","JV4","PM1","Inosine",0.681,"trial_3",0.771
"841","JV4","PM1","Gly-Glu",0.076,"trial_3",0.116
"842","JV4","PM1","Tricarballylic acid",0.027,"trial_3",0.0373333333333333
"843","JV4","PM1","L-Serine",0.1,"trial_3",0.114333333333333
"844","JV4","PM1","L-Threonine",0.04,"trial_3",0.0626666666666667
"845","JV4","PM1","L-Alanine",0.152,"trial_3",0.19
"846","JV4","PM1","Ala-Gly",0.059,"trial_3",0.0843333333333333
"847","JV4","PM1","Acetoacetic acid",0.03,"trial_3",0.0473333333333333
"848","JV4","PM1","N-Acetyl-D-Mannosamine",0.016,"trial_3",0.0333333333333333
"849","JV4","PM1","Mono-methyl Succinate",0.06,"trial_3",0.141666666666667
"850","JV4","PM1","Methyl Pyruvate",0.134,"trial_3",0.246
"851","JV4","PM1","D-Malic acid",0.038,"trial_3",0.0803333333333333
"852","JV4","PM1","L-Malic acid",0.849,"trial_3",1.46366666666667
"853","JV4","PM1","Gly-Pro",0.506,"trial_3",1.15966666666667
"854","JV4","PM1","p-Hydroxyphenyl Acetic acid",0.429,"trial_3",0.893333333333333
"855","JV4","PM1","m-Hydroxyphenyl Acetic acid",0,"trial_3",0.0113333333333333
"856","JV4","PM1","Tyramine",0.378,"trial_3",0.396333333333333
"857","JV4","PM1","D-Psicose",0.302,"trial_3",0.271
"858","JV4","PM1","L-Lyxose",1.134,"trial_3",1.10866666666667
"859","JV4","PM1","Glucuronamide",0.094,"trial_3",0.0846666666666667
"860","JV4","PM1","Pyruvic acid",0.562,"trial_3",0.745666666666667
"861","JV4","PM1","L-Galactonic acid-g-Lactone",0.015,"trial_3",0.0183333333333333
"862","JV4","PM1","D-Galacturonic acid",0,"trial_3",0.0156666666666667
"863","JV4","PM1","b-Phenylethylamine",0,"trial_3",0.0193333333333333
"864","JV4","PM1","Ethanolamine",0.894,"trial_3",0.998333333333333
"865","JV5","PM1","Negative Control",0,"trial_1",0
"866","JV5","PM1","L-Arabinose",0.447,"trial_1",0.624333333333333
"867","JV5","PM1","N-Acetyl-D-Glucosamine",0.136,"trial_1",0.167
"868","JV5","PM1","D-Saccharic acid",0,"trial_1",0.00433333333333333
"869","JV5","PM1","Succinic acid",1.06,"trial_1",1.046
"870","JV5","PM1","D-Galactose",0,"trial_1",0.04
"871","JV5","PM1","L-Aspartic acid",0.732,"trial_1",0.822333333333333
"872","JV5","PM1","L-Proline",0.652,"trial_1",0.739666666666667
"873","JV5","PM1","D-Alanine",0.123,"trial_1",0.176666666666667
"874","JV5","PM1","D-Trehalose",0.054,"trial_1",0.043
"875","JV5","PM1","D-Mannose",0,"trial_1",0.043
"876","JV5","PM1","Dulcitol",0,"trial_1",0.0493333333333333
"877","JV5","PM1","D-Serine",0,"trial_1",0
"878","JV5","PM1","D-Sorbitol",0.006,"trial_1",0.0273333333333333
"879","JV5","PM1","Glycerol",0.187,"trial_1",0.229666666666667
"880","JV5","PM1","L-Fucose",0.034,"trial_1",0.0896666666666667
"881","JV5","PM1","D-Glucuronic acid",0.013,"trial_1",0.031
"882","JV5","PM1","D-Gluconic acid",1.09,"trial_1",1.11866666666667
"883","JV5","PM1","DL-a-Glycerol Phosphate",0.153,"trial_1",0.140333333333333
"884","JV5","PM1","D-Xylose",0.938,"trial_1",1.141
"885","JV5","PM1","L-Lactic acid",0.899,"trial_1",0.889333333333333
"886","JV5","PM1","Formic acid",0.01,"trial_1",0.023
"887","JV5","PM1","D-Mannitol",0.841,"trial_1",0.959666666666667
"888","JV5","PM1","L-Glutamic acid",1.117,"trial_1",1.31633333333333
"889","JV5","PM1","D-Glucose-6-Phosphate",0,"trial_1",0
"890","JV5","PM1","D-Galactonic acid-g-Lactone",0,"trial_1",0
"891","JV5","PM1","DL-Malic acid",1.109,"trial_1",1.12766666666667
"892","JV5","PM1","D-Ribose",0.858,"trial_1",1.00866666666667
"893","JV5","PM1","Tween 20",0.724,"trial_1",0.805333333333333
"894","JV5","PM1","L-Rhamnose",0.071,"trial_1",0.0936666666666667
"895","JV5","PM1","D-Fructose",0.798,"trial_1",0.936666666666667
"896","JV5","PM1","Acetic acid",0.344,"trial_1",0.288333333333333
"897","JV5","PM1","a-D-Glucose",1.205,"trial_1",1.337
"898","JV5","PM1","Maltose",0.016,"trial_1",0.0326666666666667
"899","JV5","PM1","D-Melibiose",0.012,"trial_1",0.025
"900","JV5","PM1","Thymidine",0,"trial_1",0.007
"901","JV5","PM1","L-Asparagine",1.195,"trial_1",1.412
"902","JV5","PM1","D-Aspartic acid",0,"trial_1",0.00333333333333333
"903","JV5","PM1","D-Glucosaminic acid",0.011,"trial_1",0.0273333333333333
"904","JV5","PM1","1,2-Propanediol",0.031,"trial_1",0.0493333333333333
"905","JV5","PM1","Tween 40",1.031,"trial_1",1.01533333333333
"906","JV5","PM1","a-Ketoglutaric acid",0.415,"trial_1",0.390666666666667
"907","JV5","PM1","a-Ketobutyric acid",0.078,"trial_1",0.0816666666666667
"908","JV5","PM1","a-Methyl D-Galactoside",0.027,"trial_1",0.041
"909","JV5","PM1","a-D-Lactose",0.017,"trial_1",0.0276666666666667
"910","JV5","PM1","Lactulose",0.016,"trial_1",0.0296666666666667
"911","JV5","PM1","Sucrose",0.012,"trial_1",0.0286666666666667
"912","JV5","PM1","Uridine",0.108,"trial_1",0.169666666666667
"913","JV5","PM1","L-Glutamine",1.249,"trial_1",1.367
"914","JV5","PM1","m-Tartaric acid",0,"trial_1",0
"915","JV5","PM1","D-Glucose-1-Phosphate",0.005,"trial_1",0.028
"916","JV5","PM1","D-Fructose-6-Phosphate",0.152,"trial_1",0.224333333333333
"917","JV5","PM1","Tween 80",0.416,"trial_1",0.78
"918","JV5","PM1","a-Hydroxyglutaric acid-g-Lactone",0,"trial_1",0.00666666666666667
"919","JV5","PM1","a-Hydroxybutyric acid",0,"trial_1",0
"920","JV5","PM1","b-Methyl D-Glucoside",0.053,"trial_1",0.0423333333333333
"921","JV5","PM1","Adonitol",0.043,"trial_1",0.035
"922","JV5","PM1","Maltotriose",0.088,"trial_1",0.0823333333333333
"923","JV5","PM1","2`-Deoxyadenosine",0,"trial_1",0
"924","JV5","PM1","Adenosine",0.191,"trial_1",0.314333333333333
"925","JV5","PM1","Gly-Asp",0.039,"trial_1",0.0476666666666667
"926","JV5","PM1","Citric acid",1.078,"trial_1",1.04466666666667
"927","JV5","PM1","m-Inositol",0.003,"trial_1",0.0163333333333333
"928","JV5","PM1","D-Threonine",0,"trial_1",0.0406666666666667
"929","JV5","PM1","Fumaric acid",1.325,"trial_1",1.233
"930","JV5","PM1","Bromosuccinic acid",0.376,"trial_1",0.333666666666667
"931","JV5","PM1","Propionic acid",0.394,"trial_1",0.310333333333333
"932","JV5","PM1","Mucic acid",0.047,"trial_1",0.0416666666666667
"933","JV5","PM1","Glycolic acid",0,"trial_1",0
"934","JV5","PM1","Glyoxylic acid",0,"trial_1",0.00733333333333333
"935","JV5","PM1","D-Cellobiose",0.028,"trial_1",0.0413333333333333
"936","JV5","PM1","Inosine",0.604,"trial_1",0.771
"937","JV5","PM1","Gly-Glu",0.05,"trial_1",0.0466666666666667
"938","JV5","PM1","Tricarballylic acid",0.021,"trial_1",0.0283333333333333
"939","JV5","PM1","L-Serine",0.115,"trial_1",0.187
"940","JV5","PM1","L-Threonine",0.036,"trial_1",0.0366666666666667
"941","JV5","PM1","L-Alanine",0.274,"trial_1",0.249
"942","JV5","PM1","Ala-Gly",0.043,"trial_1",0.0596666666666667
"943","JV5","PM1","Acetoacetic acid",0.042,"trial_1",0.056
"944","JV5","PM1","N-Acetyl-D-Mannosamine",0.019,"trial_1",0.029
"945","JV5","PM1","Mono-methyl Succinate",0.13,"trial_1",0.12
"946","JV5","PM1","Methyl Pyruvate",0.288,"trial_1",0.277333333333333
"947","JV5","PM1","D-Malic acid",0.096,"trial_1",0.077
"948","JV5","PM1","L-Malic acid",1.481,"trial_1",1.43133333333333
"949","JV5","PM1","Gly-Pro",0.65,"trial_1",0.624
"950","JV5","PM1","p-Hydroxyphenyl Acetic acid",0.668,"trial_1",0.573666666666667
"951","JV5","PM1","m-Hydroxyphenyl Acetic acid",0,"trial_1",0
"952","JV5","PM1","Tyramine",0.415,"trial_1",0.430666666666667
"953","JV5","PM1","D-Psicose",0.253,"trial_1",0.303
"954","JV5","PM1","L-Lyxose",1.035,"trial_1",1.15733333333333
"955","JV5","PM1","Glucuronamide",0.053,"trial_1",0.0913333333333333
"956","JV5","PM1","Pyruvic acid",0.623,"trial_1",0.677
"957","JV5","PM1","L-Galactonic acid-g-Lactone",0,"trial_1",0.0113333333333333
"958","JV5","PM1","D-Galacturonic acid",0,"trial_1",0.00533333333333333
"959","JV5","PM1","b-Phenylethylamine",0.022,"trial_1",0.0283333333333333
"960","JV5","PM1","Ethanolamine",0.915,"trial_1",1.01066666666667
"961","JV5","PM1","Negative Control",0,"trial_2",0
"962","JV5","PM1","L-Arabinose",0.652,"trial_2",0.624333333333333
"963","JV5","PM1","N-Acetyl-D-Glucosamine",0.245,"trial_2",0.167
"964","JV5","PM1","D-Saccharic acid",0.005,"trial_2",0.00433333333333333
"965","JV5","PM1","Succinic acid",1.254,"trial_2",1.046
"966","JV5","PM1","D-Galactose",0.032,"trial_2",0.04
"967","JV5","PM1","L-Aspartic acid",1.061,"trial_2",0.822333333333333
"968","JV5","PM1","L-Proline",1.042,"trial_2",0.739666666666667
"969","JV5","PM1","D-Alanine",0.286,"trial_2",0.176666666666667
"970","JV5","PM1","D-Trehalose",0.038,"trial_2",0.043
"971","JV5","PM1","D-Mannose",0.093,"trial_2",0.043
"972","JV5","PM1","Dulcitol",0.135,"trial_2",0.0493333333333333
"973","JV5","PM1","D-Serine",0,"trial_2",0
"974","JV5","PM1","D-Sorbitol",0.047,"trial_2",0.0273333333333333
"975","JV5","PM1","Glycerol",0.296,"trial_2",0.229666666666667
"976","JV5","PM1","L-Fucose",0.109,"trial_2",0.0896666666666667
"977","JV5","PM1","D-Glucuronic acid",0.036,"trial_2",0.031
"978","JV5","PM1","D-Gluconic acid",1.411,"trial_2",1.11866666666667
"979","JV5","PM1","DL-a-Glycerol Phosphate",0.144,"trial_2",0.140333333333333
"980","JV5","PM1","D-Xylose",1.266,"trial_2",1.141
"981","JV5","PM1","L-Lactic acid",1.116,"trial_2",0.889333333333333
"982","JV5","PM1","Formic acid",0.047,"trial_2",0.023
"983","JV5","PM1","D-Mannitol",1.121,"trial_2",0.959666666666667
"984","JV5","PM1","L-Glutamic acid",2.091,"trial_2",1.31633333333333
"985","JV5","PM1","D-Glucose-6-Phosphate",0,"trial_2",0
"986","JV5","PM1","D-Galactonic acid-g-Lactone",0,"trial_2",0
"987","JV5","PM1","DL-Malic acid",1.571,"trial_2",1.12766666666667
"988","JV5","PM1","D-Ribose",1.05,"trial_2",1.00866666666667
"989","JV5","PM1","Tween 20",0.745,"trial_2",0.805333333333333
"990","JV5","PM1","L-Rhamnose",0.113,"trial_2",0.0936666666666667
"991","JV5","PM1","D-Fructose",0.99,"trial_2",0.936666666666667
"992","JV5","PM1","Acetic acid",0.389,"trial_2",0.288333333333333
"993","JV5","PM1","a-D-Glucose",1.638,"trial_2",1.337
"994","JV5","PM1","Maltose",0.05,"trial_2",0.0326666666666667
"995","JV5","PM1","D-Melibiose",0.04,"trial_2",0.025
"996","JV5","PM1","Thymidine",0.021,"trial_2",0.007
"997","JV5","PM1","L-Asparagine",1.83,"trial_2",1.412
"998","JV5","PM1","D-Aspartic acid",0.01,"trial_2",0.00333333333333333
"999","JV5","PM1","D-Glucosaminic acid",0.033,"trial_2",0.0273333333333333
"1000","JV5","PM1","1,2-Propanediol",0.055,"trial_2",0.0493333333333333
"1001","JV5","PM1","Tween 40",1.133,"trial_2",1.01533333333333
"1002","JV5","PM1","a-Ketoglutaric acid",0.43,"trial_2",0.390666666666667
"1003","JV5","PM1","a-Ketobutyric acid",0.167,"trial_2",0.0816666666666667
"1004","JV5","PM1","a-Methyl D-Galactoside",0.037,"trial_2",0.041
"1005","JV5","PM1","a-D-Lactose",0.032,"trial_2",0.0276666666666667
"1006","JV5","PM1","Lactulose",0.039,"trial_2",0.0296666666666667
"1007","JV5","PM1","Sucrose",0.051,"trial_2",0.0286666666666667
"1008","JV5","PM1","Uridine",0.27,"trial_2",0.169666666666667
"1009","JV5","PM1","L-Glutamine",1.906,"trial_2",1.367
"1010","JV5","PM1","m-Tartaric acid",0,"trial_2",0
"1011","JV5","PM1","D-Glucose-1-Phosphate",0.047,"trial_2",0.028
"1012","JV5","PM1","D-Fructose-6-Phosphate",0.24,"trial_2",0.224333333333333
"1013","JV5","PM1","Tween 80",0.771,"trial_2",0.78
"1014","JV5","PM1","a-Hydroxyglutaric acid-g-Lactone",0.011,"trial_2",0.00666666666666667
"1015","JV5","PM1","a-Hydroxybutyric acid",0,"trial_2",0
"1016","JV5","PM1","b-Methyl D-Glucoside",0.033,"trial_2",0.0423333333333333
"1017","JV5","PM1","Adonitol",0.023,"trial_2",0.035
"1018","JV5","PM1","Maltotriose",0.082,"trial_2",0.0823333333333333
"1019","JV5","PM1","2`-Deoxyadenosine",0,"trial_2",0
"1020","JV5","PM1","Adenosine",0.539,"trial_2",0.314333333333333
"1021","JV5","PM1","Gly-Asp",0.047,"trial_2",0.0476666666666667
"1022","JV5","PM1","Citric acid",1.324,"trial_2",1.04466666666667
"1023","JV5","PM1","m-Inositol",0.03,"trial_2",0.0163333333333333
"1024","JV5","PM1","D-Threonine",0.085,"trial_2",0.0406666666666667
"1025","JV5","PM1","Fumaric acid",1.589,"trial_2",1.233
"1026","JV5","PM1","Bromosuccinic acid",0.372,"trial_2",0.333666666666667
"1027","JV5","PM1","Propionic acid",0.339,"trial_2",0.310333333333333
"1028","JV5","PM1","Mucic acid",0.031,"trial_2",0.0416666666666667
"1029","JV5","PM1","Glycolic acid",0,"trial_2",0
"1030","JV5","PM1","Glyoxylic acid",0.014,"trial_2",0.00733333333333333
"1031","JV5","PM1","D-Cellobiose",0.061,"trial_2",0.0413333333333333
"1032","JV5","PM1","Inosine",1.045,"trial_2",0.771
"1033","JV5","PM1","Gly-Glu",0.063,"trial_2",0.0466666666666667
"1034","JV5","PM1","Tricarballylic acid",0.051,"trial_2",0.0283333333333333
"1035","JV5","PM1","L-Serine",0.408,"trial_2",0.187
"1036","JV5","PM1","L-Threonine",0,"trial_2",0.0366666666666667
"1037","JV5","PM1","L-Alanine",0.351,"trial_2",0.249
"1038","JV5","PM1","Ala-Gly",0.08,"trial_2",0.0596666666666667
"1039","JV5","PM1","Acetoacetic acid",0.046,"trial_2",0.056
"1040","JV5","PM1","N-Acetyl-D-Mannosamine",0.029,"trial_2",0.029
"1041","JV5","PM1","Mono-methyl Succinate",0.144,"trial_2",0.12
"1042","JV5","PM1","Methyl Pyruvate",0.289,"trial_2",0.277333333333333
"1043","JV5","PM1","D-Malic acid",0.075,"trial_2",0.077
"1044","JV5","PM1","L-Malic acid",1.998,"trial_2",1.43133333333333
"1045","JV5","PM1","Gly-Pro",0.837,"trial_2",0.624
"1046","JV5","PM1","p-Hydroxyphenyl Acetic acid",0.599,"trial_2",0.573666666666667
"1047","JV5","PM1","m-Hydroxyphenyl Acetic acid",0,"trial_2",0
"1048","JV5","PM1","Tyramine",0.471,"trial_2",0.430666666666667
"1049","JV5","PM1","D-Psicose",0.283,"trial_2",0.303
"1050","JV5","PM1","L-Lyxose",1.171,"trial_2",1.15733333333333
"1051","JV5","PM1","Glucuronamide",0.085,"trial_2",0.0913333333333333
"1052","JV5","PM1","Pyruvic acid",0.814,"trial_2",0.677
"1053","JV5","PM1","L-Galactonic acid-g-Lactone",0.014,"trial_2",0.0113333333333333
"1054","JV5","PM1","D-Galacturonic acid",0.016,"trial_2",0.00533333333333333
"1055","JV5","PM1","b-Phenylethylamine",0.034,"trial_2",0.0283333333333333
"1056","JV5","PM1","Ethanolamine",1.259,"trial_2",1.01066666666667
"1057","JV5","PM1","Negative Control",0,"trial_3",0
"1058","JV5","PM1","L-Arabinose",0.774,"trial_3",0.624333333333333
"1059","JV5","PM1","N-Acetyl-D-Glucosamine",0.12,"trial_3",0.167
"1060","JV5","PM1","D-Saccharic acid",0.008,"trial_3",0.00433333333333333
"1061","JV5","PM1","Succinic acid",0.824,"trial_3",1.046
"1062","JV5","PM1","D-Galactose",0.088,"trial_3",0.04
"1063","JV5","PM1","L-Aspartic acid",0.674,"trial_3",0.822333333333333
"1064","JV5","PM1","L-Proline",0.525,"trial_3",0.739666666666667
"1065","JV5","PM1","D-Alanine",0.121,"trial_3",0.176666666666667
"1066","JV5","PM1","D-Trehalose",0.037,"trial_3",0.043
"1067","JV5","PM1","D-Mannose",0.036,"trial_3",0.043
"1068","JV5","PM1","Dulcitol",0.013,"trial_3",0.0493333333333333
"1069","JV5","PM1","D-Serine",0,"trial_3",0
"1070","JV5","PM1","D-Sorbitol",0.029,"trial_3",0.0273333333333333
"1071","JV5","PM1","Glycerol",0.206,"trial_3",0.229666666666667
"1072","JV5","PM1","L-Fucose",0.126,"trial_3",0.0896666666666667
"1073","JV5","PM1","D-Glucuronic acid",0.044,"trial_3",0.031
"1074","JV5","PM1","D-Gluconic acid",0.855,"trial_3",1.11866666666667
"1075","JV5","PM1","DL-a-Glycerol Phosphate",0.124,"trial_3",0.140333333333333
"1076","JV5","PM1","D-Xylose",1.219,"trial_3",1.141
"1077","JV5","PM1","L-Lactic acid",0.653,"trial_3",0.889333333333333
"1078","JV5","PM1","Formic acid",0.012,"trial_3",0.023
"1079","JV5","PM1","D-Mannitol",0.917,"trial_3",0.959666666666667
"1080","JV5","PM1","L-Glutamic acid",0.741,"trial_3",1.31633333333333
"1081","JV5","PM1","D-Glucose-6-Phosphate",0,"trial_3",0
"1082","JV5","PM1","D-Galactonic acid-g-Lactone",0,"trial_3",0
"1083","JV5","PM1","DL-Malic acid",0.703,"trial_3",1.12766666666667
"1084","JV5","PM1","D-Ribose",1.118,"trial_3",1.00866666666667
"1085","JV5","PM1","Tween 20",0.947,"trial_3",0.805333333333333
"1086","JV5","PM1","L-Rhamnose",0.097,"trial_3",0.0936666666666667
"1087","JV5","PM1","D-Fructose",1.022,"trial_3",0.936666666666667
"1088","JV5","PM1","Acetic acid",0.132,"trial_3",0.288333333333333
"1089","JV5","PM1","a-D-Glucose",1.168,"trial_3",1.337
"1090","JV5","PM1","Maltose",0.032,"trial_3",0.0326666666666667
"1091","JV5","PM1","D-Melibiose",0.023,"trial_3",0.025
"1092","JV5","PM1","Thymidine",0,"trial_3",0.007
"1093","JV5","PM1","L-Asparagine",1.211,"trial_3",1.412
"1094","JV5","PM1","D-Aspartic acid",0,"trial_3",0.00333333333333333
"1095","JV5","PM1","D-Glucosaminic acid",0.038,"trial_3",0.0273333333333333
"1096","JV5","PM1","1,2-Propanediol",0.062,"trial_3",0.0493333333333333
"1097","JV5","PM1","Tween 40",0.882,"trial_3",1.01533333333333
"1098","JV5","PM1","a-Ketoglutaric acid",0.327,"trial_3",0.390666666666667
"1099","JV5","PM1","a-Ketobutyric acid",0,"trial_3",0.0816666666666667
"1100","JV5","PM1","a-Methyl D-Galactoside",0.059,"trial_3",0.041
"1101","JV5","PM1","a-D-Lactose",0.034,"trial_3",0.0276666666666667
"1102","JV5","PM1","Lactulose",0.034,"trial_3",0.0296666666666667
"1103","JV5","PM1","Sucrose",0.023,"trial_3",0.0286666666666667
"1104","JV5","PM1","Uridine",0.131,"trial_3",0.169666666666667
"1105","JV5","PM1","L-Glutamine",0.946,"trial_3",1.367
"1106","JV5","PM1","m-Tartaric acid",0,"trial_3",0
"1107","JV5","PM1","D-Glucose-1-Phosphate",0.032,"trial_3",0.028
"1108","JV5","PM1","D-Fructose-6-Phosphate",0.281,"trial_3",0.224333333333333
"1109","JV5","PM1","Tween 80",1.153,"trial_3",0.78
"1110","JV5","PM1","a-Hydroxyglutaric acid-g-Lactone",0.009,"trial_3",0.00666666666666667
"1111","JV5","PM1","a-Hydroxybutyric acid",0,"trial_3",0
"1112","JV5","PM1","b-Methyl D-Glucoside",0.041,"trial_3",0.0423333333333333
"1113","JV5","PM1","Adonitol",0.039,"trial_3",0.035
"1114","JV5","PM1","Maltotriose",0.077,"trial_3",0.0823333333333333
"1115","JV5","PM1","2`-Deoxyadenosine",0,"trial_3",0
"1116","JV5","PM1","Adenosine",0.213,"trial_3",0.314333333333333
"1117","JV5","PM1","Gly-Asp",0.057,"trial_3",0.0476666666666667
"1118","JV5","PM1","Citric acid",0.732,"trial_3",1.04466666666667
"1119","JV5","PM1","m-Inositol",0.016,"trial_3",0.0163333333333333
"1120","JV5","PM1","D-Threonine",0.037,"trial_3",0.0406666666666667
"1121","JV5","PM1","Fumaric acid",0.785,"trial_3",1.233
"1122","JV5","PM1","Bromosuccinic acid",0.253,"trial_3",0.333666666666667
"1123","JV5","PM1","Propionic acid",0.198,"trial_3",0.310333333333333
"1124","JV5","PM1","Mucic acid",0.047,"trial_3",0.0416666666666667
"1125","JV5","PM1","Glycolic acid",0,"trial_3",0
"1126","JV5","PM1","Glyoxylic acid",0.008,"trial_3",0.00733333333333333
"1127","JV5","PM1","D-Cellobiose",0.035,"trial_3",0.0413333333333333
"1128","JV5","PM1","Inosine",0.664,"trial_3",0.771
"1129","JV5","PM1","Gly-Glu",0.027,"trial_3",0.0466666666666667
"1130","JV5","PM1","Tricarballylic acid",0.013,"trial_3",0.0283333333333333
"1131","JV5","PM1","L-Serine",0.038,"trial_3",0.187
"1132","JV5","PM1","L-Threonine",0.074,"trial_3",0.0366666666666667
"1133","JV5","PM1","L-Alanine",0.122,"trial_3",0.249
"1134","JV5","PM1","Ala-Gly",0.056,"trial_3",0.0596666666666667
"1135","JV5","PM1","Acetoacetic acid",0.08,"trial_3",0.056
"1136","JV5","PM1","N-Acetyl-D-Mannosamine",0.039,"trial_3",0.029
"1137","JV5","PM1","Mono-methyl Succinate",0.086,"trial_3",0.12
"1138","JV5","PM1","Methyl Pyruvate",0.255,"trial_3",0.277333333333333
"1139","JV5","PM1","D-Malic acid",0.06,"trial_3",0.077
"1140","JV5","PM1","L-Malic acid",0.815,"trial_3",1.43133333333333
"1141","JV5","PM1","Gly-Pro",0.385,"trial_3",0.624
"1142","JV5","PM1","p-Hydroxyphenyl Acetic acid",0.454,"trial_3",0.573666666666667
"1143","JV5","PM1","m-Hydroxyphenyl Acetic acid",0,"trial_3",0
"1144","JV5","PM1","Tyramine",0.406,"trial_3",0.430666666666667
"1145","JV5","PM1","D-Psicose",0.373,"trial_3",0.303
"1146","JV5","PM1","L-Lyxose",1.266,"trial_3",1.15733333333333
"1147","JV5","PM1","Glucuronamide",0.136,"trial_3",0.0913333333333333
"1148","JV5","PM1","Pyruvic acid",0.594,"trial_3",0.677
"1149","JV5","PM1","L-Galactonic acid-g-Lactone",0.02,"trial_3",0.0113333333333333
"1150","JV5","PM1","D-Galacturonic acid",0,"trial_3",0.00533333333333333
"1151","JV5","PM1","b-Phenylethylamine",0.029,"trial_3",0.0283333333333333
"1152","JV5","PM1","Ethanolamine",0.858,"trial_3",1.01066666666667
"1153","PA01","PM1","Negative Control",0,"trial_1",0
"1154","PA01","PM1","L-Arabinose",0.455,"trial_1",0.519666666666667
"1155","PA01","PM1","N-Acetyl-D-Glucosamine",0.233,"trial_1",0.326333333333333
"1156","PA01","PM1","D-Saccharic acid",0,"trial_1",0.022
"1157","PA01","PM1","Succinic acid",1.03,"trial_1",1.15733333333333
"1158","PA01","PM1","D-Galactose",0,"trial_1",0.0296666666666667
"1159","PA01","PM1","L-Aspartic acid",1.223,"trial_1",1.29033333333333
"1160","PA01","PM1","L-Proline",0.741,"trial_1",0.972
"1161","PA01","PM1","D-Alanine",0.362,"trial_1",0.314
"1162","PA01","PM1","D-Trehalose",0.055,"trial_1",0.0813333333333333
"1163","PA01","PM1","D-Mannose",0,"trial_1",0.029
"1164","PA01","PM1","Dulcitol",0,"trial_1",0.009
"1165","PA01","PM1","D-Serine",0.08,"trial_1",0.073
"1166","PA01","PM1","D-Sorbitol",0.026,"trial_1",0.044
"1167","PA01","PM1","Glycerol",0.607,"trial_1",0.555
"1168","PA01","PM1","L-Fucose",0.021,"trial_1",0.0413333333333333
"1169","PA01","PM1","D-Glucuronic acid",0.027,"trial_1",0.0656666666666667
"1170","PA01","PM1","D-Gluconic acid",2.356,"trial_1",1.48833333333333
"1171","PA01","PM1","DL-a-Glycerol Phosphate",0.166,"trial_1",0.225
"1172","PA01","PM1","D-Xylose",0.799,"trial_1",0.967666666666667
"1173","PA01","PM1","L-Lactic acid",0.976,"trial_1",0.948
"1174","PA01","PM1","Formic acid",0.1,"trial_1",0.116
"1175","PA01","PM1","D-Mannitol",0.653,"trial_1",0.701
"1176","PA01","PM1","L-Glutamic acid",2.016,"trial_1",1.54833333333333
"1177","PA01","PM1","D-Glucose-6-Phosphate",0,"trial_1",0.0293333333333333
"1178","PA01","PM1","D-Galactonic acid-g-Lactone",0.015,"trial_1",0.0423333333333333
"1179","PA01","PM1","DL-Malic acid",1.145,"trial_1",1.27233333333333
"1180","PA01","PM1","D-Ribose",1.129,"trial_1",1.32066666666667
"1181","PA01","PM1","Tween 20",1.4,"trial_1",1.76266666666667
"1182","PA01","PM1","L-Rhamnose",0.008,"trial_1",0.0543333333333333
"1183","PA01","PM1","D-Fructose",1.259,"trial_1",1.10633333333333
"1184","PA01","PM1","Acetic acid",0.404,"trial_1",0.569666666666667
"1185","PA01","PM1","a-D-Glucose",1.186,"trial_1",1.35866666666667
"1186","PA01","PM1","Maltose",0,"trial_1",0.065
"1187","PA01","PM1","D-Melibiose",0,"trial_1",0.0633333333333333
"1188","PA01","PM1","Thymidine",0,"trial_1",0.0413333333333333
"1189","PA01","PM1","L-Asparagine",0.782,"trial_1",1.11066666666667
"1190","PA01","PM1","D-Aspartic acid",0,"trial_1",0.0383333333333333
"1191","PA01","PM1","D-Glucosaminic acid",0.008,"trial_1",0.0576666666666667
"1192","PA01","PM1","1,2-Propanediol",0.166,"trial_1",0.363
"1193","PA01","PM1","Tween 40",0.692,"trial_1",1.078
"1194","PA01","PM1","a-Ketoglutaric acid",0.986,"trial_1",1.20533333333333
"1195","PA01","PM1","a-Ketobutyric acid",0.177,"trial_1",0.187333333333333
"1196","PA01","PM1","a-Methyl D-Galactoside",0.044,"trial_1",0.0316666666666667
"1197","PA01","PM1","a-D-Lactose",0.058,"trial_1",0.0456666666666667
"1198","PA01","PM1","Lactulose",0.023,"trial_1",0.0383333333333333
"1199","PA01","PM1","Sucrose",0.009,"trial_1",0.043
"1200","PA01","PM1","Uridine",0.025,"trial_1",0.0633333333333333
"1201","PA01","PM1","L-Glutamine",3.056,"trial_1",2.43966666666667
"1202","PA01","PM1","m-Tartaric acid",0.037,"trial_1",0.029
"1203","PA01","PM1","D-Glucose-1-Phosphate",0.013,"trial_1",0.0586666666666667
"1204","PA01","PM1","D-Fructose-6-Phosphate",0.182,"trial_1",0.195666666666667
"1205","PA01","PM1","Tween 80",0.321,"trial_1",0.441
"1206","PA01","PM1","a-Hydroxyglutaric acid-g-Lactone",0.069,"trial_1",0.0996666666666667
"1207","PA01","PM1","a-Hydroxybutyric acid",0.106,"trial_1",0.143666666666667
"1208","PA01","PM1","b-Methyl D-Glucoside",0.019,"trial_1",0.0793333333333333
"1209","PA01","PM1","Adonitol",0.079,"trial_1",0.0843333333333333
"1210","PA01","PM1","Maltotriose",0.064,"trial_1",0.118
"1211","PA01","PM1","2`-Deoxyadenosine",0.026,"trial_1",0.0523333333333333
"1212","PA01","PM1","Adenosine",0.096,"trial_1",0.121333333333333
"1213","PA01","PM1","Gly-Asp",0.056,"trial_1",0.0693333333333333
"1214","PA01","PM1","Citric acid",1.221,"trial_1",1.213
"1215","PA01","PM1","m-Inositol",0,"trial_1",0.0376666666666667
"1216","PA01","PM1","D-Threonine",0.056,"trial_1",0.098
"1217","PA01","PM1","Fumaric acid",1.11,"trial_1",1.22466666666667
"1218","PA01","PM1","Bromosuccinic acid",0.218,"trial_1",0.392333333333333
"1219","PA01","PM1","Propionic acid",0.447,"trial_1",0.496
"1220","PA01","PM1","Mucic acid",0.066,"trial_1",0.0843333333333333
"1221","PA01","PM1","Glycolic acid",0.019,"trial_1",0.0226666666666667
"1222","PA01","PM1","Glyoxylic acid",0.02,"trial_1",0.0166666666666667
"1223","PA01","PM1","D-Cellobiose",0.04,"trial_1",0.073
"1224","PA01","PM1","Inosine",0.239,"trial_1",0.272333333333333
"1225","PA01","PM1","Gly-Glu",0.032,"trial_1",0.100666666666667
"1226","PA01","PM1","Tricarballylic acid",0.03,"trial_1",0.0476666666666667
"1227","PA01","PM1","L-Serine",0.071,"trial_1",0.11
"1228","PA01","PM1","L-Threonine",0.049,"trial_1",0.108
"1229","PA01","PM1","L-Alanine",0.356,"trial_1",0.388
"1230","PA01","PM1","Ala-Gly",0.062,"trial_1",0.0886666666666667
"1231","PA01","PM1","Acetoacetic acid",0.066,"trial_1",0.0746666666666667
"1232","PA01","PM1","N-Acetyl-D-Mannosamine",0.063,"trial_1",0.0673333333333333
"1233","PA01","PM1","Mono-methyl Succinate",0.137,"trial_1",0.217333333333333
"1234","PA01","PM1","Methyl Pyruvate",0.387,"trial_1",0.544333333333333
"1235","PA01","PM1","D-Malic acid",0.067,"trial_1",0.132333333333333
"1236","PA01","PM1","L-Malic acid",0.613,"trial_1",1.57633333333333
"1237","PA01","PM1","Gly-Pro",0.725,"trial_1",1.648
"1238","PA01","PM1","p-Hydroxyphenyl Acetic acid",1.119,"trial_1",2.09733333333333
"1239","PA01","PM1","m-Hydroxyphenyl Acetic acid",0.008,"trial_1",0.0223333333333333
"1240","PA01","PM1","Tyramine",0.663,"trial_1",3.604
"1241","PA01","PM1","D-Psicose",0.143,"trial_1",0.144333333333333
"1242","PA01","PM1","L-Lyxose",1.099,"trial_1",1.16233333333333
"1243","PA01","PM1","Glucuronamide",0.061,"trial_1",0.0963333333333333
"1244","PA01","PM1","Pyruvic acid",0.904,"trial_1",0.778
"1245","PA01","PM1","L-Galactonic acid-g-Lactone",0.016,"trial_1",0.0273333333333333
"1246","PA01","PM1","D-Galacturonic acid",0,"trial_1",0.0146666666666667
"1247","PA01","PM1","b-Phenylethylamine",0.021,"trial_1",0.0866666666666667
"1248","PA01","PM1","Ethanolamine",0.296,"trial_1",0.441
"1249","PA01","PM1","Negative Control",0,"trial_2",0
"1250","PA01","PM1","L-Arabinose",0.614,"trial_2",0.519666666666667
"1251","PA01","PM1","N-Acetyl-D-Glucosamine",0.506,"trial_2",0.326333333333333
"1252","PA01","PM1","D-Saccharic acid",0.023,"trial_2",0.022
"1253","PA01","PM1","Succinic acid",1.53,"trial_2",1.15733333333333
"1254","PA01","PM1","D-Galactose",0.053,"trial_2",0.0296666666666667
"1255","PA01","PM1","L-Aspartic acid",2.023,"trial_2",1.29033333333333
"1256","PA01","PM1","L-Proline",1.477,"trial_2",0.972
"1257","PA01","PM1","D-Alanine",0.3,"trial_2",0.314
"1258","PA01","PM1","D-Trehalose",0.146,"trial_2",0.0813333333333333
"1259","PA01","PM1","D-Mannose",0.055,"trial_2",0.029
"1260","PA01","PM1","Dulcitol",0,"trial_2",0.009
"1261","PA01","PM1","D-Serine",0.096,"trial_2",0.073
"1262","PA01","PM1","D-Sorbitol",0.081,"trial_2",0.044
"1263","PA01","PM1","Glycerol",0.545,"trial_2",0.555
"1264","PA01","PM1","L-Fucose",0.045,"trial_2",0.0413333333333333
"1265","PA01","PM1","D-Glucuronic acid",0.107,"trial_2",0.0656666666666667
"1266","PA01","PM1","D-Gluconic acid",1.252,"trial_2",1.48833333333333
"1267","PA01","PM1","DL-a-Glycerol Phosphate",0.33,"trial_2",0.225
"1268","PA01","PM1","D-Xylose",1.106,"trial_2",0.967666666666667
"1269","PA01","PM1","L-Lactic acid",1.015,"trial_2",0.948
"1270","PA01","PM1","Formic acid",0.173,"trial_2",0.116
"1271","PA01","PM1","D-Mannitol",0.854,"trial_2",0.701
"1272","PA01","PM1","L-Glutamic acid",1.446,"trial_2",1.54833333333333
"1273","PA01","PM1","D-Glucose-6-Phosphate",0.088,"trial_2",0.0293333333333333
"1274","PA01","PM1","D-Galactonic acid-g-Lactone",0.086,"trial_2",0.0423333333333333
"1275","PA01","PM1","DL-Malic acid",1.672,"trial_2",1.27233333333333
"1276","PA01","PM1","D-Ribose",1.699,"trial_2",1.32066666666667
"1277","PA01","PM1","Tween 20",2.258,"trial_2",1.76266666666667
"1278","PA01","PM1","L-Rhamnose",0.105,"trial_2",0.0543333333333333
"1279","PA01","PM1","D-Fructose",1.326,"trial_2",1.10633333333333
"1280","PA01","PM1","Acetic acid",0.766,"trial_2",0.569666666666667
"1281","PA01","PM1","a-D-Glucose",1.891,"trial_2",1.35866666666667
"1282","PA01","PM1","Maltose",0.139,"trial_2",0.065
"1283","PA01","PM1","D-Melibiose",0.134,"trial_2",0.0633333333333333
"1284","PA01","PM1","Thymidine",0.091,"trial_2",0.0413333333333333
"1285","PA01","PM1","L-Asparagine",1.73,"trial_2",1.11066666666667
"1286","PA01","PM1","D-Aspartic acid",0.1,"trial_2",0.0383333333333333
"1287","PA01","PM1","D-Glucosaminic acid",0.135,"trial_2",0.0576666666666667
"1288","PA01","PM1","1,2-Propanediol",0.834,"trial_2",0.363
"1289","PA01","PM1","Tween 40",1.829,"trial_2",1.078
"1290","PA01","PM1","a-Ketoglutaric acid",1.836,"trial_2",1.20533333333333
"1291","PA01","PM1","a-Ketobutyric acid",0.234,"trial_2",0.187333333333333
"1292","PA01","PM1","a-Methyl D-Galactoside",0,"trial_2",0.0316666666666667
"1293","PA01","PM1","a-D-Lactose",0.026,"trial_2",0.0456666666666667
"1294","PA01","PM1","Lactulose",0.053,"trial_2",0.0383333333333333
"1295","PA01","PM1","Sucrose",0.054,"trial_2",0.043
"1296","PA01","PM1","Uridine",0.073,"trial_2",0.0633333333333333
"1297","PA01","PM1","L-Glutamine",3.152,"trial_2",2.43966666666667
"1298","PA01","PM1","m-Tartaric acid",0.05,"trial_2",0.029
"1299","PA01","PM1","D-Glucose-1-Phosphate",0.121,"trial_2",0.0586666666666667
"1300","PA01","PM1","D-Fructose-6-Phosphate",0.23,"trial_2",0.195666666666667
"1301","PA01","PM1","Tween 80",0.707,"trial_2",0.441
"1302","PA01","PM1","a-Hydroxyglutaric acid-g-Lactone",0.162,"trial_2",0.0996666666666667
"1303","PA01","PM1","a-Hydroxybutyric acid",0.183,"trial_2",0.143666666666667
"1304","PA01","PM1","b-Methyl D-Glucoside",0.163,"trial_2",0.0793333333333333
"1305","PA01","PM1","Adonitol",0.116,"trial_2",0.0843333333333333
"1306","PA01","PM1","Maltotriose",0.184,"trial_2",0.118
"1307","PA01","PM1","2`-Deoxyadenosine",0.085,"trial_2",0.0523333333333333
"1308","PA01","PM1","Adenosine",0.078,"trial_2",0.121333333333333
"1309","PA01","PM1","Gly-Asp",0.12,"trial_2",0.0693333333333333
"1310","PA01","PM1","Citric acid",1.496,"trial_2",1.213
"1311","PA01","PM1","m-Inositol",0.105,"trial_2",0.0376666666666667
"1312","PA01","PM1","D-Threonine",0.16,"trial_2",0.098
"1313","PA01","PM1","Fumaric acid",1.603,"trial_2",1.22466666666667
"1314","PA01","PM1","Bromosuccinic acid",0.593,"trial_2",0.392333333333333
"1315","PA01","PM1","Propionic acid",0.577,"trial_2",0.496
"1316","PA01","PM1","Mucic acid",0.117,"trial_2",0.0843333333333333
"1317","PA01","PM1","Glycolic acid",0,"trial_2",0.0226666666666667
"1318","PA01","PM1","Glyoxylic acid",0,"trial_2",0.0166666666666667
"1319","PA01","PM1","D-Cellobiose",0.109,"trial_2",0.073
"1320","PA01","PM1","Inosine",0.349,"trial_2",0.272333333333333
"1321","PA01","PM1","Gly-Glu",0.234,"trial_2",0.100666666666667
"1322","PA01","PM1","Tricarballylic acid",0.101,"trial_2",0.0476666666666667
"1323","PA01","PM1","L-Serine",0.193,"trial_2",0.11
"1324","PA01","PM1","L-Threonine",0.197,"trial_2",0.108
"1325","PA01","PM1","L-Alanine",0.565,"trial_2",0.388
"1326","PA01","PM1","Ala-Gly",0.137,"trial_2",0.0886666666666667
"1327","PA01","PM1","Acetoacetic acid",0.105,"trial_2",0.0746666666666667
"1328","PA01","PM1","N-Acetyl-D-Mannosamine",0.072,"trial_2",0.0673333333333333
"1329","PA01","PM1","Mono-methyl Succinate",0.303,"trial_2",0.217333333333333
"1330","PA01","PM1","Methyl Pyruvate",0.611,"trial_2",0.544333333333333
"1331","PA01","PM1","D-Malic acid",0.195,"trial_2",0.132333333333333
"1332","PA01","PM1","L-Malic acid",2.923,"trial_2",1.57633333333333
"1333","PA01","PM1","Gly-Pro",3.866,"trial_2",1.648
"1334","PA01","PM1","p-Hydroxyphenyl Acetic acid",4.47,"trial_2",2.09733333333333
"1335","PA01","PM1","m-Hydroxyphenyl Acetic acid",0.057,"trial_2",0.0223333333333333
"1336","PA01","PM1","Tyramine",9.475,"trial_2",3.604
"1337","PA01","PM1","D-Psicose",0.158,"trial_2",0.144333333333333
"1338","PA01","PM1","L-Lyxose",1.229,"trial_2",1.16233333333333
"1339","PA01","PM1","Glucuronamide",0.153,"trial_2",0.0963333333333333
"1340","PA01","PM1","Pyruvic acid",0.666,"trial_2",0.778
"1341","PA01","PM1","L-Galactonic acid-g-Lactone",0.036,"trial_2",0.0273333333333333
"1342","PA01","PM1","D-Galacturonic acid",0.01,"trial_2",0.0146666666666667
"1343","PA01","PM1","b-Phenylethylamine",0.2,"trial_2",0.0866666666666667
"1344","PA01","PM1","Ethanolamine",0.601,"trial_2",0.441
"1345","PA01","PM1","Negative Control",0,"trial_3",0
"1346","PA01","PM1","L-Arabinose",0.49,"trial_3",0.519666666666667
"1347","PA01","PM1","N-Acetyl-D-Glucosamine",0.24,"trial_3",0.326333333333333
"1348","PA01","PM1","D-Saccharic acid",0.043,"trial_3",0.022
"1349","PA01","PM1","Succinic acid",0.912,"trial_3",1.15733333333333
"1350","PA01","PM1","D-Galactose",0.036,"trial_3",0.0296666666666667
"1351","PA01","PM1","L-Aspartic acid",0.625,"trial_3",1.29033333333333
"1352","PA01","PM1","L-Proline",0.698,"trial_3",0.972
"1353","PA01","PM1","D-Alanine",0.28,"trial_3",0.314
"1354","PA01","PM1","D-Trehalose",0.043,"trial_3",0.0813333333333333
"1355","PA01","PM1","D-Mannose",0.032,"trial_3",0.029
"1356","PA01","PM1","Dulcitol",0.027,"trial_3",0.009
"1357","PA01","PM1","D-Serine",0.043,"trial_3",0.073
"1358","PA01","PM1","D-Sorbitol",0.025,"trial_3",0.044
"1359","PA01","PM1","Glycerol",0.513,"trial_3",0.555
"1360","PA01","PM1","L-Fucose",0.058,"trial_3",0.0413333333333333
"1361","PA01","PM1","D-Glucuronic acid",0.063,"trial_3",0.0656666666666667
"1362","PA01","PM1","D-Gluconic acid",0.857,"trial_3",1.48833333333333
"1363","PA01","PM1","DL-a-Glycerol Phosphate",0.179,"trial_3",0.225
"1364","PA01","PM1","D-Xylose",0.998,"trial_3",0.967666666666667
"1365","PA01","PM1","L-Lactic acid",0.853,"trial_3",0.948
"1366","PA01","PM1","Formic acid",0.075,"trial_3",0.116
"1367","PA01","PM1","D-Mannitol",0.596,"trial_3",0.701
"1368","PA01","PM1","L-Glutamic acid",1.183,"trial_3",1.54833333333333
"1369","PA01","PM1","D-Glucose-6-Phosphate",0,"trial_3",0.0293333333333333
"1370","PA01","PM1","D-Galactonic acid-g-Lactone",0.026,"trial_3",0.0423333333333333
"1371","PA01","PM1","DL-Malic acid",1,"trial_3",1.27233333333333
"1372","PA01","PM1","D-Ribose",1.134,"trial_3",1.32066666666667
"1373","PA01","PM1","Tween 20",1.63,"trial_3",1.76266666666667
"1374","PA01","PM1","L-Rhamnose",0.05,"trial_3",0.0543333333333333
"1375","PA01","PM1","D-Fructose",0.734,"trial_3",1.10633333333333
"1376","PA01","PM1","Acetic acid",0.539,"trial_3",0.569666666666667
"1377","PA01","PM1","a-D-Glucose",0.999,"trial_3",1.35866666666667
"1378","PA01","PM1","Maltose",0.056,"trial_3",0.065
"1379","PA01","PM1","D-Melibiose",0.056,"trial_3",0.0633333333333333
"1380","PA01","PM1","Thymidine",0.033,"trial_3",0.0413333333333333
"1381","PA01","PM1","L-Asparagine",0.82,"trial_3",1.11066666666667
"1382","PA01","PM1","D-Aspartic acid",0.015,"trial_3",0.0383333333333333
"1383","PA01","PM1","D-Glucosaminic acid",0.03,"trial_3",0.0576666666666667
"1384","PA01","PM1","1,2-Propanediol",0.089,"trial_3",0.363
"1385","PA01","PM1","Tween 40",0.713,"trial_3",1.078
"1386","PA01","PM1","a-Ketoglutaric acid",0.794,"trial_3",1.20533333333333
"1387","PA01","PM1","a-Ketobutyric acid",0.151,"trial_3",0.187333333333333
"1388","PA01","PM1","a-Methyl D-Galactoside",0.051,"trial_3",0.0316666666666667
"1389","PA01","PM1","a-D-Lactose",0.053,"trial_3",0.0456666666666667
"1390","PA01","PM1","Lactulose",0.039,"trial_3",0.0383333333333333
"1391","PA01","PM1","Sucrose",0.066,"trial_3",0.043
"1392","PA01","PM1","Uridine",0.092,"trial_3",0.0633333333333333
"1393","PA01","PM1","L-Glutamine",1.111,"trial_3",2.43966666666667
"1394","PA01","PM1","m-Tartaric acid",0,"trial_3",0.029
"1395","PA01","PM1","D-Glucose-1-Phosphate",0.042,"trial_3",0.0586666666666667
"1396","PA01","PM1","D-Fructose-6-Phosphate",0.175,"trial_3",0.195666666666667
"1397","PA01","PM1","Tween 80",0.295,"trial_3",0.441
"1398","PA01","PM1","a-Hydroxyglutaric acid-g-Lactone",0.068,"trial_3",0.0996666666666667
"1399","PA01","PM1","a-Hydroxybutyric acid",0.142,"trial_3",0.143666666666667
"1400","PA01","PM1","b-Methyl D-Glucoside",0.056,"trial_3",0.0793333333333333
"1401","PA01","PM1","Adonitol",0.058,"trial_3",0.0843333333333333
"1402","PA01","PM1","Maltotriose",0.106,"trial_3",0.118
"1403","PA01","PM1","2`-Deoxyadenosine",0.046,"trial_3",0.0523333333333333
"1404","PA01","PM1","Adenosine",0.19,"trial_3",0.121333333333333
"1405","PA01","PM1","Gly-Asp",0.032,"trial_3",0.0693333333333333
"1406","PA01","PM1","Citric acid",0.922,"trial_3",1.213
"1407","PA01","PM1","m-Inositol",0.008,"trial_3",0.0376666666666667
"1408","PA01","PM1","D-Threonine",0.078,"trial_3",0.098
"1409","PA01","PM1","Fumaric acid",0.961,"trial_3",1.22466666666667
"1410","PA01","PM1","Bromosuccinic acid",0.366,"trial_3",0.392333333333333
"1411","PA01","PM1","Propionic acid",0.464,"trial_3",0.496
"1412","PA01","PM1","Mucic acid",0.07,"trial_3",0.0843333333333333
"1413","PA01","PM1","Glycolic acid",0.049,"trial_3",0.0226666666666667
"1414","PA01","PM1","Glyoxylic acid",0.03,"trial_3",0.0166666666666667
"1415","PA01","PM1","D-Cellobiose",0.07,"trial_3",0.073
"1416","PA01","PM1","Inosine",0.229,"trial_3",0.272333333333333
"1417","PA01","PM1","Gly-Glu",0.036,"trial_3",0.100666666666667
"1418","PA01","PM1","Tricarballylic acid",0.012,"trial_3",0.0476666666666667
"1419","PA01","PM1","L-Serine",0.066,"trial_3",0.11
"1420","PA01","PM1","L-Threonine",0.078,"trial_3",0.108
"1421","PA01","PM1","L-Alanine",0.243,"trial_3",0.388
"1422","PA01","PM1","Ala-Gly",0.067,"trial_3",0.0886666666666667
"1423","PA01","PM1","Acetoacetic acid",0.053,"trial_3",0.0746666666666667
"1424","PA01","PM1","N-Acetyl-D-Mannosamine",0.067,"trial_3",0.0673333333333333
"1425","PA01","PM1","Mono-methyl Succinate",0.212,"trial_3",0.217333333333333
"1426","PA01","PM1","Methyl Pyruvate",0.635,"trial_3",0.544333333333333
"1427","PA01","PM1","D-Malic acid",0.135,"trial_3",0.132333333333333
"1428","PA01","PM1","L-Malic acid",1.193,"trial_3",1.57633333333333
"1429","PA01","PM1","Gly-Pro",0.353,"trial_3",1.648
"1430","PA01","PM1","p-Hydroxyphenyl Acetic acid",0.703,"trial_3",2.09733333333333
"1431","PA01","PM1","m-Hydroxyphenyl Acetic acid",0.002,"trial_3",0.0223333333333333
"1432","PA01","PM1","Tyramine",0.674,"trial_3",3.604
"1433","PA01","PM1","D-Psicose",0.132,"trial_3",0.144333333333333
"1434","PA01","PM1","L-Lyxose",1.159,"trial_3",1.16233333333333
"1435","PA01","PM1","Glucuronamide",0.075,"trial_3",0.0963333333333333
"1436","PA01","PM1","Pyruvic acid",0.764,"trial_3",0.778
"1437","PA01","PM1","L-Galactonic acid-g-Lactone",0.03,"trial_3",0.0273333333333333
"1438","PA01","PM1","D-Galacturonic acid",0.034,"trial_3",0.0146666666666667
"1439","PA01","PM1","b-Phenylethylamine",0.039,"trial_3",0.0866666666666667
"1440","PA01","PM1","Ethanolamine",0.426,"trial_3",0.441
"1441","PA14","PM1","Negative Control",0,"trial_1",0
"1442","PA14","PM1","L-Arabinose",0.504,"trial_1",0.465
"1443","PA14","PM1","N-Acetyl-D-Glucosamine",0.868,"trial_1",0.788333333333333
"1444","PA14","PM1","D-Saccharic acid",0.027,"trial_1",0.0196666666666667
"1445","PA14","PM1","Succinic acid",2.182,"trial_1",3.27866666666667
"1446","PA14","PM1","D-Galactose",0.029,"trial_1",0.0156666666666667
"1447","PA14","PM1","L-Aspartic acid",1.41,"trial_1",1.43333333333333
"1448","PA14","PM1","L-Proline",1.994,"trial_1",1.985
"1449","PA14","PM1","D-Alanine",1.09,"trial_1",1.1
"1450","PA14","PM1","D-Trehalose",0.308,"trial_1",0.735
"1451","PA14","PM1","D-Mannose",0.033,"trial_1",0.0833333333333333
"1452","PA14","PM1","Dulcitol",0.033,"trial_1",0.0223333333333333
"1453","PA14","PM1","D-Serine",0.05,"trial_1",0.0683333333333333
"1454","PA14","PM1","D-Sorbitol",0.06,"trial_1",0.068
"1455","PA14","PM1","Glycerol",1.693,"trial_1",1.49333333333333
"1456","PA14","PM1","L-Fucose",0.085,"trial_1",0.0943333333333333
"1457","PA14","PM1","D-Glucuronic acid",0.096,"trial_1",0.0846666666666667
"1458","PA14","PM1","D-Gluconic acid",2.598,"trial_1",3.30433333333333
"1459","PA14","PM1","DL-a-Glycerol Phosphate",0.237,"trial_1",0.253333333333333
"1460","PA14","PM1","D-Xylose",0.94,"trial_1",1.02833333333333
"1461","PA14","PM1","L-Lactic acid",2.353,"trial_1",2.24133333333333
"1462","PA14","PM1","Formic acid",0.144,"trial_1",0.160333333333333
"1463","PA14","PM1","D-Mannitol",1.776,"trial_1",1.88466666666667
"1464","PA14","PM1","L-Glutamic acid",2.232,"trial_1",2.29433333333333
"1465","PA14","PM1","D-Glucose-6-Phosphate",0,"trial_1",0.0246666666666667
"1466","PA14","PM1","D-Galactonic acid-g-Lactone",0.077,"trial_1",0.069
"1467","PA14","PM1","DL-Malic acid",2.805,"trial_1",2.991
"1468","PA14","PM1","D-Ribose",1.15,"trial_1",1.28166666666667
"1469","PA14","PM1","Tween 20",1.847,"trial_1",2.43466666666667
"1470","PA14","PM1","L-Rhamnose",0.084,"trial_1",0.0923333333333333
"1471","PA14","PM1","D-Fructose",1.581,"trial_1",1.69033333333333
"1472","PA14","PM1","Acetic acid",1.919,"trial_1",2.12666666666667
"1473","PA14","PM1","a-D-Glucose",2.271,"trial_1",2.51333333333333
"1474","PA14","PM1","Maltose",0.085,"trial_1",0.0923333333333333
"1475","PA14","PM1","D-Melibiose",0.064,"trial_1",0.0733333333333333
"1476","PA14","PM1","Thymidine",0.061,"trial_1",0.0366666666666667
"1477","PA14","PM1","L-Asparagine",2.805,"trial_1",2.42533333333333
"1478","PA14","PM1","D-Aspartic acid",0.071,"trial_1",0.0823333333333333
"1479","PA14","PM1","D-Glucosaminic acid",0.063,"trial_1",0.0673333333333333
"1480","PA14","PM1","1,2-Propanediol",0.371,"trial_1",0.396333333333333
"1481","PA14","PM1","Tween 40",1.608,"trial_1",2.255
"1482","PA14","PM1","a-Ketoglutaric acid",2.163,"trial_1",2.63633333333333
"1483","PA14","PM1","a-Ketobutyric acid",0.176,"trial_1",0.217333333333333
"1484","PA14","PM1","a-Methyl D-Galactoside",0.092,"trial_1",0.107
"1485","PA14","PM1","a-D-Lactose",0.093,"trial_1",0.095
"1486","PA14","PM1","Lactulose",0.085,"trial_1",0.077
"1487","PA14","PM1","Sucrose",0.067,"trial_1",0.0596666666666667
"1488","PA14","PM1","Uridine",0.166,"trial_1",0.205333333333333
"1489","PA14","PM1","L-Glutamine",2.795,"trial_1",2.41466666666667
"1490","PA14","PM1","m-Tartaric acid",0.074,"trial_1",0.0663333333333333
"1491","PA14","PM1","D-Glucose-1-Phosphate",0.079,"trial_1",0.0693333333333333
"1492","PA14","PM1","D-Fructose-6-Phosphate",0.187,"trial_1",0.191666666666667
"1493","PA14","PM1","Tween 80",1.462,"trial_1",2.22466666666667
"1494","PA14","PM1","a-Hydroxyglutaric acid-g-Lactone",0.073,"trial_1",0.0953333333333333
"1495","PA14","PM1","a-Hydroxybutyric acid",0.184,"trial_1",0.197333333333333
"1496","PA14","PM1","b-Methyl D-Glucoside",0.089,"trial_1",0.084
"1497","PA14","PM1","Adonitol",0.101,"trial_1",0.113333333333333
"1498","PA14","PM1","Maltotriose",0.124,"trial_1",0.146
"1499","PA14","PM1","2`-Deoxyadenosine",0.04,"trial_1",0.0376666666666667
"1500","PA14","PM1","Adenosine",0.268,"trial_1",0.332666666666667
"1501","PA14","PM1","Gly-Asp",0.043,"trial_1",0.0396666666666667
"1502","PA14","PM1","Citric acid",3.53,"trial_1",3.313
"1503","PA14","PM1","m-Inositol",0.072,"trial_1",0.0696666666666667
"1504","PA14","PM1","D-Threonine",0.16,"trial_1",0.1
"1505","PA14","PM1","Fumaric acid",3.327,"trial_1",3.34333333333333
"1506","PA14","PM1","Bromosuccinic acid",0.435,"trial_1",0.587
"1507","PA14","PM1","Propionic acid",0.981,"trial_1",0.999666666666667
"1508","PA14","PM1","Mucic acid",0.085,"trial_1",0.092
"1509","PA14","PM1","Glycolic acid",0.07,"trial_1",0.058
"1510","PA14","PM1","Glyoxylic acid",0.069,"trial_1",0.07
"1511","PA14","PM1","D-Cellobiose",0.095,"trial_1",0.0943333333333333
"1512","PA14","PM1","Inosine",1.267,"trial_1",1.474
"1513","PA14","PM1","Gly-Glu",0.078,"trial_1",0.0873333333333333
"1514","PA14","PM1","Tricarballylic acid",0.059,"trial_1",0.0616666666666667
"1515","PA14","PM1","L-Serine",0.128,"trial_1",0.135
"1516","PA14","PM1","L-Threonine",0.116,"trial_1",0.108
"1517","PA14","PM1","L-Alanine",1.411,"trial_1",1.31533333333333
"1518","PA14","PM1","Ala-Gly",0.151,"trial_1",0.156666666666667
"1519","PA14","PM1","Acetoacetic acid",0.122,"trial_1",0.11
"1520","PA14","PM1","N-Acetyl-D-Mannosamine",0.092,"trial_1",0.109333333333333
"1521","PA14","PM1","Mono-methyl Succinate",0.173,"trial_1",0.15
"1522","PA14","PM1","Methyl Pyruvate",1.543,"trial_1",1.33366666666667
"1523","PA14","PM1","D-Malic acid",0.135,"trial_1",0.149666666666667
"1524","PA14","PM1","L-Malic acid",2.503,"trial_1",2.97
"1525","PA14","PM1","Gly-Pro",1.712,"trial_1",1.87966666666667
"1526","PA14","PM1","p-Hydroxyphenyl Acetic acid",2.174,"trial_1",1.66733333333333
"1527","PA14","PM1","m-Hydroxyphenyl Acetic acid",0.032,"trial_1",0.032
"1528","PA14","PM1","Tyramine",1.708,"trial_1",1.397
"1529","PA14","PM1","D-Psicose",0.19,"trial_1",0.204666666666667
"1530","PA14","PM1","L-Lyxose",1.095,"trial_1",1.17866666666667
"1531","PA14","PM1","Glucuronamide",0.126,"trial_1",0.137
"1532","PA14","PM1","Pyruvic acid",1.875,"trial_1",1.882
"1533","PA14","PM1","L-Galactonic acid-g-Lactone",0.065,"trial_1",0.06
"1534","PA14","PM1","D-Galacturonic acid",0.068,"trial_1",0.062
"1535","PA14","PM1","b-Phenylethylamine",0.103,"trial_1",0.083
"1536","PA14","PM1","Ethanolamine",0.353,"trial_1",0.474666666666667
"1537","PA14","PM1","Negative Control",0,"trial_2",0
"1538","PA14","PM1","L-Arabinose",0.494,"trial_2",0.465
"1539","PA14","PM1","N-Acetyl-D-Glucosamine",0.64,"trial_2",0.788333333333333
"1540","PA14","PM1","D-Saccharic acid",0.032,"trial_2",0.0196666666666667
"1541","PA14","PM1","Succinic acid",5.256,"trial_2",3.27866666666667
"1542","PA14","PM1","D-Galactose",0.012,"trial_2",0.0156666666666667
"1543","PA14","PM1","L-Aspartic acid",1.327,"trial_2",1.43333333333333
"1544","PA14","PM1","L-Proline",2.135,"trial_2",1.985
"1545","PA14","PM1","D-Alanine",0.959,"trial_2",1.1
"1546","PA14","PM1","D-Trehalose",1.615,"trial_2",0.735
"1547","PA14","PM1","D-Mannose",0.184,"trial_2",0.0833333333333333
"1548","PA14","PM1","Dulcitol",0,"trial_2",0.0223333333333333
"1549","PA14","PM1","D-Serine",0.126,"trial_2",0.0683333333333333
"1550","PA14","PM1","D-Sorbitol",0.111,"trial_2",0.068
"1551","PA14","PM1","Glycerol",1.237,"trial_2",1.49333333333333
"1552","PA14","PM1","L-Fucose",0.134,"trial_2",0.0943333333333333
"1553","PA14","PM1","D-Glucuronic acid",0.129,"trial_2",0.0846666666666667
"1554","PA14","PM1","D-Gluconic acid",4.333,"trial_2",3.30433333333333
"1555","PA14","PM1","DL-a-Glycerol Phosphate",0.303,"trial_2",0.253333333333333
"1556","PA14","PM1","D-Xylose",1.134,"trial_2",1.02833333333333
"1557","PA14","PM1","L-Lactic acid",2.263,"trial_2",2.24133333333333
"1558","PA14","PM1","Formic acid",0.245,"trial_2",0.160333333333333
"1559","PA14","PM1","D-Mannitol",2.102,"trial_2",1.88466666666667
"1560","PA14","PM1","L-Glutamic acid",2.197,"trial_2",2.29433333333333
"1561","PA14","PM1","D-Glucose-6-Phosphate",0.069,"trial_2",0.0246666666666667
"1562","PA14","PM1","D-Galactonic acid-g-Lactone",0.103,"trial_2",0.069
"1563","PA14","PM1","DL-Malic acid",3.558,"trial_2",2.991
"1564","PA14","PM1","D-Ribose",1.363,"trial_2",1.28166666666667
"1565","PA14","PM1","Tween 20",3.401,"trial_2",2.43466666666667
"1566","PA14","PM1","L-Rhamnose",0.164,"trial_2",0.0923333333333333
"1567","PA14","PM1","D-Fructose",1.909,"trial_2",1.69033333333333
"1568","PA14","PM1","Acetic acid",2.727,"trial_2",2.12666666666667
"1569","PA14","PM1","a-D-Glucose",2.921,"trial_2",2.51333333333333
"1570","PA14","PM1","Maltose",0.157,"trial_2",0.0923333333333333
"1571","PA14","PM1","D-Melibiose",0.113,"trial_2",0.0733333333333333
"1572","PA14","PM1","Thymidine",0.016,"trial_2",0.0366666666666667
"1573","PA14","PM1","L-Asparagine",2.322,"trial_2",2.42533333333333
"1574","PA14","PM1","D-Aspartic acid",0.14,"trial_2",0.0823333333333333
"1575","PA14","PM1","D-Glucosaminic acid",0.126,"trial_2",0.0673333333333333
"1576","PA14","PM1","1,2-Propanediol",0.818,"trial_2",0.396333333333333
"1577","PA14","PM1","Tween 40",3.246,"trial_2",2.255
"1578","PA14","PM1","a-Ketoglutaric acid",2.846,"trial_2",2.63633333333333
"1579","PA14","PM1","a-Ketobutyric acid",0.336,"trial_2",0.217333333333333
"1580","PA14","PM1","a-Methyl D-Galactoside",0.181,"trial_2",0.107
"1581","PA14","PM1","a-D-Lactose",0.143,"trial_2",0.095
"1582","PA14","PM1","Lactulose",0.109,"trial_2",0.077
"1583","PA14","PM1","Sucrose",0.07,"trial_2",0.0596666666666667
"1584","PA14","PM1","Uridine",0.16,"trial_2",0.205333333333333
"1585","PA14","PM1","L-Glutamine",2.53,"trial_2",2.41466666666667
"1586","PA14","PM1","m-Tartaric acid",0.118,"trial_2",0.0663333333333333
"1587","PA14","PM1","D-Glucose-1-Phosphate",0.112,"trial_2",0.0693333333333333
"1588","PA14","PM1","D-Fructose-6-Phosphate",0.271,"trial_2",0.191666666666667
"1589","PA14","PM1","Tween 80",3.165,"trial_2",2.22466666666667
"1590","PA14","PM1","a-Hydroxyglutaric acid-g-Lactone",0.175,"trial_2",0.0953333333333333
"1591","PA14","PM1","a-Hydroxybutyric acid",0.305,"trial_2",0.197333333333333
"1592","PA14","PM1","b-Methyl D-Glucoside",0.132,"trial_2",0.084
"1593","PA14","PM1","Adonitol",0.186,"trial_2",0.113333333333333
"1594","PA14","PM1","Maltotriose",0.228,"trial_2",0.146
"1595","PA14","PM1","2`-Deoxyadenosine",0.061,"trial_2",0.0376666666666667
"1596","PA14","PM1","Adenosine",0.408,"trial_2",0.332666666666667
"1597","PA14","PM1","Gly-Asp",0.076,"trial_2",0.0396666666666667
"1598","PA14","PM1","Citric acid",3.63,"trial_2",3.313
"1599","PA14","PM1","m-Inositol",0.12,"trial_2",0.0696666666666667
"1600","PA14","PM1","D-Threonine",0.14,"trial_2",0.1
"1601","PA14","PM1","Fumaric acid",3.724,"trial_2",3.34333333333333
"1602","PA14","PM1","Bromosuccinic acid",0.863,"trial_2",0.587
"1603","PA14","PM1","Propionic acid",1.184,"trial_2",0.999666666666667
"1604","PA14","PM1","Mucic acid",0.164,"trial_2",0.092
"1605","PA14","PM1","Glycolic acid",0.103,"trial_2",0.058
"1606","PA14","PM1","Glyoxylic acid",0.129,"trial_2",0.07
"1607","PA14","PM1","D-Cellobiose",0.122,"trial_2",0.0943333333333333
"1608","PA14","PM1","Inosine",1.543,"trial_2",1.474
"1609","PA14","PM1","Gly-Glu",0.128,"trial_2",0.0873333333333333
"1610","PA14","PM1","Tricarballylic acid",0.115,"trial_2",0.0616666666666667
"1611","PA14","PM1","L-Serine",0.112,"trial_2",0.135
"1612","PA14","PM1","L-Threonine",0.132,"trial_2",0.108
"1613","PA14","PM1","L-Alanine",1.107,"trial_2",1.31533333333333
"1614","PA14","PM1","Ala-Gly",0.219,"trial_2",0.156666666666667
"1615","PA14","PM1","Acetoacetic acid",0.168,"trial_2",0.11
"1616","PA14","PM1","N-Acetyl-D-Mannosamine",0.186,"trial_2",0.109333333333333
"1617","PA14","PM1","Mono-methyl Succinate",0.136,"trial_2",0.15
"1618","PA14","PM1","Methyl Pyruvate",1.158,"trial_2",1.33366666666667
"1619","PA14","PM1","D-Malic acid",0.201,"trial_2",0.149666666666667
"1620","PA14","PM1","L-Malic acid",3.556,"trial_2",2.97
"1621","PA14","PM1","Gly-Pro",2.19,"trial_2",1.87966666666667
"1622","PA14","PM1","p-Hydroxyphenyl Acetic acid",1.388,"trial_2",1.66733333333333
"1623","PA14","PM1","m-Hydroxyphenyl Acetic acid",0.064,"trial_2",0.032
"1624","PA14","PM1","Tyramine",1.038,"trial_2",1.397
"1625","PA14","PM1","D-Psicose",0.296,"trial_2",0.204666666666667
"1626","PA14","PM1","L-Lyxose",1.304,"trial_2",1.17866666666667
"1627","PA14","PM1","Glucuronamide",0.187,"trial_2",0.137
"1628","PA14","PM1","Pyruvic acid",1.98,"trial_2",1.882
"1629","PA14","PM1","L-Galactonic acid-g-Lactone",0.105,"trial_2",0.06
"1630","PA14","PM1","D-Galacturonic acid",0.1,"trial_2",0.062
"1631","PA14","PM1","b-Phenylethylamine",0.089,"trial_2",0.083
"1632","PA14","PM1","Ethanolamine",0.603,"trial_2",0.474666666666667
"1633","PA14","PM1","Negative Control",0,"trial_3",0
"1634","PA14","PM1","L-Arabinose",0.397,"trial_3",0.465
"1635","PA14","PM1","N-Acetyl-D-Glucosamine",0.857,"trial_3",0.788333333333333
"1636","PA14","PM1","D-Saccharic acid",0,"trial_3",0.0196666666666667
"1637","PA14","PM1","Succinic acid",2.398,"trial_3",3.27866666666667
"1638","PA14","PM1","D-Galactose",0.006,"trial_3",0.0156666666666667
"1639","PA14","PM1","L-Aspartic acid",1.563,"trial_3",1.43333333333333
"1640","PA14","PM1","L-Proline",1.826,"trial_3",1.985
"1641","PA14","PM1","D-Alanine",1.251,"trial_3",1.1
"1642","PA14","PM1","D-Trehalose",0.282,"trial_3",0.735
"1643","PA14","PM1","D-Mannose",0.033,"trial_3",0.0833333333333333
"1644","PA14","PM1","Dulcitol",0.034,"trial_3",0.0223333333333333
"1645","PA14","PM1","D-Serine",0.029,"trial_3",0.0683333333333333
"1646","PA14","PM1","D-Sorbitol",0.033,"trial_3",0.068
"1647","PA14","PM1","Glycerol",1.55,"trial_3",1.49333333333333
"1648","PA14","PM1","L-Fucose",0.064,"trial_3",0.0943333333333333
"1649","PA14","PM1","D-Glucuronic acid",0.029,"trial_3",0.0846666666666667
"1650","PA14","PM1","D-Gluconic acid",2.982,"trial_3",3.30433333333333
"1651","PA14","PM1","DL-a-Glycerol Phosphate",0.22,"trial_3",0.253333333333333
"1652","PA14","PM1","D-Xylose",1.011,"trial_3",1.02833333333333
"1653","PA14","PM1","L-Lactic acid",2.108,"trial_3",2.24133333333333
"1654","PA14","PM1","Formic acid",0.092,"trial_3",0.160333333333333
"1655","PA14","PM1","D-Mannitol",1.776,"trial_3",1.88466666666667
"1656","PA14","PM1","L-Glutamic acid",2.454,"trial_3",2.29433333333333
"1657","PA14","PM1","D-Glucose-6-Phosphate",0.005,"trial_3",0.0246666666666667
"1658","PA14","PM1","D-Galactonic acid-g-Lactone",0.027,"trial_3",0.069
"1659","PA14","PM1","DL-Malic acid",2.61,"trial_3",2.991
"1660","PA14","PM1","D-Ribose",1.332,"trial_3",1.28166666666667
"1661","PA14","PM1","Tween 20",2.056,"trial_3",2.43466666666667
"1662","PA14","PM1","L-Rhamnose",0.029,"trial_3",0.0923333333333333
"1663","PA14","PM1","D-Fructose",1.581,"trial_3",1.69033333333333
"1664","PA14","PM1","Acetic acid",1.734,"trial_3",2.12666666666667
"1665","PA14","PM1","a-D-Glucose",2.348,"trial_3",2.51333333333333
"1666","PA14","PM1","Maltose",0.035,"trial_3",0.0923333333333333
"1667","PA14","PM1","D-Melibiose",0.043,"trial_3",0.0733333333333333
"1668","PA14","PM1","Thymidine",0.033,"trial_3",0.0366666666666667
"1669","PA14","PM1","L-Asparagine",2.149,"trial_3",2.42533333333333
"1670","PA14","PM1","D-Aspartic acid",0.036,"trial_3",0.0823333333333333
"1671","PA14","PM1","D-Glucosaminic acid",0.013,"trial_3",0.0673333333333333
"1672","PA14","PM1","1,2-Propanediol",0,"trial_3",0.396333333333333
"1673","PA14","PM1","Tween 40",1.911,"trial_3",2.255
"1674","PA14","PM1","a-Ketoglutaric acid",2.9,"trial_3",2.63633333333333
"1675","PA14","PM1","a-Ketobutyric acid",0.14,"trial_3",0.217333333333333
"1676","PA14","PM1","a-Methyl D-Galactoside",0.048,"trial_3",0.107
"1677","PA14","PM1","a-D-Lactose",0.049,"trial_3",0.095
"1678","PA14","PM1","Lactulose",0.037,"trial_3",0.077
"1679","PA14","PM1","Sucrose",0.042,"trial_3",0.0596666666666667
"1680","PA14","PM1","Uridine",0.29,"trial_3",0.205333333333333
"1681","PA14","PM1","L-Glutamine",1.919,"trial_3",2.41466666666667
"1682","PA14","PM1","m-Tartaric acid",0.007,"trial_3",0.0663333333333333
"1683","PA14","PM1","D-Glucose-1-Phosphate",0.017,"trial_3",0.0693333333333333
"1684","PA14","PM1","D-Fructose-6-Phosphate",0.117,"trial_3",0.191666666666667
"1685","PA14","PM1","Tween 80",2.047,"trial_3",2.22466666666667
"1686","PA14","PM1","a-Hydroxyglutaric acid-g-Lactone",0.038,"trial_3",0.0953333333333333
"1687","PA14","PM1","a-Hydroxybutyric acid",0.103,"trial_3",0.197333333333333
"1688","PA14","PM1","b-Methyl D-Glucoside",0.031,"trial_3",0.084
"1689","PA14","PM1","Adonitol",0.053,"trial_3",0.113333333333333
"1690","PA14","PM1","Maltotriose",0.086,"trial_3",0.146
"1691","PA14","PM1","2`-Deoxyadenosine",0.012,"trial_3",0.0376666666666667
"1692","PA14","PM1","Adenosine",0.322,"trial_3",0.332666666666667
"1693","PA14","PM1","Gly-Asp",0,"trial_3",0.0396666666666667
"1694","PA14","PM1","Citric acid",2.779,"trial_3",3.313
"1695","PA14","PM1","m-Inositol",0.017,"trial_3",0.0696666666666667
"1696","PA14","PM1","D-Threonine",0,"trial_3",0.1
"1697","PA14","PM1","Fumaric acid",2.979,"trial_3",3.34333333333333
"1698","PA14","PM1","Bromosuccinic acid",0.463,"trial_3",0.587
"1699","PA14","PM1","Propionic acid",0.834,"trial_3",0.999666666666667
"1700","PA14","PM1","Mucic acid",0.027,"trial_3",0.092
"1701","PA14","PM1","Glycolic acid",0.001,"trial_3",0.058
"1702","PA14","PM1","Glyoxylic acid",0.012,"trial_3",0.07
"1703","PA14","PM1","D-Cellobiose",0.066,"trial_3",0.0943333333333333
"1704","PA14","PM1","Inosine",1.612,"trial_3",1.474
"1705","PA14","PM1","Gly-Glu",0.056,"trial_3",0.0873333333333333
"1706","PA14","PM1","Tricarballylic acid",0.011,"trial_3",0.0616666666666667
"1707","PA14","PM1","L-Serine",0.165,"trial_3",0.135
"1708","PA14","PM1","L-Threonine",0.076,"trial_3",0.108
"1709","PA14","PM1","L-Alanine",1.428,"trial_3",1.31533333333333
"1710","PA14","PM1","Ala-Gly",0.1,"trial_3",0.156666666666667
"1711","PA14","PM1","Acetoacetic acid",0.04,"trial_3",0.11
"1712","PA14","PM1","N-Acetyl-D-Mannosamine",0.05,"trial_3",0.109333333333333
"1713","PA14","PM1","Mono-methyl Succinate",0.141,"trial_3",0.15
"1714","PA14","PM1","Methyl Pyruvate",1.3,"trial_3",1.33366666666667
"1715","PA14","PM1","D-Malic acid",0.113,"trial_3",0.149666666666667
"1716","PA14","PM1","L-Malic acid",2.851,"trial_3",2.97
"1717","PA14","PM1","Gly-Pro",1.737,"trial_3",1.87966666666667
"1718","PA14","PM1","p-Hydroxyphenyl Acetic acid",1.44,"trial_3",1.66733333333333
"1719","PA14","PM1","m-Hydroxyphenyl Acetic acid",0,"trial_3",0.032
"1720","PA14","PM1","Tyramine",1.445,"trial_3",1.397
"1721","PA14","PM1","D-Psicose",0.128,"trial_3",0.204666666666667
"1722","PA14","PM1","L-Lyxose",1.137,"trial_3",1.17866666666667
"1723","PA14","PM1","Glucuronamide",0.098,"trial_3",0.137
"1724","PA14","PM1","Pyruvic acid",1.791,"trial_3",1.882
"1725","PA14","PM1","L-Galactonic acid-g-Lactone",0.01,"trial_3",0.06
"1726","PA14","PM1","D-Galacturonic acid",0.018,"trial_3",0.062
"1727","PA14","PM1","b-Phenylethylamine",0.057,"trial_3",0.083
"1728","PA14","PM1","Ethanolamine",0.468,"trial_3",0.474666666666667
"1729","JV531","PM1","Negative Control",0,"trial_1",0
"1730","JV531","PM1","L-Arabinose",0.501,"trial_1",0.397666666666667
"1731","JV531","PM1","N-Acetyl-D-Glucosamine",0.231,"trial_1",0.184666666666667
"1732","JV531","PM1","D-Saccharic acid",0.766,"trial_1",0.903333333333333
"1733","JV531","PM1","Succinic acid",0.791,"trial_1",0.814333333333333
"1734","JV531","PM1","D-Galactose",0.247,"trial_1",0.323666666666667
"1735","JV531","PM1","L-Aspartic acid",1.038,"trial_1",0.845666666666667
"1736","JV531","PM1","L-Proline",0.426,"trial_1",0.418333333333333
"1737","JV531","PM1","D-Alanine",0.859,"trial_1",0.802
"1738","JV531","PM1","D-Trehalose",0.178,"trial_1",0.252666666666667
"1739","JV531","PM1","D-Mannose",0.154,"trial_1",0.173333333333333
"1740","JV531","PM1","Dulcitol",0.509,"trial_1",0.652333333333333
"1741","JV531","PM1","D-Serine",1.116,"trial_1",1.07866666666667
"1742","JV531","PM1","D-Sorbitol",0.793,"trial_1",0.77
"1743","JV531","PM1","Glycerol",1.126,"trial_1",0.949
"1744","JV531","PM1","L-Fucose",0.362,"trial_1",0.354333333333333
"1745","JV531","PM1","D-Glucuronic acid",1.26,"trial_1",1.324
"1746","JV531","PM1","D-Gluconic acid",1.227,"trial_1",1.36333333333333
"1747","JV531","PM1","DL-a-Glycerol Phosphate",1.213,"trial_1",0.985666666666667
"1748","JV531","PM1","D-Xylose",0.332,"trial_1",0.346
"1749","JV531","PM1","L-Lactic acid",1.185,"trial_1",0.905
"1750","JV531","PM1","Formic acid",0.018,"trial_1",0.0146666666666667
"1751","JV531","PM1","D-Mannitol",0.148,"trial_1",0.224666666666667
"1752","JV531","PM1","L-Glutamic acid",0.03,"trial_1",0.0486666666666667
"1753","JV531","PM1","D-Glucose-6-Phosphate",1.596,"trial_1",1.64366666666667
"1754","JV531","PM1","D-Galactonic acid-g-Lactone",0.165,"trial_1",0.303333333333333
"1755","JV531","PM1","DL-Malic acid",1.324,"trial_1",1.044
"1756","JV531","PM1","D-Ribose",0.764,"trial_1",0.647333333333333
"1757","JV531","PM1","Tween 20",0.234,"trial_1",0.132
"1758","JV531","PM1","L-Rhamnose",0.639,"trial_1",0.610333333333333
"1759","JV531","PM1","D-Fructose",0.149,"trial_1",0.183333333333333
"1760","JV531","PM1","Acetic acid",0.856,"trial_1",0.648666666666667
"1761","JV531","PM1","a-D-Glucose",0.183,"trial_1",0.195666666666667
"1762","JV531","PM1","Maltose",0.397,"trial_1",0.319333333333333
"1763","JV531","PM1","D-Melibiose",0.572,"trial_1",0.483
"1764","JV531","PM1","Thymidine",0.787,"trial_1",0.566666666666667
"1765","JV531","PM1","L-Asparagine",0.82,"trial_1",0.501666666666667
"1766","JV531","PM1","D-Aspartic acid",0.027,"trial_1",0.031
"1767","JV531","PM1","D-Glucosaminic acid",0.057,"trial_1",0.0636666666666667
"1768","JV531","PM1","1,2-Propanediol",0.088,"trial_1",0.0816666666666667
"1769","JV531","PM1","Tween 40",0.131,"trial_1",0.0793333333333333
"1770","JV531","PM1","a-Ketoglutaric acid",1.385,"trial_1",1.01966666666667
"1771","JV531","PM1","a-Ketobutyric acid",0.328,"trial_1",0.343666666666667
"1772","JV531","PM1","a-Methyl D-Galactoside",0.821,"trial_1",0.743
"1773","JV531","PM1","a-D-Lactose",0.557,"trial_1",0.486333333333333
"1774","JV531","PM1","Lactulose",0.366,"trial_1",0.232666666666667
"1775","JV531","PM1","Sucrose",0.058,"trial_1",0.0503333333333333
"1776","JV531","PM1","Uridine",0.714,"trial_1",0.811333333333333
"1777","JV531","PM1","L-Glutamine",0.4,"trial_1",0.308666666666667
"1778","JV531","PM1","m-Tartaric acid",0.332,"trial_1",0.352666666666667
"1779","JV531","PM1","D-Glucose-1-Phosphate",1.336,"trial_1",1.236
"1780","JV531","PM1","D-Fructose-6-Phosphate",1.563,"trial_1",1.557
"1781","JV531","PM1","Tween 80",0.158,"trial_1",0.112
"1782","JV531","PM1","a-Hydroxyglutaric acid-g-Lactone",0.12,"trial_1",0.0896666666666666
"1783","JV531","PM1","a-Hydroxybutyric acid",0.719,"trial_1",0.620666666666667
"1784","JV531","PM1","b-Methyl D-Glucoside",0.593,"trial_1",0.468333333333333
"1785","JV531","PM1","Adonitol",0.078,"trial_1",0.0876666666666667
"1786","JV531","PM1","Maltotriose",0.353,"trial_1",0.348333333333333
"1787","JV531","PM1","2`-Deoxyadenosine",1.175,"trial_1",1.18366666666667
"1788","JV531","PM1","Adenosine",1.234,"trial_1",1.18266666666667
"1789","JV531","PM1","Gly-Asp",1.281,"trial_1",0.892333333333333
"1790","JV531","PM1","Citric acid",0.068,"trial_1",0.0743333333333333
"1791","JV531","PM1","m-Inositol",0.021,"trial_1",0.0456666666666667
"1792","JV531","PM1","D-Threonine",0.204,"trial_1",0.174
"1793","JV531","PM1","Fumaric acid",1.131,"trial_1",0.925
"1794","JV531","PM1","Bromosuccinic acid",1.033,"trial_1",0.826333333333333
"1795","JV531","PM1","Propionic acid",0.393,"trial_1",0.312333333333333
"1796","JV531","PM1","Mucic acid",1.321,"trial_1",1.27533333333333
"1797","JV531","PM1","Glycolic acid",0.915,"trial_1",0.628
"1798","JV531","PM1","Glyoxylic acid",0.51,"trial_1",0.322333333333333
"1799","JV531","PM1","D-Cellobiose",0.169,"trial_1",0.140666666666667
"1800","JV531","PM1","Inosine",0.8,"trial_1",1.01933333333333
"1801","JV531","PM1","Gly-Glu",1.256,"trial_1",0.941333333333333
"1802","JV531","PM1","Tricarballylic acid",0.051,"trial_1",0.0453333333333333
"1803","JV531","PM1","L-Serine",0.643,"trial_1",0.692333333333333
"1804","JV531","PM1","L-Threonine",0.59,"trial_1",0.544333333333333
"1805","JV531","PM1","L-Alanine",0.669,"trial_1",0.655666666666667
"1806","JV531","PM1","Ala-Gly",0.884,"trial_1",0.751333333333333
"1807","JV531","PM1","Acetoacetic acid",0.478,"trial_1",0.368333333333333
"1808","JV531","PM1","N-Acetyl-D-Mannosamine",0.82,"trial_1",0.718666666666667
"1809","JV531","PM1","Mono-methyl Succinate",0.55,"trial_1",0.409333333333333
"1810","JV531","PM1","Methyl Pyruvate",1.043,"trial_1",0.881666666666667
"1811","JV531","PM1","D-Malic acid",1.168,"trial_1",0.759
"1812","JV531","PM1","L-Malic acid",0.897,"trial_1",0.912
"1813","JV531","PM1","Gly-Pro",1.23,"trial_1",0.968666666666667
"1814","JV531","PM1","p-Hydroxyphenyl Acetic acid",0.033,"trial_1",0.0276666666666667
"1815","JV531","PM1","m-Hydroxyphenyl Acetic acid",0.041,"trial_1",0.0316666666666667
"1816","JV531","PM1","Tyramine",0.082,"trial_1",0.075
"1817","JV531","PM1","D-Psicose",0.182,"trial_1",0.194666666666667
"1818","JV531","PM1","L-Lyxose",0.093,"trial_1",0.178
"1819","JV531","PM1","Glucuronamide",0.161,"trial_1",0.141333333333333
"1820","JV531","PM1","Pyruvic acid",0.793,"trial_1",0.842
"1821","JV531","PM1","L-Galactonic acid-g-Lactone",1.219,"trial_1",1.11666666666667
"1822","JV531","PM1","D-Galacturonic acid",1.476,"trial_1",1.47866666666667
"1823","JV531","PM1","b-Phenylethylamine",0.053,"trial_1",0.0826666666666667
"1824","JV531","PM1","Ethanolamine",0,"trial_1",0.0276666666666667
"1825","JV531","PM1","Negative Control",0,"trial_2",0
"1826","JV531","PM1","L-Arabinose",0.344,"trial_2",0.397666666666667
"1827","JV531","PM1","N-Acetyl-D-Glucosamine",0.221,"trial_2",0.184666666666667
"1828","JV531","PM1","D-Saccharic acid",0.937,"trial_2",0.903333333333333
"1829","JV531","PM1","Succinic acid",0.871,"trial_2",0.814333333333333
"1830","JV531","PM1","D-Galactose",0.377,"trial_2",0.323666666666667
"1831","JV531","PM1","L-Aspartic acid",0.803,"trial_2",0.845666666666667
"1832","JV531","PM1","L-Proline",0.344,"trial_2",0.418333333333333
"1833","JV531","PM1","D-Alanine",0.936,"trial_2",0.802
"1834","JV531","PM1","D-Trehalose",0.325,"trial_2",0.252666666666667
"1835","JV531","PM1","D-Mannose",0.189,"trial_2",0.173333333333333
"1836","JV531","PM1","Dulcitol",0.606,"trial_2",0.652333333333333
"1837","JV531","PM1","D-Serine",1.034,"trial_2",1.07866666666667
"1838","JV531","PM1","D-Sorbitol",0.808,"trial_2",0.77
"1839","JV531","PM1","Glycerol",0.893,"trial_2",0.949
"1840","JV531","PM1","L-Fucose",0.371,"trial_2",0.354333333333333
"1841","JV531","PM1","D-Glucuronic acid",1.412,"trial_2",1.324
"1842","JV531","PM1","D-Gluconic acid",1.417,"trial_2",1.36333333333333
"1843","JV531","PM1","DL-a-Glycerol Phosphate",0.911,"trial_2",0.985666666666667
"1844","JV531","PM1","D-Xylose",0.402,"trial_2",0.346
"1845","JV531","PM1","L-Lactic acid",0.844,"trial_2",0.905
"1846","JV531","PM1","Formic acid",0.026,"trial_2",0.0146666666666667
"1847","JV531","PM1","D-Mannitol",0.342,"trial_2",0.224666666666667
"1848","JV531","PM1","L-Glutamic acid",0.087,"trial_2",0.0486666666666667
"1849","JV531","PM1","D-Glucose-6-Phosphate",1.739,"trial_2",1.64366666666667
"1850","JV531","PM1","D-Galactonic acid-g-Lactone",0.376,"trial_2",0.303333333333333
"1851","JV531","PM1","DL-Malic acid",1.008,"trial_2",1.044
"1852","JV531","PM1","D-Ribose",0.631,"trial_2",0.647333333333333
"1853","JV531","PM1","Tween 20",0.113,"trial_2",0.132
"1854","JV531","PM1","L-Rhamnose",0.642,"trial_2",0.610333333333333
"1855","JV531","PM1","D-Fructose",0.238,"trial_2",0.183333333333333
"1856","JV531","PM1","Acetic acid",0.606,"trial_2",0.648666666666667
"1857","JV531","PM1","a-D-Glucose",0.233,"trial_2",0.195666666666667
"1858","JV531","PM1","Maltose",0.314,"trial_2",0.319333333333333
"1859","JV531","PM1","D-Melibiose",0.466,"trial_2",0.483
"1860","JV531","PM1","Thymidine",0.61,"trial_2",0.566666666666667
"1861","JV531","PM1","L-Asparagine",0.24,"trial_2",0.501666666666667
"1862","JV531","PM1","D-Aspartic acid",0.038,"trial_2",0.031
"1863","JV531","PM1","D-Glucosaminic acid",0.105,"trial_2",0.0636666666666667
"1864","JV531","PM1","1,2-Propanediol",0.106,"trial_2",0.0816666666666667
"1865","JV531","PM1","Tween 40",0.093,"trial_2",0.0793333333333333
"1866","JV531","PM1","a-Ketoglutaric acid",0.877,"trial_2",1.01966666666667
"1867","JV531","PM1","a-Ketobutyric acid",0.418,"trial_2",0.343666666666667
"1868","JV531","PM1","a-Methyl D-Galactoside",0.811,"trial_2",0.743
"1869","JV531","PM1","a-D-Lactose",0.496,"trial_2",0.486333333333333
"1870","JV531","PM1","Lactulose",0.181,"trial_2",0.232666666666667
"1871","JV531","PM1","Sucrose",0.093,"trial_2",0.0503333333333333
"1872","JV531","PM1","Uridine",0.757,"trial_2",0.811333333333333
"1873","JV531","PM1","L-Glutamine",0.211,"trial_2",0.308666666666667
"1874","JV531","PM1","m-Tartaric acid",0.375,"trial_2",0.352666666666667
"1875","JV531","PM1","D-Glucose-1-Phosphate",1.174,"trial_2",1.236
"1876","JV531","PM1","D-Fructose-6-Phosphate",1.546,"trial_2",1.557
"1877","JV531","PM1","Tween 80",0.114,"trial_2",0.112
"1878","JV531","PM1","a-Hydroxyglutaric acid-g-Lactone",0.096,"trial_2",0.0896666666666666
"1879","JV531","PM1","a-Hydroxybutyric acid",0.593,"trial_2",0.620666666666667
"1880","JV531","PM1","b-Methyl D-Glucoside",0.396,"trial_2",0.468333333333333
"1881","JV531","PM1","Adonitol",0.116,"trial_2",0.0876666666666667
"1882","JV531","PM1","Maltotriose",0.391,"trial_2",0.348333333333333
"1883","JV531","PM1","2`-Deoxyadenosine",1.336,"trial_2",1.18366666666667
"1884","JV531","PM1","Adenosine",1.171,"trial_2",1.18266666666667
"1885","JV531","PM1","Gly-Asp",0.73,"trial_2",0.892333333333333
"1886","JV531","PM1","Citric acid",0.094,"trial_2",0.0743333333333333
"1887","JV531","PM1","m-Inositol",0.075,"trial_2",0.0456666666666667
"1888","JV531","PM1","D-Threonine",0.202,"trial_2",0.174
"1889","JV531","PM1","Fumaric acid",0.899,"trial_2",0.925
"1890","JV531","PM1","Bromosuccinic acid",0.795,"trial_2",0.826333333333333
"1891","JV531","PM1","Propionic acid",0.288,"trial_2",0.312333333333333
"1892","JV531","PM1","Mucic acid",1.238,"trial_2",1.27533333333333
"1893","JV531","PM1","Glycolic acid",0.545,"trial_2",0.628
"1894","JV531","PM1","Glyoxylic acid",0.221,"trial_2",0.322333333333333
"1895","JV531","PM1","D-Cellobiose",0.126,"trial_2",0.140666666666667
"1896","JV531","PM1","Inosine",0.86,"trial_2",1.01933333333333
"1897","JV531","PM1","Gly-Glu",0.854,"trial_2",0.941333333333333
"1898","JV531","PM1","Tricarballylic acid",0.049,"trial_2",0.0453333333333333
"1899","JV531","PM1","L-Serine",0.753,"trial_2",0.692333333333333
"1900","JV531","PM1","L-Threonine",0.5,"trial_2",0.544333333333333
"1901","JV531","PM1","L-Alanine",0.699,"trial_2",0.655666666666667
"1902","JV531","PM1","Ala-Gly",0.704,"trial_2",0.751333333333333
"1903","JV531","PM1","Acetoacetic acid",0.302,"trial_2",0.368333333333333
"1904","JV531","PM1","N-Acetyl-D-Mannosamine",0.649,"trial_2",0.718666666666667
"1905","JV531","PM1","Mono-methyl Succinate",0.344,"trial_2",0.409333333333333
"1906","JV531","PM1","Methyl Pyruvate",0.712,"trial_2",0.881666666666667
"1907","JV531","PM1","D-Malic acid",0.643,"trial_2",0.759
"1908","JV531","PM1","L-Malic acid",0.961,"trial_2",0.912
"1909","JV531","PM1","Gly-Pro",0.898,"trial_2",0.968666666666667
"1910","JV531","PM1","p-Hydroxyphenyl Acetic acid",0.024,"trial_2",0.0276666666666667
"1911","JV531","PM1","m-Hydroxyphenyl Acetic acid",0.00700000000000001,"trial_2",0.0316666666666667
"1912","JV531","PM1","Tyramine",0.09,"trial_2",0.075
"1913","JV531","PM1","D-Psicose",0.179,"trial_2",0.194666666666667
"1914","JV531","PM1","L-Lyxose",0.196,"trial_2",0.178
"1915","JV531","PM1","Glucuronamide",0.086,"trial_2",0.141333333333333
"1916","JV531","PM1","Pyruvic acid",0.782,"trial_2",0.842
"1917","JV531","PM1","L-Galactonic acid-g-Lactone",1.03,"trial_2",1.11666666666667
"1918","JV531","PM1","D-Galacturonic acid",1.403,"trial_2",1.47866666666667
"1919","JV531","PM1","b-Phenylethylamine",0.09,"trial_2",0.0826666666666667
"1920","JV531","PM1","Ethanolamine",0.047,"trial_2",0.0276666666666667
"1921","JV531","PM1","Negative Control",0,"trial_3",0
"1922","JV531","PM1","L-Arabinose",0.348,"trial_3",0.397666666666667
"1923","JV531","PM1","N-Acetyl-D-Glucosamine",0.102,"trial_3",0.184666666666667
"1924","JV531","PM1","D-Saccharic acid",1.007,"trial_3",0.903333333333333
"1925","JV531","PM1","Succinic acid",0.781,"trial_3",0.814333333333333
"1926","JV531","PM1","D-Galactose",0.347,"trial_3",0.323666666666667
"1927","JV531","PM1","L-Aspartic acid",0.696,"trial_3",0.845666666666667
"1928","JV531","PM1","L-Proline",0.485,"trial_3",0.418333333333333
"1929","JV531","PM1","D-Alanine",0.611,"trial_3",0.802
"1930","JV531","PM1","D-Trehalose",0.255,"trial_3",0.252666666666667
"1931","JV531","PM1","D-Mannose",0.177,"trial_3",0.173333333333333
"1932","JV531","PM1","Dulcitol",0.842,"trial_3",0.652333333333333
"1933","JV531","PM1","D-Serine",1.086,"trial_3",1.07866666666667
"1934","JV531","PM1","D-Sorbitol",0.709,"trial_3",0.77
"1935","JV531","PM1","Glycerol",0.828,"trial_3",0.949
"1936","JV531","PM1","L-Fucose",0.33,"trial_3",0.354333333333333
"1937","JV531","PM1","D-Glucuronic acid",1.3,"trial_3",1.324
"1938","JV531","PM1","D-Gluconic acid",1.446,"trial_3",1.36333333333333
"1939","JV531","PM1","DL-a-Glycerol Phosphate",0.833,"trial_3",0.985666666666667
"1940","JV531","PM1","D-Xylose",0.304,"trial_3",0.346
"1941","JV531","PM1","L-Lactic acid",0.686,"trial_3",0.905
"1942","JV531","PM1","Formic acid",0,"trial_3",0.0146666666666667
"1943","JV531","PM1","D-Mannitol",0.184,"trial_3",0.224666666666667
"1944","JV531","PM1","L-Glutamic acid",0.029,"trial_3",0.0486666666666667
"1945","JV531","PM1","D-Glucose-6-Phosphate",1.596,"trial_3",1.64366666666667
"1946","JV531","PM1","D-Galactonic acid-g-Lactone",0.369,"trial_3",0.303333333333333
"1947","JV531","PM1","DL-Malic acid",0.8,"trial_3",1.044
"1948","JV531","PM1","D-Ribose",0.547,"trial_3",0.647333333333333
"1949","JV531","PM1","Tween 20",0.049,"trial_3",0.132
"1950","JV531","PM1","L-Rhamnose",0.55,"trial_3",0.610333333333333
"1951","JV531","PM1","D-Fructose",0.163,"trial_3",0.183333333333333
"1952","JV531","PM1","Acetic acid",0.484,"trial_3",0.648666666666667
"1953","JV531","PM1","a-D-Glucose",0.171,"trial_3",0.195666666666667
"1954","JV531","PM1","Maltose",0.247,"trial_3",0.319333333333333
"1955","JV531","PM1","D-Melibiose",0.411,"trial_3",0.483
"1956","JV531","PM1","Thymidine",0.303,"trial_3",0.566666666666667
"1957","JV531","PM1","L-Asparagine",0.445,"trial_3",0.501666666666667
"1958","JV531","PM1","D-Aspartic acid",0.028,"trial_3",0.031
"1959","JV531","PM1","D-Glucosaminic acid",0.029,"trial_3",0.0636666666666667
"1960","JV531","PM1","1,2-Propanediol",0.051,"trial_3",0.0816666666666667
"1961","JV531","PM1","Tween 40",0.014,"trial_3",0.0793333333333333
"1962","JV531","PM1","a-Ketoglutaric acid",0.797,"trial_3",1.01966666666667
"1963","JV531","PM1","a-Ketobutyric acid",0.285,"trial_3",0.343666666666667
"1964","JV531","PM1","a-Methyl D-Galactoside",0.597,"trial_3",0.743
"1965","JV531","PM1","a-D-Lactose",0.406,"trial_3",0.486333333333333
"1966","JV531","PM1","Lactulose",0.151,"trial_3",0.232666666666667
"1967","JV531","PM1","Sucrose",0,"trial_3",0.0503333333333333
"1968","JV531","PM1","Uridine",0.963,"trial_3",0.811333333333333
"1969","JV531","PM1","L-Glutamine",0.315,"trial_3",0.308666666666667
"1970","JV531","PM1","m-Tartaric acid",0.351,"trial_3",0.352666666666667
"1971","JV531","PM1","D-Glucose-1-Phosphate",1.198,"trial_3",1.236
"1972","JV531","PM1","D-Fructose-6-Phosphate",1.562,"trial_3",1.557
"1973","JV531","PM1","Tween 80",0.064,"trial_3",0.112
"1974","JV531","PM1","a-Hydroxyglutaric acid-g-Lactone",0.053,"trial_3",0.0896666666666666
"1975","JV531","PM1","a-Hydroxybutyric acid",0.55,"trial_3",0.620666666666667
"1976","JV531","PM1","b-Methyl D-Glucoside",0.416,"trial_3",0.468333333333333
"1977","JV531","PM1","Adonitol",0.069,"trial_3",0.0876666666666667
"1978","JV531","PM1","Maltotriose",0.301,"trial_3",0.348333333333333
"1979","JV531","PM1","2`-Deoxyadenosine",1.04,"trial_3",1.18366666666667
"1980","JV531","PM1","Adenosine",1.143,"trial_3",1.18266666666667
"1981","JV531","PM1","Gly-Asp",0.666,"trial_3",0.892333333333333
"1982","JV531","PM1","Citric acid",0.061,"trial_3",0.0743333333333333
"1983","JV531","PM1","m-Inositol",0.041,"trial_3",0.0456666666666667
"1984","JV531","PM1","D-Threonine",0.116,"trial_3",0.174
"1985","JV531","PM1","Fumaric acid",0.745,"trial_3",0.925
"1986","JV531","PM1","Bromosuccinic acid",0.651,"trial_3",0.826333333333333
"1987","JV531","PM1","Propionic acid",0.256,"trial_3",0.312333333333333
"1988","JV531","PM1","Mucic acid",1.267,"trial_3",1.27533333333333
"1989","JV531","PM1","Glycolic acid",0.424,"trial_3",0.628
"1990","JV531","PM1","Glyoxylic acid",0.236,"trial_3",0.322333333333333
"1991","JV531","PM1","D-Cellobiose",0.127,"trial_3",0.140666666666667
"1992","JV531","PM1","Inosine",1.398,"trial_3",1.01933333333333
"1993","JV531","PM1","Gly-Glu",0.714,"trial_3",0.941333333333333
"1994","JV531","PM1","Tricarballylic acid",0.036,"trial_3",0.0453333333333333
"1995","JV531","PM1","L-Serine",0.681,"trial_3",0.692333333333333
"1996","JV531","PM1","L-Threonine",0.543,"trial_3",0.544333333333333
"1997","JV531","PM1","L-Alanine",0.599,"trial_3",0.655666666666667
"1998","JV531","PM1","Ala-Gly",0.666,"trial_3",0.751333333333333
"1999","JV531","PM1","Acetoacetic acid",0.325,"trial_3",0.368333333333333
"2000","JV531","PM1","N-Acetyl-D-Mannosamine",0.687,"trial_3",0.718666666666667
"2001","JV531","PM1","Mono-methyl Succinate",0.334,"trial_3",0.409333333333333
"2002","JV531","PM1","Methyl Pyruvate",0.89,"trial_3",0.881666666666667
"2003","JV531","PM1","D-Malic acid",0.466,"trial_3",0.759
"2004","JV531","PM1","L-Malic acid",0.878,"trial_3",0.912
"2005","JV531","PM1","Gly-Pro",0.778,"trial_3",0.968666666666667
"2006","JV531","PM1","p-Hydroxyphenyl Acetic acid",0.026,"trial_3",0.0276666666666667
"2007","JV531","PM1","m-Hydroxyphenyl Acetic acid",0.047,"trial_3",0.0316666666666667
"2008","JV531","PM1","Tyramine",0.053,"trial_3",0.075
"2009","JV531","PM1","D-Psicose",0.223,"trial_3",0.194666666666667
"2010","JV531","PM1","L-Lyxose",0.245,"trial_3",0.178
"2011","JV531","PM1","Glucuronamide",0.177,"trial_3",0.141333333333333
"2012","JV531","PM1","Pyruvic acid",0.951,"trial_3",0.842
"2013","JV531","PM1","L-Galactonic acid-g-Lactone",1.101,"trial_3",1.11666666666667
"2014","JV531","PM1","D-Galacturonic acid",1.557,"trial_3",1.47866666666667
"2015","JV531","PM1","b-Phenylethylamine",0.105,"trial_3",0.0826666666666667
"2016","JV531","PM1","Ethanolamine",0.036,"trial_3",0.0276666666666667
"2017","JV1","PM2","Negative Control",0,"trial_1",0
"2018","JV1","PM2","Chondroitin Sulfate C",0.007,"trial_1",0.00733333333333333
"2019","JV1","PM2","a-Cyclodextrin",0.024,"trial_1",0.0266666666666667
"2020","JV1","PM2","b-Cyclodextrin",0.026,"trial_1",0.0186666666666667
"2021","JV1","PM2","g-Cyclodextrin",0.054,"trial_1",0.0373333333333333
"2022","JV1","PM2","Dextrin",1.915,"trial_1",1.83
"2023","JV1","PM2","Gelatin",0.044,"trial_1",0.0333333333333333
"2024","JV1","PM2","Glycogen",0.086,"trial_1",0.066
"2025","JV1","PM2","Inulin",0.173,"trial_1",0.170333333333333
"2026","JV1","PM2","Laminarin",0.479,"trial_1",0.363666666666667
"2027","JV1","PM2","Mannan",0,"trial_1",0
"2028","JV1","PM2","Pectin",2.247,"trial_1",2.12
"2029","JV1","PM2","N-Acetyl-D-Galactosamine",0,"trial_1",0.0246666666666667
"2030","JV1","PM2","N-Acetyl-Neuraminic acid",0.33,"trial_1",0.140333333333333
"2031","JV1","PM2","b-D-Allose",0.849,"trial_1",0.758333333333333
"2032","JV1","PM2","Amygdalin",0.197,"trial_1",0.107333333333333
"2033","JV1","PM2","D-Arabinose",0.492,"trial_1",0.455333333333333
"2034","JV1","PM2","D-Arabitol",4.226,"trial_1",3.53533333333333
"2035","JV1","PM2","L-Arabitol",0.041,"trial_1",0.073
"2036","JV1","PM2","Arbutin",4.889,"trial_1",4.19033333333333
"2037","JV1","PM2","2-Deoxy-D-Ribose",0.358,"trial_1",0.365333333333333
"2038","JV1","PM2","i-Erythritol",0.068,"trial_1",0.04
"2039","JV1","PM2","D-Fucose",0.538,"trial_1",0.429333333333333
"2040","JV1","PM2","3-O-b-D-Galactopyranosyl-D-Arabinose",2.668,"trial_1",2.189
"2041","JV1","PM2","Gentiobiose",6.508,"trial_1",4.789
"2042","JV1","PM2","L-Glucose",1.602,"trial_1",0.561333333333333
"2043","JV1","PM2","D-Lactitol",1.713,"trial_1",1.729
"2044","JV1","PM2","D-Melezitose",0.445,"trial_1",0.304666666666667
"2045","JV1","PM2","Maltitol",3.808,"trial_1",3.236
"2046","JV1","PM2","a-Methyl D-Glucoside",1.609,"trial_1",1.43633333333333
"2047","JV1","PM2","b-Methyl D-Galactoside",3.806,"trial_1",3.13566666666667
"2048","JV1","PM2","3-O-Methyl-D-Glucose",0.192,"trial_1",0.140333333333333
"2049","JV1","PM2","b-Methyl-D-Glucuronic acid",0.018,"trial_1",0.0253333333333333
"2050","JV1","PM2","a-Methyl D-Mannoside",0.029,"trial_1",0.034
"2051","JV1","PM2","b-Methyl D-Xyloside",0.08,"trial_1",0.0533333333333333
"2052","JV1","PM2","Palatinose",4.493,"trial_1",3.83633333333333
"2053","JV1","PM2","D-Raffinose",6.119,"trial_1",4.855
"2054","JV1","PM2","Salicin",2.763,"trial_1",2.23433333333333
"2055","JV1","PM2","Sedoheptulosan",0.068,"trial_1",0.048
"2056","JV1","PM2","L-Sorbose",5.134,"trial_1",4.125
"2057","JV1","PM2","Stachyose",5.153,"trial_1",4.196
"2058","JV1","PM2","D-Tagatose",1.251,"trial_1",0.604666666666667
"2059","JV1","PM2","Turanose",1.307,"trial_1",0.899
"2060","JV1","PM2","Xylitol",0.046,"trial_1",0.077
"2061","JV1","PM2","N-Acetyl-D-Glucosaminitol",0.023,"trial_1",0.031
"2062","JV1","PM2","g-Amino-n-Butyric acid",0.386,"trial_1",1.11633333333333
"2063","JV1","PM2","d-Amino-n-Valeric acid",0.305,"trial_1",0.226
"2064","JV1","PM2","Butyric acid",0.091,"trial_1",0.0613333333333333
"2065","JV1","PM2","Capric acid",0,"trial_1",0.0196666666666667
"2066","JV1","PM2","Caproic acid",0,"trial_1",0
"2067","JV1","PM2","Citraconic acid",0.071,"trial_1",0.05
"2068","JV1","PM2","Citramalic acid",0.002,"trial_1",0.0153333333333333
"2069","JV1","PM2","D-Glucosamine",4.082,"trial_1",3.45333333333333
"2070","JV1","PM2","2-Hydroxybenzoic acid",0,"trial_1",0
"2071","JV1","PM2","4-Hydroxybenzoic acid",1.209,"trial_1",0.958
"2072","JV1","PM2","b-Hydroxybutyric acid",1.743,"trial_1",1.62933333333333
"2073","JV1","PM2","g-Hydroxybutyric acid",0.007,"trial_1",0.0183333333333333
"2074","JV1","PM2","a-Ketovaleric acid",0.066,"trial_1",0.053
"2075","JV1","PM2","Itaconic acid",0,"trial_1",0
"2076","JV1","PM2","5-Keto-D-Gluconic acid",0.625,"trial_1",0.679333333333333
"2077","JV1","PM2","D-Lactic acid Methyl Ester",1.385,"trial_1",0.599333333333333
"2078","JV1","PM2","Malonic acid",1.693,"trial_1",1.56066666666667
"2079","JV1","PM2","Melibionic acid",2.652,"trial_1",2.273
"2080","JV1","PM2","Oxalic acid",0.056,"trial_1",0.0323333333333333
"2081","JV1","PM2","Oxalomalic acid",0.148,"trial_1",0.121666666666667
"2082","JV1","PM2","Quinic acid",1.539,"trial_1",1.514
"2083","JV1","PM2","D-Ribono-1,4-Lactone",0.018,"trial_1",0.033
"2084","JV1","PM2","Sebacic acid",0.017,"trial_1",0.0106666666666667
"2085","JV1","PM2","Sorbic acid",0.196,"trial_1",0.116666666666667
"2086","JV1","PM2","Succinamic acid",0.088,"trial_1",0.0816666666666667
"2087","JV1","PM2","D-Tartaric acid",0.031,"trial_1",0.0576666666666667
"2088","JV1","PM2","L-Tartaric acid",2.599,"trial_1",2.35833333333333
"2089","JV1","PM2","Acetamide",0,"trial_1",0.011
"2090","JV1","PM2","L-Alaninamide",0.703,"trial_1",0.393333333333333
"2091","JV1","PM2","N-Acetyl-L-Glutamic acid",0.027,"trial_1",0.0323333333333333
"2092","JV1","PM2","L-Arginine",1.996,"trial_1",1.873
"2093","JV1","PM2","Glycine",1.257,"trial_1",0.964666666666667
"2094","JV1","PM2","L-Histidine",2.264,"trial_1",2.16266666666667
"2095","JV1","PM2","L-Homoserine",0,"trial_1",0.0176666666666667
"2096","JV1","PM2","Hydroxy-L-Proline",0.006,"trial_1",0.023
"2097","JV1","PM2","L-Isoleucine",0.007,"trial_1",0.0316666666666667
"2098","JV1","PM2","L-Leucine",0.028,"trial_1",0.0596666666666667
"2099","JV1","PM2","L-Lysine",0.189,"trial_1",0.168
"2100","JV1","PM2","L-Methionine",0.012,"trial_1",0.049
"2101","JV1","PM2","L-Ornithine",1.495,"trial_1",1.31066666666667
"2102","JV1","PM2","L-Phenylalanine",1.174,"trial_1",0.76
"2103","JV1","PM2","L-Pyroglutamic acid",0.048,"trial_1",0.0426666666666667
"2104","JV1","PM2","L-Valine",0,"trial_1",0.012
"2105","JV1","PM2","DL-Carnitine",0.847,"trial_1",0.793666666666667
"2106","JV1","PM2","sec-Butylamine",0.024,"trial_1",0.0626666666666667
"2107","JV1","PM2","DL-Octopamine",1.554,"trial_1",1.55966666666667
"2108","JV1","PM2","Putrescine",1.642,"trial_1",1.53733333333333
"2109","JV1","PM2","Dihydroxyacetone",1.44,"trial_1",1.44566666666667
"2110","JV1","PM2","2,3-Butanediol",0.014,"trial_1",0.026
"2111","JV1","PM2","2,3-Butanedione",0.052,"trial_1",0.053
"2112","JV1","PM2","3-Hydroxy-2-butanone",0.015,"trial_1",0.0283333333333333
"2113","JV1","PM2","Negative Control",0,"trial_2",0
"2114","JV1","PM2","Chondroitin Sulfate C",0.015,"trial_2",0.00733333333333333
"2115","JV1","PM2","a-Cyclodextrin",0.041,"trial_2",0.0266666666666667
"2116","JV1","PM2","b-Cyclodextrin",0.025,"trial_2",0.0186666666666667
"2117","JV1","PM2","g-Cyclodextrin",0.027,"trial_2",0.0373333333333333
"2118","JV1","PM2","Dextrin",1.997,"trial_2",1.83
"2119","JV1","PM2","Gelatin",0.048,"trial_2",0.0333333333333333
"2120","JV1","PM2","Glycogen",0.084,"trial_2",0.066
"2121","JV1","PM2","Inulin",0.229,"trial_2",0.170333333333333
"2122","JV1","PM2","Laminarin",0.433,"trial_2",0.363666666666667
"2123","JV1","PM2","Mannan",0,"trial_2",0
"2124","JV1","PM2","Pectin",2.497,"trial_2",2.12
"2125","JV1","PM2","N-Acetyl-D-Galactosamine",0.031,"trial_2",0.0246666666666667
"2126","JV1","PM2","N-Acetyl-Neuraminic acid",0.088,"trial_2",0.140333333333333
"2127","JV1","PM2","b-D-Allose",0.899,"trial_2",0.758333333333333
"2128","JV1","PM2","Amygdalin",0.111,"trial_2",0.107333333333333
"2129","JV1","PM2","D-Arabinose",0.539,"trial_2",0.455333333333333
"2130","JV1","PM2","D-Arabitol",3.629,"trial_2",3.53533333333333
"2131","JV1","PM2","L-Arabitol",0.168,"trial_2",0.073
"2132","JV1","PM2","Arbutin",4.654,"trial_2",4.19033333333333
"2133","JV1","PM2","2-Deoxy-D-Ribose",0.47,"trial_2",0.365333333333333
"2134","JV1","PM2","i-Erythritol",0.052,"trial_2",0.04
"2135","JV1","PM2","D-Fucose",0.461,"trial_2",0.429333333333333
"2136","JV1","PM2","3-O-b-D-Galactopyranosyl-D-Arabinose",1.84,"trial_2",2.189
"2137","JV1","PM2","Gentiobiose",4.433,"trial_2",4.789
"2138","JV1","PM2","L-Glucose",0.059,"trial_2",0.561333333333333
"2139","JV1","PM2","D-Lactitol",1.948,"trial_2",1.729
"2140","JV1","PM2","D-Melezitose",0.309,"trial_2",0.304666666666667
"2141","JV1","PM2","Maltitol",3.474,"trial_2",3.236
"2142","JV1","PM2","a-Methyl D-Glucoside",1.558,"trial_2",1.43633333333333
"2143","JV1","PM2","b-Methyl D-Galactoside",3.537,"trial_2",3.13566666666667
"2144","JV1","PM2","3-O-Methyl-D-Glucose",0.148,"trial_2",0.140333333333333
"2145","JV1","PM2","b-Methyl-D-Glucuronic acid",0.051,"trial_2",0.0253333333333333
"2146","JV1","PM2","a-Methyl D-Mannoside",0.054,"trial_2",0.034
"2147","JV1","PM2","b-Methyl D-Xyloside",0.047,"trial_2",0.0533333333333333
"2148","JV1","PM2","Palatinose",4.113,"trial_2",3.83633333333333
"2149","JV1","PM2","D-Raffinose",4.85,"trial_2",4.855
"2150","JV1","PM2","Salicin",2.081,"trial_2",2.23433333333333
"2151","JV1","PM2","Sedoheptulosan",0.054,"trial_2",0.048
"2152","JV1","PM2","L-Sorbose",4.436,"trial_2",4.125
"2153","JV1","PM2","Stachyose",4.744,"trial_2",4.196
"2154","JV1","PM2","D-Tagatose",0.347,"trial_2",0.604666666666667
"2155","JV1","PM2","Turanose",0.9,"trial_2",0.899
"2156","JV1","PM2","Xylitol",0.152,"trial_2",0.077
"2157","JV1","PM2","N-Acetyl-D-Glucosaminitol",0.032,"trial_2",0.031
"2158","JV1","PM2","g-Amino-n-Butyric acid",1.668,"trial_2",1.11633333333333
"2159","JV1","PM2","d-Amino-n-Valeric acid",0.242,"trial_2",0.226
"2160","JV1","PM2","Butyric acid",0.041,"trial_2",0.0613333333333333
"2161","JV1","PM2","Capric acid",0.059,"trial_2",0.0196666666666667
"2162","JV1","PM2","Caproic acid",0,"trial_2",0
"2163","JV1","PM2","Citraconic acid",0.036,"trial_2",0.05
"2164","JV1","PM2","Citramalic acid",0.044,"trial_2",0.0153333333333333
"2165","JV1","PM2","D-Glucosamine",3.485,"trial_2",3.45333333333333
"2166","JV1","PM2","2-Hydroxybenzoic acid",0,"trial_2",0
"2167","JV1","PM2","4-Hydroxybenzoic acid",0.928,"trial_2",0.958
"2168","JV1","PM2","b-Hydroxybutyric acid",1.85,"trial_2",1.62933333333333
"2169","JV1","PM2","g-Hydroxybutyric acid",0.042,"trial_2",0.0183333333333333
"2170","JV1","PM2","a-Ketovaleric acid",0.029,"trial_2",0.053
"2171","JV1","PM2","Itaconic acid",0,"trial_2",0
"2172","JV1","PM2","5-Keto-D-Gluconic acid",0.766,"trial_2",0.679333333333333
"2173","JV1","PM2","D-Lactic acid Methyl Ester",0.315,"trial_2",0.599333333333333
"2174","JV1","PM2","Malonic acid",1.662,"trial_2",1.56066666666667
"2175","JV1","PM2","Melibionic acid",2.181,"trial_2",2.273
"2176","JV1","PM2","Oxalic acid",0.024,"trial_2",0.0323333333333333
"2177","JV1","PM2","Oxalomalic acid",0.16,"trial_2",0.121666666666667
"2178","JV1","PM2","Quinic acid",1.737,"trial_2",1.514
"2179","JV1","PM2","D-Ribono-1,4-Lactone",0.081,"trial_2",0.033
"2180","JV1","PM2","Sebacic acid",0.015,"trial_2",0.0106666666666667
"2181","JV1","PM2","Sorbic acid",0.096,"trial_2",0.116666666666667
"2182","JV1","PM2","Succinamic acid",0.099,"trial_2",0.0816666666666667
"2183","JV1","PM2","D-Tartaric acid",0.079,"trial_2",0.0576666666666667
"2184","JV1","PM2","L-Tartaric acid",2.386,"trial_2",2.35833333333333
"2185","JV1","PM2","Acetamide",0.029,"trial_2",0.011
"2186","JV1","PM2","L-Alaninamide",0.395,"trial_2",0.393333333333333
"2187","JV1","PM2","N-Acetyl-L-Glutamic acid",0.052,"trial_2",0.0323333333333333
"2188","JV1","PM2","L-Arginine",2.113,"trial_2",1.873
"2189","JV1","PM2","Glycine",1.132,"trial_2",0.964666666666667
"2190","JV1","PM2","L-Histidine",2.605,"trial_2",2.16266666666667
"2191","JV1","PM2","L-Homoserine",0.041,"trial_2",0.0176666666666667
"2192","JV1","PM2","Hydroxy-L-Proline",0.051,"trial_2",0.023
"2193","JV1","PM2","L-Isoleucine",0.05,"trial_2",0.0316666666666667
"2194","JV1","PM2","L-Leucine",0.058,"trial_2",0.0596666666666667
"2195","JV1","PM2","L-Lysine",0.158,"trial_2",0.168
"2196","JV1","PM2","L-Methionine",0.065,"trial_2",0.049
"2197","JV1","PM2","L-Ornithine",1.249,"trial_2",1.31066666666667
"2198","JV1","PM2","L-Phenylalanine",0.562,"trial_2",0.76
"2199","JV1","PM2","L-Pyroglutamic acid",0.061,"trial_2",0.0426666666666667
"2200","JV1","PM2","L-Valine",0.036,"trial_2",0.012
"2201","JV1","PM2","DL-Carnitine",0.809,"trial_2",0.793666666666667
"2202","JV1","PM2","sec-Butylamine",0.088,"trial_2",0.0626666666666667
"2203","JV1","PM2","DL-Octopamine",1.655,"trial_2",1.55966666666667
"2204","JV1","PM2","Putrescine",1.706,"trial_2",1.53733333333333
"2205","JV1","PM2","Dihydroxyacetone",1.525,"trial_2",1.44566666666667
"2206","JV1","PM2","2,3-Butanediol",0.032,"trial_2",0.026
"2207","JV1","PM2","2,3-Butanedione",0.052,"trial_2",0.053
"2208","JV1","PM2","3-Hydroxy-2-butanone",0.053,"trial_2",0.0283333333333333
"2209","JV1","PM2","Negative Control",0,"trial_3",0
"2210","JV1","PM2","Chondroitin Sulfate C",0,"trial_3",0.00733333333333333
"2211","JV1","PM2","a-Cyclodextrin",0.015,"trial_3",0.0266666666666667
"2212","JV1","PM2","b-Cyclodextrin",0.005,"trial_3",0.0186666666666667
"2213","JV1","PM2","g-Cyclodextrin",0.031,"trial_3",0.0373333333333333
"2214","JV1","PM2","Dextrin",1.578,"trial_3",1.83
"2215","JV1","PM2","Gelatin",0.008,"trial_3",0.0333333333333333
"2216","JV1","PM2","Glycogen",0.028,"trial_3",0.066
"2217","JV1","PM2","Inulin",0.109,"trial_3",0.170333333333333
"2218","JV1","PM2","Laminarin",0.179,"trial_3",0.363666666666667
"2219","JV1","PM2","Mannan",0,"trial_3",0
"2220","JV1","PM2","Pectin",1.616,"trial_3",2.12
"2221","JV1","PM2","N-Acetyl-D-Galactosamine",0.043,"trial_3",0.0246666666666667
"2222","JV1","PM2","N-Acetyl-Neuraminic acid",0.003,"trial_3",0.140333333333333
"2223","JV1","PM2","b-D-Allose",0.527,"trial_3",0.758333333333333
"2224","JV1","PM2","Amygdalin",0.014,"trial_3",0.107333333333333
"2225","JV1","PM2","D-Arabinose",0.335,"trial_3",0.455333333333333
"2226","JV1","PM2","D-Arabitol",2.751,"trial_3",3.53533333333333
"2227","JV1","PM2","L-Arabitol",0.01,"trial_3",0.073
"2228","JV1","PM2","Arbutin",3.028,"trial_3",4.19033333333333
"2229","JV1","PM2","2-Deoxy-D-Ribose",0.268,"trial_3",0.365333333333333
"2230","JV1","PM2","i-Erythritol",0,"trial_3",0.04
"2231","JV1","PM2","D-Fucose",0.289,"trial_3",0.429333333333333
"2232","JV1","PM2","3-O-b-D-Galactopyranosyl-D-Arabinose",2.059,"trial_3",2.189
"2233","JV1","PM2","Gentiobiose",3.426,"trial_3",4.789
"2234","JV1","PM2","L-Glucose",0.023,"trial_3",0.561333333333333
"2235","JV1","PM2","D-Lactitol",1.526,"trial_3",1.729
"2236","JV1","PM2","D-Melezitose",0.16,"trial_3",0.304666666666667
"2237","JV1","PM2","Maltitol",2.426,"trial_3",3.236
"2238","JV1","PM2","a-Methyl D-Glucoside",1.142,"trial_3",1.43633333333333
"2239","JV1","PM2","b-Methyl D-Galactoside",2.064,"trial_3",3.13566666666667
"2240","JV1","PM2","3-O-Methyl-D-Glucose",0.081,"trial_3",0.140333333333333
"2241","JV1","PM2","b-Methyl-D-Glucuronic acid",0.007,"trial_3",0.0253333333333333
"2242","JV1","PM2","a-Methyl D-Mannoside",0.019,"trial_3",0.034
"2243","JV1","PM2","b-Methyl D-Xyloside",0.033,"trial_3",0.0533333333333333
"2244","JV1","PM2","Palatinose",2.903,"trial_3",3.83633333333333
"2245","JV1","PM2","D-Raffinose",3.596,"trial_3",4.855
"2246","JV1","PM2","Salicin",1.859,"trial_3",2.23433333333333
"2247","JV1","PM2","Sedoheptulosan",0.022,"trial_3",0.048
"2248","JV1","PM2","L-Sorbose",2.805,"trial_3",4.125
"2249","JV1","PM2","Stachyose",2.691,"trial_3",4.196
"2250","JV1","PM2","D-Tagatose",0.216,"trial_3",0.604666666666667
"2251","JV1","PM2","Turanose",0.49,"trial_3",0.899
"2252","JV1","PM2","Xylitol",0.033,"trial_3",0.077
"2253","JV1","PM2","N-Acetyl-D-Glucosaminitol",0.038,"trial_3",0.031
"2254","JV1","PM2","g-Amino-n-Butyric acid",1.295,"trial_3",1.11633333333333
"2255","JV1","PM2","d-Amino-n-Valeric acid",0.131,"trial_3",0.226
"2256","JV1","PM2","Butyric acid",0.052,"trial_3",0.0613333333333333
"2257","JV1","PM2","Capric acid",0,"trial_3",0.0196666666666667
"2258","JV1","PM2","Caproic acid",0,"trial_3",0
"2259","JV1","PM2","Citraconic acid",0.043,"trial_3",0.05
"2260","JV1","PM2","Citramalic acid",0,"trial_3",0.0153333333333333
"2261","JV1","PM2","D-Glucosamine",2.793,"trial_3",3.45333333333333
"2262","JV1","PM2","2-Hydroxybenzoic acid",0,"trial_3",0
"2263","JV1","PM2","4-Hydroxybenzoic acid",0.737,"trial_3",0.958
"2264","JV1","PM2","b-Hydroxybutyric acid",1.295,"trial_3",1.62933333333333
"2265","JV1","PM2","g-Hydroxybutyric acid",0.006,"trial_3",0.0183333333333333
"2266","JV1","PM2","a-Ketovaleric acid",0.064,"trial_3",0.053
"2267","JV1","PM2","Itaconic acid",0,"trial_3",0
"2268","JV1","PM2","5-Keto-D-Gluconic acid",0.647,"trial_3",0.679333333333333
"2269","JV1","PM2","D-Lactic acid Methyl Ester",0.098,"trial_3",0.599333333333333
"2270","JV1","PM2","Malonic acid",1.327,"trial_3",1.56066666666667
"2271","JV1","PM2","Melibionic acid",1.986,"trial_3",2.273
"2272","JV1","PM2","Oxalic acid",0.017,"trial_3",0.0323333333333333
"2273","JV1","PM2","Oxalomalic acid",0.057,"trial_3",0.121666666666667
"2274","JV1","PM2","Quinic acid",1.266,"trial_3",1.514
"2275","JV1","PM2","D-Ribono-1,4-Lactone",0,"trial_3",0.033
"2276","JV1","PM2","Sebacic acid",0,"trial_3",0.0106666666666667
"2277","JV1","PM2","Sorbic acid",0.058,"trial_3",0.116666666666667
"2278","JV1","PM2","Succinamic acid",0.058,"trial_3",0.0816666666666667
"2279","JV1","PM2","D-Tartaric acid",0.063,"trial_3",0.0576666666666667
"2280","JV1","PM2","L-Tartaric acid",2.09,"trial_3",2.35833333333333
"2281","JV1","PM2","Acetamide",0.004,"trial_3",0.011
"2282","JV1","PM2","L-Alaninamide",0.082,"trial_3",0.393333333333333
"2283","JV1","PM2","N-Acetyl-L-Glutamic acid",0.018,"trial_3",0.0323333333333333
"2284","JV1","PM2","L-Arginine",1.51,"trial_3",1.873
"2285","JV1","PM2","Glycine",0.505,"trial_3",0.964666666666667
"2286","JV1","PM2","L-Histidine",1.619,"trial_3",2.16266666666667
"2287","JV1","PM2","L-Homoserine",0.012,"trial_3",0.0176666666666667
"2288","JV1","PM2","Hydroxy-L-Proline",0.012,"trial_3",0.023
"2289","JV1","PM2","L-Isoleucine",0.038,"trial_3",0.0316666666666667
"2290","JV1","PM2","L-Leucine",0.093,"trial_3",0.0596666666666667
"2291","JV1","PM2","L-Lysine",0.157,"trial_3",0.168
"2292","JV1","PM2","L-Methionine",0.07,"trial_3",0.049
"2293","JV1","PM2","L-Ornithine",1.188,"trial_3",1.31066666666667
"2294","JV1","PM2","L-Phenylalanine",0.544,"trial_3",0.76
"2295","JV1","PM2","L-Pyroglutamic acid",0.019,"trial_3",0.0426666666666667
"2296","JV1","PM2","L-Valine",0,"trial_3",0.012
"2297","JV1","PM2","DL-Carnitine",0.725,"trial_3",0.793666666666667
"2298","JV1","PM2","sec-Butylamine",0.076,"trial_3",0.0626666666666667
"2299","JV1","PM2","DL-Octopamine",1.47,"trial_3",1.55966666666667
"2300","JV1","PM2","Putrescine",1.264,"trial_3",1.53733333333333
"2301","JV1","PM2","Dihydroxyacetone",1.372,"trial_3",1.44566666666667
"2302","JV1","PM2","2,3-Butanediol",0.032,"trial_3",0.026
"2303","JV1","PM2","2,3-Butanedione",0.055,"trial_3",0.053
"2304","JV1","PM2","3-Hydroxy-2-butanone",0.017,"trial_3",0.0283333333333333
"2305","JV3","PM2","Negative Control",0,"trial_1",0
"2306","JV3","PM2","Chondroitin Sulfate C",0,"trial_1",0
"2307","JV3","PM2","a-Cyclodextrin",0.027,"trial_1",0.0253333333333333
"2308","JV3","PM2","b-Cyclodextrin",0.006,"trial_1",0.019
"2309","JV3","PM2","g-Cyclodextrin",0,"trial_1",0.006
"2310","JV3","PM2","Dextrin",0.058,"trial_1",0.0856666666666667
"2311","JV3","PM2","Gelatin",0.468,"trial_1",0.502666666666667
"2312","JV3","PM2","Glycogen",0.057,"trial_1",0.065
"2313","JV3","PM2","Inulin",0.106,"trial_1",0.108333333333333
"2314","JV3","PM2","Laminarin",0.115,"trial_1",0.133333333333333
"2315","JV3","PM2","Mannan",0.009,"trial_1",0.0103333333333333
"2316","JV3","PM2","Pectin",0.055,"trial_1",0.0463333333333333
"2317","JV3","PM2","N-Acetyl-D-Galactosamine",0,"trial_1",0
"2318","JV3","PM2","N-Acetyl-Neuraminic acid",0,"trial_1",0.0333333333333333
"2319","JV3","PM2","b-D-Allose",0.036,"trial_1",0.163333333333333
"2320","JV3","PM2","Amygdalin",0.031,"trial_1",0.0386666666666667
"2321","JV3","PM2","D-Arabinose",0.389,"trial_1",0.725
"2322","JV3","PM2","D-Arabitol",0,"trial_1",0.0253333333333333
"2323","JV3","PM2","L-Arabitol",0.034,"trial_1",0.0656666666666667
"2324","JV3","PM2","Arbutin",0.012,"trial_1",0.038
"2325","JV3","PM2","2-Deoxy-D-Ribose",0.605,"trial_1",0.897333333333333
"2326","JV3","PM2","i-Erythritol",0.029,"trial_1",0.049
"2327","JV3","PM2","D-Fucose",0.205,"trial_1",0.350666666666667
"2328","JV3","PM2","3-O-b-D-Galactopyranosyl-D-Arabinose",0.191,"trial_1",0.302333333333333
"2329","JV3","PM2","Gentiobiose",0,"trial_1",0
"2330","JV3","PM2","L-Glucose",0,"trial_1",0.008
"2331","JV3","PM2","D-Lactitol",0.025,"trial_1",0.0373333333333333
"2332","JV3","PM2","D-Melezitose",0.059,"trial_1",0.075
"2333","JV3","PM2","Maltitol",0.006,"trial_1",0.0406666666666667
"2334","JV3","PM2","a-Methyl D-Glucoside",0.042,"trial_1",0.0686666666666667
"2335","JV3","PM2","b-Methyl D-Galactoside",0.028,"trial_1",0.057
"2336","JV3","PM2","3-O-Methyl-D-Glucose",0.069,"trial_1",0.106666666666667
"2337","JV3","PM2","b-Methyl-D-Glucuronic acid",0.04,"trial_1",0.052
"2338","JV3","PM2","a-Methyl D-Mannoside",0.007,"trial_1",0.0453333333333333
"2339","JV3","PM2","b-Methyl D-Xyloside",0.029,"trial_1",0.056
"2340","JV3","PM2","Palatinose",0.099,"trial_1",0.163666666666667
"2341","JV3","PM2","D-Raffinose",0,"trial_1",0.00266666666666667
"2342","JV3","PM2","Salicin",0.011,"trial_1",0.0213333333333333
"2343","JV3","PM2","Sedoheptulosan",0.013,"trial_1",0.053
"2344","JV3","PM2","L-Sorbose",0.04,"trial_1",0.0863333333333333
"2345","JV3","PM2","Stachyose",0.022,"trial_1",0.0433333333333333
"2346","JV3","PM2","D-Tagatose",0.262,"trial_1",0.402
"2347","JV3","PM2","Turanose",0.061,"trial_1",0.067
"2348","JV3","PM2","Xylitol",0.025,"trial_1",0.0443333333333333
"2349","JV3","PM2","N-Acetyl-D-Glucosaminitol",0.04,"trial_1",0.0673333333333333
"2350","JV3","PM2","g-Amino-n-Butyric acid",0.837,"trial_1",1.13066666666667
"2351","JV3","PM2","d-Amino-n-Valeric acid",0.341,"trial_1",0.335666666666667
"2352","JV3","PM2","Butyric acid",0.405,"trial_1",0.409666666666667
"2353","JV3","PM2","Capric acid",0.275,"trial_1",0.39
"2354","JV3","PM2","Caproic acid",0.672,"trial_1",0.428333333333333
"2355","JV3","PM2","Citraconic acid",0.035,"trial_1",0.0576666666666667
"2356","JV3","PM2","Citramalic acid",0.758,"trial_1",0.655666666666667
"2357","JV3","PM2","D-Glucosamine",1.097,"trial_1",1.29566666666667
"2358","JV3","PM2","2-Hydroxybenzoic acid",0,"trial_1",0
"2359","JV3","PM2","4-Hydroxybenzoic acid",0.468,"trial_1",0.555
"2360","JV3","PM2","b-Hydroxybutyric acid",0.692,"trial_1",0.679333333333333
"2361","JV3","PM2","g-Hydroxybutyric acid",0.024,"trial_1",0.0253333333333333
"2362","JV3","PM2","a-Ketovaleric acid",0.083,"trial_1",0.120333333333333
"2363","JV3","PM2","Itaconic acid",0,"trial_1",0
"2364","JV3","PM2","5-Keto-D-Gluconic acid",0.849,"trial_1",0.88
"2365","JV3","PM2","D-Lactic acid Methyl Ester",0.123,"trial_1",0.127333333333333
"2366","JV3","PM2","Malonic acid",0.331,"trial_1",0.248666666666667
"2367","JV3","PM2","Melibionic acid",0.07,"trial_1",0.0756666666666667
"2368","JV3","PM2","Oxalic acid",0.05,"trial_1",0.0513333333333333
"2369","JV3","PM2","Oxalomalic acid",0.104,"trial_1",0.119666666666667
"2370","JV3","PM2","Quinic acid",0.951,"trial_1",1.15533333333333
"2371","JV3","PM2","D-Ribono-1,4-Lactone",0.041,"trial_1",0.038
"2372","JV3","PM2","Sebacic acid",0.209,"trial_1",0.219333333333333
"2373","JV3","PM2","Sorbic acid",0.695,"trial_1",1.00133333333333
"2374","JV3","PM2","Succinamic acid",0.536,"trial_1",0.672333333333333
"2375","JV3","PM2","D-Tartaric acid",0.03,"trial_1",0.0453333333333333
"2376","JV3","PM2","L-Tartaric acid",0.031,"trial_1",0.074
"2377","JV3","PM2","Acetamide",0.067,"trial_1",0.085
"2378","JV3","PM2","L-Alaninamide",0.06,"trial_1",0.125333333333333
"2379","JV3","PM2","N-Acetyl-L-Glutamic acid",0.695,"trial_1",0.931666666666667
"2380","JV3","PM2","L-Arginine",1.008,"trial_1",1.887
"2381","JV3","PM2","Glycine",0.132,"trial_1",0.106
"2382","JV3","PM2","L-Histidine",0.024,"trial_1",0.025
"2383","JV3","PM2","L-Homoserine",0,"trial_1",0
"2384","JV3","PM2","Hydroxy-L-Proline",0.089,"trial_1",0.133333333333333
"2385","JV3","PM2","L-Isoleucine",0.439,"trial_1",0.444666666666667
"2386","JV3","PM2","L-Leucine",0.018,"trial_1",0.0796666666666667
"2387","JV3","PM2","L-Lysine",0.106,"trial_1",0.145
"2388","JV3","PM2","L-Methionine",0.018,"trial_1",0.0313333333333333
"2389","JV3","PM2","L-Ornithine",0.831,"trial_1",0.593666666666667
"2390","JV3","PM2","L-Phenylalanine",0.202,"trial_1",0.171333333333333
"2391","JV3","PM2","L-Pyroglutamic acid",1.446,"trial_1",1.29066666666667
"2392","JV3","PM2","L-Valine",0.183,"trial_1",0.124666666666667
"2393","JV3","PM2","DL-Carnitine",0.301,"trial_1",0.233666666666667
"2394","JV3","PM2","sec-Butylamine",0.069,"trial_1",0.088
"2395","JV3","PM2","DL-Octopamine",1.027,"trial_1",1.03566666666667
"2396","JV3","PM2","Putrescine",1.315,"trial_1",1.37866666666667
"2397","JV3","PM2","Dihydroxyacetone",1.025,"trial_1",1.11266666666667
"2398","JV3","PM2","2,3-Butanediol",0.121,"trial_1",0.105666666666667
"2399","JV3","PM2","2,3-Butanedione",0.032,"trial_1",0.04
"2400","JV3","PM2","3-Hydroxy-2-butanone",0.038,"trial_1",0.0326666666666667
"2401","JV3","PM2","Negative Control",0,"trial_2",0
"2402","JV3","PM2","Chondroitin Sulfate C",0,"trial_2",0
"2403","JV3","PM2","a-Cyclodextrin",0.025,"trial_2",0.0253333333333333
"2404","JV3","PM2","b-Cyclodextrin",0.017,"trial_2",0.019
"2405","JV3","PM2","g-Cyclodextrin",0.008,"trial_2",0.006
"2406","JV3","PM2","Dextrin",0.087,"trial_2",0.0856666666666667
"2407","JV3","PM2","Gelatin",0.384,"trial_2",0.502666666666667
"2408","JV3","PM2","Glycogen",0.068,"trial_2",0.065
"2409","JV3","PM2","Inulin",0.153,"trial_2",0.108333333333333
"2410","JV3","PM2","Laminarin",0.146,"trial_2",0.133333333333333
"2411","JV3","PM2","Mannan",0.02,"trial_2",0.0103333333333333
"2412","JV3","PM2","Pectin",0.05,"trial_2",0.0463333333333333
"2413","JV3","PM2","N-Acetyl-D-Galactosamine",0,"trial_2",0
"2414","JV3","PM2","N-Acetyl-Neuraminic acid",0.061,"trial_2",0.0333333333333333
"2415","JV3","PM2","b-D-Allose",0.208,"trial_2",0.163333333333333
"2416","JV3","PM2","Amygdalin",0.059,"trial_2",0.0386666666666667
"2417","JV3","PM2","D-Arabinose",0.813,"trial_2",0.725
"2418","JV3","PM2","D-Arabitol",0.048,"trial_2",0.0253333333333333
"2419","JV3","PM2","L-Arabitol",0.07,"trial_2",0.0656666666666667
"2420","JV3","PM2","Arbutin",0.059,"trial_2",0.038
"2421","JV3","PM2","2-Deoxy-D-Ribose",0.976,"trial_2",0.897333333333333
"2422","JV3","PM2","i-Erythritol",0.063,"trial_2",0.049
"2423","JV3","PM2","D-Fucose",0.306,"trial_2",0.350666666666667
"2424","JV3","PM2","3-O-b-D-Galactopyranosyl-D-Arabinose",0.343,"trial_2",0.302333333333333
"2425","JV3","PM2","Gentiobiose",0,"trial_2",0
"2426","JV3","PM2","L-Glucose",0.019,"trial_2",0.008
"2427","JV3","PM2","D-Lactitol",0.045,"trial_2",0.0373333333333333
"2428","JV3","PM2","D-Melezitose",0.087,"trial_2",0.075
"2429","JV3","PM2","Maltitol",0.068,"trial_2",0.0406666666666667
"2430","JV3","PM2","a-Methyl D-Glucoside",0.063,"trial_2",0.0686666666666667
"2431","JV3","PM2","b-Methyl D-Galactoside",0.067,"trial_2",0.057
"2432","JV3","PM2","3-O-Methyl-D-Glucose",0.129,"trial_2",0.106666666666667
"2433","JV3","PM2","b-Methyl-D-Glucuronic acid",0.078,"trial_2",0.052
"2434","JV3","PM2","a-Methyl D-Mannoside",0.068,"trial_2",0.0453333333333333
"2435","JV3","PM2","b-Methyl D-Xyloside",0.082,"trial_2",0.056
"2436","JV3","PM2","Palatinose",0.101,"trial_2",0.163666666666667
"2437","JV3","PM2","D-Raffinose",0.007,"trial_2",0.00266666666666667
"2438","JV3","PM2","Salicin",0.049,"trial_2",0.0213333333333333
"2439","JV3","PM2","Sedoheptulosan",0.06,"trial_2",0.053
"2440","JV3","PM2","L-Sorbose",0.084,"trial_2",0.0863333333333333
"2441","JV3","PM2","Stachyose",0.058,"trial_2",0.0433333333333333
"2442","JV3","PM2","D-Tagatose",0.388,"trial_2",0.402
"2443","JV3","PM2","Turanose",0.076,"trial_2",0.067
"2444","JV3","PM2","Xylitol",0.062,"trial_2",0.0443333333333333
"2445","JV3","PM2","N-Acetyl-D-Glucosaminitol",0.09,"trial_2",0.0673333333333333
"2446","JV3","PM2","g-Amino-n-Butyric acid",1.329,"trial_2",1.13066666666667
"2447","JV3","PM2","d-Amino-n-Valeric acid",0.386,"trial_2",0.335666666666667
"2448","JV3","PM2","Butyric acid",0.55,"trial_2",0.409666666666667
"2449","JV3","PM2","Capric acid",0.383,"trial_2",0.39
"2450","JV3","PM2","Caproic acid",0.339,"trial_2",0.428333333333333
"2451","JV3","PM2","Citraconic acid",0.077,"trial_2",0.0576666666666667
"2452","JV3","PM2","Citramalic acid",0.776,"trial_2",0.655666666666667
"2453","JV3","PM2","D-Glucosamine",1.349,"trial_2",1.29566666666667
"2454","JV3","PM2","2-Hydroxybenzoic acid",0,"trial_2",0
"2455","JV3","PM2","4-Hydroxybenzoic acid",0.598,"trial_2",0.555
"2456","JV3","PM2","b-Hydroxybutyric acid",0.892,"trial_2",0.679333333333333
"2457","JV3","PM2","g-Hydroxybutyric acid",0.049,"trial_2",0.0253333333333333
"2458","JV3","PM2","a-Ketovaleric acid",0.132,"trial_2",0.120333333333333
"2459","JV3","PM2","Itaconic acid",0,"trial_2",0
"2460","JV3","PM2","5-Keto-D-Gluconic acid",0.773,"trial_2",0.88
"2461","JV3","PM2","D-Lactic acid Methyl Ester",0.165,"trial_2",0.127333333333333
"2462","JV3","PM2","Malonic acid",0.27,"trial_2",0.248666666666667
"2463","JV3","PM2","Melibionic acid",0.079,"trial_2",0.0756666666666667
"2464","JV3","PM2","Oxalic acid",0.059,"trial_2",0.0513333333333333
"2465","JV3","PM2","Oxalomalic acid",0.136,"trial_2",0.119666666666667
"2466","JV3","PM2","Quinic acid",1.998,"trial_2",1.15533333333333
"2467","JV3","PM2","D-Ribono-1,4-Lactone",0.048,"trial_2",0.038
"2468","JV3","PM2","Sebacic acid",0.258,"trial_2",0.219333333333333
"2469","JV3","PM2","Sorbic acid",1.123,"trial_2",1.00133333333333
"2470","JV3","PM2","Succinamic acid",0.907,"trial_2",0.672333333333333
"2471","JV3","PM2","D-Tartaric acid",0.048,"trial_2",0.0453333333333333
"2472","JV3","PM2","L-Tartaric acid",0.159,"trial_2",0.074
"2473","JV3","PM2","Acetamide",0.143,"trial_2",0.085
"2474","JV3","PM2","L-Alaninamide",0.109,"trial_2",0.125333333333333
"2475","JV3","PM2","N-Acetyl-L-Glutamic acid",1.568,"trial_2",0.931666666666667
"2476","JV3","PM2","L-Arginine",3.76,"trial_2",1.887
"2477","JV3","PM2","Glycine",0.114,"trial_2",0.106
"2478","JV3","PM2","L-Histidine",0.043,"trial_2",0.025
"2479","JV3","PM2","L-Homoserine",0,"trial_2",0
"2480","JV3","PM2","Hydroxy-L-Proline",0.163,"trial_2",0.133333333333333
"2481","JV3","PM2","L-Isoleucine",0.549,"trial_2",0.444666666666667
"2482","JV3","PM2","L-Leucine",0.086,"trial_2",0.0796666666666667
"2483","JV3","PM2","L-Lysine",0.139,"trial_2",0.145
"2484","JV3","PM2","L-Methionine",0.041,"trial_2",0.0313333333333333
"2485","JV3","PM2","L-Ornithine",0.508,"trial_2",0.593666666666667
"2486","JV3","PM2","L-Phenylalanine",0.181,"trial_2",0.171333333333333
"2487","JV3","PM2","L-Pyroglutamic acid",1.453,"trial_2",1.29066666666667
"2488","JV3","PM2","L-Valine",0.182,"trial_2",0.124666666666667
"2489","JV3","PM2","DL-Carnitine",0.286,"trial_2",0.233666666666667
"2490","JV3","PM2","sec-Butylamine",0.146,"trial_2",0.088
"2491","JV3","PM2","DL-Octopamine",1.112,"trial_2",1.03566666666667
"2492","JV3","PM2","Putrescine",1.401,"trial_2",1.37866666666667
"2493","JV3","PM2","Dihydroxyacetone",1.143,"trial_2",1.11266666666667
"2494","JV3","PM2","2,3-Butanediol",0.083,"trial_2",0.105666666666667
"2495","JV3","PM2","2,3-Butanedione",0.063,"trial_2",0.04
"2496","JV3","PM2","3-Hydroxy-2-butanone",0.034,"trial_2",0.0326666666666667
"2497","JV3","PM2","Negative Control",0,"trial_3",0
"2498","JV3","PM2","Chondroitin Sulfate C",0,"trial_3",0
"2499","JV3","PM2","a-Cyclodextrin",0.024,"trial_3",0.0253333333333333
"2500","JV3","PM2","b-Cyclodextrin",0.034,"trial_3",0.019
"2501","JV3","PM2","g-Cyclodextrin",0.01,"trial_3",0.006
"2502","JV3","PM2","Dextrin",0.112,"trial_3",0.0856666666666667
"2503","JV3","PM2","Gelatin",0.656,"trial_3",0.502666666666667
"2504","JV3","PM2","Glycogen",0.07,"trial_3",0.065
"2505","JV3","PM2","Inulin",0.066,"trial_3",0.108333333333333
"2506","JV3","PM2","Laminarin",0.139,"trial_3",0.133333333333333
"2507","JV3","PM2","Mannan",0.002,"trial_3",0.0103333333333333
"2508","JV3","PM2","Pectin",0.034,"trial_3",0.0463333333333333
"2509","JV3","PM2","N-Acetyl-D-Galactosamine",0,"trial_3",0
"2510","JV3","PM2","N-Acetyl-Neuraminic acid",0.039,"trial_3",0.0333333333333333
"2511","JV3","PM2","b-D-Allose",0.246,"trial_3",0.163333333333333
"2512","JV3","PM2","Amygdalin",0.026,"trial_3",0.0386666666666667
"2513","JV3","PM2","D-Arabinose",0.973,"trial_3",0.725
"2514","JV3","PM2","D-Arabitol",0.028,"trial_3",0.0253333333333333
"2515","JV3","PM2","L-Arabitol",0.093,"trial_3",0.0656666666666667
"2516","JV3","PM2","Arbutin",0.043,"trial_3",0.038
"2517","JV3","PM2","2-Deoxy-D-Ribose",1.111,"trial_3",0.897333333333333
"2518","JV3","PM2","i-Erythritol",0.055,"trial_3",0.049
"2519","JV3","PM2","D-Fucose",0.541,"trial_3",0.350666666666667
"2520","JV3","PM2","3-O-b-D-Galactopyranosyl-D-Arabinose",0.373,"trial_3",0.302333333333333
"2521","JV3","PM2","Gentiobiose",0,"trial_3",0
"2522","JV3","PM2","L-Glucose",0.005,"trial_3",0.008
"2523","JV3","PM2","D-Lactitol",0.042,"trial_3",0.0373333333333333
"2524","JV3","PM2","D-Melezitose",0.079,"trial_3",0.075
"2525","JV3","PM2","Maltitol",0.048,"trial_3",0.0406666666666667
"2526","JV3","PM2","a-Methyl D-Glucoside",0.101,"trial_3",0.0686666666666667
"2527","JV3","PM2","b-Methyl D-Galactoside",0.076,"trial_3",0.057
"2528","JV3","PM2","3-O-Methyl-D-Glucose",0.122,"trial_3",0.106666666666667
"2529","JV3","PM2","b-Methyl-D-Glucuronic acid",0.038,"trial_3",0.052
"2530","JV3","PM2","a-Methyl D-Mannoside",0.061,"trial_3",0.0453333333333333
"2531","JV3","PM2","b-Methyl D-Xyloside",0.057,"trial_3",0.056
"2532","JV3","PM2","Palatinose",0.291,"trial_3",0.163666666666667
"2533","JV3","PM2","D-Raffinose",0.001,"trial_3",0.00266666666666667
"2534","JV3","PM2","Salicin",0.004,"trial_3",0.0213333333333333
"2535","JV3","PM2","Sedoheptulosan",0.086,"trial_3",0.053
"2536","JV3","PM2","L-Sorbose",0.135,"trial_3",0.0863333333333333
"2537","JV3","PM2","Stachyose",0.05,"trial_3",0.0433333333333333
"2538","JV3","PM2","D-Tagatose",0.556,"trial_3",0.402
"2539","JV3","PM2","Turanose",0.064,"trial_3",0.067
"2540","JV3","PM2","Xylitol",0.046,"trial_3",0.0443333333333333
"2541","JV3","PM2","N-Acetyl-D-Glucosaminitol",0.072,"trial_3",0.0673333333333333
"2542","JV3","PM2","g-Amino-n-Butyric acid",1.226,"trial_3",1.13066666666667
"2543","JV3","PM2","d-Amino-n-Valeric acid",0.28,"trial_3",0.335666666666667
"2544","JV3","PM2","Butyric acid",0.274,"trial_3",0.409666666666667
"2545","JV3","PM2","Capric acid",0.512,"trial_3",0.39
"2546","JV3","PM2","Caproic acid",0.274,"trial_3",0.428333333333333
"2547","JV3","PM2","Citraconic acid",0.061,"trial_3",0.0576666666666667
"2548","JV3","PM2","Citramalic acid",0.433,"trial_3",0.655666666666667
"2549","JV3","PM2","D-Glucosamine",1.441,"trial_3",1.29566666666667
"2550","JV3","PM2","2-Hydroxybenzoic acid",0,"trial_3",0
"2551","JV3","PM2","4-Hydroxybenzoic acid",0.599,"trial_3",0.555
"2552","JV3","PM2","b-Hydroxybutyric acid",0.454,"trial_3",0.679333333333333
"2553","JV3","PM2","g-Hydroxybutyric acid",0.003,"trial_3",0.0253333333333333
"2554","JV3","PM2","a-Ketovaleric acid",0.146,"trial_3",0.120333333333333
"2555","JV3","PM2","Itaconic acid",0,"trial_3",0
"2556","JV3","PM2","5-Keto-D-Gluconic acid",1.018,"trial_3",0.88
"2557","JV3","PM2","D-Lactic acid Methyl Ester",0.094,"trial_3",0.127333333333333
"2558","JV3","PM2","Malonic acid",0.145,"trial_3",0.248666666666667
"2559","JV3","PM2","Melibionic acid",0.078,"trial_3",0.0756666666666667
"2560","JV3","PM2","Oxalic acid",0.045,"trial_3",0.0513333333333333
"2561","JV3","PM2","Oxalomalic acid",0.119,"trial_3",0.119666666666667
"2562","JV3","PM2","Quinic acid",0.517,"trial_3",1.15533333333333
"2563","JV3","PM2","D-Ribono-1,4-Lactone",0.025,"trial_3",0.038
"2564","JV3","PM2","Sebacic acid",0.191,"trial_3",0.219333333333333
"2565","JV3","PM2","Sorbic acid",1.186,"trial_3",1.00133333333333
"2566","JV3","PM2","Succinamic acid",0.574,"trial_3",0.672333333333333
"2567","JV3","PM2","D-Tartaric acid",0.058,"trial_3",0.0453333333333333
"2568","JV3","PM2","L-Tartaric acid",0.032,"trial_3",0.074
"2569","JV3","PM2","Acetamide",0.045,"trial_3",0.085
"2570","JV3","PM2","L-Alaninamide",0.207,"trial_3",0.125333333333333
"2571","JV3","PM2","N-Acetyl-L-Glutamic acid",0.532,"trial_3",0.931666666666667
"2572","JV3","PM2","L-Arginine",0.893,"trial_3",1.887
"2573","JV3","PM2","Glycine",0.072,"trial_3",0.106
"2574","JV3","PM2","L-Histidine",0.008,"trial_3",0.025
"2575","JV3","PM2","L-Homoserine",0,"trial_3",0
"2576","JV3","PM2","Hydroxy-L-Proline",0.148,"trial_3",0.133333333333333
"2577","JV3","PM2","L-Isoleucine",0.346,"trial_3",0.444666666666667
"2578","JV3","PM2","L-Leucine",0.135,"trial_3",0.0796666666666667
"2579","JV3","PM2","L-Lysine",0.19,"trial_3",0.145
"2580","JV3","PM2","L-Methionine",0.035,"trial_3",0.0313333333333333
"2581","JV3","PM2","L-Ornithine",0.442,"trial_3",0.593666666666667
"2582","JV3","PM2","L-Phenylalanine",0.131,"trial_3",0.171333333333333
"2583","JV3","PM2","L-Pyroglutamic acid",0.973,"trial_3",1.29066666666667
"2584","JV3","PM2","L-Valine",0.009,"trial_3",0.124666666666667
"2585","JV3","PM2","DL-Carnitine",0.114,"trial_3",0.233666666666667
"2586","JV3","PM2","sec-Butylamine",0.049,"trial_3",0.088
"2587","JV3","PM2","DL-Octopamine",0.968,"trial_3",1.03566666666667
"2588","JV3","PM2","Putrescine",1.42,"trial_3",1.37866666666667
"2589","JV3","PM2","Dihydroxyacetone",1.17,"trial_3",1.11266666666667
"2590","JV3","PM2","2,3-Butanediol",0.113,"trial_3",0.105666666666667
"2591","JV3","PM2","2,3-Butanedione",0.025,"trial_3",0.04
"2592","JV3","PM2","3-Hydroxy-2-butanone",0.026,"trial_3",0.0326666666666667
"2593","JV4","PM2","Negative Control",0,"trial_1",0
"2594","JV4","PM2","Chondroitin Sulfate C",0,"trial_1",0.000666666666666667
"2595","JV4","PM2","a-Cyclodextrin",0,"trial_1",0.00433333333333333
"2596","JV4","PM2","b-Cyclodextrin",0,"trial_1",0.0103333333333333
"2597","JV4","PM2","g-Cyclodextrin",0,"trial_1",0.00166666666666667
"2598","JV4","PM2","Dextrin",0.027,"trial_1",0.054
"2599","JV4","PM2","Gelatin",0.113,"trial_1",0.128333333333333
"2600","JV4","PM2","Glycogen",0.031,"trial_1",0.0506666666666667
"2601","JV4","PM2","Inulin",0.116,"trial_1",0.119
"2602","JV4","PM2","Laminarin",0.06,"trial_1",0.0943333333333333
"2603","JV4","PM2","Mannan",0,"trial_1",0.00666666666666667
"2604","JV4","PM2","Pectin",0,"trial_1",0.00633333333333333
"2605","JV4","PM2","N-Acetyl-D-Galactosamine",0,"trial_1",0.003
"2606","JV4","PM2","N-Acetyl-Neuraminic acid",0.004,"trial_1",0.0153333333333333
"2607","JV4","PM2","b-D-Allose",0.124,"trial_1",0.26
"2608","JV4","PM2","Amygdalin",0.018,"trial_1",0.0433333333333333
"2609","JV4","PM2","D-Arabinose",0.546,"trial_1",0.736
"2610","JV4","PM2","D-Arabitol",0.012,"trial_1",0.0303333333333333
"2611","JV4","PM2","L-Arabitol",0.026,"trial_1",0.0503333333333333
"2612","JV4","PM2","Arbutin",0.009,"trial_1",0.027
"2613","JV4","PM2","2-Deoxy-D-Ribose",0.824,"trial_1",0.997666666666667
"2614","JV4","PM2","i-Erythritol",0.024,"trial_1",0.0503333333333333
"2615","JV4","PM2","D-Fucose",0.323,"trial_1",0.496333333333333
"2616","JV4","PM2","3-O-b-D-Galactopyranosyl-D-Arabinose",0.241,"trial_1",0.358666666666667
"2617","JV4","PM2","Gentiobiose",0,"trial_1",0.00133333333333333
"2618","JV4","PM2","L-Glucose",0,"trial_1",0.0193333333333333
"2619","JV4","PM2","D-Lactitol",0.012,"trial_1",0.028
"2620","JV4","PM2","D-Melezitose",0.042,"trial_1",0.055
"2621","JV4","PM2","Maltitol",0.01,"trial_1",0.038
"2622","JV4","PM2","a-Methyl D-Glucoside",0.023,"trial_1",0.0323333333333333
"2623","JV4","PM2","b-Methyl D-Galactoside",0.018,"trial_1",0.0366666666666667
"2624","JV4","PM2","3-O-Methyl-D-Glucose",0.075,"trial_1",0.101333333333333
"2625","JV4","PM2","b-Methyl-D-Glucuronic acid",0.047,"trial_1",0.031
"2626","JV4","PM2","a-Methyl D-Mannoside",0.025,"trial_1",0.0446666666666667
"2627","JV4","PM2","b-Methyl D-Xyloside",0.025,"trial_1",0.0493333333333333
"2628","JV4","PM2","Palatinose",0.09,"trial_1",0.173
"2629","JV4","PM2","D-Raffinose",0,"trial_1",0
"2630","JV4","PM2","Salicin",0.021,"trial_1",0.027
"2631","JV4","PM2","Sedoheptulosan",0.014,"trial_1",0.0383333333333333
"2632","JV4","PM2","L-Sorbose",0.032,"trial_1",0.0746666666666667
"2633","JV4","PM2","Stachyose",0.023,"trial_1",0.038
"2634","JV4","PM2","D-Tagatose",0.263,"trial_1",0.388666666666667
"2635","JV4","PM2","Turanose",0.026,"trial_1",0.039
"2636","JV4","PM2","Xylitol",0.031,"trial_1",0.0466666666666667
"2637","JV4","PM2","N-Acetyl-D-Glucosaminitol",0.054,"trial_1",0.0636666666666667
"2638","JV4","PM2","g-Amino-n-Butyric acid",0.645,"trial_1",2.227
"2639","JV4","PM2","d-Amino-n-Valeric acid",0.162,"trial_1",0.204
"2640","JV4","PM2","Butyric acid",0.38,"trial_1",0.465333333333333
"2641","JV4","PM2","Capric acid",0.191,"trial_1",0.317
"2642","JV4","PM2","Caproic acid",0.269,"trial_1",0.423
"2643","JV4","PM2","Citraconic acid",0.014,"trial_1",0.0456666666666667
"2644","JV4","PM2","Citramalic acid",0.541,"trial_1",0.543666666666667
"2645","JV4","PM2","D-Glucosamine",1.137,"trial_1",1.24466666666667
"2646","JV4","PM2","2-Hydroxybenzoic acid",0,"trial_1",0
"2647","JV4","PM2","4-Hydroxybenzoic acid",0.294,"trial_1",0.441333333333333
"2648","JV4","PM2","b-Hydroxybutyric acid",0.432,"trial_1",0.444666666666667
"2649","JV4","PM2","g-Hydroxybutyric acid",0,"trial_1",0.0113333333333333
"2650","JV4","PM2","a-Ketovaleric acid",0.066,"trial_1",0.092
"2651","JV4","PM2","Itaconic acid",0,"trial_1",0
"2652","JV4","PM2","5-Keto-D-Gluconic acid",0.61,"trial_1",0.806333333333333
"2653","JV4","PM2","D-Lactic acid Methyl Ester",0.063,"trial_1",0.0803333333333333
"2654","JV4","PM2","Malonic acid",0.144,"trial_1",0.176333333333333
"2655","JV4","PM2","Melibionic acid",0.051,"trial_1",0.0783333333333333
"2656","JV4","PM2","Oxalic acid",0.008,"trial_1",0.0346666666666667
"2657","JV4","PM2","Oxalomalic acid",0.164,"trial_1",0.146666666666667
"2658","JV4","PM2","Quinic acid",0.808,"trial_1",1.42866666666667
"2659","JV4","PM2","D-Ribono-1,4-Lactone",0,"trial_1",0.0126666666666667
"2660","JV4","PM2","Sebacic acid",0.086,"trial_1",0.082
"2661","JV4","PM2","Sorbic acid",0.829,"trial_1",1.028
"2662","JV4","PM2","Succinamic acid",0.259,"trial_1",0.380333333333333
"2663","JV4","PM2","D-Tartaric acid",0,"trial_1",0.0396666666666667
"2664","JV4","PM2","L-Tartaric acid",0.032,"trial_1",0.0323333333333333
"2665","JV4","PM2","Acetamide",0.048,"trial_1",0.042
"2666","JV4","PM2","L-Alaninamide",0.002,"trial_1",0.0486666666666667
"2667","JV4","PM2","N-Acetyl-L-Glutamic acid",0.262,"trial_1",0.414333333333333
"2668","JV4","PM2","L-Arginine",0.765,"trial_1",0.810666666666667
"2669","JV4","PM2","Glycine",0.03,"trial_1",0.0206666666666667
"2670","JV4","PM2","L-Histidine",1.135,"trial_1",1.218
"2671","JV4","PM2","L-Homoserine",0,"trial_1",0
"2672","JV4","PM2","Hydroxy-L-Proline",0.192,"trial_1",0.234333333333333
"2673","JV4","PM2","L-Isoleucine",0.261,"trial_1",0.413666666666667
"2674","JV4","PM2","L-Leucine",0.056,"trial_1",0.099
"2675","JV4","PM2","L-Lysine",0.031,"trial_1",0.048
"2676","JV4","PM2","L-Methionine",0.054,"trial_1",0.0426666666666667
"2677","JV4","PM2","L-Ornithine",0.385,"trial_1",0.431333333333333
"2678","JV4","PM2","L-Phenylalanine",0.101,"trial_1",0.1
"2679","JV4","PM2","L-Pyroglutamic acid",0.912,"trial_1",1.11266666666667
"2680","JV4","PM2","L-Valine",0.082,"trial_1",0.0376666666666667
"2681","JV4","PM2","DL-Carnitine",0.138,"trial_1",0.0936666666666667
"2682","JV4","PM2","sec-Butylamine",0.058,"trial_1",0.039
"2683","JV4","PM2","DL-Octopamine",0.676,"trial_1",0.731666666666667
"2684","JV4","PM2","Putrescine",0.81,"trial_1",0.987
"2685","JV4","PM2","Dihydroxyacetone",1.014,"trial_1",1.108
"2686","JV4","PM2","2,3-Butanediol",0.053,"trial_1",0.0703333333333333
"2687","JV4","PM2","2,3-Butanedione",0,"trial_1",0
"2688","JV4","PM2","3-Hydroxy-2-butanone",0.026,"trial_1",0.024
"2689","JV4","PM2","Negative Control",0,"trial_2",0
"2690","JV4","PM2","Chondroitin Sulfate C",0.002,"trial_2",0.000666666666666667
"2691","JV4","PM2","a-Cyclodextrin",0,"trial_2",0.00433333333333333
"2692","JV4","PM2","b-Cyclodextrin",0.013,"trial_2",0.0103333333333333
"2693","JV4","PM2","g-Cyclodextrin",0,"trial_2",0.00166666666666667
"2694","JV4","PM2","Dextrin",0.07,"trial_2",0.054
"2695","JV4","PM2","Gelatin",0.148,"trial_2",0.128333333333333
"2696","JV4","PM2","Glycogen",0.055,"trial_2",0.0506666666666667
"2697","JV4","PM2","Inulin",0.036,"trial_2",0.119
"2698","JV4","PM2","Laminarin",0.088,"trial_2",0.0943333333333333
"2699","JV4","PM2","Mannan",0.018,"trial_2",0.00666666666666667
"2700","JV4","PM2","Pectin",0.007,"trial_2",0.00633333333333333
"2701","JV4","PM2","N-Acetyl-D-Galactosamine",0.009,"trial_2",0.003
"2702","JV4","PM2","N-Acetyl-Neuraminic acid",0.02,"trial_2",0.0153333333333333
"2703","JV4","PM2","b-D-Allose",0.433,"trial_2",0.26
"2704","JV4","PM2","Amygdalin",0.056,"trial_2",0.0433333333333333
"2705","JV4","PM2","D-Arabinose",0.727,"trial_2",0.736
"2706","JV4","PM2","D-Arabitol",0.038,"trial_2",0.0303333333333333
"2707","JV4","PM2","L-Arabitol",0.047,"trial_2",0.0503333333333333
"2708","JV4","PM2","Arbutin",0.034,"trial_2",0.027
"2709","JV4","PM2","2-Deoxy-D-Ribose",1.165,"trial_2",0.997666666666667
"2710","JV4","PM2","i-Erythritol",0.052,"trial_2",0.0503333333333333
"2711","JV4","PM2","D-Fucose",0.635,"trial_2",0.496333333333333
"2712","JV4","PM2","3-O-b-D-Galactopyranosyl-D-Arabinose",0.503,"trial_2",0.358666666666667
"2713","JV4","PM2","Gentiobiose",0.004,"trial_2",0.00133333333333333
"2714","JV4","PM2","L-Glucose",0.021,"trial_2",0.0193333333333333
"2715","JV4","PM2","D-Lactitol",0.033,"trial_2",0.028
"2716","JV4","PM2","D-Melezitose",0.056,"trial_2",0.055
"2717","JV4","PM2","Maltitol",0.067,"trial_2",0.038
"2718","JV4","PM2","a-Methyl D-Glucoside",0.041,"trial_2",0.0323333333333333
"2719","JV4","PM2","b-Methyl D-Galactoside",0.048,"trial_2",0.0366666666666667
"2720","JV4","PM2","3-O-Methyl-D-Glucose",0.127,"trial_2",0.101333333333333
"2721","JV4","PM2","b-Methyl-D-Glucuronic acid",0.016,"trial_2",0.031
"2722","JV4","PM2","a-Methyl D-Mannoside",0.046,"trial_2",0.0446666666666667
"2723","JV4","PM2","b-Methyl D-Xyloside",0.04,"trial_2",0.0493333333333333
"2724","JV4","PM2","Palatinose",0.164,"trial_2",0.173
"2725","JV4","PM2","D-Raffinose",0,"trial_2",0
"2726","JV4","PM2","Salicin",0.021,"trial_2",0.027
"2727","JV4","PM2","Sedoheptulosan",0.036,"trial_2",0.0383333333333333
"2728","JV4","PM2","L-Sorbose",0.076,"trial_2",0.0746666666666667
"2729","JV4","PM2","Stachyose",0.042,"trial_2",0.038
"2730","JV4","PM2","D-Tagatose",0.443,"trial_2",0.388666666666667
"2731","JV4","PM2","Turanose",0.053,"trial_2",0.039
"2732","JV4","PM2","Xylitol",0.048,"trial_2",0.0466666666666667
"2733","JV4","PM2","N-Acetyl-D-Glucosaminitol",0.051,"trial_2",0.0636666666666667
"2734","JV4","PM2","g-Amino-n-Butyric acid",2.968,"trial_2",2.227
"2735","JV4","PM2","d-Amino-n-Valeric acid",0.223,"trial_2",0.204
"2736","JV4","PM2","Butyric acid",0.472,"trial_2",0.465333333333333
"2737","JV4","PM2","Capric acid",0.332,"trial_2",0.317
"2738","JV4","PM2","Caproic acid",0.284,"trial_2",0.423
"2739","JV4","PM2","Citraconic acid",0.066,"trial_2",0.0456666666666667
"2740","JV4","PM2","Citramalic acid",0.5,"trial_2",0.543666666666667
"2741","JV4","PM2","D-Glucosamine",1.314,"trial_2",1.24466666666667
"2742","JV4","PM2","2-Hydroxybenzoic acid",0,"trial_2",0
"2743","JV4","PM2","4-Hydroxybenzoic acid",0.353,"trial_2",0.441333333333333
"2744","JV4","PM2","b-Hydroxybutyric acid",0.501,"trial_2",0.444666666666667
"2745","JV4","PM2","g-Hydroxybutyric acid",0.021,"trial_2",0.0113333333333333
"2746","JV4","PM2","a-Ketovaleric acid",0.073,"trial_2",0.092
"2747","JV4","PM2","Itaconic acid",0,"trial_2",0
"2748","JV4","PM2","5-Keto-D-Gluconic acid",0.776,"trial_2",0.806333333333333
"2749","JV4","PM2","D-Lactic acid Methyl Ester",0.086,"trial_2",0.0803333333333333
"2750","JV4","PM2","Malonic acid",0.216,"trial_2",0.176333333333333
"2751","JV4","PM2","Melibionic acid",0.078,"trial_2",0.0783333333333333
"2752","JV4","PM2","Oxalic acid",0.049,"trial_2",0.0346666666666667
"2753","JV4","PM2","Oxalomalic acid",0.148,"trial_2",0.146666666666667
"2754","JV4","PM2","Quinic acid",0.762,"trial_2",1.42866666666667
"2755","JV4","PM2","D-Ribono-1,4-Lactone",0.023,"trial_2",0.0126666666666667
"2756","JV4","PM2","Sebacic acid",0.062,"trial_2",0.082
"2757","JV4","PM2","Sorbic acid",1.119,"trial_2",1.028
"2758","JV4","PM2","Succinamic acid",0.541,"trial_2",0.380333333333333
"2759","JV4","PM2","D-Tartaric acid",0.075,"trial_2",0.0396666666666667
"2760","JV4","PM2","L-Tartaric acid",0.027,"trial_2",0.0323333333333333
"2761","JV4","PM2","Acetamide",0.031,"trial_2",0.042
"2762","JV4","PM2","L-Alaninamide",0.073,"trial_2",0.0486666666666667
"2763","JV4","PM2","N-Acetyl-L-Glutamic acid",0.497,"trial_2",0.414333333333333
"2764","JV4","PM2","L-Arginine",0.824,"trial_2",0.810666666666667
"2765","JV4","PM2","Glycine",0.014,"trial_2",0.0206666666666667
"2766","JV4","PM2","L-Histidine",1.245,"trial_2",1.218
"2767","JV4","PM2","L-Homoserine",0,"trial_2",0
"2768","JV4","PM2","Hydroxy-L-Proline",0.293,"trial_2",0.234333333333333
"2769","JV4","PM2","L-Isoleucine",0.472,"trial_2",0.413666666666667
"2770","JV4","PM2","L-Leucine",0.145,"trial_2",0.099
"2771","JV4","PM2","L-Lysine",0.037,"trial_2",0.048
"2772","JV4","PM2","L-Methionine",0.033,"trial_2",0.0426666666666667
"2773","JV4","PM2","L-Ornithine",0.636,"trial_2",0.431333333333333
"2774","JV4","PM2","L-Phenylalanine",0.081,"trial_2",0.1
"2775","JV4","PM2","L-Pyroglutamic acid",0.898,"trial_2",1.11266666666667
"2776","JV4","PM2","L-Valine",0.014,"trial_2",0.0376666666666667
"2777","JV4","PM2","DL-Carnitine",0.082,"trial_2",0.0936666666666667
"2778","JV4","PM2","sec-Butylamine",0.035,"trial_2",0.039
"2779","JV4","PM2","DL-Octopamine",0.848,"trial_2",0.731666666666667
"2780","JV4","PM2","Putrescine",1.04,"trial_2",0.987
"2781","JV4","PM2","Dihydroxyacetone",1.16,"trial_2",1.108
"2782","JV4","PM2","2,3-Butanediol",0.073,"trial_2",0.0703333333333333
"2783","JV4","PM2","2,3-Butanedione",0,"trial_2",0
"2784","JV4","PM2","3-Hydroxy-2-butanone",0.038,"trial_2",0.024
"2785","JV4","PM2","Negative Control",0,"trial_3",0
"2786","JV4","PM2","Chondroitin Sulfate C",0,"trial_3",0.000666666666666667
"2787","JV4","PM2","a-Cyclodextrin",0.013,"trial_3",0.00433333333333333
"2788","JV4","PM2","b-Cyclodextrin",0.018,"trial_3",0.0103333333333333
"2789","JV4","PM2","g-Cyclodextrin",0.005,"trial_3",0.00166666666666667
"2790","JV4","PM2","Dextrin",0.065,"trial_3",0.054
"2791","JV4","PM2","Gelatin",0.124,"trial_3",0.128333333333333
"2792","JV4","PM2","Glycogen",0.066,"trial_3",0.0506666666666667
"2793","JV4","PM2","Inulin",0.205,"trial_3",0.119
"2794","JV4","PM2","Laminarin",0.135,"trial_3",0.0943333333333333
"2795","JV4","PM2","Mannan",0.002,"trial_3",0.00666666666666667
"2796","JV4","PM2","Pectin",0.012,"trial_3",0.00633333333333333
"2797","JV4","PM2","N-Acetyl-D-Galactosamine",0,"trial_3",0.003
"2798","JV4","PM2","N-Acetyl-Neuraminic acid",0.022,"trial_3",0.0153333333333333
"2799","JV4","PM2","b-D-Allose",0.223,"trial_3",0.26
"2800","JV4","PM2","Amygdalin",0.056,"trial_3",0.0433333333333333
"2801","JV4","PM2","D-Arabinose",0.935,"trial_3",0.736
"2802","JV4","PM2","D-Arabitol",0.041,"trial_3",0.0303333333333333
"2803","JV4","PM2","L-Arabitol",0.078,"trial_3",0.0503333333333333
"2804","JV4","PM2","Arbutin",0.038,"trial_3",0.027
"2805","JV4","PM2","2-Deoxy-D-Ribose",1.004,"trial_3",0.997666666666667
"2806","JV4","PM2","i-Erythritol",0.075,"trial_3",0.0503333333333333
"2807","JV4","PM2","D-Fucose",0.531,"trial_3",0.496333333333333
"2808","JV4","PM2","3-O-b-D-Galactopyranosyl-D-Arabinose",0.332,"trial_3",0.358666666666667
"2809","JV4","PM2","Gentiobiose",0,"trial_3",0.00133333333333333
"2810","JV4","PM2","L-Glucose",0.037,"trial_3",0.0193333333333333
"2811","JV4","PM2","D-Lactitol",0.039,"trial_3",0.028
"2812","JV4","PM2","D-Melezitose",0.067,"trial_3",0.055
"2813","JV4","PM2","Maltitol",0.037,"trial_3",0.038
"2814","JV4","PM2","a-Methyl D-Glucoside",0.033,"trial_3",0.0323333333333333
"2815","JV4","PM2","b-Methyl D-Galactoside",0.044,"trial_3",0.0366666666666667
"2816","JV4","PM2","3-O-Methyl-D-Glucose",0.102,"trial_3",0.101333333333333
"2817","JV4","PM2","b-Methyl-D-Glucuronic acid",0.03,"trial_3",0.031
"2818","JV4","PM2","a-Methyl D-Mannoside",0.063,"trial_3",0.0446666666666667
"2819","JV4","PM2","b-Methyl D-Xyloside",0.083,"trial_3",0.0493333333333333
"2820","JV4","PM2","Palatinose",0.265,"trial_3",0.173
"2821","JV4","PM2","D-Raffinose",0,"trial_3",0
"2822","JV4","PM2","Salicin",0.039,"trial_3",0.027
"2823","JV4","PM2","Sedoheptulosan",0.065,"trial_3",0.0383333333333333
"2824","JV4","PM2","L-Sorbose",0.116,"trial_3",0.0746666666666667
"2825","JV4","PM2","Stachyose",0.049,"trial_3",0.038
"2826","JV4","PM2","D-Tagatose",0.46,"trial_3",0.388666666666667
"2827","JV4","PM2","Turanose",0.038,"trial_3",0.039
"2828","JV4","PM2","Xylitol",0.061,"trial_3",0.0466666666666667
"2829","JV4","PM2","N-Acetyl-D-Glucosaminitol",0.086,"trial_3",0.0636666666666667
"2830","JV4","PM2","g-Amino-n-Butyric acid",3.068,"trial_3",2.227
"2831","JV4","PM2","d-Amino-n-Valeric acid",0.227,"trial_3",0.204
"2832","JV4","PM2","Butyric acid",0.544,"trial_3",0.465333333333333
"2833","JV4","PM2","Capric acid",0.428,"trial_3",0.317
"2834","JV4","PM2","Caproic acid",0.716,"trial_3",0.423
"2835","JV4","PM2","Citraconic acid",0.057,"trial_3",0.0456666666666667
"2836","JV4","PM2","Citramalic acid",0.59,"trial_3",0.543666666666667
"2837","JV4","PM2","D-Glucosamine",1.283,"trial_3",1.24466666666667
"2838","JV4","PM2","2-Hydroxybenzoic acid",0,"trial_3",0
"2839","JV4","PM2","4-Hydroxybenzoic acid",0.677,"trial_3",0.441333333333333
"2840","JV4","PM2","b-Hydroxybutyric acid",0.401,"trial_3",0.444666666666667
"2841","JV4","PM2","g-Hydroxybutyric acid",0.013,"trial_3",0.0113333333333333
"2842","JV4","PM2","a-Ketovaleric acid",0.137,"trial_3",0.092
"2843","JV4","PM2","Itaconic acid",0,"trial_3",0
"2844","JV4","PM2","5-Keto-D-Gluconic acid",1.033,"trial_3",0.806333333333333
"2845","JV4","PM2","D-Lactic acid Methyl Ester",0.092,"trial_3",0.0803333333333333
"2846","JV4","PM2","Malonic acid",0.169,"trial_3",0.176333333333333
"2847","JV4","PM2","Melibionic acid",0.106,"trial_3",0.0783333333333333
"2848","JV4","PM2","Oxalic acid",0.047,"trial_3",0.0346666666666667
"2849","JV4","PM2","Oxalomalic acid",0.128,"trial_3",0.146666666666667
"2850","JV4","PM2","Quinic acid",2.716,"trial_3",1.42866666666667
"2851","JV4","PM2","D-Ribono-1,4-Lactone",0.015,"trial_3",0.0126666666666667
"2852","JV4","PM2","Sebacic acid",0.098,"trial_3",0.082
"2853","JV4","PM2","Sorbic acid",1.136,"trial_3",1.028
"2854","JV4","PM2","Succinamic acid",0.341,"trial_3",0.380333333333333
"2855","JV4","PM2","D-Tartaric acid",0.044,"trial_3",0.0396666666666667
"2856","JV4","PM2","L-Tartaric acid",0.038,"trial_3",0.0323333333333333
"2857","JV4","PM2","Acetamide",0.047,"trial_3",0.042
"2858","JV4","PM2","L-Alaninamide",0.071,"trial_3",0.0486666666666667
"2859","JV4","PM2","N-Acetyl-L-Glutamic acid",0.484,"trial_3",0.414333333333333
"2860","JV4","PM2","L-Arginine",0.843,"trial_3",0.810666666666667
"2861","JV4","PM2","Glycine",0.018,"trial_3",0.0206666666666667
"2862","JV4","PM2","L-Histidine",1.274,"trial_3",1.218
"2863","JV4","PM2","L-Homoserine",0,"trial_3",0
"2864","JV4","PM2","Hydroxy-L-Proline",0.218,"trial_3",0.234333333333333
"2865","JV4","PM2","L-Isoleucine",0.508,"trial_3",0.413666666666667
"2866","JV4","PM2","L-Leucine",0.096,"trial_3",0.099
"2867","JV4","PM2","L-Lysine",0.076,"trial_3",0.048
"2868","JV4","PM2","L-Methionine",0.041,"trial_3",0.0426666666666667
"2869","JV4","PM2","L-Ornithine",0.273,"trial_3",0.431333333333333
"2870","JV4","PM2","L-Phenylalanine",0.118,"trial_3",0.1
"2871","JV4","PM2","L-Pyroglutamic acid",1.528,"trial_3",1.11266666666667
"2872","JV4","PM2","L-Valine",0.017,"trial_3",0.0376666666666667
"2873","JV4","PM2","DL-Carnitine",0.061,"trial_3",0.0936666666666667
"2874","JV4","PM2","sec-Butylamine",0.024,"trial_3",0.039
"2875","JV4","PM2","DL-Octopamine",0.671,"trial_3",0.731666666666667
"2876","JV4","PM2","Putrescine",1.111,"trial_3",0.987
"2877","JV4","PM2","Dihydroxyacetone",1.15,"trial_3",1.108
"2878","JV4","PM2","2,3-Butanediol",0.085,"trial_3",0.0703333333333333
"2879","JV4","PM2","2,3-Butanedione",0,"trial_3",0
"2880","JV4","PM2","3-Hydroxy-2-butanone",0.008,"trial_3",0.024
"2881","JV5","PM2","Negative Control",0,"trial_1",0
"2882","JV5","PM2","Chondroitin Sulfate C",0,"trial_1",0.009
"2883","JV5","PM2","a-Cyclodextrin",0.044,"trial_1",0.0226666666666667
"2884","JV5","PM2","b-Cyclodextrin",0.028,"trial_1",0.0176666666666667
"2885","JV5","PM2","g-Cyclodextrin",0.029,"trial_1",0.012
"2886","JV5","PM2","Dextrin",0.071,"trial_1",0.07
"2887","JV5","PM2","Gelatin",0.149,"trial_1",0.144333333333333
"2888","JV5","PM2","Glycogen",0.04,"trial_1",0.0486666666666667
"2889","JV5","PM2","Inulin",0.18,"trial_1",0.163
"2890","JV5","PM2","Laminarin",0.088,"trial_1",0.0983333333333333
"2891","JV5","PM2","Mannan",0.032,"trial_1",0.024
"2892","JV5","PM2","Pectin",0.039,"trial_1",0.048
"2893","JV5","PM2","N-Acetyl-D-Galactosamine",0.033,"trial_1",0.011
"2894","JV5","PM2","N-Acetyl-Neuraminic acid",0.173,"trial_1",0.0736666666666667
"2895","JV5","PM2","b-D-Allose",0.269,"trial_1",0.280333333333333
"2896","JV5","PM2","Amygdalin",0.082,"trial_1",0.0586666666666667
"2897","JV5","PM2","D-Arabinose",0.759,"trial_1",0.909
"2898","JV5","PM2","D-Arabitol",0.024,"trial_1",0.0316666666666667
"2899","JV5","PM2","L-Arabitol",0.046,"trial_1",0.0633333333333333
"2900","JV5","PM2","Arbutin",0.047,"trial_1",0.0393333333333333
"2901","JV5","PM2","2-Deoxy-D-Ribose",1.042,"trial_1",1.13
"2902","JV5","PM2","i-Erythritol",0.066,"trial_1",0.0523333333333333
"2903","JV5","PM2","D-Fucose",0.444,"trial_1",0.557666666666667
"2904","JV5","PM2","3-O-b-D-Galactopyranosyl-D-Arabinose",0.389,"trial_1",0.406666666666667
"2905","JV5","PM2","Gentiobiose",0.032,"trial_1",0.0106666666666667
"2906","JV5","PM2","L-Glucose",0.065,"trial_1",0.04
"2907","JV5","PM2","D-Lactitol",0.073,"trial_1",0.039
"2908","JV5","PM2","D-Melezitose",0.082,"trial_1",0.068
"2909","JV5","PM2","Maltitol",0.075,"trial_1",0.0483333333333333
"2910","JV5","PM2","a-Methyl D-Glucoside",0.077,"trial_1",0.0573333333333333
"2911","JV5","PM2","b-Methyl D-Galactoside",0.071,"trial_1",0.0533333333333333
"2912","JV5","PM2","3-O-Methyl-D-Glucose",0.144,"trial_1",0.126333333333333
"2913","JV5","PM2","b-Methyl-D-Glucuronic acid",0.042,"trial_1",0.0296666666666667
"2914","JV5","PM2","a-Methyl D-Mannoside",0.07,"trial_1",0.0603333333333333
"2915","JV5","PM2","b-Methyl D-Xyloside",0.064,"trial_1",0.052
"2916","JV5","PM2","Palatinose",0.267,"trial_1",0.248
"2917","JV5","PM2","D-Raffinose",0.029,"trial_1",0.00966666666666667
"2918","JV5","PM2","Salicin",0.062,"trial_1",0.0476666666666667
"2919","JV5","PM2","Sedoheptulosan",0.087,"trial_1",0.065
"2920","JV5","PM2","L-Sorbose",0.091,"trial_1",0.0966666666666667
"2921","JV5","PM2","Stachyose",0.077,"trial_1",0.0586666666666667
"2922","JV5","PM2","D-Tagatose",0.489,"trial_1",0.484666666666667
"2923","JV5","PM2","Turanose",0.058,"trial_1",0.063
"2924","JV5","PM2","Xylitol",0.065,"trial_1",0.0616666666666667
"2925","JV5","PM2","N-Acetyl-D-Glucosaminitol",0.119,"trial_1",0.0866666666666667
"2926","JV5","PM2","g-Amino-n-Butyric acid",0.726,"trial_1",0.764333333333333
"2927","JV5","PM2","d-Amino-n-Valeric acid",0.186,"trial_1",0.195
"2928","JV5","PM2","Butyric acid",0.312,"trial_1",0.309
"2929","JV5","PM2","Capric acid",0.278,"trial_1",0.299666666666667
"2930","JV5","PM2","Caproic acid",0.366,"trial_1",0.321333333333333
"2931","JV5","PM2","Citraconic acid",0.051,"trial_1",0.0513333333333333
"2932","JV5","PM2","Citramalic acid",0.617,"trial_1",0.695333333333333
"2933","JV5","PM2","D-Glucosamine",1.199,"trial_1",1.32366666666667
"2934","JV5","PM2","2-Hydroxybenzoic acid",0.027,"trial_1",0.009
"2935","JV5","PM2","4-Hydroxybenzoic acid",0.966,"trial_1",0.906
"2936","JV5","PM2","b-Hydroxybutyric acid",0.485,"trial_1",0.401
"2937","JV5","PM2","g-Hydroxybutyric acid",0.026,"trial_1",0.016
"2938","JV5","PM2","a-Ketovaleric acid",0.246,"trial_1",0.123
"2939","JV5","PM2","Itaconic acid",0,"trial_1",0
"2940","JV5","PM2","5-Keto-D-Gluconic acid",0.997,"trial_1",0.935
"2941","JV5","PM2","D-Lactic acid Methyl Ester",0.093,"trial_1",0.0893333333333333
"2942","JV5","PM2","Malonic acid",0.258,"trial_1",0.221333333333333
"2943","JV5","PM2","Melibionic acid",0.118,"trial_1",0.0836666666666667
"2944","JV5","PM2","Oxalic acid",0.053,"trial_1",0.052
"2945","JV5","PM2","Oxalomalic acid",0.286,"trial_1",0.204333333333333
"2946","JV5","PM2","Quinic acid",0.661,"trial_1",1.20233333333333
"2947","JV5","PM2","D-Ribono-1,4-Lactone",0.061,"trial_1",0.0466666666666667
"2948","JV5","PM2","Sebacic acid",0.036,"trial_1",0.063
"2949","JV5","PM2","Sorbic acid",0.848,"trial_1",0.983333333333333
"2950","JV5","PM2","Succinamic acid",0.385,"trial_1",0.429666666666667
"2951","JV5","PM2","D-Tartaric acid",0.027,"trial_1",0.0336666666666667
"2952","JV5","PM2","L-Tartaric acid",0.043,"trial_1",0.0293333333333333
"2953","JV5","PM2","Acetamide",0.049,"trial_1",0.043
"2954","JV5","PM2","L-Alaninamide",0.089,"trial_1",0.0623333333333333
"2955","JV5","PM2","N-Acetyl-L-Glutamic acid",0.428,"trial_1",0.435
"2956","JV5","PM2","L-Arginine",0.947,"trial_1",0.847666666666667
"2957","JV5","PM2","Glycine",0.086,"trial_1",0.053
"2958","JV5","PM2","L-Histidine",1.152,"trial_1",1.381
"2959","JV5","PM2","L-Homoserine",0,"trial_1",0
"2960","JV5","PM2","Hydroxy-L-Proline",0.226,"trial_1",0.225
"2961","JV5","PM2","L-Isoleucine",0.33,"trial_1",0.311333333333333
"2962","JV5","PM2","L-Leucine",0.087,"trial_1",0.0763333333333333
"2963","JV5","PM2","L-Lysine",0.116,"trial_1",0.0606666666666667
"2964","JV5","PM2","L-Methionine",0.042,"trial_1",0.0606666666666667
"2965","JV5","PM2","L-Ornithine",0.42,"trial_1",0.382
"2966","JV5","PM2","L-Phenylalanine",0.095,"trial_1",0.086
"2967","JV5","PM2","L-Pyroglutamic acid",1.137,"trial_1",1.005
"2968","JV5","PM2","L-Valine",0.041,"trial_1",0.0303333333333333
"2969","JV5","PM2","DL-Carnitine",0.111,"trial_1",0.108666666666667
"2970","JV5","PM2","sec-Butylamine",0.046,"trial_1",0.047
"2971","JV5","PM2","DL-Octopamine",0.814,"trial_1",0.778666666666667
"2972","JV5","PM2","Putrescine",1.048,"trial_1",1.07033333333333
"2973","JV5","PM2","Dihydroxyacetone",1.036,"trial_1",1.11866666666667
"2974","JV5","PM2","2,3-Butanediol",0.072,"trial_1",0.039
"2975","JV5","PM2","2,3-Butanedione",0,"trial_1",0.000333333333333333
"2976","JV5","PM2","3-Hydroxy-2-butanone",0.042,"trial_1",0.0796666666666667
"2977","JV5","PM2","Negative Control",0,"trial_2",0
"2978","JV5","PM2","Chondroitin Sulfate C",0.027,"trial_2",0.009
"2979","JV5","PM2","a-Cyclodextrin",0.024,"trial_2",0.0226666666666667
"2980","JV5","PM2","b-Cyclodextrin",0.025,"trial_2",0.0176666666666667
"2981","JV5","PM2","g-Cyclodextrin",0.007,"trial_2",0.012
"2982","JV5","PM2","Dextrin",0.073,"trial_2",0.07
"2983","JV5","PM2","Gelatin",0.211,"trial_2",0.144333333333333
"2984","JV5","PM2","Glycogen",0.055,"trial_2",0.0486666666666667
"2985","JV5","PM2","Inulin",0.098,"trial_2",0.163
"2986","JV5","PM2","Laminarin",0.101,"trial_2",0.0983333333333333
"2987","JV5","PM2","Mannan",0.04,"trial_2",0.024
"2988","JV5","PM2","Pectin",0.063,"trial_2",0.048
"2989","JV5","PM2","N-Acetyl-D-Galactosamine",0,"trial_2",0.011
"2990","JV5","PM2","N-Acetyl-Neuraminic acid",0.032,"trial_2",0.0736666666666667
"2991","JV5","PM2","b-D-Allose",0.245,"trial_2",0.280333333333333
"2992","JV5","PM2","Amygdalin",0.063,"trial_2",0.0586666666666667
"2993","JV5","PM2","D-Arabinose",0.93,"trial_2",0.909
"2994","JV5","PM2","D-Arabitol",0.048,"trial_2",0.0316666666666667
"2995","JV5","PM2","L-Arabitol",0.07,"trial_2",0.0633333333333333
"2996","JV5","PM2","Arbutin",0.047,"trial_2",0.0393333333333333
"2997","JV5","PM2","2-Deoxy-D-Ribose",1.201,"trial_2",1.13
"2998","JV5","PM2","i-Erythritol",0.062,"trial_2",0.0523333333333333
"2999","JV5","PM2","D-Fucose",0.646,"trial_2",0.557666666666667
"3000","JV5","PM2","3-O-b-D-Galactopyranosyl-D-Arabinose",0.43,"trial_2",0.406666666666667
"3001","JV5","PM2","Gentiobiose",0,"trial_2",0.0106666666666667
"3002","JV5","PM2","L-Glucose",0.038,"trial_2",0.04
"3003","JV5","PM2","D-Lactitol",0.012,"trial_2",0.039
"3004","JV5","PM2","D-Melezitose",0.066,"trial_2",0.068
"3005","JV5","PM2","Maltitol",0.046,"trial_2",0.0483333333333333
"3006","JV5","PM2","a-Methyl D-Glucoside",0.061,"trial_2",0.0573333333333333
"3007","JV5","PM2","b-Methyl D-Galactoside",0.033,"trial_2",0.0533333333333333
"3008","JV5","PM2","3-O-Methyl-D-Glucose",0.128,"trial_2",0.126333333333333
"3009","JV5","PM2","b-Methyl-D-Glucuronic acid",0.036,"trial_2",0.0296666666666667
"3010","JV5","PM2","a-Methyl D-Mannoside",0.081,"trial_2",0.0603333333333333
"3011","JV5","PM2","b-Methyl D-Xyloside",0.061,"trial_2",0.052
"3012","JV5","PM2","Palatinose",0.147,"trial_2",0.248
"3013","JV5","PM2","D-Raffinose",0,"trial_2",0.00966666666666667
"3014","JV5","PM2","Salicin",0.069,"trial_2",0.0476666666666667
"3015","JV5","PM2","Sedoheptulosan",0.071,"trial_2",0.065
"3016","JV5","PM2","L-Sorbose",0.111,"trial_2",0.0966666666666667
"3017","JV5","PM2","Stachyose",0.057,"trial_2",0.0586666666666667
"3018","JV5","PM2","D-Tagatose",0.328,"trial_2",0.484666666666667
"3019","JV5","PM2","Turanose",0.074,"trial_2",0.063
"3020","JV5","PM2","Xylitol",0.073,"trial_2",0.0616666666666667
"3021","JV5","PM2","N-Acetyl-D-Glucosaminitol",0.076,"trial_2",0.0866666666666667
"3022","JV5","PM2","g-Amino-n-Butyric acid",0.816,"trial_2",0.764333333333333
"3023","JV5","PM2","d-Amino-n-Valeric acid",0.223,"trial_2",0.195
"3024","JV5","PM2","Butyric acid",0.365,"trial_2",0.309
"3025","JV5","PM2","Capric acid",0.291,"trial_2",0.299666666666667
"3026","JV5","PM2","Caproic acid",0.341,"trial_2",0.321333333333333
"3027","JV5","PM2","Citraconic acid",0.075,"trial_2",0.0513333333333333
"3028","JV5","PM2","Citramalic acid",0.665,"trial_2",0.695333333333333
"3029","JV5","PM2","D-Glucosamine",1.367,"trial_2",1.32366666666667
"3030","JV5","PM2","2-Hydroxybenzoic acid",0,"trial_2",0.009
"3031","JV5","PM2","4-Hydroxybenzoic acid",0.351,"trial_2",0.906
"3032","JV5","PM2","b-Hydroxybutyric acid",0.351,"trial_2",0.401
"3033","JV5","PM2","g-Hydroxybutyric acid",0.022,"trial_2",0.016
"3034","JV5","PM2","a-Ketovaleric acid",0.083,"trial_2",0.123
"3035","JV5","PM2","Itaconic acid",0,"trial_2",0
"3036","JV5","PM2","5-Keto-D-Gluconic acid",0.727,"trial_2",0.935
"3037","JV5","PM2","D-Lactic acid Methyl Ester",0.077,"trial_2",0.0893333333333333
"3038","JV5","PM2","Malonic acid",0.223,"trial_2",0.221333333333333
"3039","JV5","PM2","Melibionic acid",0.043,"trial_2",0.0836666666666667
"3040","JV5","PM2","Oxalic acid",0.077,"trial_2",0.052
"3041","JV5","PM2","Oxalomalic acid",0.181,"trial_2",0.204333333333333
"3042","JV5","PM2","Quinic acid",0.724,"trial_2",1.20233333333333
"3043","JV5","PM2","D-Ribono-1,4-Lactone",0.03,"trial_2",0.0466666666666667
"3044","JV5","PM2","Sebacic acid",0.08,"trial_2",0.063
"3045","JV5","PM2","Sorbic acid",0.969,"trial_2",0.983333333333333
"3046","JV5","PM2","Succinamic acid",0.504,"trial_2",0.429666666666667
"3047","JV5","PM2","D-Tartaric acid",0.049,"trial_2",0.0336666666666667
"3048","JV5","PM2","L-Tartaric acid",0.039,"trial_2",0.0293333333333333
"3049","JV5","PM2","Acetamide",0.058,"trial_2",0.043
"3050","JV5","PM2","L-Alaninamide",0.044,"trial_2",0.0623333333333333
"3051","JV5","PM2","N-Acetyl-L-Glutamic acid",0.521,"trial_2",0.435
"3052","JV5","PM2","L-Arginine",0.851,"trial_2",0.847666666666667
"3053","JV5","PM2","Glycine",0.011,"trial_2",0.053
"3054","JV5","PM2","L-Histidine",1.339,"trial_2",1.381
"3055","JV5","PM2","L-Homoserine",0,"trial_2",0
"3056","JV5","PM2","Hydroxy-L-Proline",0.243,"trial_2",0.225
"3057","JV5","PM2","L-Isoleucine",0.334,"trial_2",0.311333333333333
"3058","JV5","PM2","L-Leucine",0.093,"trial_2",0.0763333333333333
"3059","JV5","PM2","L-Lysine",0.041,"trial_2",0.0606666666666667
"3060","JV5","PM2","L-Methionine",0.094,"trial_2",0.0606666666666667
"3061","JV5","PM2","L-Ornithine",0.407,"trial_2",0.382
"3062","JV5","PM2","L-Phenylalanine",0.066,"trial_2",0.086
"3063","JV5","PM2","L-Pyroglutamic acid",0.964,"trial_2",1.005
"3064","JV5","PM2","L-Valine",0.015,"trial_2",0.0303333333333333
"3065","JV5","PM2","DL-Carnitine",0.099,"trial_2",0.108666666666667
"3066","JV5","PM2","sec-Butylamine",0.035,"trial_2",0.047
"3067","JV5","PM2","DL-Octopamine",0.818,"trial_2",0.778666666666667
"3068","JV5","PM2","Putrescine",0.814,"trial_2",1.07033333333333
"3069","JV5","PM2","Dihydroxyacetone",1.104,"trial_2",1.11866666666667
"3070","JV5","PM2","2,3-Butanediol",0.018,"trial_2",0.039
"3071","JV5","PM2","2,3-Butanedione",0.001,"trial_2",0.000333333333333333
"3072","JV5","PM2","3-Hydroxy-2-butanone",0.172,"trial_2",0.0796666666666667
"3073","JV5","PM2","Negative Control",0,"trial_3",0
"3074","JV5","PM2","Chondroitin Sulfate C",0,"trial_3",0.009
"3075","JV5","PM2","a-Cyclodextrin",0,"trial_3",0.0226666666666667
"3076","JV5","PM2","b-Cyclodextrin",0,"trial_3",0.0176666666666667
"3077","JV5","PM2","g-Cyclodextrin",0,"trial_3",0.012
"3078","JV5","PM2","Dextrin",0.066,"trial_3",0.07
"3079","JV5","PM2","Gelatin",0.073,"trial_3",0.144333333333333
"3080","JV5","PM2","Glycogen",0.051,"trial_3",0.0486666666666667
"3081","JV5","PM2","Inulin",0.211,"trial_3",0.163
"3082","JV5","PM2","Laminarin",0.106,"trial_3",0.0983333333333333
"3083","JV5","PM2","Mannan",0,"trial_3",0.024
"3084","JV5","PM2","Pectin",0.042,"trial_3",0.048
"3085","JV5","PM2","N-Acetyl-D-Galactosamine",0,"trial_3",0.011
"3086","JV5","PM2","N-Acetyl-Neuraminic acid",0.016,"trial_3",0.0736666666666667
"3087","JV5","PM2","b-D-Allose",0.327,"trial_3",0.280333333333333
"3088","JV5","PM2","Amygdalin",0.031,"trial_3",0.0586666666666667
"3089","JV5","PM2","D-Arabinose",1.038,"trial_3",0.909
"3090","JV5","PM2","D-Arabitol",0.023,"trial_3",0.0316666666666667
"3091","JV5","PM2","L-Arabitol",0.074,"trial_3",0.0633333333333333
"3092","JV5","PM2","Arbutin",0.024,"trial_3",0.0393333333333333
"3093","JV5","PM2","2-Deoxy-D-Ribose",1.147,"trial_3",1.13
"3094","JV5","PM2","i-Erythritol",0.029,"trial_3",0.0523333333333333
"3095","JV5","PM2","D-Fucose",0.583,"trial_3",0.557666666666667
"3096","JV5","PM2","3-O-b-D-Galactopyranosyl-D-Arabinose",0.401,"trial_3",0.406666666666667
"3097","JV5","PM2","Gentiobiose",0,"trial_3",0.0106666666666667
"3098","JV5","PM2","L-Glucose",0.017,"trial_3",0.04
"3099","JV5","PM2","D-Lactitol",0.032,"trial_3",0.039
"3100","JV5","PM2","D-Melezitose",0.056,"trial_3",0.068
"3101","JV5","PM2","Maltitol",0.024,"trial_3",0.0483333333333333
"3102","JV5","PM2","a-Methyl D-Glucoside",0.034,"trial_3",0.0573333333333333
"3103","JV5","PM2","b-Methyl D-Galactoside",0.056,"trial_3",0.0533333333333333
"3104","JV5","PM2","3-O-Methyl-D-Glucose",0.107,"trial_3",0.126333333333333
"3105","JV5","PM2","b-Methyl-D-Glucuronic acid",0.011,"trial_3",0.0296666666666667
"3106","JV5","PM2","a-Methyl D-Mannoside",0.03,"trial_3",0.0603333333333333
"3107","JV5","PM2","b-Methyl D-Xyloside",0.031,"trial_3",0.052
"3108","JV5","PM2","Palatinose",0.33,"trial_3",0.248
"3109","JV5","PM2","D-Raffinose",0,"trial_3",0.00966666666666667
"3110","JV5","PM2","Salicin",0.012,"trial_3",0.0476666666666667
"3111","JV5","PM2","Sedoheptulosan",0.037,"trial_3",0.065
"3112","JV5","PM2","L-Sorbose",0.088,"trial_3",0.0966666666666667
"3113","JV5","PM2","Stachyose",0.042,"trial_3",0.0586666666666667
"3114","JV5","PM2","D-Tagatose",0.637,"trial_3",0.484666666666667
"3115","JV5","PM2","Turanose",0.057,"trial_3",0.063
"3116","JV5","PM2","Xylitol",0.047,"trial_3",0.0616666666666667
"3117","JV5","PM2","N-Acetyl-D-Glucosaminitol",0.065,"trial_3",0.0866666666666667
"3118","JV5","PM2","g-Amino-n-Butyric acid",0.751,"trial_3",0.764333333333333
"3119","JV5","PM2","d-Amino-n-Valeric acid",0.176,"trial_3",0.195
"3120","JV5","PM2","Butyric acid",0.25,"trial_3",0.309
"3121","JV5","PM2","Capric acid",0.33,"trial_3",0.299666666666667
"3122","JV5","PM2","Caproic acid",0.257,"trial_3",0.321333333333333
"3123","JV5","PM2","Citraconic acid",0.028,"trial_3",0.0513333333333333
"3124","JV5","PM2","Citramalic acid",0.804,"trial_3",0.695333333333333
"3125","JV5","PM2","D-Glucosamine",1.405,"trial_3",1.32366666666667
"3126","JV5","PM2","2-Hydroxybenzoic acid",0,"trial_3",0.009
"3127","JV5","PM2","4-Hydroxybenzoic acid",1.401,"trial_3",0.906
"3128","JV5","PM2","b-Hydroxybutyric acid",0.367,"trial_3",0.401
"3129","JV5","PM2","g-Hydroxybutyric acid",0,"trial_3",0.016
"3130","JV5","PM2","a-Ketovaleric acid",0.04,"trial_3",0.123
"3131","JV5","PM2","Itaconic acid",0,"trial_3",0
"3132","JV5","PM2","5-Keto-D-Gluconic acid",1.081,"trial_3",0.935
"3133","JV5","PM2","D-Lactic acid Methyl Ester",0.098,"trial_3",0.0893333333333333
"3134","JV5","PM2","Malonic acid",0.183,"trial_3",0.221333333333333
"3135","JV5","PM2","Melibionic acid",0.09,"trial_3",0.0836666666666667
"3136","JV5","PM2","Oxalic acid",0.026,"trial_3",0.052
"3137","JV5","PM2","Oxalomalic acid",0.146,"trial_3",0.204333333333333
"3138","JV5","PM2","Quinic acid",2.222,"trial_3",1.20233333333333
"3139","JV5","PM2","D-Ribono-1,4-Lactone",0.049,"trial_3",0.0466666666666667
"3140","JV5","PM2","Sebacic acid",0.073,"trial_3",0.063
"3141","JV5","PM2","Sorbic acid",1.133,"trial_3",0.983333333333333
"3142","JV5","PM2","Succinamic acid",0.4,"trial_3",0.429666666666667
"3143","JV5","PM2","D-Tartaric acid",0.025,"trial_3",0.0336666666666667
"3144","JV5","PM2","L-Tartaric acid",0.006,"trial_3",0.0293333333333333
"3145","JV5","PM2","Acetamide",0.022,"trial_3",0.043
"3146","JV5","PM2","L-Alaninamide",0.054,"trial_3",0.0623333333333333
"3147","JV5","PM2","N-Acetyl-L-Glutamic acid",0.356,"trial_3",0.435
"3148","JV5","PM2","L-Arginine",0.745,"trial_3",0.847666666666667
"3149","JV5","PM2","Glycine",0.062,"trial_3",0.053
"3150","JV5","PM2","L-Histidine",1.652,"trial_3",1.381
"3151","JV5","PM2","L-Homoserine",0,"trial_3",0
"3152","JV5","PM2","Hydroxy-L-Proline",0.206,"trial_3",0.225
"3153","JV5","PM2","L-Isoleucine",0.27,"trial_3",0.311333333333333
"3154","JV5","PM2","L-Leucine",0.049,"trial_3",0.0763333333333333
"3155","JV5","PM2","L-Lysine",0.025,"trial_3",0.0606666666666667
"3156","JV5","PM2","L-Methionine",0.046,"trial_3",0.0606666666666667
"3157","JV5","PM2","L-Ornithine",0.319,"trial_3",0.382
"3158","JV5","PM2","L-Phenylalanine",0.097,"trial_3",0.086
"3159","JV5","PM2","L-Pyroglutamic acid",0.914,"trial_3",1.005
"3160","JV5","PM2","L-Valine",0.035,"trial_3",0.0303333333333333
"3161","JV5","PM2","DL-Carnitine",0.116,"trial_3",0.108666666666667
"3162","JV5","PM2","sec-Butylamine",0.06,"trial_3",0.047
"3163","JV5","PM2","DL-Octopamine",0.704,"trial_3",0.778666666666667
"3164","JV5","PM2","Putrescine",1.349,"trial_3",1.07033333333333
"3165","JV5","PM2","Dihydroxyacetone",1.216,"trial_3",1.11866666666667
"3166","JV5","PM2","2,3-Butanediol",0.027,"trial_3",0.039
"3167","JV5","PM2","2,3-Butanedione",0,"trial_3",0.000333333333333333
"3168","JV5","PM2","3-Hydroxy-2-butanone",0.025,"trial_3",0.0796666666666667
"3169","PA01","PM2","Negative Control",0,"trial_1",0
"3170","PA01","PM2","Chondroitin Sulfate C",0.068,"trial_1",0.046
"3171","PA01","PM2","a-Cyclodextrin",0.044,"trial_1",0.0343333333333333
"3172","PA01","PM2","b-Cyclodextrin",0.043,"trial_1",0.0423333333333333
"3173","PA01","PM2","g-Cyclodextrin",0.043,"trial_1",0.0346666666666667
"3174","PA01","PM2","Dextrin",0.08,"trial_1",0.077
"3175","PA01","PM2","Gelatin",0.023,"trial_1",0.046
"3176","PA01","PM2","Glycogen",0.017,"trial_1",0.0366666666666667
"3177","PA01","PM2","Inulin",0.104,"trial_1",0.0666666666666667
"3178","PA01","PM2","Laminarin",0.053,"trial_1",0.0543333333333333
"3179","PA01","PM2","Mannan",0.009,"trial_1",0.00333333333333333
"3180","PA01","PM2","Pectin",0,"trial_1",0.008
"3181","PA01","PM2","N-Acetyl-D-Galactosamine",0.042,"trial_1",0.0273333333333333
"3182","PA01","PM2","N-Acetyl-Neuraminic acid",0.083,"trial_1",0.0696666666666667
"3183","PA01","PM2","b-D-Allose",0.171,"trial_1",0.130333333333333
"3184","PA01","PM2","Amygdalin",0.073,"trial_1",0.058
"3185","PA01","PM2","D-Arabinose",0.901,"trial_1",0.883333333333333
"3186","PA01","PM2","D-Arabitol",0.113,"trial_1",0.105666666666667
"3187","PA01","PM2","L-Arabitol",0.069,"trial_1",0.0583333333333333
"3188","PA01","PM2","Arbutin",0.063,"trial_1",0.0486666666666667
"3189","PA01","PM2","2-Deoxy-D-Ribose",0.745,"trial_1",0.798
"3190","PA01","PM2","i-Erythritol",0.034,"trial_1",0.0373333333333333
"3191","PA01","PM2","D-Fucose",0.135,"trial_1",0.170333333333333
"3192","PA01","PM2","3-O-b-D-Galactopyranosyl-D-Arabinose",0.408,"trial_1",0.397666666666667
"3193","PA01","PM2","Gentiobiose",0.226,"trial_1",0.085
"3194","PA01","PM2","L-Glucose",0.059,"trial_1",0.0416666666666667
"3195","PA01","PM2","D-Lactitol",0.075,"trial_1",0.0556666666666667
"3196","PA01","PM2","D-Melezitose",0.095,"trial_1",0.0693333333333333
"3197","PA01","PM2","Maltitol",0.056,"trial_1",0.051
"3198","PA01","PM2","a-Methyl D-Glucoside",0.08,"trial_1",0.0636666666666667
"3199","PA01","PM2","b-Methyl D-Galactoside",0.018,"trial_1",0.0176666666666667
"3200","PA01","PM2","3-O-Methyl-D-Glucose",0.136,"trial_1",0.141
"3201","PA01","PM2","b-Methyl-D-Glucuronic acid",0.061,"trial_1",0.0666666666666667
"3202","PA01","PM2","a-Methyl D-Mannoside",0.063,"trial_1",0.068
"3203","PA01","PM2","b-Methyl D-Xyloside",0.009,"trial_1",0.0116666666666667
"3204","PA01","PM2","Palatinose",0.234,"trial_1",0.289666666666667
"3205","PA01","PM2","D-Raffinose",0.043,"trial_1",0.0223333333333333
"3206","PA01","PM2","Salicin",0.066,"trial_1",0.05
"3207","PA01","PM2","Sedoheptulosan",0.068,"trial_1",0.0546666666666667
"3208","PA01","PM2","L-Sorbose",0.131,"trial_1",0.129333333333333
"3209","PA01","PM2","Stachyose",0.055,"trial_1",0.0523333333333333
"3210","PA01","PM2","D-Tagatose",0.39,"trial_1",0.487666666666667
"3211","PA01","PM2","Turanose",0.076,"trial_1",0.0696666666666667
"3212","PA01","PM2","Xylitol",0.074,"trial_1",0.0636666666666667
"3213","PA01","PM2","N-Acetyl-D-Glucosaminitol",0.092,"trial_1",0.095
"3214","PA01","PM2","g-Amino-n-Butyric acid",0.911,"trial_1",1.10633333333333
"3215","PA01","PM2","d-Amino-n-Valeric acid",0.363,"trial_1",0.331666666666667
"3216","PA01","PM2","Butyric acid",0.153,"trial_1",0.121
"3217","PA01","PM2","Capric acid",0.479,"trial_1",0.421
"3218","PA01","PM2","Caproic acid",0.306,"trial_1",0.241333333333333
"3219","PA01","PM2","Citraconic acid",0.048,"trial_1",0.0493333333333333
"3220","PA01","PM2","Citramalic acid",0.52,"trial_1",0.696
"3221","PA01","PM2","D-Glucosamine",1.103,"trial_1",1.29
"3222","PA01","PM2","2-Hydroxybenzoic acid",0,"trial_1",0.0116666666666667
"3223","PA01","PM2","4-Hydroxybenzoic acid",0.806,"trial_1",1.056
"3224","PA01","PM2","b-Hydroxybutyric acid",0.399,"trial_1",0.459666666666667
"3225","PA01","PM2","g-Hydroxybutyric acid",0.049,"trial_1",0.0506666666666667
"3226","PA01","PM2","a-Ketovaleric acid",0.675,"trial_1",0.792333333333333
"3227","PA01","PM2","Itaconic acid",2.76,"trial_1",1.84433333333333
"3228","PA01","PM2","5-Keto-D-Gluconic acid",1.068,"trial_1",1.19766666666667
"3229","PA01","PM2","D-Lactic acid Methyl Ester",0.77,"trial_1",1.29133333333333
"3230","PA01","PM2","Malonic acid",0.371,"trial_1",0.430333333333333
"3231","PA01","PM2","Melibionic acid",0.125,"trial_1",0.105
"3232","PA01","PM2","Oxalic acid",0.097,"trial_1",0.101666666666667
"3233","PA01","PM2","Oxalomalic acid",0.249,"trial_1",0.242666666666667
"3234","PA01","PM2","Quinic acid",1.531,"trial_1",2.03033333333333
"3235","PA01","PM2","D-Ribono-1,4-Lactone",0.077,"trial_1",0.0723333333333333
"3236","PA01","PM2","Sebacic acid",0.093,"trial_1",0.120333333333333
"3237","PA01","PM2","Sorbic acid",1.066,"trial_1",1.09266666666667
"3238","PA01","PM2","Succinamic acid",0.604,"trial_1",0.743333333333333
"3239","PA01","PM2","D-Tartaric acid",0.078,"trial_1",0.0863333333333333
"3240","PA01","PM2","L-Tartaric acid",0.054,"trial_1",0.0483333333333333
"3241","PA01","PM2","Acetamide",0.06,"trial_1",0.065
"3242","PA01","PM2","L-Alaninamide",0.093,"trial_1",0.098
"3243","PA01","PM2","N-Acetyl-L-Glutamic acid",0.46,"trial_1",0.449333333333333
"3244","PA01","PM2","L-Arginine",0.764,"trial_1",1.49
"3245","PA01","PM2","Glycine",0.049,"trial_1",0.118666666666667
"3246","PA01","PM2","L-Histidine",1.251,"trial_1",1.74466666666667
"3247","PA01","PM2","L-Homoserine",0.081,"trial_1",0.0543333333333333
"3248","PA01","PM2","Hydroxy-L-Proline",0.461,"trial_1",0.517666666666667
"3249","PA01","PM2","L-Isoleucine",0.36,"trial_1",0.340666666666667
"3250","PA01","PM2","L-Leucine",0.158,"trial_1",0.184666666666667
"3251","PA01","PM2","L-Lysine",0.104,"trial_1",0.114666666666667
"3252","PA01","PM2","L-Methionine",0.044,"trial_1",0.0823333333333333
"3253","PA01","PM2","L-Ornithine",0.523,"trial_1",0.514333333333333
"3254","PA01","PM2","L-Phenylalanine",0.179,"trial_1",0.223333333333333
"3255","PA01","PM2","L-Pyroglutamic acid",1.016,"trial_1",1.03233333333333
"3256","PA01","PM2","L-Valine",0.123,"trial_1",0.103
"3257","PA01","PM2","DL-Carnitine",0.393,"trial_1",0.303
"3258","PA01","PM2","sec-Butylamine",0.135,"trial_1",0.0893333333333333
"3259","PA01","PM2","DL-Octopamine",1.485,"trial_1",1.58
"3260","PA01","PM2","Putrescine",1.8,"trial_1",1.642
"3261","PA01","PM2","Dihydroxyacetone",1.181,"trial_1",1.23333333333333
"3262","PA01","PM2","2,3-Butanediol",0.065,"trial_1",0.115
"3263","PA01","PM2","2,3-Butanedione",0.155,"trial_1",0.119666666666667
"3264","PA01","PM2","3-Hydroxy-2-butanone",0.004,"trial_1",0.027
"3265","PA01","PM2","Negative Control",0,"trial_2",0
"3266","PA01","PM2","Chondroitin Sulfate C",0.07,"trial_2",0.046
"3267","PA01","PM2","a-Cyclodextrin",0.041,"trial_2",0.0343333333333333
"3268","PA01","PM2","b-Cyclodextrin",0.058,"trial_2",0.0423333333333333
"3269","PA01","PM2","g-Cyclodextrin",0.036,"trial_2",0.0346666666666667
"3270","PA01","PM2","Dextrin",0.092,"trial_2",0.077
"3271","PA01","PM2","Gelatin",0.051,"trial_2",0.046
"3272","PA01","PM2","Glycogen",0.042,"trial_2",0.0366666666666667
"3273","PA01","PM2","Inulin",0.058,"trial_2",0.0666666666666667
"3274","PA01","PM2","Laminarin",0.039,"trial_2",0.0543333333333333
"3275","PA01","PM2","Mannan",0,"trial_2",0.00333333333333333
"3276","PA01","PM2","Pectin",0,"trial_2",0.008
"3277","PA01","PM2","N-Acetyl-D-Galactosamine",0.033,"trial_2",0.0273333333333333
"3278","PA01","PM2","N-Acetyl-Neuraminic acid",0.063,"trial_2",0.0696666666666667
"3279","PA01","PM2","b-D-Allose",0.139,"trial_2",0.130333333333333
"3280","PA01","PM2","Amygdalin",0.045,"trial_2",0.058
"3281","PA01","PM2","D-Arabinose",0.887,"trial_2",0.883333333333333
"3282","PA01","PM2","D-Arabitol",0.101,"trial_2",0.105666666666667
"3283","PA01","PM2","L-Arabitol",0.049,"trial_2",0.0583333333333333
"3284","PA01","PM2","Arbutin",0.031,"trial_2",0.0486666666666667
"3285","PA01","PM2","2-Deoxy-D-Ribose",0.919,"trial_2",0.798
"3286","PA01","PM2","i-Erythritol",0.03,"trial_2",0.0373333333333333
"3287","PA01","PM2","D-Fucose",0.124,"trial_2",0.170333333333333
"3288","PA01","PM2","3-O-b-D-Galactopyranosyl-D-Arabinose",0.33,"trial_2",0.397666666666667
"3289","PA01","PM2","Gentiobiose",0.029,"trial_2",0.085
"3290","PA01","PM2","L-Glucose",0.052,"trial_2",0.0416666666666667
"3291","PA01","PM2","D-Lactitol",0.049,"trial_2",0.0556666666666667
"3292","PA01","PM2","D-Melezitose",0.041,"trial_2",0.0693333333333333
"3293","PA01","PM2","Maltitol",0.016,"trial_2",0.051
"3294","PA01","PM2","a-Methyl D-Glucoside",0.044,"trial_2",0.0636666666666667
"3295","PA01","PM2","b-Methyl D-Galactoside",0.004,"trial_2",0.0176666666666667
"3296","PA01","PM2","3-O-Methyl-D-Glucose",0.136,"trial_2",0.141
"3297","PA01","PM2","b-Methyl-D-Glucuronic acid",0.057,"trial_2",0.0666666666666667
"3298","PA01","PM2","a-Methyl D-Mannoside",0.059,"trial_2",0.068
"3299","PA01","PM2","b-Methyl D-Xyloside",0,"trial_2",0.0116666666666667
"3300","PA01","PM2","Palatinose",0.269,"trial_2",0.289666666666667
"3301","PA01","PM2","D-Raffinose",0.024,"trial_2",0.0223333333333333
"3302","PA01","PM2","Salicin",0.071,"trial_2",0.05
"3303","PA01","PM2","Sedoheptulosan",0.052,"trial_2",0.0546666666666667
"3304","PA01","PM2","L-Sorbose",0.125,"trial_2",0.129333333333333
"3305","PA01","PM2","Stachyose",0.037,"trial_2",0.0523333333333333
"3306","PA01","PM2","D-Tagatose",0.623,"trial_2",0.487666666666667
"3307","PA01","PM2","Turanose",0.053,"trial_2",0.0696666666666667
"3308","PA01","PM2","Xylitol",0.032,"trial_2",0.0636666666666667
"3309","PA01","PM2","N-Acetyl-D-Glucosaminitol",0.069,"trial_2",0.095
"3310","PA01","PM2","g-Amino-n-Butyric acid",1.059,"trial_2",1.10633333333333
"3311","PA01","PM2","d-Amino-n-Valeric acid",0.31,"trial_2",0.331666666666667
"3312","PA01","PM2","Butyric acid",0,"trial_2",0.121
"3313","PA01","PM2","Capric acid",0.519,"trial_2",0.421
"3314","PA01","PM2","Caproic acid",0.225,"trial_2",0.241333333333333
"3315","PA01","PM2","Citraconic acid",0.041,"trial_2",0.0493333333333333
"3316","PA01","PM2","Citramalic acid",1.127,"trial_2",0.696
"3317","PA01","PM2","D-Glucosamine",1.369,"trial_2",1.29
"3318","PA01","PM2","2-Hydroxybenzoic acid",0,"trial_2",0.0116666666666667
"3319","PA01","PM2","4-Hydroxybenzoic acid",1.545,"trial_2",1.056
"3320","PA01","PM2","b-Hydroxybutyric acid",0.591,"trial_2",0.459666666666667
"3321","PA01","PM2","g-Hydroxybutyric acid",0.02,"trial_2",0.0506666666666667
"3322","PA01","PM2","a-Ketovaleric acid",0.664,"trial_2",0.792333333333333
"3323","PA01","PM2","Itaconic acid",1.619,"trial_2",1.84433333333333
"3324","PA01","PM2","5-Keto-D-Gluconic acid",1.19,"trial_2",1.19766666666667
"3325","PA01","PM2","D-Lactic acid Methyl Ester",2.617,"trial_2",1.29133333333333
"3326","PA01","PM2","Malonic acid",0.455,"trial_2",0.430333333333333
"3327","PA01","PM2","Melibionic acid",0.104,"trial_2",0.105
"3328","PA01","PM2","Oxalic acid",0.111,"trial_2",0.101666666666667
"3329","PA01","PM2","Oxalomalic acid",0.222,"trial_2",0.242666666666667
"3330","PA01","PM2","Quinic acid",2.698,"trial_2",2.03033333333333
"3331","PA01","PM2","D-Ribono-1,4-Lactone",0.043,"trial_2",0.0723333333333333
"3332","PA01","PM2","Sebacic acid",0.084,"trial_2",0.120333333333333
"3333","PA01","PM2","Sorbic acid",0.974,"trial_2",1.09266666666667
"3334","PA01","PM2","Succinamic acid",0.847,"trial_2",0.743333333333333
"3335","PA01","PM2","D-Tartaric acid",0.054,"trial_2",0.0863333333333333
"3336","PA01","PM2","L-Tartaric acid",0,"trial_2",0.0483333333333333
"3337","PA01","PM2","Acetamide",0.09,"trial_2",0.065
"3338","PA01","PM2","L-Alaninamide",0.098,"trial_2",0.098
"3339","PA01","PM2","N-Acetyl-L-Glutamic acid",0.416,"trial_2",0.449333333333333
"3340","PA01","PM2","L-Arginine",2.753,"trial_2",1.49
"3341","PA01","PM2","Glycine",0.121,"trial_2",0.118666666666667
"3342","PA01","PM2","L-Histidine",2.5,"trial_2",1.74466666666667
"3343","PA01","PM2","L-Homoserine",0,"trial_2",0.0543333333333333
"3344","PA01","PM2","Hydroxy-L-Proline",0.568,"trial_2",0.517666666666667
"3345","PA01","PM2","L-Isoleucine",0.278,"trial_2",0.340666666666667
"3346","PA01","PM2","L-Leucine",0.152,"trial_2",0.184666666666667
"3347","PA01","PM2","L-Lysine",0.055,"trial_2",0.114666666666667
"3348","PA01","PM2","L-Methionine",0.06,"trial_2",0.0823333333333333
"3349","PA01","PM2","L-Ornithine",0.462,"trial_2",0.514333333333333
"3350","PA01","PM2","L-Phenylalanine",0.128,"trial_2",0.223333333333333
"3351","PA01","PM2","L-Pyroglutamic acid",1.191,"trial_2",1.03233333333333
"3352","PA01","PM2","L-Valine",0.073,"trial_2",0.103
"3353","PA01","PM2","DL-Carnitine",0.159,"trial_2",0.303
"3354","PA01","PM2","sec-Butylamine",0.035,"trial_2",0.0893333333333333
"3355","PA01","PM2","DL-Octopamine",1.803,"trial_2",1.58
"3356","PA01","PM2","Putrescine",1.532,"trial_2",1.642
"3357","PA01","PM2","Dihydroxyacetone",1.31,"trial_2",1.23333333333333
"3358","PA01","PM2","2,3-Butanediol",0.148,"trial_2",0.115
"3359","PA01","PM2","2,3-Butanedione",0.073,"trial_2",0.119666666666667
"3360","PA01","PM2","3-Hydroxy-2-butanone",0,"trial_2",0.027
"3361","PA01","PM2","Negative Control",0,"trial_3",0
"3362","PA01","PM2","Chondroitin Sulfate C",0,"trial_3",0.046
"3363","PA01","PM2","a-Cyclodextrin",0.018,"trial_3",0.0343333333333333
"3364","PA01","PM2","b-Cyclodextrin",0.026,"trial_3",0.0423333333333333
"3365","PA01","PM2","g-Cyclodextrin",0.025,"trial_3",0.0346666666666667
"3366","PA01","PM2","Dextrin",0.059,"trial_3",0.077
"3367","PA01","PM2","Gelatin",0.064,"trial_3",0.046
"3368","PA01","PM2","Glycogen",0.051,"trial_3",0.0366666666666667
"3369","PA01","PM2","Inulin",0.038,"trial_3",0.0666666666666667
"3370","PA01","PM2","Laminarin",0.071,"trial_3",0.0543333333333333
"3371","PA01","PM2","Mannan",0.001,"trial_3",0.00333333333333333
"3372","PA01","PM2","Pectin",0.024,"trial_3",0.008
"3373","PA01","PM2","N-Acetyl-D-Galactosamine",0.007,"trial_3",0.0273333333333333
"3374","PA01","PM2","N-Acetyl-Neuraminic acid",0.063,"trial_3",0.0696666666666667
"3375","PA01","PM2","b-D-Allose",0.081,"trial_3",0.130333333333333
"3376","PA01","PM2","Amygdalin",0.056,"trial_3",0.058
"3377","PA01","PM2","D-Arabinose",0.862,"trial_3",0.883333333333333
"3378","PA01","PM2","D-Arabitol",0.103,"trial_3",0.105666666666667
"3379","PA01","PM2","L-Arabitol",0.057,"trial_3",0.0583333333333333
"3380","PA01","PM2","Arbutin",0.052,"trial_3",0.0486666666666667
"3381","PA01","PM2","2-Deoxy-D-Ribose",0.73,"trial_3",0.798
"3382","PA01","PM2","i-Erythritol",0.048,"trial_3",0.0373333333333333
"3383","PA01","PM2","D-Fucose",0.252,"trial_3",0.170333333333333
"3384","PA01","PM2","3-O-b-D-Galactopyranosyl-D-Arabinose",0.455,"trial_3",0.397666666666667
"3385","PA01","PM2","Gentiobiose",0,"trial_3",0.085
"3386","PA01","PM2","L-Glucose",0.014,"trial_3",0.0416666666666667
"3387","PA01","PM2","D-Lactitol",0.043,"trial_3",0.0556666666666667
"3388","PA01","PM2","D-Melezitose",0.072,"trial_3",0.0693333333333333
"3389","PA01","PM2","Maltitol",0.081,"trial_3",0.051
"3390","PA01","PM2","a-Methyl D-Glucoside",0.067,"trial_3",0.0636666666666667
"3391","PA01","PM2","b-Methyl D-Galactoside",0.031,"trial_3",0.0176666666666667
"3392","PA01","PM2","3-O-Methyl-D-Glucose",0.151,"trial_3",0.141
"3393","PA01","PM2","b-Methyl-D-Glucuronic acid",0.082,"trial_3",0.0666666666666667
"3394","PA01","PM2","a-Methyl D-Mannoside",0.082,"trial_3",0.068
"3395","PA01","PM2","b-Methyl D-Xyloside",0.026,"trial_3",0.0116666666666667
"3396","PA01","PM2","Palatinose",0.366,"trial_3",0.289666666666667
"3397","PA01","PM2","D-Raffinose",0,"trial_3",0.0223333333333333
"3398","PA01","PM2","Salicin",0.013,"trial_3",0.05
"3399","PA01","PM2","Sedoheptulosan",0.044,"trial_3",0.0546666666666667
"3400","PA01","PM2","L-Sorbose",0.132,"trial_3",0.129333333333333
"3401","PA01","PM2","Stachyose",0.065,"trial_3",0.0523333333333333
"3402","PA01","PM2","D-Tagatose",0.45,"trial_3",0.487666666666667
"3403","PA01","PM2","Turanose",0.08,"trial_3",0.0696666666666667
"3404","PA01","PM2","Xylitol",0.085,"trial_3",0.0636666666666667
"3405","PA01","PM2","N-Acetyl-D-Glucosaminitol",0.124,"trial_3",0.095
"3406","PA01","PM2","g-Amino-n-Butyric acid",1.349,"trial_3",1.10633333333333
"3407","PA01","PM2","d-Amino-n-Valeric acid",0.322,"trial_3",0.331666666666667
"3408","PA01","PM2","Butyric acid",0.21,"trial_3",0.121
"3409","PA01","PM2","Capric acid",0.265,"trial_3",0.421
"3410","PA01","PM2","Caproic acid",0.193,"trial_3",0.241333333333333
"3411","PA01","PM2","Citraconic acid",0.059,"trial_3",0.0493333333333333
"3412","PA01","PM2","Citramalic acid",0.441,"trial_3",0.696
"3413","PA01","PM2","D-Glucosamine",1.398,"trial_3",1.29
"3414","PA01","PM2","2-Hydroxybenzoic acid",0.035,"trial_3",0.0116666666666667
"3415","PA01","PM2","4-Hydroxybenzoic acid",0.817,"trial_3",1.056
"3416","PA01","PM2","b-Hydroxybutyric acid",0.389,"trial_3",0.459666666666667
"3417","PA01","PM2","g-Hydroxybutyric acid",0.083,"trial_3",0.0506666666666667
"3418","PA01","PM2","a-Ketovaleric acid",1.038,"trial_3",0.792333333333333
"3419","PA01","PM2","Itaconic acid",1.154,"trial_3",1.84433333333333
"3420","PA01","PM2","5-Keto-D-Gluconic acid",1.335,"trial_3",1.19766666666667
"3421","PA01","PM2","D-Lactic acid Methyl Ester",0.487,"trial_3",1.29133333333333
"3422","PA01","PM2","Malonic acid",0.465,"trial_3",0.430333333333333
"3423","PA01","PM2","Melibionic acid",0.086,"trial_3",0.105
"3424","PA01","PM2","Oxalic acid",0.097,"trial_3",0.101666666666667
"3425","PA01","PM2","Oxalomalic acid",0.257,"trial_3",0.242666666666667
"3426","PA01","PM2","Quinic acid",1.862,"trial_3",2.03033333333333
"3427","PA01","PM2","D-Ribono-1,4-Lactone",0.097,"trial_3",0.0723333333333333
"3428","PA01","PM2","Sebacic acid",0.184,"trial_3",0.120333333333333
"3429","PA01","PM2","Sorbic acid",1.238,"trial_3",1.09266666666667
"3430","PA01","PM2","Succinamic acid",0.779,"trial_3",0.743333333333333
"3431","PA01","PM2","D-Tartaric acid",0.127,"trial_3",0.0863333333333333
"3432","PA01","PM2","L-Tartaric acid",0.091,"trial_3",0.0483333333333333
"3433","PA01","PM2","Acetamide",0.045,"trial_3",0.065
"3434","PA01","PM2","L-Alaninamide",0.103,"trial_3",0.098
"3435","PA01","PM2","N-Acetyl-L-Glutamic acid",0.472,"trial_3",0.449333333333333
"3436","PA01","PM2","L-Arginine",0.953,"trial_3",1.49
"3437","PA01","PM2","Glycine",0.186,"trial_3",0.118666666666667
"3438","PA01","PM2","L-Histidine",1.483,"trial_3",1.74466666666667
"3439","PA01","PM2","L-Homoserine",0.082,"trial_3",0.0543333333333333
"3440","PA01","PM2","Hydroxy-L-Proline",0.524,"trial_3",0.517666666666667
"3441","PA01","PM2","L-Isoleucine",0.384,"trial_3",0.340666666666667
"3442","PA01","PM2","L-Leucine",0.244,"trial_3",0.184666666666667
"3443","PA01","PM2","L-Lysine",0.185,"trial_3",0.114666666666667
"3444","PA01","PM2","L-Methionine",0.143,"trial_3",0.0823333333333333
"3445","PA01","PM2","L-Ornithine",0.558,"trial_3",0.514333333333333
"3446","PA01","PM2","L-Phenylalanine",0.363,"trial_3",0.223333333333333
"3447","PA01","PM2","L-Pyroglutamic acid",0.89,"trial_3",1.03233333333333
"3448","PA01","PM2","L-Valine",0.113,"trial_3",0.103
"3449","PA01","PM2","DL-Carnitine",0.357,"trial_3",0.303
"3450","PA01","PM2","sec-Butylamine",0.098,"trial_3",0.0893333333333333
"3451","PA01","PM2","DL-Octopamine",1.452,"trial_3",1.58
"3452","PA01","PM2","Putrescine",1.594,"trial_3",1.642
"3453","PA01","PM2","Dihydroxyacetone",1.209,"trial_3",1.23333333333333
"3454","PA01","PM2","2,3-Butanediol",0.132,"trial_3",0.115
"3455","PA01","PM2","2,3-Butanedione",0.131,"trial_3",0.119666666666667
"3456","PA01","PM2","3-Hydroxy-2-butanone",0.077,"trial_3",0.027
"3457","PA14","PM2","Negative Control",0,"trial_1",0
"3458","PA14","PM2","Chondroitin Sulfate C",0.074,"trial_1",0.036
"3459","PA14","PM2","a-Cyclodextrin",0.069,"trial_1",0.0263333333333333
"3460","PA14","PM2","b-Cyclodextrin",0.074,"trial_1",0.039
"3461","PA14","PM2","g-Cyclodextrin",0.05,"trial_1",0.0306666666666667
"3462","PA14","PM2","Dextrin",0.185,"trial_1",0.120333333333333
"3463","PA14","PM2","Gelatin",0.401,"trial_1",0.633333333333333
"3464","PA14","PM2","Glycogen",0.067,"trial_1",0.0543333333333333
"3465","PA14","PM2","Inulin",0.132,"trial_1",0.0693333333333333
"3466","PA14","PM2","Laminarin",0.148,"trial_1",0.105
"3467","PA14","PM2","Mannan",0.041,"trial_1",0.0243333333333333
"3468","PA14","PM2","Pectin",0.053,"trial_1",0.0223333333333333
"3469","PA14","PM2","N-Acetyl-D-Galactosamine",0.045,"trial_1",0.026
"3470","PA14","PM2","N-Acetyl-Neuraminic acid",0.132,"trial_1",0.127
"3471","PA14","PM2","b-D-Allose",0.162,"trial_1",0.230666666666667
"3472","PA14","PM2","Amygdalin",0.116,"trial_1",0.101
"3473","PA14","PM2","D-Arabinose",0.769,"trial_1",0.745
"3474","PA14","PM2","D-Arabitol",0.4,"trial_1",0.327666666666667
"3475","PA14","PM2","L-Arabitol",0.076,"trial_1",0.0536666666666667
"3476","PA14","PM2","Arbutin",0.063,"trial_1",0.0636666666666667
"3477","PA14","PM2","2-Deoxy-D-Ribose",0.654,"trial_1",0.693
"3478","PA14","PM2","i-Erythritol",0.094,"trial_1",0.0593333333333333
"3479","PA14","PM2","D-Fucose",0.276,"trial_1",0.357333333333333
"3480","PA14","PM2","3-O-b-D-Galactopyranosyl-D-Arabinose",0.368,"trial_1",0.446666666666667
"3481","PA14","PM2","Gentiobiose",0.09,"trial_1",0.062
"3482","PA14","PM2","L-Glucose",0.054,"trial_1",0.0726666666666667
"3483","PA14","PM2","D-Lactitol",0.134,"trial_1",0.132
"3484","PA14","PM2","D-Melezitose",0.122,"trial_1",0.100333333333333
"3485","PA14","PM2","Maltitol",0.129,"trial_1",0.11
"3486","PA14","PM2","a-Methyl D-Glucoside",0.099,"trial_1",0.0963333333333333
"3487","PA14","PM2","b-Methyl D-Galactoside",0.059,"trial_1",0.0443333333333333
"3488","PA14","PM2","3-O-Methyl-D-Glucose",0.158,"trial_1",0.172333333333333
"3489","PA14","PM2","b-Methyl-D-Glucuronic acid",0.086,"trial_1",0.09
"3490","PA14","PM2","a-Methyl D-Mannoside",0.103,"trial_1",0.108666666666667
"3491","PA14","PM2","b-Methyl D-Xyloside",0.016,"trial_1",0.0156666666666667
"3492","PA14","PM2","Palatinose",0.28,"trial_1",0.373333333333333
"3493","PA14","PM2","D-Raffinose",0.075,"trial_1",0.0393333333333333
"3494","PA14","PM2","Salicin",0.117,"trial_1",0.0746666666666667
"3495","PA14","PM2","Sedoheptulosan",0.129,"trial_1",0.122333333333333
"3496","PA14","PM2","L-Sorbose",0.223,"trial_1",0.229
"3497","PA14","PM2","Stachyose",0.128,"trial_1",0.108666666666667
"3498","PA14","PM2","D-Tagatose",0.67,"trial_1",0.676333333333333
"3499","PA14","PM2","Turanose",0.088,"trial_1",0.085
"3500","PA14","PM2","Xylitol",0.102,"trial_1",0.115333333333333
"3501","PA14","PM2","N-Acetyl-D-Glucosaminitol",0.135,"trial_1",0.147
"3502","PA14","PM2","g-Amino-n-Butyric acid",2.538,"trial_1",2.711
"3503","PA14","PM2","d-Amino-n-Valeric acid",1.02,"trial_1",0.611
"3504","PA14","PM2","Butyric acid",1.534,"trial_1",0.89
"3505","PA14","PM2","Capric acid",0.376,"trial_1",0.393333333333333
"3506","PA14","PM2","Caproic acid",0.952,"trial_1",0.791666666666667
"3507","PA14","PM2","Citraconic acid",0.134,"trial_1",0.096
"3508","PA14","PM2","Citramalic acid",2.713,"trial_1",2.21666666666667
"3509","PA14","PM2","D-Glucosamine",1.343,"trial_1",1.384
"3510","PA14","PM2","2-Hydroxybenzoic acid",0.054,"trial_1",0.0416666666666667
"3511","PA14","PM2","4-Hydroxybenzoic acid",1.289,"trial_1",1.18766666666667
"3512","PA14","PM2","b-Hydroxybutyric acid",2.317,"trial_1",2.168
"3513","PA14","PM2","g-Hydroxybutyric acid",0.066,"trial_1",0.057
"3514","PA14","PM2","a-Ketovaleric acid",1.151,"trial_1",1.153
"3515","PA14","PM2","Itaconic acid",1.669,"trial_1",1.45
"3516","PA14","PM2","5-Keto-D-Gluconic acid",1.079,"trial_1",1.15433333333333
"3517","PA14","PM2","D-Lactic acid Methyl Ester",2.533,"trial_1",2.066
"3518","PA14","PM2","Malonic acid",2.179,"trial_1",1.70233333333333
"3519","PA14","PM2","Melibionic acid",0.228,"trial_1",0.187333333333333
"3520","PA14","PM2","Oxalic acid",0.166,"trial_1",0.132333333333333
"3521","PA14","PM2","Oxalomalic acid",0.242,"trial_1",0.272
"3522","PA14","PM2","Quinic acid",0.092,"trial_1",0.0916666666666667
"3523","PA14","PM2","D-Ribono-1,4-Lactone",0.109,"trial_1",0.0926666666666667
"3524","PA14","PM2","Sebacic acid",0.263,"trial_1",0.217
"3525","PA14","PM2","Sorbic acid",0.927,"trial_1",0.891
"3526","PA14","PM2","Succinamic acid",1.591,"trial_1",1.54666666666667
"3527","PA14","PM2","D-Tartaric acid",0.1,"trial_1",0.0983333333333333
"3528","PA14","PM2","L-Tartaric acid",0.125,"trial_1",0.0876666666666667
"3529","PA14","PM2","Acetamide",0.151,"trial_1",0.102
"3530","PA14","PM2","L-Alaninamide",0.372,"trial_1",0.477333333333333
"3531","PA14","PM2","N-Acetyl-L-Glutamic acid",2.779,"trial_1",2.41566666666667
"3532","PA14","PM2","L-Arginine",2.991,"trial_1",2.91533333333333
"3533","PA14","PM2","Glycine",0.463,"trial_1",0.454333333333333
"3534","PA14","PM2","L-Histidine",3.184,"trial_1",2.75666666666667
"3535","PA14","PM2","L-Homoserine",0.308,"trial_1",0.320666666666667
"3536","PA14","PM2","Hydroxy-L-Proline",1.858,"trial_1",1.58233333333333
"3537","PA14","PM2","L-Isoleucine",1.699,"trial_1",1.60966666666667
"3538","PA14","PM2","L-Leucine",1.08,"trial_1",0.836666666666667
"3539","PA14","PM2","L-Lysine",0.209,"trial_1",0.208333333333333
"3540","PA14","PM2","L-Methionine",0.124,"trial_1",0.0983333333333333
"3541","PA14","PM2","L-Ornithine",1.071,"trial_1",0.596333333333333
"3542","PA14","PM2","L-Phenylalanine",0.259,"trial_1",0.136333333333333
"3543","PA14","PM2","L-Pyroglutamic acid",3.329,"trial_1",2.60866666666667
"3544","PA14","PM2","L-Valine",0.207,"trial_1",0.150666666666667
"3545","PA14","PM2","DL-Carnitine",1.474,"trial_1",0.771666666666667
"3546","PA14","PM2","sec-Butylamine",0.148,"trial_1",0.136666666666667
"3547","PA14","PM2","DL-Octopamine",2.782,"trial_1",2.13566666666667
"3548","PA14","PM2","Putrescine",2.096,"trial_1",2.56233333333333
"3549","PA14","PM2","Dihydroxyacetone",1.211,"trial_1",1.21366666666667
"3550","PA14","PM2","2,3-Butanediol",0.16,"trial_1",0.101333333333333
"3551","PA14","PM2","2,3-Butanedione",0.127,"trial_1",0.125333333333333
"3552","PA14","PM2","3-Hydroxy-2-butanone",0.034,"trial_1",0.0413333333333333
"3553","PA14","PM2","Negative Control",0,"trial_2",0
"3554","PA14","PM2","Chondroitin Sulfate C",0.034,"trial_2",0.036
"3555","PA14","PM2","a-Cyclodextrin",0.01,"trial_2",0.0263333333333333
"3556","PA14","PM2","b-Cyclodextrin",0.043,"trial_2",0.039
"3557","PA14","PM2","g-Cyclodextrin",0.042,"trial_2",0.0306666666666667
"3558","PA14","PM2","Dextrin",0.132,"trial_2",0.120333333333333
"3559","PA14","PM2","Gelatin",1.154,"trial_2",0.633333333333333
"3560","PA14","PM2","Glycogen",0.091,"trial_2",0.0543333333333333
"3561","PA14","PM2","Inulin",0.056,"trial_2",0.0693333333333333
"3562","PA14","PM2","Laminarin",0.097,"trial_2",0.105
"3563","PA14","PM2","Mannan",0.032,"trial_2",0.0243333333333333
"3564","PA14","PM2","Pectin",0,"trial_2",0.0223333333333333
"3565","PA14","PM2","N-Acetyl-D-Galactosamine",0.033,"trial_2",0.026
"3566","PA14","PM2","N-Acetyl-Neuraminic acid",0.129,"trial_2",0.127
"3567","PA14","PM2","b-D-Allose",0.291,"trial_2",0.230666666666667
"3568","PA14","PM2","Amygdalin",0.123,"trial_2",0.101
"3569","PA14","PM2","D-Arabinose",0.81,"trial_2",0.745
"3570","PA14","PM2","D-Arabitol",0.389,"trial_2",0.327666666666667
"3571","PA14","PM2","L-Arabitol",0.076,"trial_2",0.0536666666666667
"3572","PA14","PM2","Arbutin",0.112,"trial_2",0.0636666666666667
"3573","PA14","PM2","2-Deoxy-D-Ribose",0.768,"trial_2",0.693
"3574","PA14","PM2","i-Erythritol",0.084,"trial_2",0.0593333333333333
"3575","PA14","PM2","D-Fucose",0.354,"trial_2",0.357333333333333
"3576","PA14","PM2","3-O-b-D-Galactopyranosyl-D-Arabinose",0.344,"trial_2",0.446666666666667
"3577","PA14","PM2","Gentiobiose",0.096,"trial_2",0.062
"3578","PA14","PM2","L-Glucose",0.141,"trial_2",0.0726666666666667
"3579","PA14","PM2","D-Lactitol",0.163,"trial_2",0.132
"3580","PA14","PM2","D-Melezitose",0.156,"trial_2",0.100333333333333
"3581","PA14","PM2","Maltitol",0.174,"trial_2",0.11
"3582","PA14","PM2","a-Methyl D-Glucoside",0.176,"trial_2",0.0963333333333333
"3583","PA14","PM2","b-Methyl D-Galactoside",0.074,"trial_2",0.0443333333333333
"3584","PA14","PM2","3-O-Methyl-D-Glucose",0.226,"trial_2",0.172333333333333
"3585","PA14","PM2","b-Methyl-D-Glucuronic acid",0.166,"trial_2",0.09
"3586","PA14","PM2","a-Methyl D-Mannoside",0.191,"trial_2",0.108666666666667
"3587","PA14","PM2","b-Methyl D-Xyloside",0.031,"trial_2",0.0156666666666667
"3588","PA14","PM2","Palatinose",0.414,"trial_2",0.373333333333333
"3589","PA14","PM2","D-Raffinose",0.043,"trial_2",0.0393333333333333
"3590","PA14","PM2","Salicin",0.097,"trial_2",0.0746666666666667
"3591","PA14","PM2","Sedoheptulosan",0.19,"trial_2",0.122333333333333
"3592","PA14","PM2","L-Sorbose",0.344,"trial_2",0.229
"3593","PA14","PM2","Stachyose",0.169,"trial_2",0.108666666666667
"3594","PA14","PM2","D-Tagatose",0.915,"trial_2",0.676333333333333
"3595","PA14","PM2","Turanose",0.167,"trial_2",0.085
"3596","PA14","PM2","Xylitol",0.225,"trial_2",0.115333333333333
"3597","PA14","PM2","N-Acetyl-D-Glucosaminitol",0.266,"trial_2",0.147
"3598","PA14","PM2","g-Amino-n-Butyric acid",3.449,"trial_2",2.711
"3599","PA14","PM2","d-Amino-n-Valeric acid",0.533,"trial_2",0.611
"3600","PA14","PM2","Butyric acid",0.853,"trial_2",0.89
"3601","PA14","PM2","Capric acid",0.495,"trial_2",0.393333333333333
"3602","PA14","PM2","Caproic acid",1.13,"trial_2",0.791666666666667
"3603","PA14","PM2","Citraconic acid",0.124,"trial_2",0.096
"3604","PA14","PM2","Citramalic acid",2.442,"trial_2",2.21666666666667
"3605","PA14","PM2","D-Glucosamine",1.451,"trial_2",1.384
"3606","PA14","PM2","2-Hydroxybenzoic acid",0.071,"trial_2",0.0416666666666667
"3607","PA14","PM2","4-Hydroxybenzoic acid",1.446,"trial_2",1.18766666666667
"3608","PA14","PM2","b-Hydroxybutyric acid",2.57,"trial_2",2.168
"3609","PA14","PM2","g-Hydroxybutyric acid",0.105,"trial_2",0.057
"3610","PA14","PM2","a-Ketovaleric acid",1.182,"trial_2",1.153
"3611","PA14","PM2","Itaconic acid",1.404,"trial_2",1.45
"3612","PA14","PM2","5-Keto-D-Gluconic acid",1.296,"trial_2",1.15433333333333
"3613","PA14","PM2","D-Lactic acid Methyl Ester",1.932,"trial_2",2.066
"3614","PA14","PM2","Malonic acid",1.616,"trial_2",1.70233333333333
"3615","PA14","PM2","Melibionic acid",0.226,"trial_2",0.187333333333333
"3616","PA14","PM2","Oxalic acid",0.174,"trial_2",0.132333333333333
"3617","PA14","PM2","Oxalomalic acid",0.327,"trial_2",0.272
"3618","PA14","PM2","Quinic acid",0.152,"trial_2",0.0916666666666667
"3619","PA14","PM2","D-Ribono-1,4-Lactone",0.149,"trial_2",0.0926666666666667
"3620","PA14","PM2","Sebacic acid",0.22,"trial_2",0.217
"3621","PA14","PM2","Sorbic acid",1.01,"trial_2",0.891
"3622","PA14","PM2","Succinamic acid",2.062,"trial_2",1.54666666666667
"3623","PA14","PM2","D-Tartaric acid",0.159,"trial_2",0.0983333333333333
"3624","PA14","PM2","L-Tartaric acid",0.067,"trial_2",0.0876666666666667
"3625","PA14","PM2","Acetamide",0.118,"trial_2",0.102
"3626","PA14","PM2","L-Alaninamide",0.734,"trial_2",0.477333333333333
"3627","PA14","PM2","N-Acetyl-L-Glutamic acid",2.48,"trial_2",2.41566666666667
"3628","PA14","PM2","L-Arginine",3.211,"trial_2",2.91533333333333
"3629","PA14","PM2","Glycine",0.474,"trial_2",0.454333333333333
"3630","PA14","PM2","L-Histidine",3.157,"trial_2",2.75666666666667
"3631","PA14","PM2","L-Homoserine",0.488,"trial_2",0.320666666666667
"3632","PA14","PM2","Hydroxy-L-Proline",2.002,"trial_2",1.58233333333333
"3633","PA14","PM2","L-Isoleucine",2.072,"trial_2",1.60966666666667
"3634","PA14","PM2","L-Leucine",1.13,"trial_2",0.836666666666667
"3635","PA14","PM2","L-Lysine",0.284,"trial_2",0.208333333333333
"3636","PA14","PM2","L-Methionine",0.114,"trial_2",0.0983333333333333
"3637","PA14","PM2","L-Ornithine",0.424,"trial_2",0.596333333333333
"3638","PA14","PM2","L-Phenylalanine",0.097,"trial_2",0.136333333333333
"3639","PA14","PM2","L-Pyroglutamic acid",2.354,"trial_2",2.60866666666667
"3640","PA14","PM2","L-Valine",0.233,"trial_2",0.150666666666667
"3641","PA14","PM2","DL-Carnitine",0.666,"trial_2",0.771666666666667
"3642","PA14","PM2","sec-Butylamine",0.192,"trial_2",0.136666666666667
"3643","PA14","PM2","DL-Octopamine",2.077,"trial_2",2.13566666666667
"3644","PA14","PM2","Putrescine",3.008,"trial_2",2.56233333333333
"3645","PA14","PM2","Dihydroxyacetone",1.273,"trial_2",1.21366666666667
"3646","PA14","PM2","2,3-Butanediol",0.131,"trial_2",0.101333333333333
"3647","PA14","PM2","2,3-Butanedione",0.182,"trial_2",0.125333333333333
"3648","PA14","PM2","3-Hydroxy-2-butanone",0.09,"trial_2",0.0413333333333333
"3649","PA14","PM2","Negative Control",0,"trial_3",0
"3650","PA14","PM2","Chondroitin Sulfate C",0,"trial_3",0.036
"3651","PA14","PM2","a-Cyclodextrin",0,"trial_3",0.0263333333333333
"3652","PA14","PM2","b-Cyclodextrin",0,"trial_3",0.039
"3653","PA14","PM2","g-Cyclodextrin",0,"trial_3",0.0306666666666667
"3654","PA14","PM2","Dextrin",0.044,"trial_3",0.120333333333333
"3655","PA14","PM2","Gelatin",0.345,"trial_3",0.633333333333333
"3656","PA14","PM2","Glycogen",0.005,"trial_3",0.0543333333333333
"3657","PA14","PM2","Inulin",0.02,"trial_3",0.0693333333333333
"3658","PA14","PM2","Laminarin",0.07,"trial_3",0.105
"3659","PA14","PM2","Mannan",0,"trial_3",0.0243333333333333
"3660","PA14","PM2","Pectin",0.014,"trial_3",0.0223333333333333
"3661","PA14","PM2","N-Acetyl-D-Galactosamine",0,"trial_3",0.026
"3662","PA14","PM2","N-Acetyl-Neuraminic acid",0.12,"trial_3",0.127
"3663","PA14","PM2","b-D-Allose",0.239,"trial_3",0.230666666666667
"3664","PA14","PM2","Amygdalin",0.064,"trial_3",0.101
"3665","PA14","PM2","D-Arabinose",0.656,"trial_3",0.745
"3666","PA14","PM2","D-Arabitol",0.194,"trial_3",0.327666666666667
"3667","PA14","PM2","L-Arabitol",0.009,"trial_3",0.0536666666666667
"3668","PA14","PM2","Arbutin",0.016,"trial_3",0.0636666666666667
"3669","PA14","PM2","2-Deoxy-D-Ribose",0.657,"trial_3",0.693
"3670","PA14","PM2","i-Erythritol",0,"trial_3",0.0593333333333333
"3671","PA14","PM2","D-Fucose",0.442,"trial_3",0.357333333333333
"3672","PA14","PM2","3-O-b-D-Galactopyranosyl-D-Arabinose",0.628,"trial_3",0.446666666666667
"3673","PA14","PM2","Gentiobiose",0,"trial_3",0.062
"3674","PA14","PM2","L-Glucose",0.023,"trial_3",0.0726666666666667
"3675","PA14","PM2","D-Lactitol",0.099,"trial_3",0.132
"3676","PA14","PM2","D-Melezitose",0.023,"trial_3",0.100333333333333
"3677","PA14","PM2","Maltitol",0.027,"trial_3",0.11
"3678","PA14","PM2","a-Methyl D-Glucoside",0.014,"trial_3",0.0963333333333333
"3679","PA14","PM2","b-Methyl D-Galactoside",0,"trial_3",0.0443333333333333
"3680","PA14","PM2","3-O-Methyl-D-Glucose",0.133,"trial_3",0.172333333333333
"3681","PA14","PM2","b-Methyl-D-Glucuronic acid",0.018,"trial_3",0.09
"3682","PA14","PM2","a-Methyl D-Mannoside",0.032,"trial_3",0.108666666666667
"3683","PA14","PM2","b-Methyl D-Xyloside",0,"trial_3",0.0156666666666667
"3684","PA14","PM2","Palatinose",0.426,"trial_3",0.373333333333333
"3685","PA14","PM2","D-Raffinose",0,"trial_3",0.0393333333333333
"3686","PA14","PM2","Salicin",0.01,"trial_3",0.0746666666666667
"3687","PA14","PM2","Sedoheptulosan",0.048,"trial_3",0.122333333333333
"3688","PA14","PM2","L-Sorbose",0.12,"trial_3",0.229
"3689","PA14","PM2","Stachyose",0.029,"trial_3",0.108666666666667
"3690","PA14","PM2","D-Tagatose",0.444,"trial_3",0.676333333333333
"3691","PA14","PM2","Turanose",0,"trial_3",0.085
"3692","PA14","PM2","Xylitol",0.019,"trial_3",0.115333333333333
"3693","PA14","PM2","N-Acetyl-D-Glucosaminitol",0.04,"trial_3",0.147
"3694","PA14","PM2","g-Amino-n-Butyric acid",2.146,"trial_3",2.711
"3695","PA14","PM2","d-Amino-n-Valeric acid",0.28,"trial_3",0.611
"3696","PA14","PM2","Butyric acid",0.283,"trial_3",0.89
"3697","PA14","PM2","Capric acid",0.309,"trial_3",0.393333333333333
"3698","PA14","PM2","Caproic acid",0.293,"trial_3",0.791666666666667
"3699","PA14","PM2","Citraconic acid",0.03,"trial_3",0.096
"3700","PA14","PM2","Citramalic acid",1.495,"trial_3",2.21666666666667
"3701","PA14","PM2","D-Glucosamine",1.358,"trial_3",1.384
"3702","PA14","PM2","2-Hydroxybenzoic acid",0,"trial_3",0.0416666666666667
"3703","PA14","PM2","4-Hydroxybenzoic acid",0.828,"trial_3",1.18766666666667
"3704","PA14","PM2","b-Hydroxybutyric acid",1.617,"trial_3",2.168
"3705","PA14","PM2","g-Hydroxybutyric acid",0,"trial_3",0.057
"3706","PA14","PM2","a-Ketovaleric acid",1.126,"trial_3",1.153
"3707","PA14","PM2","Itaconic acid",1.277,"trial_3",1.45
"3708","PA14","PM2","5-Keto-D-Gluconic acid",1.088,"trial_3",1.15433333333333
"3709","PA14","PM2","D-Lactic acid Methyl Ester",1.733,"trial_3",2.066
"3710","PA14","PM2","Malonic acid",1.312,"trial_3",1.70233333333333
"3711","PA14","PM2","Melibionic acid",0.108,"trial_3",0.187333333333333
"3712","PA14","PM2","Oxalic acid",0.057,"trial_3",0.132333333333333
"3713","PA14","PM2","Oxalomalic acid",0.247,"trial_3",0.272
"3714","PA14","PM2","Quinic acid",0.031,"trial_3",0.0916666666666667
"3715","PA14","PM2","D-Ribono-1,4-Lactone",0.02,"trial_3",0.0926666666666667
"3716","PA14","PM2","Sebacic acid",0.168,"trial_3",0.217
"3717","PA14","PM2","Sorbic acid",0.736,"trial_3",0.891
"3718","PA14","PM2","Succinamic acid",0.987,"trial_3",1.54666666666667
"3719","PA14","PM2","D-Tartaric acid",0.036,"trial_3",0.0983333333333333
"3720","PA14","PM2","L-Tartaric acid",0.071,"trial_3",0.0876666666666667
"3721","PA14","PM2","Acetamide",0.037,"trial_3",0.102
"3722","PA14","PM2","L-Alaninamide",0.326,"trial_3",0.477333333333333
"3723","PA14","PM2","N-Acetyl-L-Glutamic acid",1.988,"trial_3",2.41566666666667
"3724","PA14","PM2","L-Arginine",2.544,"trial_3",2.91533333333333
"3725","PA14","PM2","Glycine",0.426,"trial_3",0.454333333333333
"3726","PA14","PM2","L-Histidine",1.929,"trial_3",2.75666666666667
"3727","PA14","PM2","L-Homoserine",0.166,"trial_3",0.320666666666667
"3728","PA14","PM2","Hydroxy-L-Proline",0.887,"trial_3",1.58233333333333
"3729","PA14","PM2","L-Isoleucine",1.058,"trial_3",1.60966666666667
"3730","PA14","PM2","L-Leucine",0.3,"trial_3",0.836666666666667
"3731","PA14","PM2","L-Lysine",0.132,"trial_3",0.208333333333333
"3732","PA14","PM2","L-Methionine",0.057,"trial_3",0.0983333333333333
"3733","PA14","PM2","L-Ornithine",0.294,"trial_3",0.596333333333333
"3734","PA14","PM2","L-Phenylalanine",0.053,"trial_3",0.136333333333333
"3735","PA14","PM2","L-Pyroglutamic acid",2.143,"trial_3",2.60866666666667
"3736","PA14","PM2","L-Valine",0.012,"trial_3",0.150666666666667
"3737","PA14","PM2","DL-Carnitine",0.175,"trial_3",0.771666666666667
"3738","PA14","PM2","sec-Butylamine",0.07,"trial_3",0.136666666666667
"3739","PA14","PM2","DL-Octopamine",1.548,"trial_3",2.13566666666667
"3740","PA14","PM2","Putrescine",2.583,"trial_3",2.56233333333333
"3741","PA14","PM2","Dihydroxyacetone",1.157,"trial_3",1.21366666666667
"3742","PA14","PM2","2,3-Butanediol",0.013,"trial_3",0.101333333333333
"3743","PA14","PM2","2,3-Butanedione",0.067,"trial_3",0.125333333333333
"3744","PA14","PM2","3-Hydroxy-2-butanone",0,"trial_3",0.0413333333333333
"3745","JV531","PM2","Negative Control",0,"trial_1",0
"3746","JV531","PM2","Chondroitin Sulfate C",0,"trial_1",0.00533333333333334
"3747","JV531","PM2","a-Cyclodextrin",0.025,"trial_1",0.026
"3748","JV531","PM2","b-Cyclodextrin",0.072,"trial_1",0.082
"3749","JV531","PM2","g-Cyclodextrin",0.015,"trial_1",0.0213333333333333
"3750","JV531","PM2","Dextrin",0.463,"trial_1",0.457666666666667
"3751","JV531","PM2","Gelatin",0.028,"trial_1",0.0356666666666667
"3752","JV531","PM2","Glycogen",0.123,"trial_1",0.114666666666667
"3753","JV531","PM2","Inulin",0.003,"trial_1",0.0476666666666667
"3754","JV531","PM2","Laminarin",0,"trial_1",0.00333333333333334
"3755","JV531","PM2","Mannan",0,"trial_1",0.000666666666666667
"3756","JV531","PM2","Pectin",0.091,"trial_1",0.12
"3757","JV531","PM2","N-Acetyl-D-Galactosamine",0.074,"trial_1",0.055
"3758","JV531","PM2","N-Acetyl-Neuraminic acid",0.177,"trial_1",0.195666666666667
"3759","JV531","PM2","b-D-Allose",0.269,"trial_1",0.309333333333333
"3760","JV531","PM2","Amygdalin",0.124,"trial_1",0.0996666666666667
"3761","JV531","PM2","D-Arabinose",0.024,"trial_1",0.067
"3762","JV531","PM2","D-Arabitol",0,"trial_1",0.019
"3763","JV531","PM2","L-Arabitol",0,"trial_1",0.016
"3764","JV531","PM2","Arbutin",0,"trial_1",0.019
"3765","JV531","PM2","2-Deoxy-D-Ribose",0,"trial_1",0
"3766","JV531","PM2","i-Erythritol",0,"trial_1",0.00133333333333333
"3767","JV531","PM2","D-Fucose",0,"trial_1",0.00166666666666667
"3768","JV531","PM2","3-O-b-D-Galactopyranosyl-D-Arabinose",0.264,"trial_1",0.416666666666667
"3769","JV531","PM2","Gentiobiose",0,"trial_1",0.0336666666666667
"3770","JV531","PM2","L-Glucose",0.018,"trial_1",0.0213333333333333
"3771","JV531","PM2","D-Lactitol",0.013,"trial_1",0.029
"3772","JV531","PM2","D-Melezitose",0.191,"trial_1",0.126333333333333
"3773","JV531","PM2","Maltitol",0.044,"trial_1",0.036
"3774","JV531","PM2","a-Methyl D-Glucoside",0,"trial_1",0.005
"3775","JV531","PM2","b-Methyl D-Galactoside",0.253,"trial_1",0.277666666666667
"3776","JV531","PM2","3-O-Methyl-D-Glucose",0.00700000000000001,"trial_1",0.0203333333333334
"3777","JV531","PM2","b-Methyl-D-Glucuronic acid",0.05,"trial_1",0.038
"3778","JV531","PM2","a-Methyl D-Mannoside",0.062,"trial_1",0.0573333333333334
"3779","JV531","PM2","b-Methyl D-Xyloside",0,"trial_1",0.00800000000000001
"3780","JV531","PM2","Palatinose",0,"trial_1",0.039
"3781","JV531","PM2","D-Raffinose",0.016,"trial_1",0.02
"3782","JV531","PM2","Salicin",0,"trial_1",0.0406666666666667
"3783","JV531","PM2","Sedoheptulosan",0.012,"trial_1",0.0576666666666667
"3784","JV531","PM2","L-Sorbose",0.044,"trial_1",0.0393333333333334
"3785","JV531","PM2","Stachyose",0.044,"trial_1",0.027
"3786","JV531","PM2","D-Tagatose",0,"trial_1",0.049
"3787","JV531","PM2","Turanose",0.096,"trial_1",0.129666666666667
"3788","JV531","PM2","Xylitol",0.022,"trial_1",0.0146666666666667
"3789","JV531","PM2","N-Acetyl-D-Glucosaminitol",0.07,"trial_1",0.06
"3790","JV531","PM2","g-Amino-n-Butyric acid",0.00900000000000001,"trial_1",0.019
"3791","JV531","PM2","d-Amino-n-Valeric acid",0.00700000000000001,"trial_1",0.0213333333333334
"3792","JV531","PM2","Butyric acid",0,"trial_1",0.000666666666666667
"3793","JV531","PM2","Capric acid",0.092,"trial_1",0.103333333333333
"3794","JV531","PM2","Caproic acid",0,"trial_1",0.0273333333333334
"3795","JV531","PM2","Citraconic acid",0.00700000000000001,"trial_1",0.024
"3796","JV531","PM2","Citramalic acid",0,"trial_1",0.021
"3797","JV531","PM2","D-Glucosamine",0.322,"trial_1",0.327
"3798","JV531","PM2","2-Hydroxybenzoic acid",0,"trial_1",0
"3799","JV531","PM2","4-Hydroxybenzoic acid",0,"trial_1",0.0103333333333333
"3800","JV531","PM2","b-Hydroxybutyric acid",0.01,"trial_1",0.0126666666666667
"3801","JV531","PM2","g-Hydroxybutyric acid",0.74,"trial_1",0.625333333333333
"3802","JV531","PM2","a-Ketovaleric acid",0.036,"trial_1",0.037
"3803","JV531","PM2","Itaconic acid",0,"trial_1",0.000333333333333334
"3804","JV531","PM2","5-Keto-D-Gluconic acid",0.12,"trial_1",0.139666666666667
"3805","JV531","PM2","D-Lactic acid Methyl Ester",1.153,"trial_1",0.815333333333333
"3806","JV531","PM2","Malonic acid",0.043,"trial_1",0.047
"3807","JV531","PM2","Melibionic acid",0.181,"trial_1",0.219333333333333
"3808","JV531","PM2","Oxalic acid",0.051,"trial_1",0.064
"3809","JV531","PM2","Oxalomalic acid",0.255,"trial_1",0.193
"3810","JV531","PM2","Quinic acid",0.023,"trial_1",0.0346666666666667
"3811","JV531","PM2","D-Ribono-1,4-Lactone",0,"trial_1",0.0213333333333334
"3812","JV531","PM2","Sebacic acid",0.00700000000000001,"trial_1",0.019
"3813","JV531","PM2","Sorbic acid",0.058,"trial_1",0.0893333333333334
"3814","JV531","PM2","Succinamic acid",0.225,"trial_1",0.198666666666667
"3815","JV531","PM2","D-Tartaric acid",0,"trial_1",0.037
"3816","JV531","PM2","L-Tartaric acid",0.053,"trial_1",0.0496666666666667
"3817","JV531","PM2","Acetamide",0,"trial_1",0.0216666666666667
"3818","JV531","PM2","L-Alaninamide",0.826,"trial_1",0.645333333333333
"3819","JV531","PM2","N-Acetyl-L-Glutamic acid",0.073,"trial_1",0.0573333333333333
"3820","JV531","PM2","L-Arginine",0.071,"trial_1",0.0493333333333334
"3821","JV531","PM2","Glycine",0.114,"trial_1",0.0816666666666667
"3822","JV531","PM2","L-Histidine",0.00700000000000001,"trial_1",0.012
"3823","JV531","PM2","L-Homoserine",0,"trial_1",0.015
"3824","JV531","PM2","Hydroxy-L-Proline",0.108,"trial_1",0.0926666666666667
"3825","JV531","PM2","L-Isoleucine",0.015,"trial_1",0.021
"3826","JV531","PM2","L-Leucine",0.04,"trial_1",0.0396666666666667
"3827","JV531","PM2","L-Lysine",0,"trial_1",0.066
"3828","JV531","PM2","L-Methionine",0,"trial_1",0.00700000000000001
"3829","JV531","PM2","L-Ornithine",0.059,"trial_1",0.0713333333333334
"3830","JV531","PM2","L-Phenylalanine",0,"trial_1",0.0493333333333333
"3831","JV531","PM2","L-Pyroglutamic acid",0.072,"trial_1",0.058
"3832","JV531","PM2","L-Valine",0.038,"trial_1",0.0223333333333333
"3833","JV531","PM2","DL-Carnitine",0.103,"trial_1",0.0823333333333333
"3834","JV531","PM2","sec-Butylamine",0,"trial_1",0.0156666666666667
"3835","JV531","PM2","DL-Octopamine",0.026,"trial_1",0.0393333333333334
"3836","JV531","PM2","Putrescine",0.104,"trial_1",0.0923333333333333
"3837","JV531","PM2","Dihydroxyacetone",0.66,"trial_1",0.614666666666667
"3838","JV531","PM2","2,3-Butanediol",0.11,"trial_1",0.0773333333333334
"3839","JV531","PM2","2,3-Butanedione",0,"trial_1",0.012
"3840","JV531","PM2","3-Hydroxy-2-butanone",0,"trial_1",0.0693333333333333
"3841","JV531","PM2","Negative Control",0,"trial_2",0
"3842","JV531","PM2","Chondroitin Sulfate C",0.012,"trial_2",0.00533333333333334
"3843","JV531","PM2","a-Cyclodextrin",0.041,"trial_2",0.026
"3844","JV531","PM2","b-Cyclodextrin",0.113,"trial_2",0.082
"3845","JV531","PM2","g-Cyclodextrin",0.037,"trial_2",0.0213333333333333
"3846","JV531","PM2","Dextrin",0.443,"trial_2",0.457666666666667
"3847","JV531","PM2","Gelatin",0.043,"trial_2",0.0356666666666667
"3848","JV531","PM2","Glycogen",0.116,"trial_2",0.114666666666667
"3849","JV531","PM2","Inulin",0.06,"trial_2",0.0476666666666667
"3850","JV531","PM2","Laminarin",0.003,"trial_2",0.00333333333333334
"3851","JV531","PM2","Mannan",0.002,"trial_2",0.000666666666666667
"3852","JV531","PM2","Pectin",0.135,"trial_2",0.12
"3853","JV531","PM2","N-Acetyl-D-Galactosamine",0.053,"trial_2",0.055
"3854","JV531","PM2","N-Acetyl-Neuraminic acid",0.209,"trial_2",0.195666666666667
"3855","JV531","PM2","b-D-Allose",0.299,"trial_2",0.309333333333333
"3856","JV531","PM2","Amygdalin",0.093,"trial_2",0.0996666666666667
"3857","JV531","PM2","D-Arabinose",0.074,"trial_2",0.067
"3858","JV531","PM2","D-Arabitol",0.046,"trial_2",0.019
"3859","JV531","PM2","L-Arabitol",0.027,"trial_2",0.016
"3860","JV531","PM2","Arbutin",0.029,"trial_2",0.019
"3861","JV531","PM2","2-Deoxy-D-Ribose",0,"trial_2",0
"3862","JV531","PM2","i-Erythritol",0,"trial_2",0.00133333333333333
"3863","JV531","PM2","D-Fucose",0,"trial_2",0.00166666666666667
"3864","JV531","PM2","3-O-b-D-Galactopyranosyl-D-Arabinose",0.428,"trial_2",0.416666666666667
"3865","JV531","PM2","Gentiobiose",0.048,"trial_2",0.0336666666666667
"3866","JV531","PM2","L-Glucose",0.039,"trial_2",0.0213333333333333
"3867","JV531","PM2","D-Lactitol",0.041,"trial_2",0.029
"3868","JV531","PM2","D-Melezitose",0.114,"trial_2",0.126333333333333
"3869","JV531","PM2","Maltitol",0.046,"trial_2",0.036
"3870","JV531","PM2","a-Methyl D-Glucoside",0.015,"trial_2",0.005
"3871","JV531","PM2","b-Methyl D-Galactoside",0.236,"trial_2",0.277666666666667
"3872","JV531","PM2","3-O-Methyl-D-Glucose",0.031,"trial_2",0.0203333333333334
"3873","JV531","PM2","b-Methyl-D-Glucuronic acid",0.034,"trial_2",0.038
"3874","JV531","PM2","a-Methyl D-Mannoside",0.05,"trial_2",0.0573333333333334
"3875","JV531","PM2","b-Methyl D-Xyloside",0.015,"trial_2",0.00800000000000001
"3876","JV531","PM2","Palatinose",0.064,"trial_2",0.039
"3877","JV531","PM2","D-Raffinose",0.032,"trial_2",0.02
"3878","JV531","PM2","Salicin",0.075,"trial_2",0.0406666666666667
"3879","JV531","PM2","Sedoheptulosan",0.097,"trial_2",0.0576666666666667
"3880","JV531","PM2","L-Sorbose",0.046,"trial_2",0.0393333333333334
"3881","JV531","PM2","Stachyose",0.026,"trial_2",0.027
"3882","JV531","PM2","D-Tagatose",0.078,"trial_2",0.049
"3883","JV531","PM2","Turanose",0.162,"trial_2",0.129666666666667
"3884","JV531","PM2","Xylitol",0.015,"trial_2",0.0146666666666667
"3885","JV531","PM2","N-Acetyl-D-Glucosaminitol",0.06,"trial_2",0.06
"3886","JV531","PM2","g-Amino-n-Butyric acid",0.021,"trial_2",0.019
"3887","JV531","PM2","d-Amino-n-Valeric acid",0.035,"trial_2",0.0213333333333334
"3888","JV531","PM2","Butyric acid",0,"trial_2",0.000666666666666667
"3889","JV531","PM2","Capric acid",0.091,"trial_2",0.103333333333333
"3890","JV531","PM2","Caproic acid",0.053,"trial_2",0.0273333333333334
"3891","JV531","PM2","Citraconic acid",0.04,"trial_2",0.024
"3892","JV531","PM2","Citramalic acid",0.046,"trial_2",0.021
"3893","JV531","PM2","D-Glucosamine",0.297,"trial_2",0.327
"3894","JV531","PM2","2-Hydroxybenzoic acid",0,"trial_2",0
"3895","JV531","PM2","4-Hydroxybenzoic acid",0.014,"trial_2",0.0103333333333333
"3896","JV531","PM2","b-Hydroxybutyric acid",0.015,"trial_2",0.0126666666666667
"3897","JV531","PM2","g-Hydroxybutyric acid",0.571,"trial_2",0.625333333333333
"3898","JV531","PM2","a-Ketovaleric acid",0.029,"trial_2",0.037
"3899","JV531","PM2","Itaconic acid",0.001,"trial_2",0.000333333333333334
"3900","JV531","PM2","5-Keto-D-Gluconic acid",0.122,"trial_2",0.139666666666667
"3901","JV531","PM2","D-Lactic acid Methyl Ester",0.703,"trial_2",0.815333333333333
"3902","JV531","PM2","Malonic acid",0.064,"trial_2",0.047
"3903","JV531","PM2","Melibionic acid",0.279,"trial_2",0.219333333333333
"3904","JV531","PM2","Oxalic acid",0.085,"trial_2",0.064
"3905","JV531","PM2","Oxalomalic acid",0.172,"trial_2",0.193
"3906","JV531","PM2","Quinic acid",0.055,"trial_2",0.0346666666666667
"3907","JV531","PM2","D-Ribono-1,4-Lactone",0.044,"trial_2",0.0213333333333334
"3908","JV531","PM2","Sebacic acid",0.025,"trial_2",0.019
"3909","JV531","PM2","Sorbic acid",0.099,"trial_2",0.0893333333333334
"3910","JV531","PM2","Succinamic acid",0.173,"trial_2",0.198666666666667
"3911","JV531","PM2","D-Tartaric acid",0.048,"trial_2",0.037
"3912","JV531","PM2","L-Tartaric acid",0.047,"trial_2",0.0496666666666667
"3913","JV531","PM2","Acetamide",0.041,"trial_2",0.0216666666666667
"3914","JV531","PM2","L-Alaninamide",0.55,"trial_2",0.645333333333333
"3915","JV531","PM2","N-Acetyl-L-Glutamic acid",0.068,"trial_2",0.0573333333333333
"3916","JV531","PM2","L-Arginine",0.038,"trial_2",0.0493333333333334
"3917","JV531","PM2","Glycine",0.071,"trial_2",0.0816666666666667
"3918","JV531","PM2","L-Histidine",0.019,"trial_2",0.012
"3919","JV531","PM2","L-Homoserine",0.027,"trial_2",0.015
"3920","JV531","PM2","Hydroxy-L-Proline",0.094,"trial_2",0.0926666666666667
"3921","JV531","PM2","L-Isoleucine",0.029,"trial_2",0.021
"3922","JV531","PM2","L-Leucine",0.046,"trial_2",0.0396666666666667
"3923","JV531","PM2","L-Lysine",0.166,"trial_2",0.066
"3924","JV531","PM2","L-Methionine",0.00700000000000001,"trial_2",0.00700000000000001
"3925","JV531","PM2","L-Ornithine",0.097,"trial_2",0.0713333333333334
"3926","JV531","PM2","L-Phenylalanine",0.076,"trial_2",0.0493333333333333
"3927","JV531","PM2","L-Pyroglutamic acid",0.056,"trial_2",0.058
"3928","JV531","PM2","L-Valine",0.011,"trial_2",0.0223333333333333
"3929","JV531","PM2","DL-Carnitine",0.069,"trial_2",0.0823333333333333
"3930","JV531","PM2","sec-Butylamine",0.014,"trial_2",0.0156666666666667
"3931","JV531","PM2","DL-Octopamine",0.047,"trial_2",0.0393333333333334
"3932","JV531","PM2","Putrescine",0.102,"trial_2",0.0923333333333333
"3933","JV531","PM2","Dihydroxyacetone",0.577,"trial_2",0.614666666666667
"3934","JV531","PM2","2,3-Butanediol",0.063,"trial_2",0.0773333333333334
"3935","JV531","PM2","2,3-Butanedione",0,"trial_2",0.012
"3936","JV531","PM2","3-Hydroxy-2-butanone",0.077,"trial_2",0.0693333333333333
"3937","JV531","PM2","Negative Control",0,"trial_3",0
"3938","JV531","PM2","Chondroitin Sulfate C",0.004,"trial_3",0.00533333333333334
"3939","JV531","PM2","a-Cyclodextrin",0.012,"trial_3",0.026
"3940","JV531","PM2","b-Cyclodextrin",0.061,"trial_3",0.082
"3941","JV531","PM2","g-Cyclodextrin",0.012,"trial_3",0.0213333333333333
"3942","JV531","PM2","Dextrin",0.467,"trial_3",0.457666666666667
"3943","JV531","PM2","Gelatin",0.036,"trial_3",0.0356666666666667
"3944","JV531","PM2","Glycogen",0.105,"trial_3",0.114666666666667
"3945","JV531","PM2","Inulin",0.08,"trial_3",0.0476666666666667
"3946","JV531","PM2","Laminarin",0.00700000000000001,"trial_3",0.00333333333333334
"3947","JV531","PM2","Mannan",0,"trial_3",0.000666666666666667
"3948","JV531","PM2","Pectin",0.134,"trial_3",0.12
"3949","JV531","PM2","N-Acetyl-D-Galactosamine",0.038,"trial_3",0.055
"3950","JV531","PM2","N-Acetyl-Neuraminic acid",0.201,"trial_3",0.195666666666667
"3951","JV531","PM2","b-D-Allose",0.36,"trial_3",0.309333333333333
"3952","JV531","PM2","Amygdalin",0.082,"trial_3",0.0996666666666667
"3953","JV531","PM2","D-Arabinose",0.103,"trial_3",0.067
"3954","JV531","PM2","D-Arabitol",0.011,"trial_3",0.019
"3955","JV531","PM2","L-Arabitol",0.021,"trial_3",0.016
"3956","JV531","PM2","Arbutin",0.028,"trial_3",0.019
"3957","JV531","PM2","2-Deoxy-D-Ribose",0,"trial_3",0
"3958","JV531","PM2","i-Erythritol",0.004,"trial_3",0.00133333333333333
"3959","JV531","PM2","D-Fucose",0.005,"trial_3",0.00166666666666667
"3960","JV531","PM2","3-O-b-D-Galactopyranosyl-D-Arabinose",0.558,"trial_3",0.416666666666667
"3961","JV531","PM2","Gentiobiose",0.053,"trial_3",0.0336666666666667
"3962","JV531","PM2","L-Glucose",0.00700000000000001,"trial_3",0.0213333333333333
"3963","JV531","PM2","D-Lactitol",0.033,"trial_3",0.029
"3964","JV531","PM2","D-Melezitose",0.074,"trial_3",0.126333333333333
"3965","JV531","PM2","Maltitol",0.018,"trial_3",0.036
"3966","JV531","PM2","a-Methyl D-Glucoside",0,"trial_3",0.005
"3967","JV531","PM2","b-Methyl D-Galactoside",0.344,"trial_3",0.277666666666667
"3968","JV531","PM2","3-O-Methyl-D-Glucose",0.023,"trial_3",0.0203333333333334
"3969","JV531","PM2","b-Methyl-D-Glucuronic acid",0.03,"trial_3",0.038
"3970","JV531","PM2","a-Methyl D-Mannoside",0.06,"trial_3",0.0573333333333334
"3971","JV531","PM2","b-Methyl D-Xyloside",0.00900000000000001,"trial_3",0.00800000000000001
"3972","JV531","PM2","Palatinose",0.053,"trial_3",0.039
"3973","JV531","PM2","D-Raffinose",0.012,"trial_3",0.02
"3974","JV531","PM2","Salicin",0.047,"trial_3",0.0406666666666667
"3975","JV531","PM2","Sedoheptulosan",0.064,"trial_3",0.0576666666666667
"3976","JV531","PM2","L-Sorbose",0.028,"trial_3",0.0393333333333334
"3977","JV531","PM2","Stachyose",0.011,"trial_3",0.027
"3978","JV531","PM2","D-Tagatose",0.069,"trial_3",0.049
"3979","JV531","PM2","Turanose",0.131,"trial_3",0.129666666666667
"3980","JV531","PM2","Xylitol",0.00700000000000001,"trial_3",0.0146666666666667
"3981","JV531","PM2","N-Acetyl-D-Glucosaminitol",0.05,"trial_3",0.06
"3982","JV531","PM2","g-Amino-n-Butyric acid",0.027,"trial_3",0.019
"3983","JV531","PM2","d-Amino-n-Valeric acid",0.022,"trial_3",0.0213333333333334
"3984","JV531","PM2","Butyric acid",0.002,"trial_3",0.000666666666666667
"3985","JV531","PM2","Capric acid",0.127,"trial_3",0.103333333333333
"3986","JV531","PM2","Caproic acid",0.029,"trial_3",0.0273333333333334
"3987","JV531","PM2","Citraconic acid",0.025,"trial_3",0.024
"3988","JV531","PM2","Citramalic acid",0.017,"trial_3",0.021
"3989","JV531","PM2","D-Glucosamine",0.362,"trial_3",0.327
"3990","JV531","PM2","2-Hydroxybenzoic acid",0,"trial_3",0
"3991","JV531","PM2","4-Hydroxybenzoic acid",0.017,"trial_3",0.0103333333333333
"3992","JV531","PM2","b-Hydroxybutyric acid",0.013,"trial_3",0.0126666666666667
"3993","JV531","PM2","g-Hydroxybutyric acid",0.565,"trial_3",0.625333333333333
"3994","JV531","PM2","a-Ketovaleric acid",0.046,"trial_3",0.037
"3995","JV531","PM2","Itaconic acid",0,"trial_3",0.000333333333333334
"3996","JV531","PM2","5-Keto-D-Gluconic acid",0.177,"trial_3",0.139666666666667
"3997","JV531","PM2","D-Lactic acid Methyl Ester",0.59,"trial_3",0.815333333333333
"3998","JV531","PM2","Malonic acid",0.034,"trial_3",0.047
"3999","JV531","PM2","Melibionic acid",0.198,"trial_3",0.219333333333333
"4000","JV531","PM2","Oxalic acid",0.056,"trial_3",0.064
"4001","JV531","PM2","Oxalomalic acid",0.152,"trial_3",0.193
"4002","JV531","PM2","Quinic acid",0.026,"trial_3",0.0346666666666667
"4003","JV531","PM2","D-Ribono-1,4-Lactone",0.02,"trial_3",0.0213333333333334
"4004","JV531","PM2","Sebacic acid",0.025,"trial_3",0.019
"4005","JV531","PM2","Sorbic acid",0.111,"trial_3",0.0893333333333334
"4006","JV531","PM2","Succinamic acid",0.198,"trial_3",0.198666666666667
"4007","JV531","PM2","D-Tartaric acid",0.063,"trial_3",0.037
"4008","JV531","PM2","L-Tartaric acid",0.049,"trial_3",0.0496666666666667
"4009","JV531","PM2","Acetamide",0.024,"trial_3",0.0216666666666667
"4010","JV531","PM2","L-Alaninamide",0.56,"trial_3",0.645333333333333
"4011","JV531","PM2","N-Acetyl-L-Glutamic acid",0.031,"trial_3",0.0573333333333333
"4012","JV531","PM2","L-Arginine",0.039,"trial_3",0.0493333333333334
"4013","JV531","PM2","Glycine",0.06,"trial_3",0.0816666666666667
"4014","JV531","PM2","L-Histidine",0.01,"trial_3",0.012
"4015","JV531","PM2","L-Homoserine",0.018,"trial_3",0.015
"4016","JV531","PM2","Hydroxy-L-Proline",0.076,"trial_3",0.0926666666666667
"4017","JV531","PM2","L-Isoleucine",0.019,"trial_3",0.021
"4018","JV531","PM2","L-Leucine",0.033,"trial_3",0.0396666666666667
"4019","JV531","PM2","L-Lysine",0.032,"trial_3",0.066
"4020","JV531","PM2","L-Methionine",0.014,"trial_3",0.00700000000000001
"4021","JV531","PM2","L-Ornithine",0.058,"trial_3",0.0713333333333334
"4022","JV531","PM2","L-Phenylalanine",0.072,"trial_3",0.0493333333333333
"4023","JV531","PM2","L-Pyroglutamic acid",0.046,"trial_3",0.058
"4024","JV531","PM2","L-Valine",0.018,"trial_3",0.0223333333333333
"4025","JV531","PM2","DL-Carnitine",0.075,"trial_3",0.0823333333333333
"4026","JV531","PM2","sec-Butylamine",0.033,"trial_3",0.0156666666666667
"4027","JV531","PM2","DL-Octopamine",0.045,"trial_3",0.0393333333333334
"4028","JV531","PM2","Putrescine",0.071,"trial_3",0.0923333333333333
"4029","JV531","PM2","Dihydroxyacetone",0.607,"trial_3",0.614666666666667
"4030","JV531","PM2","2,3-Butanediol",0.059,"trial_3",0.0773333333333334
"4031","JV531","PM2","2,3-Butanedione",0.036,"trial_3",0.012
"4032","JV531","PM2","3-Hydroxy-2-butanone",0.131,"trial_3",0.0693333333333333
