"","competition","trial","culture_conditions","Condition","Timepoint_hr","CFU_per_mL_total","mean_CFU_per_mL","log_mean_CFU_per_mL","sem_CFU_per_mL","log_sem_CFU_per_mL","fold_change","log_fold_change","mean_fold_change","mean_log_fold_change"
"1","Mouse_Pa_Kp","trial_1","control","Fresh_LB","T0",4600000,3360000,6.52633927738984,401995.024844836,5.60422067821928,NA,NA,NA,NA
"2","Mouse_Pa_Kp","trial_1","spent","Self_spent_LB","T0",5200000,4320000,6.63548374681491,440908.153700972,5.64434813029513,NA,NA,NA,NA
"3","Mouse_Pa_Kp","trial_1","spent","145.1_Spent_LB","T0",3800000,3920000,6.59328606702046,300665.927567458,5.47808421523768,NA,NA,NA,NA
"4","Mouse_Pa_Kp","trial_1","spent","191.1_Spent_LB","T0",3800000,3760000,6.57518784492766,318747.549010185,5.50344685397395,NA,NA,NA,NA
"5","Mouse_Pa_Kp","trial_1","spent","193.1_Spent_LB","T0",2400000,3720000,6.5705429398819,520000,5.7160033436348,NA,NA,NA,NA
"6","Mouse_Pa_Kp","trial_1","co-culture","KPPR1_145.1","T0",5200000,4320000,6.63548374681491,458693.797647189,5.66152286774085,NA,NA,NA,NA
"7","Mouse_Pa_Kp","trial_1","co-culture","KPPR1_191.1","T0",4200000,3280000,6.51587384371168,392937.65408777,5.59432364799986,NA,NA,NA,NA
"8","Mouse_Pa_Kp","trial_1","co-culture","KPPR1_193.1","T0",1200000,3120000,6.49415459401844,733757.453113766,5.86555252560796,NA,NA,NA,NA
"9","Mouse_Pa_Kp","trial_1","control","Fresh_LB","T24",4.6e+10,3.82e+10,10.5820633629117,8968834929.91146,9.95273603096235,10000,4,12904.7846889952,4.1107507629162
"10","Mouse_Pa_Kp","trial_1","spent","Self_spent_LB","T24",5.2e+08,8.76e+08,8.94250410616808,333490629.553515,8.52308363558278,100,2,240.592592592593,2.38128225207413
"11","Mouse_Pa_Kp","trial_1","spent","145.1_Spent_LB","T24",3.8e+08,262800000,8.41962536088774,63496771.5714744,7.80275164459375,100,2,70.6055555555556,1.84883887459566
"12","Mouse_Pa_Kp","trial_1","spent","191.1_Spent_LB","T24",4200000,10440000,7.01870049866624,6430365.46395304,6.80823565635622,1.10526315789474,0.0434656937810903,2.48370927318296,0.395100758798527
"13","Mouse_Pa_Kp","trial_1","spent","193.1_Spent_LB","T24",6600000,14960000,7.17493159352844,10785063.7457551,7.03282271636929,2.75,0.439332693830263,3.50628571428571,0.54484730225463
"14","Mouse_Pa_Kp","trial_1","co-culture","KPPR1_145.1","T24",1.4e+09,379600000,8.57932620375525,256953225.315426,8.40985407338488,269.230769230769,2.43012469204344,79.7211538461538,1.9015735758462
"15","Mouse_Pa_Kp","trial_1","co-culture","KPPR1_191.1","T24",2.8e+09,646800000,8.81077001123436,538719073.358276,8.73136235202194,666.666666666667,2.82390874094432,165.950710108605,2.21997911510912
"16","Mouse_Pa_Kp","trial_1","co-culture","KPPR1_193.1","T24",1.6e+09,489200000,8.68948644836425,281369223.619073,8.44927659223385,1333.33333333333,3.1249387366083,321.931563534505,2.50776355884422
"17","Mouse_Pa_Kp","trial_2","control","Fresh_LB","T0",3800000,3360000,6.52633927738984,401995.024844836,5.60422067821928,NA,NA,NA,NA
"18","Mouse_Pa_Kp","trial_2","spent","Self_spent_LB","T0",4e+06,4320000,6.63548374681491,440908.153700972,5.64434813029513,NA,NA,NA,NA
"19","Mouse_Pa_Kp","trial_2","spent","145.1_Spent_LB","T0",3600000,3920000,6.59328606702046,300665.927567458,5.47808421523768,NA,NA,NA,NA
"20","Mouse_Pa_Kp","trial_2","spent","191.1_Spent_LB","T0",2800000,3760000,6.57518784492766,318747.549010185,5.50344685397395,NA,NA,NA,NA
"21","Mouse_Pa_Kp","trial_2","spent","193.1_Spent_LB","T0",5e+06,3720000,6.5705429398819,520000,5.7160033436348,NA,NA,NA,NA
"22","Mouse_Pa_Kp","trial_2","co-culture","KPPR1_145.1","T0",5600000,4320000,6.63548374681491,458693.797647189,5.66152286774085,NA,NA,NA,NA
"23","Mouse_Pa_Kp","trial_2","co-culture","KPPR1_191.1","T0",3600000,3280000,6.51587384371168,392937.65408777,5.59432364799986,NA,NA,NA,NA
"24","Mouse_Pa_Kp","trial_2","co-culture","KPPR1_193.1","T0",5600000,3120000,6.49415459401844,733757.453113766,5.86555252560796,NA,NA,NA,NA
"25","Mouse_Pa_Kp","trial_2","control","Fresh_LB","T24",7e+09,3.82e+10,10.5820633629117,8968834929.91146,9.95273603096235,1842.1052631579,3.26531444339745,12904.7846889952,4.1107507629162
"26","Mouse_Pa_Kp","trial_2","spent","Self_spent_LB","T24",4.8e+08,8.76e+08,8.94250410616808,333490629.553515,8.52308363558278,120,2.07918124604762,240.592592592593,2.38128225207413
"27","Mouse_Pa_Kp","trial_2","spent","145.1_Spent_LB","T24",2.8e+08,262800000,8.41962536088774,63496771.5714744,7.80275164459375,77.7777777777778,1.89085553057493,70.6055555555556,1.84883887459566
"28","Mouse_Pa_Kp","trial_2","spent","191.1_Spent_LB","T24",6600000,10440000,7.01870049866624,6430365.46395304,6.80823565635622,2.35714285714286,0.372385904199649,2.48370927318296,0.395100758798527
"29","Mouse_Pa_Kp","trial_2","spent","193.1_Spent_LB","T24",4800000,14960000,7.17493159352844,10785063.7457551,7.03282271636929,0.96,-0.0177287669604316,3.50628571428571,0.54484730225463
"30","Mouse_Pa_Kp","trial_2","co-culture","KPPR1_145.1","T24",5.6e+07,379600000,8.57932620375525,256953225.315426,8.40985407338488,10,1,79.7211538461538,1.9015735758462
"31","Mouse_Pa_Kp","trial_2","co-culture","KPPR1_191.1","T24",8e+07,646800000,8.81077001123436,538719073.358276,8.73136235202194,22.2222222222222,1.34678748622466,165.950710108605,2.21997911510912
"32","Mouse_Pa_Kp","trial_2","co-culture","KPPR1_193.1","T24",6.6e+07,489200000,8.68948644836425,281369223.619073,8.44927659223385,11.7857142857143,1.07135590853567,321.931563534505,2.50776355884422
"33","Mouse_Pa_Kp","trial_3","control","Fresh_LB","T0",3200000,3360000,6.52633927738984,401995.024844836,5.60422067821928,NA,NA,NA,NA
"34","Mouse_Pa_Kp","trial_3","spent","Self_spent_LB","T0",4e+06,4320000,6.63548374681491,440908.153700972,5.64434813029513,NA,NA,NA,NA
"35","Mouse_Pa_Kp","trial_3","spent","145.1_Spent_LB","T0",4e+06,3920000,6.59328606702046,300665.927567458,5.47808421523768,NA,NA,NA,NA
"36","Mouse_Pa_Kp","trial_3","spent","191.1_Spent_LB","T0",3600000,3760000,6.57518784492766,318747.549010185,5.50344685397395,NA,NA,NA,NA
"37","Mouse_Pa_Kp","trial_3","spent","193.1_Spent_LB","T0",3600000,3720000,6.5705429398819,520000,5.7160033436348,NA,NA,NA,NA
"38","Mouse_Pa_Kp","trial_3","co-culture","KPPR1_145.1","T0",3800000,4320000,6.63548374681491,458693.797647189,5.66152286774085,NA,NA,NA,NA
"39","Mouse_Pa_Kp","trial_3","co-culture","KPPR1_191.1","T0",3800000,3280000,6.51587384371168,392937.65408777,5.59432364799986,NA,NA,NA,NA
"40","Mouse_Pa_Kp","trial_3","co-culture","KPPR1_193.1","T0",3200000,3120000,6.49415459401844,733757.453113766,5.86555252560796,NA,NA,NA,NA
"41","Mouse_Pa_Kp","trial_3","control","Fresh_LB","T24",4e+10,3.82e+10,10.5820633629117,8968834929.91146,9.95273603096235,12500,4.09691001300806,12904.7846889952,4.1107507629162
"42","Mouse_Pa_Kp","trial_3","spent","Self_spent_LB","T24",4.8e+08,8.76e+08,8.94250410616808,333490629.553515,8.52308363558278,120,2.07918124604762,240.592592592593,2.38128225207413
"43","Mouse_Pa_Kp","trial_3","spent","145.1_Spent_LB","T24",3.4e+07,262800000,8.41962536088774,63496771.5714744,7.80275164459375,8.5,0.929418925714293,70.6055555555556,1.84883887459566
"44","Mouse_Pa_Kp","trial_3","spent","191.1_Spent_LB","T24",2400000,10440000,7.01870049866624,6430365.46395304,6.80823565635622,0.666666666666667,-0.176091259055681,2.48370927318296,0.395100758798527
"45","Mouse_Pa_Kp","trial_3","spent","193.1_Spent_LB","T24",2400000,14960000,7.17493159352844,10785063.7457551,7.03282271636929,0.666666666666667,-0.176091259055681,3.50628571428571,0.54484730225463
"46","Mouse_Pa_Kp","trial_3","co-culture","KPPR1_145.1","T24",2.2e+08,379600000,8.57932620375525,256953225.315426,8.40985407338488,57.8947368421053,1.7626390842054,79.7211538461538,1.9015735758462
"47","Mouse_Pa_Kp","trial_3","co-culture","KPPR1_191.1","T24",1.2e+08,646800000,8.81077001123436,538719073.358276,8.73136235202194,31.578947368421,1.49939764943081,165.950710108605,2.21997911510912
"48","Mouse_Pa_Kp","trial_3","co-culture","KPPR1_193.1","T24",3.4e+08,489200000,8.68948644836425,281369223.619073,8.44927659223385,106.25,2.02632893872235,321.931563534505,2.50776355884422
"49","Mouse_Pa_Kp","trial_4","control","Fresh_LB","T0",3e+06,3360000,6.52633927738984,401995.024844836,5.60422067821928,NA,NA,NA,NA
"50","Mouse_Pa_Kp","trial_4","spent","Self_spent_LB","T0",3e+06,4320000,6.63548374681491,440908.153700972,5.64434813029513,NA,NA,NA,NA
"51","Mouse_Pa_Kp","trial_4","spent","145.1_Spent_LB","T0",3200000,3920000,6.59328606702046,300665.927567458,5.47808421523768,NA,NA,NA,NA
"52","Mouse_Pa_Kp","trial_4","spent","191.1_Spent_LB","T0",3800000,3760000,6.57518784492766,318747.549010185,5.50344685397395,NA,NA,NA,NA
"53","Mouse_Pa_Kp","trial_4","spent","193.1_Spent_LB","T0",2800000,3720000,6.5705429398819,520000,5.7160033436348,NA,NA,NA,NA
"54","Mouse_Pa_Kp","trial_4","co-culture","KPPR1_145.1","T0",3800000,4320000,6.63548374681491,458693.797647189,5.66152286774085,NA,NA,NA,NA
"55","Mouse_Pa_Kp","trial_4","co-culture","KPPR1_191.1","T0",2e+06,3280000,6.51587384371168,392937.65408777,5.59432364799986,NA,NA,NA,NA
"56","Mouse_Pa_Kp","trial_4","co-culture","KPPR1_193.1","T0",2200000,3120000,6.49415459401844,733757.453113766,5.86555252560796,NA,NA,NA,NA
"57","Mouse_Pa_Kp","trial_4","control","Fresh_LB","T24",3.6e+10,3.82e+10,10.5820633629117,8968834929.91146,9.95273603096235,12000,4.07918124604763,12904.7846889952,4.1107507629162
"58","Mouse_Pa_Kp","trial_4","spent","Self_spent_LB","T24",2.2e+09,8.76e+08,8.94250410616808,333490629.553515,8.52308363558278,733.333333333333,2.86530142610254,240.592592592593,2.38128225207413
"59","Mouse_Pa_Kp","trial_4","spent","145.1_Spent_LB","T24",3.8e+08,262800000,8.41962536088774,63496771.5714744,7.80275164459375,118.75,2.0746336182969,70.6055555555556,1.84883887459566
"60","Mouse_Pa_Kp","trial_4","spent","191.1_Spent_LB","T24",3e+06,10440000,7.01870049866624,6430365.46395304,6.80823565635622,0.789473684210526,-0.102662341897148,2.48370927318296,0.395100758798527
"61","Mouse_Pa_Kp","trial_4","spent","193.1_Spent_LB","T24",3e+06,14960000,7.17493159352844,10785063.7457551,7.03282271636929,1.07142857142857,0.0299632233774431,3.50628571428571,0.54484730225463
"62","Mouse_Pa_Kp","trial_4","co-culture","KPPR1_145.1","T24",1.6e+08,379600000,8.57932620375525,256953225.315426,8.40985407338488,42.1052631578947,1.62433638603911,79.7211538461538,1.9015735758462
"63","Mouse_Pa_Kp","trial_4","co-culture","KPPR1_191.1","T24",1.8e+08,646800000,8.81077001123436,538719073.358276,8.73136235202194,90,1.95424250943932,165.950710108605,2.21997911510912
"64","Mouse_Pa_Kp","trial_4","co-culture","KPPR1_193.1","T24",1.8e+08,489200000,8.68948644836425,281369223.619073,8.44927659223385,81.8181818181818,1.9128498242811,321.931563534505,2.50776355884422
"65","Mouse_Pa_Kp","trial_5","control","Fresh_LB","T0",2200000,3360000,6.52633927738984,401995.024844836,5.60422067821928,NA,NA,NA,NA
"66","Mouse_Pa_Kp","trial_5","spent","Self_spent_LB","T0",5400000,4320000,6.63548374681491,440908.153700972,5.64434813029513,NA,NA,NA,NA
"67","Mouse_Pa_Kp","trial_5","spent","145.1_Spent_LB","T0",5e+06,3920000,6.59328606702046,300665.927567458,5.47808421523768,NA,NA,NA,NA
"68","Mouse_Pa_Kp","trial_5","spent","191.1_Spent_LB","T0",4800000,3760000,6.57518784492766,318747.549010185,5.50344685397395,NA,NA,NA,NA
"69","Mouse_Pa_Kp","trial_5","spent","193.1_Spent_LB","T0",4800000,3720000,6.5705429398819,520000,5.7160033436348,NA,NA,NA,NA
"70","Mouse_Pa_Kp","trial_5","co-culture","KPPR1_145.1","T0",3200000,4320000,6.63548374681491,458693.797647189,5.66152286774085,NA,NA,NA,NA
"71","Mouse_Pa_Kp","trial_5","co-culture","KPPR1_191.1","T0",2800000,3280000,6.51587384371168,392937.65408777,5.59432364799986,NA,NA,NA,NA
"72","Mouse_Pa_Kp","trial_5","co-culture","KPPR1_193.1","T0",3400000,3120000,6.49415459401844,733757.453113766,5.86555252560796,NA,NA,NA,NA
"73","Mouse_Pa_Kp","trial_5","control","Fresh_LB","T24",6.2e+10,3.82e+10,10.5820633629117,8968834929.91146,9.95273603096235,28181.8181818182,4.44996900867605,12904.7846889952,4.1107507629162
"74","Mouse_Pa_Kp","trial_5","spent","Self_spent_LB","T24",7e+08,8.76e+08,8.94250410616808,333490629.553515,8.52308363558278,129.62962962963,2.11270428019129,240.592592592593,2.38128225207413
"75","Mouse_Pa_Kp","trial_5","spent","145.1_Spent_LB","T24",2.4e+08,262800000,8.41962536088774,63496771.5714744,7.80275164459375,48,1.68124123737559,70.6055555555556,1.84883887459566
"76","Mouse_Pa_Kp","trial_5","spent","191.1_Spent_LB","T24",3.6e+07,10440000,7.01870049866624,6430365.46395304,6.80823565635622,7.5,0.8750612633917,2.48370927318296,0.395100758798527
"77","Mouse_Pa_Kp","trial_5","spent","193.1_Spent_LB","T24",5.8e+07,14960000,7.17493159352844,10785063.7457551,7.03282271636929,12.0833333333333,1.08218675618735,3.50628571428571,0.54484730225463
"78","Mouse_Pa_Kp","trial_5","co-culture","KPPR1_145.1","T24",6.2e+07,379600000,8.57932620375525,256953225.315426,8.40985407338488,19.375,1.28724171117835,79.7211538461538,1.9015735758462
"79","Mouse_Pa_Kp","trial_5","co-culture","KPPR1_191.1","T24",5.4e+07,646800000,8.81077001123436,538719073.358276,8.73136235202194,19.2857142857143,1.28523572848075,165.950710108605,2.21997911510912
"80","Mouse_Pa_Kp","trial_5","co-culture","KPPR1_193.1","T24",2.6e+08,489200000,8.68948644836425,281369223.619073,8.44927659223385,76.4705882352941,1.88349443092856,321.931563534505,2.50776355884422
"81","PA01_Kp","trial_1","control","KPPR1_fresh_LB","T0",4400000,3360000,6.52633927738984,263818.119165458,5.42130461980528,NA,NA,NA,NA
"82","PA01_Kp","trial_1","spent","KPPR1_self_spent","T0",3400000,3120000,6.49415459401844,205912.60281974,5.31368292829637,NA,NA,NA,NA
"83","PA01_Kp","trial_1","spent","KPPR1_spent_PA01","T0",3200000,3400000,6.53147891704226,296647.939483827,5.47224133607508,NA,NA,NA,NA
"84","PA01_Kp","trial_1","co-culture","KPPR1_PA01","T0",4200000,3560000,6.55144999797287,354400.902933387,5.54949481970059,NA,NA,NA,NA
"85","PA01_Kp","trial_1","control","KPPR1_fresh_LB","T24",1.4e+10,2.644e+10,10.4222614508136,6968041331.67994,9.84311071807126,3181.81818181818,3.50267535919205,8315.5303030303,3.9198899505292
"86","PA01_Kp","trial_1","spent","KPPR1_self_spent","T24",5.6e+07,1.8e+08,8.25527250510331,59005084.5266745,7.77088943684103,16.4705882352941,1.21670910996395,60.4052287581699,1.78107453336509
"87","PA01_Kp","trial_1","spent","KPPR1_spent_PA01","T24",3.6e+08,154840000,8.18988316264692,74118726.378696,7.86992794799904,112.5,2.05115252244738,47.7089743589744,1.67860008025573
"88","PA01_Kp","trial_1","co-culture","KPPR1_PA01","T24",2.8e+10,7.488e+09,9.87436583573005,5181866845.06655,9.71448624902113,6666.66666666667,3.82390874094432,1963.47308488613,3.29302495237723
"89","PA01_Kp","trial_2","control","KPPR1_fresh_LB","T0",3e+06,3360000,6.52633927738984,263818.119165458,5.42130461980528,NA,NA,NA,NA
"90","PA01_Kp","trial_2","spent","KPPR1_self_spent","T0",2400000,3120000,6.49415459401844,205912.60281974,5.31368292829637,NA,NA,NA,NA
"91","PA01_Kp","trial_2","spent","KPPR1_spent_PA01","T0",3600000,3400000,6.53147891704226,296647.939483827,5.47224133607508,NA,NA,NA,NA
"92","PA01_Kp","trial_2","co-culture","KPPR1_PA01","T0",3e+06,3560000,6.55144999797287,354400.902933387,5.54949481970059,NA,NA,NA,NA
"93","PA01_Kp","trial_2","control","KPPR1_fresh_LB","T24",3.8e+10,2.644e+10,10.4222614508136,6968041331.67994,9.84311071807126,12666.6666666667,4.10266234189715,8315.5303030303,3.9198899505292
"94","PA01_Kp","trial_2","spent","KPPR1_self_spent","T24",2e+08,1.8e+08,8.25527250510331,59005084.5266745,7.77088943684103,83.3333333333333,1.92081875395238,60.4052287581699,1.78107453336509
"95","PA01_Kp","trial_2","spent","KPPR1_spent_PA01","T24",3e+08,154840000,8.18988316264692,74118726.378696,7.86992794799904,83.3333333333333,1.92081875395238,47.7089743589744,1.67860008025573
"96","PA01_Kp","trial_2","co-culture","KPPR1_PA01","T24",3e+09,7.488e+09,9.87436583573005,5181866845.06655,9.71448624902113,1000,3,1963.47308488613,3.29302495237723
"97","PA01_Kp","trial_3","control","KPPR1_fresh_LB","T0",3e+06,3360000,6.52633927738984,263818.119165458,5.42130461980528,NA,NA,NA,NA
"98","PA01_Kp","trial_3","spent","KPPR1_self_spent","T0",3200000,3120000,6.49415459401844,205912.60281974,5.31368292829637,NA,NA,NA,NA
"99","PA01_Kp","trial_3","spent","KPPR1_spent_PA01","T0",4400000,3400000,6.53147891704226,296647.939483827,5.47224133607508,NA,NA,NA,NA
"100","PA01_Kp","trial_3","co-culture","KPPR1_PA01","T0",4600000,3560000,6.55144999797287,354400.902933387,5.54949481970059,NA,NA,NA,NA
"101","PA01_Kp","trial_3","control","KPPR1_fresh_LB","T24",3.2e+10,2.644e+10,10.4222614508136,6968041331.67994,9.84311071807126,10666.6666666667,4.02802872360024,8315.5303030303,3.9198899505292
"102","PA01_Kp","trial_3","spent","KPPR1_self_spent","T24",6.4e+07,1.8e+08,8.25527250510331,59005084.5266745,7.77088943684103,20,1.30102999566398,60.4052287581699,1.78107453336509
"103","PA01_Kp","trial_3","spent","KPPR1_spent_PA01","T24",2200000,154840000,8.18988316264692,74118726.378696,7.86992794799904,0.5,-0.301029995663981,47.7089743589744,1.67860008025573
"104","PA01_Kp","trial_3","co-culture","KPPR1_PA01","T24",8e+08,7.488e+09,9.87436583573005,5181866845.06655,9.71448624902113,173.913043478261,2.24033215531037,1963.47308488613,3.29302495237723
"105","PA01_Kp","trial_4","control","KPPR1_fresh_LB","T0",3200000,3360000,6.52633927738984,263818.119165458,5.42130461980528,NA,NA,NA,NA
"106","PA01_Kp","trial_4","spent","KPPR1_self_spent","T0",3e+06,3120000,6.49415459401844,205912.60281974,5.31368292829637,NA,NA,NA,NA
"107","PA01_Kp","trial_4","spent","KPPR1_spent_PA01","T0",2600000,3400000,6.53147891704226,296647.939483827,5.47224133607508,NA,NA,NA,NA
"108","PA01_Kp","trial_4","co-culture","KPPR1_PA01","T0",3200000,3560000,6.55144999797287,354400.902933387,5.54949481970059,NA,NA,NA,NA
"109","PA01_Kp","trial_4","control","KPPR1_fresh_LB","T24",6.2e+09,2.644e+10,10.4222614508136,6968041331.67994,9.84311071807126,1937.5,3.28724171117835,8315.5303030303,3.9198899505292
"110","PA01_Kp","trial_4","spent","KPPR1_self_spent","T24",3.8e+08,1.8e+08,8.25527250510331,59005084.5266745,7.77088943684103,126.666666666667,2.10266234189715,60.4052287581699,1.78107453336509
"111","PA01_Kp","trial_4","spent","KPPR1_spent_PA01","T24",1e+08,154840000,8.18988316264692,74118726.378696,7.86992794799904,38.4615384615385,1.58502665202918,47.7089743589744,1.67860008025573
"112","PA01_Kp","trial_4","co-culture","KPPR1_PA01","T24",8.4e+08,7.488e+09,9.87436583573005,5181866845.06655,9.71448624902113,262.5,2.41912930774198,1963.47308488613,3.29302495237723
"113","PA01_Kp","trial_5","control","KPPR1_fresh_LB","T0",3200000,3360000,6.52633927738984,263818.119165458,5.42130461980528,NA,NA,NA,NA
"114","PA01_Kp","trial_5","spent","KPPR1_self_spent","T0",3600000,3120000,6.49415459401844,205912.60281974,5.31368292829637,NA,NA,NA,NA
"115","PA01_Kp","trial_5","spent","KPPR1_spent_PA01","T0",3200000,3400000,6.53147891704226,296647.939483827,5.47224133607508,NA,NA,NA,NA
"116","PA01_Kp","trial_5","co-culture","KPPR1_PA01","T0",2800000,3560000,6.55144999797287,354400.902933387,5.54949481970059,NA,NA,NA,NA
"117","PA01_Kp","trial_5","control","KPPR1_fresh_LB","T24",4.2e+10,2.644e+10,10.4222614508136,6968041331.67994,9.84311071807126,13125,4.11809931207799,8315.5303030303,3.9198899505292
"118","PA01_Kp","trial_5","spent","KPPR1_self_spent","T24",2e+08,1.8e+08,8.25527250510331,59005084.5266745,7.77088943684103,55.5555555555556,1.74472749489669,60.4052287581699,1.78107453336509
"119","PA01_Kp","trial_5","spent","KPPR1_spent_PA01","T24",1.2e+07,154840000,8.18988316264692,74118726.378696,7.86992794799904,3.75,0.574031267727719,47.7089743589744,1.67860008025573
"120","PA01_Kp","trial_5","co-culture","KPPR1_PA01","T24",4.8e+09,7.488e+09,9.87436583573005,5181866845.06655,9.71448624902113,1714.28571428571,3.23408320603337,1963.47308488613,3.29302495237723
"121","Pa14_Kp","trial_1","control","KPPR1_fresh_LB","T0",3400000,3440000,6.53655844257153,312409.987036266,5.49472490883335,NA,NA,NA,NA
"122","Pa14_Kp","trial_1","spent","KPPR1_self_spent","T0",2400000,2760000,6.44090908206522,132664.991614216,5.12275633390707,NA,NA,NA,NA
"123","Pa14_Kp","trial_1","spent","KPPR1_spent_Pa14","T0",3600000,3200000,6.50514997831991,167332.005306815,5.22357901567111,NA,NA,NA,NA
"124","Pa14_Kp","trial_1","co-culture","KPPR1_Pa14","T0",4e+06,3640000,6.56110138364906,172046.505340853,5.23564585552947,NA,NA,NA,NA
"125","Pa14_Kp","trial_1","control","KPPR1_fresh_LB","T24",4.8e+10,2.64e+10,10.4216039268698,10684755495.5647,10.0287645884428,14117.6470588235,4.14976232033333,8500.93776641091,3.92946683680997
"126","Pa14_Kp","trial_1","spent","KPPR1_self_spent","T24",6.8e+07,219200000,8.34084054981233,65621947.5480574,7.81704911536462,28.3333333333333,1.45229767099463,80.2875457875458,1.90464818269798
"127","Pa14_Kp","trial_1","spent","KPPR1_spent_Pa14","T24",4.4e+07,16280000,7.21165440055318,8440284.3553994,6.92635707836743,12.2222222222222,1.0871501757189,4.64190476190476,0.666696225778767
"128","Pa14_Kp","trial_1","co-culture","KPPR1_Pa14","T24",9e+07,2.1e+08,8.32221929473392,44497190.922574,7.64833259513077,22.5,1.35218251811136,58.3713450292398,1.76619970071202
"129","Pa14_Kp","trial_2","control","KPPR1_fresh_LB","T0",3e+06,3440000,6.53655844257153,312409.987036266,5.49472490883335,NA,NA,NA,NA
"130","Pa14_Kp","trial_2","spent","KPPR1_self_spent","T0",2600000,2760000,6.44090908206522,132664.991614216,5.12275633390707,NA,NA,NA,NA
"131","Pa14_Kp","trial_2","spent","KPPR1_spent_Pa14","T0",3e+06,3200000,6.50514997831991,167332.005306815,5.22357901567111,NA,NA,NA,NA
"132","Pa14_Kp","trial_2","co-culture","KPPR1_Pa14","T0",3e+06,3640000,6.56110138364906,172046.505340853,5.23564585552947,NA,NA,NA,NA
"133","Pa14_Kp","trial_2","control","KPPR1_fresh_LB","T24",1.6e+10,2.64e+10,10.4216039268698,10684755495.5647,10.0287645884428,5333.33333333333,3.72699872793626,8500.93776641091,3.92946683680997
"134","Pa14_Kp","trial_2","spent","KPPR1_self_spent","T24",3.6e+08,219200000,8.34084054981233,65621947.5480574,7.81704911536462,138.461538461538,2.14132915279647,80.2875457875458,1.90464818269798
"135","Pa14_Kp","trial_2","spent","KPPR1_spent_Pa14","T24",3600000,16280000,7.21165440055318,8440284.3553994,6.92635707836743,1.2,0.0791812460476248,4.64190476190476,0.666696225778767
"136","Pa14_Kp","trial_2","co-culture","KPPR1_Pa14","T24",1.8e+08,2.1e+08,8.32221929473392,44497190.922574,7.64833259513077,60,1.77815125038364,58.3713450292398,1.76619970071202
"137","Pa14_Kp","trial_3","control","KPPR1_fresh_LB","T0",4600000,3440000,6.53655844257153,312409.987036266,5.49472490883335,NA,NA,NA,NA
"138","Pa14_Kp","trial_3","spent","KPPR1_self_spent","T0",3200000,2760000,6.44090908206522,132664.991614216,5.12275633390707,NA,NA,NA,NA
"139","Pa14_Kp","trial_3","spent","KPPR1_spent_Pa14","T0",3e+06,3200000,6.50514997831991,167332.005306815,5.22357901567111,NA,NA,NA,NA
"140","Pa14_Kp","trial_3","co-culture","KPPR1_Pa14","T0",3800000,3640000,6.56110138364906,172046.505340853,5.23564585552947,NA,NA,NA,NA
"141","Pa14_Kp","trial_3","control","KPPR1_fresh_LB","T24",6.2e+09,2.64e+10,10.4216039268698,10684755495.5647,10.0287645884428,1347.82608695652,3.12963385781668,8500.93776641091,3.92946683680997
"142","Pa14_Kp","trial_3","spent","KPPR1_self_spent","T24",8.8e+07,219200000,8.34084054981233,65621947.5480574,7.81704911536462,27.5,1.43933269383026,80.2875457875458,1.90464818269798
"143","Pa14_Kp","trial_3","spent","KPPR1_spent_Pa14","T24",2600000,16280000,7.21165440055318,8440284.3553994,6.92635707836743,0.866666666666667,-0.0621479067488444,4.64190476190476,0.666696225778767
"144","Pa14_Kp","trial_3","co-culture","KPPR1_Pa14","T24",3.4e+08,2.1e+08,8.32221929473392,44497190.922574,7.64833259513077,89.4736842105263,1.95169532042545,58.3713450292398,1.76619970071202
"145","Pa14_Kp","trial_4","control","KPPR1_fresh_LB","T0",3400000,3440000,6.53655844257153,312409.987036266,5.49472490883335,NA,NA,NA,NA
"146","Pa14_Kp","trial_4","spent","KPPR1_self_spent","T0",2800000,2760000,6.44090908206522,132664.991614216,5.12275633390707,NA,NA,NA,NA
"147","Pa14_Kp","trial_4","spent","KPPR1_spent_Pa14","T0",3600000,3200000,6.50514997831991,167332.005306815,5.22357901567111,NA,NA,NA,NA
"148","Pa14_Kp","trial_4","co-culture","KPPR1_Pa14","T0",3800000,3640000,6.56110138364906,172046.505340853,5.23564585552947,NA,NA,NA,NA
"149","Pa14_Kp","trial_4","control","KPPR1_fresh_LB","T24",5.8e+09,2.64e+10,10.4216039268698,10684755495.5647,10.0287645884428,1705.88235294118,3.23194907652068,8500.93776641091,3.92946683680997
"150","Pa14_Kp","trial_4","spent","KPPR1_self_spent","T24",3.8e+08,219200000,8.34084054981233,65621947.5480574,7.81704911536462,135.714285714286,2.13262556527459,80.2875457875458,1.90464818269798
"151","Pa14_Kp","trial_4","spent","KPPR1_spent_Pa14","T24",2.8e+07,16280000,7.21165440055318,8440284.3553994,6.92635707836743,7.77777777777778,0.890855530574932,4.64190476190476,0.666696225778767
"152","Pa14_Kp","trial_4","co-culture","KPPR1_Pa14","T24",1.6e+08,2.1e+08,8.32221929473392,44497190.922574,7.64833259513077,42.1052631578947,1.62433638603911,58.3713450292398,1.76619970071202
"153","Pa14_Kp","trial_5","control","KPPR1_fresh_LB","T0",2800000,3440000,6.53655844257153,312409.987036266,5.49472490883335,NA,NA,NA,NA
"154","Pa14_Kp","trial_5","spent","KPPR1_self_spent","T0",2800000,2760000,6.44090908206522,132664.991614216,5.12275633390707,NA,NA,NA,NA
"155","Pa14_Kp","trial_5","spent","KPPR1_spent_Pa14","T0",2800000,3200000,6.50514997831991,167332.005306815,5.22357901567111,NA,NA,NA,NA
"156","Pa14_Kp","trial_5","co-culture","KPPR1_Pa14","T0",3600000,3640000,6.56110138364906,172046.505340853,5.23564585552947,NA,NA,NA,NA
"157","Pa14_Kp","trial_5","control","KPPR1_fresh_LB","T24",5.6e+10,2.64e+10,10.4216039268698,10684755495.5647,10.0287645884428,20000,4.30102999566398,8500.93776641091,3.92946683680997
"158","Pa14_Kp","trial_5","spent","KPPR1_self_spent","T24",2e+08,219200000,8.34084054981233,65621947.5480574,7.81704911536462,71.4285714285714,1.85387196432176,80.2875457875458,1.90464818269798
"159","Pa14_Kp","trial_5","spent","KPPR1_spent_Pa14","T24",3200000,16280000,7.21165440055318,8440284.3553994,6.92635707836743,1.14285714285714,0.0579919469776867,4.64190476190476,0.666696225778767
"160","Pa14_Kp","trial_5","co-culture","KPPR1_Pa14","T24",2.8e+08,2.1e+08,8.32221929473392,44497190.922574,7.64833259513077,77.7777777777778,1.89085553057493,58.3713450292398,1.76619970071202
"161","Tn13F11_Kp","trial_1","control","KPPR1_fresh_LB","T0",3600000,18520000,7.26764098234592,14870857.4063502,7.17233600928266,NA,NA,NA,NA
"162","Tn13F11_Kp","trial_1","spent","KPPR1_self_spent","T0",3e+06,5680000,6.75434833571102,1212600.51129793,6.08371774702102,NA,NA,NA,NA
"163","Tn13F11_Kp","trial_1","spent","KPPR1_13F11_spent","T0",3e+06,4880000,6.68841982200271,962496.753241277,5.98339927319168,NA,NA,NA,NA
"164","Tn13F11_Kp","trial_1","co-culture","KPPR1_13F11","T0",2800000,3520000,6.54654266347813,611882.341631134,5.78666792003303,NA,NA,NA,NA
"165","Tn13F11_Kp","trial_1","control","KPPR1_fresh_LB","T24",3.8e+10,2.468e+10,10.3923451553612,7472509618.59535,9.87346648273443,10555.5555555556,4.02348109584952,6325.78754578755,3.80111460186337
"166","Tn13F11_Kp","trial_1","spent","KPPR1_self_spent","T24",7.8e+08,341600000,8.53351786201697,156546989.750682,8.19464472096451,260,2.41497334797082,92.3451652386781,1.96541416274185
"167","Tn13F11_Kp","trial_1","spent","KPPR1_13F11_spent","T24",6.2e+08,302400000,8.48058178682917,114715997.140765,8.0596239844708,206.666666666667,2.31527043477859,81.2056780428873,1.90958639693182
"168","Tn13F11_Kp","trial_1","co-culture","KPPR1_13F11","T24",1.4e+10,1.796e+10,10.2543063323313,7385770102.02728,9.86839578517593,5000,3.69897000433602,4690.44506691565,3.67121405400182
"169","Tn13F11_Kp","trial_2","control","KPPR1_fresh_LB","T0",3600000,18520000,7.26764098234592,14870857.4063502,7.17233600928266,NA,NA,NA,NA
"170","Tn13F11_Kp","trial_2","spent","KPPR1_self_spent","T0",3800000,5680000,6.75434833571102,1212600.51129793,6.08371774702102,NA,NA,NA,NA
"171","Tn13F11_Kp","trial_2","spent","KPPR1_13F11_spent","T0",4400000,4880000,6.68841982200271,962496.753241277,5.98339927319168,NA,NA,NA,NA
"172","Tn13F11_Kp","trial_2","co-culture","KPPR1_13F11","T0",1800000,3520000,6.54654266347813,611882.341631134,5.78666792003303,NA,NA,NA,NA
"173","Tn13F11_Kp","trial_2","control","KPPR1_fresh_LB","T24",5.2e+09,2.468e+10,10.3923451553612,7472509618.59535,9.87346648273443,1444.44444444444,3.15970084286751,6325.78754578755,3.80111460186337
"174","Tn13F11_Kp","trial_2","spent","KPPR1_self_spent","T24",1.4e+08,341600000,8.53351786201697,156546989.750682,8.19464472096451,36.8421052631579,1.56634443906143,92.3451652386781,1.96541416274185
"175","Tn13F11_Kp","trial_2","spent","KPPR1_13F11_spent","T24",2.8e+08,302400000,8.48058178682917,114715997.140765,8.0596239844708,63.6363636363636,1.80370535485603,81.2056780428873,1.90958639693182
"176","Tn13F11_Kp","trial_2","co-culture","KPPR1_13F11","T24",2.2e+09,1.796e+10,10.2543063323313,7385770102.02728,9.86839578517593,1222.22222222222,3.0871501757189,4690.44506691565,3.67121405400182
"177","Tn13F11_Kp","trial_3","control","KPPR1_fresh_LB","T0",3200000,18520000,7.26764098234592,14870857.4063502,7.17233600928266,NA,NA,NA,NA
"178","Tn13F11_Kp","trial_3","spent","KPPR1_self_spent","T0",4400000,5680000,6.75434833571102,1212600.51129793,6.08371774702102,NA,NA,NA,NA
"179","Tn13F11_Kp","trial_3","spent","KPPR1_13F11_spent","T0",4200000,4880000,6.68841982200271,962496.753241277,5.98339927319168,NA,NA,NA,NA
"180","Tn13F11_Kp","trial_3","co-culture","KPPR1_13F11","T0",3400000,3520000,6.54654266347813,611882.341631134,5.78666792003303,NA,NA,NA,NA
"181","Tn13F11_Kp","trial_3","control","KPPR1_fresh_LB","T24",3.2e+10,2.468e+10,10.3923451553612,7472509618.59535,9.87346648273443,10000,4,6325.78754578755,3.80111460186337
"182","Tn13F11_Kp","trial_3","spent","KPPR1_self_spent","T24",6.6e+08,341600000,8.53351786201697,156546989.750682,8.19464472096451,150,2.17609125905568,92.3451652386781,1.96541416274185
"183","Tn13F11_Kp","trial_3","spent","KPPR1_13F11_spent","T24",5e+08,302400000,8.48058178682917,114715997.140765,8.0596239844708,119.047619047619,2.07572071393812,81.2056780428873,1.90958639693182
"184","Tn13F11_Kp","trial_3","co-culture","KPPR1_13F11","T24",3.14e+10,1.796e+10,10.2543063323313,7385770102.02728,9.86839578517593,9235.29411764706,3.96545073103096,4690.44506691565,3.67121405400182
"185","Tn13F11_Kp","trial_4","control","KPPR1_fresh_LB","T0",4200000,18520000,7.26764098234592,14870857.4063502,7.17233600928266,NA,NA,NA,NA
"186","Tn13F11_Kp","trial_4","spent","KPPR1_self_spent","T0",8600000,5680000,6.75434833571102,1212600.51129793,6.08371774702102,NA,NA,NA,NA
"187","Tn13F11_Kp","trial_4","spent","KPPR1_13F11_spent","T0",8600000,4880000,6.68841982200271,962496.753241277,5.98339927319168,NA,NA,NA,NA
"188","Tn13F11_Kp","trial_4","co-culture","KPPR1_13F11","T0",5400000,3520000,6.54654266347813,611882.341631134,5.78666792003303,NA,NA,NA,NA
"189","Tn13F11_Kp","trial_4","control","KPPR1_fresh_LB","T24",4e+10,2.468e+10,10.3923451553612,7472509618.59535,9.87346648273443,9523.80952380952,3.97881070093006,6325.78754578755,3.80111460186337
"190","Tn13F11_Kp","trial_4","spent","KPPR1_self_spent","T24",9.4e+07,341600000,8.53351786201697,156546989.750682,8.19464472096451,10.9302325581395,1.03862940235613,92.3451652386781,1.96541416274185
"191","Tn13F11_Kp","trial_4","spent","KPPR1_13F11_spent","T24",8.2e+07,302400000,8.48058178682917,114715997.140765,8.0596239844708,9.53488372093023,0.979315401140149,81.2056780428873,1.90958639693182
"192","Tn13F11_Kp","trial_4","co-culture","KPPR1_13F11","T24",3.88e+10,1.796e+10,10.2543063323313,7385770102.02728,9.86839578517593,7185.18518518518,3.85643796577124,4690.44506691565,3.67121405400182
"193","Tn13F11_Kp","trial_5","control","KPPR1_fresh_LB","T0",7.8e+07,18520000,7.26764098234592,14870857.4063502,7.17233600928266,NA,NA,NA,NA
"194","Tn13F11_Kp","trial_5","spent","KPPR1_self_spent","T0",8600000,5680000,6.75434833571102,1212600.51129793,6.08371774702102,NA,NA,NA,NA
"195","Tn13F11_Kp","trial_5","spent","KPPR1_13F11_spent","T0",4200000,4880000,6.68841982200271,962496.753241277,5.98339927319168,NA,NA,NA,NA
"196","Tn13F11_Kp","trial_5","co-culture","KPPR1_13F11","T0",4200000,3520000,6.54654266347813,611882.341631134,5.78666792003303,NA,NA,NA,NA
"197","Tn13F11_Kp","trial_5","control","KPPR1_fresh_LB","T24",8.2e+09,2.468e+10,10.3923451553612,7472509618.59535,9.87346648273443,105.128205128205,2.02171924969324,6325.78754578755,3.80111460186337
"198","Tn13F11_Kp","trial_5","spent","KPPR1_self_spent","T24",3.4e+07,341600000,8.53351786201697,156546989.750682,8.19464472096451,3.95348837209302,0.596980465798687,92.3451652386781,1.96541416274185
"199","Tn13F11_Kp","trial_5","spent","KPPR1_13F11_spent","T24",3e+07,302400000,8.48058178682917,114715997.140765,8.0596239844708,7.14285714285714,0.853871964321762,81.2056780428873,1.90958639693182
"200","Tn13F11_Kp","trial_5","co-culture","KPPR1_13F11","T24",3.4e+09,1.796e+10,10.2543063323313,7385770102.02728,9.86839578517593,809.52380952381,2.90822962664435,4690.44506691565,3.67121405400182
"201","MG1655_Kp","trial_1","control","KPPR1_fresh_LB","T0",4600000,6680000,6.82477646247555,1417885.74998129,6.15164123779226,NA,NA,NA,NA
"202","MG1655_Kp","trial_1","spent","KPPR1_self_spent","T0",4400000,5720000,6.75739602879302,849941.174435031,5.92938886865272,NA,NA,NA,NA
"203","MG1655_Kp","trial_1","spent","KPPR1_MG1655_spent","T0",4e+06,5960000,6.77524625974024,994786.409235671,5.99772984331053,NA,NA,NA,NA
"204","MG1655_Kp","trial_1","co-culture","KPPR1_MG1655","T0",3800000,5680000,6.75434833571102,688767.014308902,5.8380723401781,NA,NA,NA,NA
"205","MG1655_Kp","trial_1","control","KPPR1_fresh_LB","T24",3.6e+10,2.348e+10,10.3706980925756,8365548398.04301,9.92249441612177,7826.08695652174,3.89354466908571,3868.06755701166,3.58749405056638
"206","MG1655_Kp","trial_1","spent","KPPR1_self_spent","T24",5.8e+08,351600000,8.54604886640174,181540518.893166,8.25897357244527,131.818181818182,2.11997531707675,80.045288045288,1.90333577178111
"207","MG1655_Kp","trial_1","spent","KPPR1_MG1655_spent","T24",4e+08,168800000,8.22737244228964,62490319.2502647,7.79581274339479,100,2,37.9446603472265,1.57915066969413
"208","MG1655_Kp","trial_1","co-culture","KPPR1_MG1655","T24",3.6e+10,1.548e+10,10.1897709563469,6232046212.92237,9.79463066513029,9473.68421052632,3.97651890415048,3500.01795209226,3.54407027191445
"209","MG1655_Kp","trial_2","control","KPPR1_fresh_LB","T0",5e+06,6680000,6.82477646247555,1417885.74998129,6.15164123779226,NA,NA,NA,NA
"210","MG1655_Kp","trial_2","spent","KPPR1_self_spent","T0",4400000,5720000,6.75739602879302,849941.174435031,5.92938886865272,NA,NA,NA,NA
"211","MG1655_Kp","trial_2","spent","KPPR1_MG1655_spent","T0",3600000,5960000,6.77524625974024,994786.409235671,5.99772984331053,NA,NA,NA,NA
"212","MG1655_Kp","trial_2","co-culture","KPPR1_MG1655","T0",4400000,5680000,6.75434833571102,688767.014308902,5.8380723401781,NA,NA,NA,NA
"213","MG1655_Kp","trial_2","control","KPPR1_fresh_LB","T24",2.2e+10,2.348e+10,10.3706980925756,8365548398.04301,9.92249441612177,4400,3.64345267648619,3868.06755701166,3.58749405056638
"214","MG1655_Kp","trial_2","spent","KPPR1_self_spent","T24",1.2e+08,351600000,8.54604886640174,181540518.893166,8.25897357244527,27.2727272727273,1.43572856956144,80.045288045288,1.90333577178111
"215","MG1655_Kp","trial_2","spent","KPPR1_MG1655_spent","T24",2e+08,168800000,8.22737244228964,62490319.2502647,7.79581274339479,55.5555555555556,1.74472749489669,37.9446603472265,1.57915066969413
"216","MG1655_Kp","trial_2","co-culture","KPPR1_MG1655","T24",2.4e+10,1.548e+10,10.1897709563469,6232046212.92237,9.79463066513029,5454.54545454545,3.73675856522542,3500.01795209226,3.54407027191445
"217","MG1655_Kp","trial_3","control","KPPR1_fresh_LB","T0",10400000,6680000,6.82477646247555,1417885.74998129,6.15164123779226,NA,NA,NA,NA
"218","MG1655_Kp","trial_3","spent","KPPR1_self_spent","T0",4200000,5720000,6.75739602879302,849941.174435031,5.92938886865272,NA,NA,NA,NA
"219","MG1655_Kp","trial_3","spent","KPPR1_MG1655_spent","T0",7800000,5960000,6.77524625974024,994786.409235671,5.99772984331053,NA,NA,NA,NA
"220","MG1655_Kp","trial_3","co-culture","KPPR1_MG1655","T0",7400000,5680000,6.75434833571102,688767.014308902,5.8380723401781,NA,NA,NA,NA
"221","MG1655_Kp","trial_3","control","KPPR1_fresh_LB","T24",4.8e+10,2.348e+10,10.3706980925756,8365548398.04301,9.92249441612177,4615.38461538462,3.66420789807681,3868.06755701166,3.58749405056638
"222","MG1655_Kp","trial_3","spent","KPPR1_self_spent","T24",9.6e+08,351600000,8.54604886640174,181540518.893166,8.25897357244527,228.571428571429,2.35902194264167,80.045288045288,1.90333577178111
"223","MG1655_Kp","trial_3","spent","KPPR1_MG1655_spent","T24",1e+08,168800000,8.22737244228964,62490319.2502647,7.79581274339479,12.8205128205128,1.10790539730952,37.9446603472265,1.57915066969413
"224","MG1655_Kp","trial_3","co-culture","KPPR1_MG1655","T24",6.8e+09,1.548e+10,10.1897709563469,6232046212.92237,9.79463066513029,918.918918918919,2.96327719297526,3500.01795209226,3.54407027191445
"225","MG1655_Kp","trial_4","control","KPPR1_fresh_LB","T0",9800000,6680000,6.82477646247555,1417885.74998129,6.15164123779226,NA,NA,NA,NA
"226","MG1655_Kp","trial_4","spent","KPPR1_self_spent","T0",7800000,5720000,6.75739602879302,849941.174435031,5.92938886865272,NA,NA,NA,NA
"227","MG1655_Kp","trial_4","spent","KPPR1_MG1655_spent","T0",8600000,5960000,6.77524625974024,994786.409235671,5.99772984331053,NA,NA,NA,NA
"228","MG1655_Kp","trial_4","co-culture","KPPR1_MG1655","T0",6e+06,5680000,6.75434833571102,688767.014308902,5.8380723401781,NA,NA,NA,NA
"229","MG1655_Kp","trial_4","control","KPPR1_fresh_LB","T24",3.8e+09,2.348e+10,10.3706980925756,8365548398.04301,9.92249441612177,387.755102040816,2.58855752092432,3868.06755701166,3.58749405056638
"230","MG1655_Kp","trial_4","spent","KPPR1_self_spent","T24",4.4e+07,351600000,8.54604886640174,181540518.893166,8.25897357244527,5.64102564102564,0.751358073795707,80.045288045288,1.90333577178111
"231","MG1655_Kp","trial_4","spent","KPPR1_MG1655_spent","T24",6.2e+07,168800000,8.22737244228964,62490319.2502647,7.79581274339479,7.2093023255814,0.857893238254686,37.9446603472265,1.57915066969413
"232","MG1655_Kp","trial_4","co-culture","KPPR1_MG1655","T24",4.8e+09,1.548e+10,10.1897709563469,6232046212.92237,9.79463066513029,800,2.90308998699194,3500.01795209226,3.54407027191445
"233","MG1655_Kp","trial_5","control","KPPR1_fresh_LB","T0",3600000,6680000,6.82477646247555,1417885.74998129,6.15164123779226,NA,NA,NA,NA
"234","MG1655_Kp","trial_5","spent","KPPR1_self_spent","T0",7800000,5720000,6.75739602879302,849941.174435031,5.92938886865272,NA,NA,NA,NA
"235","MG1655_Kp","trial_5","spent","KPPR1_MG1655_spent","T0",5800000,5960000,6.77524625974024,994786.409235671,5.99772984331053,NA,NA,NA,NA
"236","MG1655_Kp","trial_5","co-culture","KPPR1_MG1655","T0",6800000,5680000,6.75434833571102,688767.014308902,5.8380723401781,NA,NA,NA,NA
"237","MG1655_Kp","trial_5","control","KPPR1_fresh_LB","T24",7.6e+09,2.348e+10,10.3706980925756,8365548398.04301,9.92249441612177,2111.11111111111,3.3245110915135,3868.06755701166,3.58749405056638
"238","MG1655_Kp","trial_5","spent","KPPR1_self_spent","T24",5.4e+07,351600000,8.54604886640174,181540518.893166,8.25897357244527,6.92307692307692,0.840299157132488,80.045288045288,1.90333577178111
"239","MG1655_Kp","trial_5","spent","KPPR1_MG1655_spent","T24",8.2e+07,168800000,8.22737244228964,62490319.2502647,7.79581274339479,14.1379310344828,1.15038585882078,37.9446603472265,1.57915066969413
"240","MG1655_Kp","trial_5","co-culture","KPPR1_MG1655","T24",5.8e+09,1.548e+10,10.1897709563469,6232046212.92237,9.79463066513029,852.941176470588,2.9309190808567,3500.01795209226,3.54407027191445
"241","rhl_Kp","trial_1","control","KPPR1_fresh_LB","T0",2200000,3280000,6.51587384371168,320000,5.50514997831991,NA,NA,NA,NA
"242","rhl_Kp","trial_1","spent","KPPR1_self_spent","T0",3200000,3120000,6.49415459401844,313687.742827162,5.49649754921567,NA,NA,NA,NA
"243","rhl_Kp","trial_1","spent","KPPR1_Pa_14_spent","T0",3600000,3600000,6.55630250076729,109544.511501033,5.03959062302381,NA,NA,NA,NA
"244","rhl_Kp","trial_1","spent","KPPR1_Pa_sm32_spent","T0",2600000,4e+06,6.60205999132796,433589.667773576,5.63707892463184,NA,NA,NA,NA
"245","rhl_Kp","trial_1","spent","KPPR1_Pa_sm52_spent","T0",2200000,3800000,6.57978359661681,428952.211790544,5.63240891150477,NA,NA,NA,NA
"246","rhl_Kp","trial_1","co-culture","KPPR1_Pa14","T0",3600000,3800000,6.57978359661681,328633.5345031,5.51671187774348,NA,NA,NA,NA
"247","rhl_Kp","trial_1","co-culture","KPPR1_Pa_sm_32","T0",3800000,4160000,6.61909333062674,256124.969497314,5.40845191968783,NA,NA,NA,NA
"248","rhl_Kp","trial_1","co-culture","KPPR1_Pa_sm_52","T0",4400000,4080000,6.61066016308988,392937.65408777,5.59432364799986,NA,NA,NA,NA
"249","rhl_Kp","trial_1","control","KPPR1_fresh_LB","T24",5.9e+10,5.66e+10,10.7528164311883,8394045508.57332,9.92397131942261,26818.1818181818,4.42842933081994,17678.1358476405,4.24743646691194
"250","rhl_Kp","trial_1","spent","KPPR1_self_spent","T24",1.8e+09,515600000,8.71231290868137,327652498.845957,8.51541348445719,562.5,2.7501225267834,168.56684981685,2.22677217078002
"251","rhl_Kp","trial_1","spent","KPPR1_Pa_14_spent","T24",4.2e+07,15040000,7.17724783625562,7866740.11265149,6.89579480295854,11.6666666666667,1.06694678963061,4.06274509803922,0.608819574975259
"252","rhl_Kp","trial_1","spent","KPPR1_Pa_sm32_spent","T24",1.8e+09,2.076e+09,9.31722734917642,522853708.029311,8.71838019234143,692.307692307692,2.84029915713249,515.017094017094,2.71182164402001
"253","rhl_Kp","trial_1","spent","KPPR1_Pa_sm52_spent","T24",1.8e+09,898400000,8.9534697432534,374639239.802773,8.57361326352857,818.181818181818,2.9128498242811,289.636363636364,2.46185308630689
"254","rhl_Kp","trial_1","co-culture","KPPR1_Pa14","T24",2e+08,224800000,8.35179630689702,64444084.2901814,7.80918305701841,55.5555555555556,1.74472749489669,64.713216374269,1.81099298564948
"255","rhl_Kp","trial_1","co-culture","KPPR1_Pa_sm_32","T24",2.2e+10,2.748e+10,10.4390167283875,7013586814.17718,9.84594017705611,5789.47368421053,3.7626390842054,6737.09337281824,3.82847256650344
"256","rhl_Kp","trial_1","co-culture","KPPR1_Pa_sm_52","T24",2e+09,9.096e+09,9.95885045167968,7234004147.08203,9.85937875339634,454.545454545455,2.65757731917779,1842.70067187714,3.26545479419369
"257","rhl_Kp","trial_2","control","KPPR1_fresh_LB","T0",3800000,3280000,6.51587384371168,320000,5.50514997831991,NA,NA,NA,NA
"258","rhl_Kp","trial_2","spent","KPPR1_self_spent","T0",2400000,3120000,6.49415459401844,313687.742827162,5.49649754921567,NA,NA,NA,NA
"259","rhl_Kp","trial_2","spent","KPPR1_Pa_14_spent","T0",3400000,3600000,6.55630250076729,109544.511501033,5.03959062302381,NA,NA,NA,NA
"260","rhl_Kp","trial_2","spent","KPPR1_Pa_sm32_spent","T0",4e+06,4e+06,6.60205999132796,433589.667773576,5.63707892463184,NA,NA,NA,NA
"261","rhl_Kp","trial_2","spent","KPPR1_Pa_sm52_spent","T0",3600000,3800000,6.57978359661681,428952.211790544,5.63240891150477,NA,NA,NA,NA
"262","rhl_Kp","trial_2","co-culture","KPPR1_Pa14","T0",3e+06,3800000,6.57978359661681,328633.5345031,5.51671187774348,NA,NA,NA,NA
"263","rhl_Kp","trial_2","co-culture","KPPR1_Pa_sm_32","T0",3400000,4160000,6.61909333062674,256124.969497314,5.40845191968783,NA,NA,NA,NA
"264","rhl_Kp","trial_2","co-culture","KPPR1_Pa_sm_52","T0",3400000,4080000,6.61066016308988,392937.65408777,5.59432364799986,NA,NA,NA,NA
"265","rhl_Kp","trial_2","control","KPPR1_fresh_LB","T24",6.4e+10,5.66e+10,10.7528164311883,8394045508.57332,9.92397131942261,16842.1052631579,4.22639637736708,17678.1358476405,4.24743646691194
"266","rhl_Kp","trial_2","spent","KPPR1_self_spent","T24",3.4e+08,515600000,8.71231290868137,327652498.845957,8.51541348445719,141.666666666667,2.15126767533065,168.56684981685,2.22677217078002
"267","rhl_Kp","trial_2","spent","KPPR1_Pa_14_spent","T24",3e+06,15040000,7.17724783625562,7866740.11265149,6.89579480295854,0.88235294117647,-0.0543576623225927,4.06274509803922,0.608819574975259
"268","rhl_Kp","trial_2","spent","KPPR1_Pa_sm32_spent","T24",1.8e+09,2.076e+09,9.31722734917642,522853708.029311,8.71838019234143,450,2.65321251377534,515.017094017094,2.71182164402001
"269","rhl_Kp","trial_2","spent","KPPR1_Pa_sm52_spent","T24",3.6e+08,898400000,8.9534697432534,374639239.802773,8.57361326352857,100,2,289.636363636364,2.46185308630689
"270","rhl_Kp","trial_2","co-culture","KPPR1_Pa14","T24",4.2e+08,224800000,8.35179630689702,64444084.2901814,7.80918305701841,140,2.14612803567824,64.713216374269,1.81099298564948
"271","rhl_Kp","trial_2","co-culture","KPPR1_Pa_sm_32","T24",3e+10,2.748e+10,10.4390167283875,7013586814.17718,9.84594017705611,8823.52941176471,3.94564233767741,6737.09337281824,3.82847256650344
"272","rhl_Kp","trial_2","co-culture","KPPR1_Pa_sm_52","T24",2e+09,9.096e+09,9.95885045167968,7234004147.08203,9.85937875339634,588.235294117647,2.76955107862173,1842.70067187714,3.26545479419369
"273","rhl_Kp","trial_3","control","KPPR1_fresh_LB","T0",3e+06,3280000,6.51587384371168,320000,5.50514997831991,NA,NA,NA,NA
"274","rhl_Kp","trial_3","spent","KPPR1_self_spent","T0",4200000,3120000,6.49415459401844,313687.742827162,5.49649754921567,NA,NA,NA,NA
"275","rhl_Kp","trial_3","spent","KPPR1_Pa_14_spent","T0",3400000,3600000,6.55630250076729,109544.511501033,5.03959062302381,NA,NA,NA,NA
"276","rhl_Kp","trial_3","spent","KPPR1_Pa_sm32_spent","T0",4800000,4e+06,6.60205999132796,433589.667773576,5.63707892463184,NA,NA,NA,NA
"277","rhl_Kp","trial_3","spent","KPPR1_Pa_sm52_spent","T0",4400000,3800000,6.57978359661681,428952.211790544,5.63240891150477,NA,NA,NA,NA
"278","rhl_Kp","trial_3","co-culture","KPPR1_Pa14","T0",3600000,3800000,6.57978359661681,328633.5345031,5.51671187774348,NA,NA,NA,NA
"279","rhl_Kp","trial_3","co-culture","KPPR1_Pa_sm_32","T0",4200000,4160000,6.61909333062674,256124.969497314,5.40845191968783,NA,NA,NA,NA
"280","rhl_Kp","trial_3","co-culture","KPPR1_Pa_sm_52","T0",3e+06,4080000,6.61066016308988,392937.65408777,5.59432364799986,NA,NA,NA,NA
"281","rhl_Kp","trial_3","control","KPPR1_fresh_LB","T24",2.5e+10,5.66e+10,10.7528164311883,8394045508.57332,9.92397131942261,8333.33333333333,3.92081875395238,17678.1358476405,4.24743646691194
"282","rhl_Kp","trial_3","spent","KPPR1_self_spent","T24",3.6e+07,515600000,8.71231290868137,327652498.845957,8.51541348445719,8.57142857142857,0.933053210369387,168.56684981685,2.22677217078002
"283","rhl_Kp","trial_3","spent","KPPR1_Pa_14_spent","T24",2600000,15040000,7.17724783625562,7866740.11265149,6.89579480295854,0.764705882352941,-0.116505569071437,4.06274509803922,0.608819574975259
"284","rhl_Kp","trial_3","spent","KPPR1_Pa_sm32_spent","T24",3.8e+09,2.076e+09,9.31722734917642,522853708.029311,8.71838019234143,791.666666666667,2.89854235924122,515.017094017094,2.71182164402001
"285","rhl_Kp","trial_3","spent","KPPR1_Pa_sm52_spent","T24",5.2e+07,898400000,8.9534697432534,374639239.802773,8.57361326352857,11.8181818181818,1.07255066714861,289.636363636364,2.46185308630689
"286","rhl_Kp","trial_3","co-culture","KPPR1_Pa14","T24",9e+07,224800000,8.35179630689702,64444084.2901814,7.80918305701841,25,1.39794000867204,64.713216374269,1.81099298564948
"287","rhl_Kp","trial_3","co-culture","KPPR1_Pa_sm_32","T24",4.2e+10,2.748e+10,10.4390167283875,7013586814.17718,9.84594017705611,10000,4,6737.09337281824,3.82847256650344
"288","rhl_Kp","trial_3","co-culture","KPPR1_Pa_sm_52","T24",6.8e+08,9.096e+09,9.95885045167968,7234004147.08203,9.85937875339634,226.666666666667,2.35538765798657,1842.70067187714,3.26545479419369
"289","rhl_Kp","trial_4","control","KPPR1_fresh_LB","T0",3400000,3280000,6.51587384371168,320000,5.50514997831991,NA,NA,NA,NA
"290","rhl_Kp","trial_4","spent","KPPR1_self_spent","T0",3200000,3120000,6.49415459401844,313687.742827162,5.49649754921567,NA,NA,NA,NA
"291","rhl_Kp","trial_4","spent","KPPR1_Pa_14_spent","T0",4e+06,3600000,6.55630250076729,109544.511501033,5.03959062302381,NA,NA,NA,NA
"292","rhl_Kp","trial_4","spent","KPPR1_Pa_sm32_spent","T0",5e+06,4e+06,6.60205999132796,433589.667773576,5.63707892463184,NA,NA,NA,NA
"293","rhl_Kp","trial_4","spent","KPPR1_Pa_sm52_spent","T0",4400000,3800000,6.57978359661681,428952.211790544,5.63240891150477,NA,NA,NA,NA
"294","rhl_Kp","trial_4","co-culture","KPPR1_Pa14","T0",3800000,3800000,6.57978359661681,328633.5345031,5.51671187774348,NA,NA,NA,NA
"295","rhl_Kp","trial_4","co-culture","KPPR1_Pa_sm_32","T0",4600000,4160000,6.61909333062674,256124.969497314,5.40845191968783,NA,NA,NA,NA
"296","rhl_Kp","trial_4","co-culture","KPPR1_Pa_sm_52","T0",5200000,4080000,6.61066016308988,392937.65408777,5.59432364799986,NA,NA,NA,NA
"297","rhl_Kp","trial_4","control","KPPR1_fresh_LB","T24",6e+10,5.66e+10,10.7528164311883,8394045508.57332,9.92397131942261,17647.0588235294,4.24667233334139,17678.1358476405,4.24743646691194
"298","rhl_Kp","trial_4","spent","KPPR1_self_spent","T24",3.4e+08,515600000,8.71231290868137,327652498.845957,8.51541348445719,106.25,2.02632893872235,168.56684981685,2.22677217078002
"299","rhl_Kp","trial_4","spent","KPPR1_Pa_14_spent","T24",2.4e+07,15040000,7.17724783625562,7866740.11265149,6.89579480295854,6,0.778151250383644,4.06274509803922,0.608819574975259
"300","rhl_Kp","trial_4","spent","KPPR1_Pa_sm32_spent","T24",2.4e+09,2.076e+09,9.31722734917642,522853708.029311,8.71838019234143,480,2.68124123737559,515.017094017094,2.71182164402001
"301","rhl_Kp","trial_4","spent","KPPR1_Pa_sm52_spent","T24",1.8e+09,898400000,8.9534697432534,374639239.802773,8.57361326352857,409.090909090909,2.61181982861712,289.636363636364,2.46185308630689
"302","rhl_Kp","trial_4","co-culture","KPPR1_Pa14","T24",3.2e+08,224800000,8.35179630689702,64444084.2901814,7.80918305701841,84.2105263157895,1.9253663817031,64.713216374269,1.81099298564948
"303","rhl_Kp","trial_4","co-culture","KPPR1_Pa_sm_32","T24",3.4e+09,2.748e+10,10.4390167283875,7013586814.17718,9.84594017705611,739.130434782609,2.86872108536068,6737.09337281824,3.82847256650344
"304","rhl_Kp","trial_4","co-culture","KPPR1_Pa_sm_52","T24",3.8e+10,9.096e+09,9.95885045167968,7234004147.08203,9.85937875339634,7307.69230769231,3.86378025298201,1842.70067187714,3.26545479419369
"305","rhl_Kp","trial_5","control","KPPR1_fresh_LB","T0",4e+06,3280000,6.51587384371168,320000,5.50514997831991,NA,NA,NA,NA
"306","rhl_Kp","trial_5","spent","KPPR1_self_spent","T0",2600000,3120000,6.49415459401844,313687.742827162,5.49649754921567,NA,NA,NA,NA
"307","rhl_Kp","trial_5","spent","KPPR1_Pa_14_spent","T0",3600000,3600000,6.55630250076729,109544.511501033,5.03959062302381,NA,NA,NA,NA
"308","rhl_Kp","trial_5","spent","KPPR1_Pa_sm32_spent","T0",3600000,4e+06,6.60205999132796,433589.667773576,5.63707892463184,NA,NA,NA,NA
"309","rhl_Kp","trial_5","spent","KPPR1_Pa_sm52_spent","T0",4400000,3800000,6.57978359661681,428952.211790544,5.63240891150477,NA,NA,NA,NA
"310","rhl_Kp","trial_5","co-culture","KPPR1_Pa14","T0",5e+06,3800000,6.57978359661681,328633.5345031,5.51671187774348,NA,NA,NA,NA
"311","rhl_Kp","trial_5","co-culture","KPPR1_Pa_sm_32","T0",4800000,4160000,6.61909333062674,256124.969497314,5.40845191968783,NA,NA,NA,NA
"312","rhl_Kp","trial_5","co-culture","KPPR1_Pa_sm_52","T0",4400000,4080000,6.61066016308988,392937.65408777,5.59432364799986,NA,NA,NA,NA
"313","rhl_Kp","trial_5","control","KPPR1_fresh_LB","T24",7.5e+10,5.66e+10,10.7528164311883,8394045508.57332,9.92397131942261,18750,4.27300127206374,17678.1358476405,4.24743646691194
"314","rhl_Kp","trial_5","spent","KPPR1_self_spent","T24",6.2e+07,515600000,8.71231290868137,327652498.845957,8.51541348445719,23.8461538461538,1.37741834152744,168.56684981685,2.22677217078002
"315","rhl_Kp","trial_5","spent","KPPR1_Pa_14_spent","T24",3600000,15040000,7.17724783625562,7866740.11265149,6.89579480295854,1,0,4.06274509803922,0.608819574975259
"316","rhl_Kp","trial_5","spent","KPPR1_Pa_sm32_spent","T24",5.8e+08,2.076e+09,9.31722734917642,522853708.029311,8.71838019234143,161.111111111111,2.20712549279565,515.017094017094,2.71182164402001
"317","rhl_Kp","trial_5","spent","KPPR1_Pa_sm52_spent","T24",4.8e+08,898400000,8.9534697432534,374639239.802773,8.57361326352857,109.090909090909,2.0377885608894,289.636363636364,2.46185308630689
"318","rhl_Kp","trial_5","co-culture","KPPR1_Pa14","T24",9.4e+07,224800000,8.35179630689702,64444084.2901814,7.80918305701841,18.8,1.27415784926368,64.713216374269,1.81099298564948
"319","rhl_Kp","trial_5","co-culture","KPPR1_Pa_sm_32","T24",4e+10,2.748e+10,10.4390167283875,7013586814.17718,9.84594017705611,8333.33333333333,3.92081875395238,6737.09337281824,3.82847256650344
"320","rhl_Kp","trial_5","co-culture","KPPR1_Pa_sm_52","T24",2.8e+09,9.096e+09,9.95885045167968,7234004147.08203,9.85937875339634,636.363636363636,2.80370535485603,1842.70067187714,3.26545479419369
"321","phn_Kp","trial_1","control","KPPR1_fresh_lb","T0",1800000,4880000,6.68841982200271,997196.068985433,5.9987805578168,NA,NA,NA,NA
"322","phn_Kp","trial_1","co-culture","KPPR1_JV450","T0",2600000,3920000,6.59328606702046,624819.974072532,5.79575490449733,NA,NA,NA,NA
"323","phn_Kp","trial_1","co-culture","KPPR1_JV462","T0",2400000,4600000,6.66275783168157,867179.335547152,5.93810892029582,NA,NA,NA,NA
"324","phn_Kp","trial_1","co-culture","KPPR1_JV463","T0",2800000,4720000,6.67394199863409,770973.410695855,5.88703940037626,NA,NA,NA,NA
"325","phn_Kp","trial_1","co-culture","KPPR1_JV466","T0",2400000,4840000,6.68484536164441,1004788.53496644,6.00207467095003,NA,NA,NA,NA
"326","phn_Kp","trial_1","co-culture","KPPR1_JV467","T0",2200000,4120000,6.61489721603313,516139.516022558,5.71276711024913,NA,NA,NA,NA
"327","phn_Kp","trial_1","co-culture","KPPR1_JV468","T0",3e+06,5360000,6.72916478969277,670522.184569608,5.8264131512805,NA,NA,NA,NA
"328","phn_Kp","trial_1","control","KPPR1_fresh_lb","T24",4.4e+09,6.52e+09,9.81424759573192,1163786922.07809,9.06587347255044,2444.44444444444,3.38818017138288,1505.73313698314,3.17774800811612
"329","phn_Kp","trial_1","co-culture","KPPR1_JV450","T24",9.2e+07,210800000,8.32387060654051,96032494.5005595,7.98241821006506,35.3846153846154,1.54881447937474,49.4872261072261,1.6944931111139
"330","phn_Kp","trial_1","co-culture","KPPR1_JV462","T24",4e+09,3.72e+09,9.5705429398819,361109401.705356,8.55763879569795,1666.66666666667,3.22184874961636,956.177606177606,2.98053856823722
"331","phn_Kp","trial_1","co-culture","KPPR1_JV463","T24",3.6e+09,5.92e+09,9.77232170672292,889044430.835715,8.94892346578979,1285.71428571429,3.10914446942507,1307.09273182957,3.11630639974065
"332","phn_Kp","trial_1","co-culture","KPPR1_JV466","T24",3.8e+09,4.16e+09,9.61909333062674,926066952.223218,8.96664238617435,1583.33333333333,3.1995723549052,992.952380952381,2.99692842152106
"333","phn_Kp","trial_1","co-culture","KPPR1_JV467","T24",7.8e+07,5.6e+07,7.7481880270062,8221921.91643778,6.91497334797082,35.4545454545454,1.54967192186827,15.9698388567954,1.20330053392448
"334","phn_Kp","trial_1","co-culture","KPPR1_JV468","T24",4.4e+09,2.396e+09,9.37948681371727,704908504.701142,8.8481327503501,1466.66666666667,3.16633142176653,565.067323481117,2.75210019379205
"335","phn_Kp","trial_2","control","KPPR1_fresh_lb","T0",3600000,4880000,6.68841982200271,997196.068985433,5.9987805578168,NA,NA,NA,NA
"336","phn_Kp","trial_2","co-culture","KPPR1_JV450","T0",2200000,3920000,6.59328606702046,624819.974072532,5.79575490449733,NA,NA,NA,NA
"337","phn_Kp","trial_2","co-culture","KPPR1_JV462","T0",3600000,4600000,6.66275783168157,867179.335547152,5.93810892029582,NA,NA,NA,NA
"338","phn_Kp","trial_2","co-culture","KPPR1_JV463","T0",4e+06,4720000,6.67394199863409,770973.410695855,5.88703940037626,NA,NA,NA,NA
"339","phn_Kp","trial_2","co-culture","KPPR1_JV466","T0",8400000,4840000,6.68484536164441,1004788.53496644,6.00207467095003,NA,NA,NA,NA
"340","phn_Kp","trial_2","co-culture","KPPR1_JV467","T0",4e+06,4120000,6.61489721603313,516139.516022558,5.71276711024913,NA,NA,NA,NA
"341","phn_Kp","trial_2","co-culture","KPPR1_JV468","T0",5800000,5360000,6.72916478969277,670522.184569608,5.8264131512805,NA,NA,NA,NA
"342","phn_Kp","trial_2","control","KPPR1_fresh_lb","T24",4.2e+09,6.52e+09,9.81424759573192,1163786922.07809,9.06587347255044,1166.66666666667,3.06694678963061,1505.73313698314,3.17774800811612
"343","phn_Kp","trial_2","co-culture","KPPR1_JV450","T24",7e+07,210800000,8.32387060654051,96032494.5005595,7.98241821006506,31.8181818181818,1.50267535919205,49.4872261072261,1.6944931111139
"344","phn_Kp","trial_2","co-culture","KPPR1_JV462","T24",3e+09,3.72e+09,9.5705429398819,361109401.705356,8.55763879569795,833.333333333333,2.92081875395238,956.177606177606,2.98053856823722
"345","phn_Kp","trial_2","co-culture","KPPR1_JV463","T24",4.2e+09,5.92e+09,9.77232170672292,889044430.835715,8.94892346578979,1050,3.02118929906994,1307.09273182957,3.11630639974065
"346","phn_Kp","trial_2","co-culture","KPPR1_JV466","T24",3.4e+09,4.16e+09,9.61909333062674,926066952.223218,8.96664238617435,404.761904761905,2.60719963098037,992.952380952381,2.99692842152106
"347","phn_Kp","trial_2","co-culture","KPPR1_JV467","T24",6.4e+07,5.6e+07,7.7481880270062,8221921.91643778,6.91497334797082,16,1.20411998265592,15.9698388567954,1.20330053392448
"348","phn_Kp","trial_2","co-culture","KPPR1_JV468","T24",3e+09,2.396e+09,9.37948681371727,704908504.701142,8.8481327503501,517.241379310345,2.71369326115673,565.067323481117,2.75210019379205
"349","phn_Kp","trial_3","control","KPPR1_fresh_lb","T0",6400000,4880000,6.68841982200271,997196.068985433,5.9987805578168,NA,NA,NA,NA
"350","phn_Kp","trial_3","co-culture","KPPR1_JV450","T0",5e+06,3920000,6.59328606702046,624819.974072532,5.79575490449733,NA,NA,NA,NA
"351","phn_Kp","trial_3","co-culture","KPPR1_JV462","T0",7400000,4600000,6.66275783168157,867179.335547152,5.93810892029582,NA,NA,NA,NA
"352","phn_Kp","trial_3","co-culture","KPPR1_JV463","T0",6e+06,4720000,6.67394199863409,770973.410695855,5.88703940037626,NA,NA,NA,NA
"353","phn_Kp","trial_3","co-culture","KPPR1_JV466","T0",4800000,4840000,6.68484536164441,1004788.53496644,6.00207467095003,NA,NA,NA,NA
"354","phn_Kp","trial_3","co-culture","KPPR1_JV467","T0",4600000,4120000,6.61489721603313,516139.516022558,5.71276711024913,NA,NA,NA,NA
"355","phn_Kp","trial_3","co-culture","KPPR1_JV468","T0",5e+06,5360000,6.72916478969277,670522.184569608,5.8264131512805,NA,NA,NA,NA
"356","phn_Kp","trial_3","control","KPPR1_fresh_lb","T24",5.4e+09,6.52e+09,9.81424759573192,1163786922.07809,9.06587347255044,843.75,2.92621378583908,1505.73313698314,3.17774800811612
"357","phn_Kp","trial_3","co-culture","KPPR1_JV450","T24",5.8e+08,210800000,8.32387060654051,96032494.5005595,7.98241821006506,116,2.06445798922692,49.4872261072261,1.6944931111139
"358","phn_Kp","trial_3","co-culture","KPPR1_JV462","T24",3.4e+09,3.72e+09,9.5705429398819,361109401.705356,8.55763879569795,459.45945945946,2.66224719731128,956.177606177606,2.98053856823722
"359","phn_Kp","trial_3","co-culture","KPPR1_JV463","T24",8.2e+09,5.92e+09,9.77232170672292,889044430.835715,8.94892346578979,1366.66666666667,3.13566260200007,1307.09273182957,3.11630639974065
"360","phn_Kp","trial_3","co-culture","KPPR1_JV466","T24",2.8e+09,4.16e+09,9.61909333062674,926066952.223218,8.96664238617435,583.333333333333,2.76591679396663,992.952380952381,2.99692842152106
"361","phn_Kp","trial_3","co-culture","KPPR1_JV467","T24",4e+07,5.6e+07,7.7481880270062,8221921.91643778,6.91497334797082,8.69565217391304,0.939302159646388,15.9698388567954,1.20330053392448
"362","phn_Kp","trial_3","co-culture","KPPR1_JV468","T24",3e+09,2.396e+09,9.37948681371727,704908504.701142,8.8481327503501,600,2.77815125038364,565.067323481117,2.75210019379205
"363","phn_Kp","trial_4","control","KPPR1_fresh_lb","T0",7400000,4880000,6.68841982200271,997196.068985433,5.9987805578168,NA,NA,NA,NA
"364","phn_Kp","trial_4","co-culture","KPPR1_JV450","T0",4800000,3920000,6.59328606702046,624819.974072532,5.79575490449733,NA,NA,NA,NA
"365","phn_Kp","trial_4","co-culture","KPPR1_JV462","T0",5600000,4600000,6.66275783168157,867179.335547152,5.93810892029582,NA,NA,NA,NA
"366","phn_Kp","trial_4","co-culture","KPPR1_JV463","T0",7e+06,4720000,6.67394199863409,770973.410695855,5.88703940037626,NA,NA,NA,NA
"367","phn_Kp","trial_4","co-culture","KPPR1_JV466","T0",5e+06,4840000,6.68484536164441,1004788.53496644,6.00207467095003,NA,NA,NA,NA
"368","phn_Kp","trial_4","co-culture","KPPR1_JV467","T0",4600000,4120000,6.61489721603313,516139.516022558,5.71276711024913,NA,NA,NA,NA
"369","phn_Kp","trial_4","co-culture","KPPR1_JV468","T0",7e+06,5360000,6.72916478969277,670522.184569608,5.8264131512805,NA,NA,NA,NA
"370","phn_Kp","trial_4","control","KPPR1_fresh_lb","T24",8.8e+09,6.52e+09,9.81424759573192,1163786922.07809,9.06587347255044,1189.18918918919,3.07525095241919,1505.73313698314,3.17774800811612
"371","phn_Kp","trial_4","co-culture","KPPR1_JV450","T24",2.2e+08,210800000,8.32387060654051,96032494.5005595,7.98241821006506,45.8333333333333,1.66118144344662,49.4872261072261,1.6944931111139
"372","phn_Kp","trial_4","co-culture","KPPR1_JV462","T24",3.2e+09,3.72e+09,9.5705429398819,361109401.705356,8.55763879569795,571.428571428571,2.75696195131371,956.177606177606,2.98053856823722
"373","phn_Kp","trial_4","co-culture","KPPR1_JV463","T24",6.2e+09,5.92e+09,9.77232170672292,889044430.835715,8.94892346578979,885.714285714286,2.947293649484,1307.09273182957,3.11630639974065
"374","phn_Kp","trial_4","co-culture","KPPR1_JV466","T24",7.8e+09,4.16e+09,9.61909333062674,926066952.223218,8.96664238617435,1560,3.19312459835446,992.952380952381,2.99692842152106
"375","phn_Kp","trial_4","co-culture","KPPR1_JV467","T24",3.4e+07,5.6e+07,7.7481880270062,8221921.91643778,6.91497334797082,7.39130434782609,0.868721085360681,15.9698388567954,1.20330053392448
"376","phn_Kp","trial_4","co-culture","KPPR1_JV468","T24",9.2e+08,2.396e+09,9.37948681371727,704908504.701142,8.8481327503501,131.428571428571,2.1186897873313,565.067323481117,2.75210019379205
"377","phn_Kp","trial_5","control","KPPR1_fresh_lb","T0",5200000,4880000,6.68841982200271,997196.068985433,5.9987805578168,NA,NA,NA,NA
"378","phn_Kp","trial_5","co-culture","KPPR1_JV450","T0",5e+06,3920000,6.59328606702046,624819.974072532,5.79575490449733,NA,NA,NA,NA
"379","phn_Kp","trial_5","co-culture","KPPR1_JV462","T0",4e+06,4600000,6.66275783168157,867179.335547152,5.93810892029582,NA,NA,NA,NA
"380","phn_Kp","trial_5","co-culture","KPPR1_JV463","T0",3800000,4720000,6.67394199863409,770973.410695855,5.88703940037626,NA,NA,NA,NA
"381","phn_Kp","trial_5","co-culture","KPPR1_JV466","T0",3600000,4840000,6.68484536164441,1004788.53496644,6.00207467095003,NA,NA,NA,NA
"382","phn_Kp","trial_5","co-culture","KPPR1_JV467","T0",5200000,4120000,6.61489721603313,516139.516022558,5.71276711024913,NA,NA,NA,NA
"383","phn_Kp","trial_5","co-culture","KPPR1_JV468","T0",6e+06,5360000,6.72916478969277,670522.184569608,5.8264131512805,NA,NA,NA,NA
"384","phn_Kp","trial_5","control","KPPR1_fresh_lb","T24",9.8e+09,6.52e+09,9.81424759573192,1163786922.07809,9.06587347255044,1884.61538461538,3.2752227320577,1505.73313698314,3.17774800811612
"385","phn_Kp","trial_5","co-culture","KPPR1_JV450","T24",9.2e+07,210800000,8.32387060654051,96032494.5005595,7.98241821006506,18.4,1.26481782300954,49.4872261072261,1.6944931111139
"386","phn_Kp","trial_5","co-culture","KPPR1_JV462","T24",5e+09,3.72e+09,9.5705429398819,361109401.705356,8.55763879569795,1250,3.09691001300806,956.177606177606,2.98053856823722
"387","phn_Kp","trial_5","co-culture","KPPR1_JV463","T24",7.4e+09,5.92e+09,9.77232170672292,889044430.835715,8.94892346578979,1947.36842105263,3.28944812311417,1307.09273182957,3.11630639974065
"388","phn_Kp","trial_5","co-culture","KPPR1_JV466","T24",3e+09,4.16e+09,9.61909333062674,926066952.223218,8.96664238617435,833.333333333333,2.92081875395238,992.952380952381,2.99692842152106
"389","phn_Kp","trial_5","co-culture","KPPR1_JV467","T24",6.4e+07,5.6e+07,7.7481880270062,8221921.91643778,6.91497334797082,12.3076923076923,1.09017663034909,15.9698388567954,1.20330053392448
"390","phn_Kp","trial_5","co-culture","KPPR1_JV468","T24",6.6e+08,2.396e+09,9.37948681371727,704908504.701142,8.8481327503501,110,2.04139268515822,565.067323481117,2.75210019379205
"391","spent_phn_Kp","trial_1","control","KPPR1_fresh_lb","T0",1200000,3280000,6.51587384371168,875442.745129572,5.94222774803524,NA,NA,NA,NA
"392","spent_phn_Kp","trial_1","spent","KPPR1_self_spent","T0",1400000,3e+06,6.47712125471966,695701.085237043,5.84242268082221,NA,NA,NA,NA
"393","spent_phn_Kp","trial_1","spent","KPPR1_JV450_spent","T0",1800000,3280000,6.51587384371168,484148.737476408,5.68497880367303,NA,NA,NA,NA
"394","spent_phn_Kp","trial_1","spent","KPPR1_JV462_spent","T0",1600000,3080000,6.48855071650044,467332.857821917,5.66962631701635,NA,NA,NA,NA
"395","spent_phn_Kp","trial_1","spent","KPPR1_JV463_spent","T0",1600000,4800000,6.68124123737559,969535.971483266,5.98656392679985,NA,NA,NA,NA
"396","spent_phn_Kp","trial_1","spent","KPPR1_JV466_spent","T0",1800000,3400000,6.53147891704226,641872.261435249,5.80744860801657,NA,NA,NA,NA
"397","spent_phn_Kp","trial_1","spent","KPPR1_JV467_spent","T0",2e+06,3960000,6.59769518592551,994786.409235671,5.99772984331053,NA,NA,NA,NA
"398","spent_phn_Kp","trial_1","spent","KPPR1_JV468_spent","T0",5e+06,5120000,6.70926996097583,1261110.62163476,6.10075318352662,NA,NA,NA,NA
"399","spent_phn_Kp","trial_1","control","KPPR1_fresh_lb","T24",2.6e+09,4.52e+09,9.65513843481138,605309838.016862,8.78197773249791,2166.66666666667,3.33579210192319,1732.39589169001,3.23864714514642
"400","spent_phn_Kp","trial_1","spent","KPPR1_self_spent","T24",3e+08,146400000,8.16554107672237,51777987.6009101,7.71414516717255,214.285714285714,2.33099321904142,69.1601731601732,1.8398560719705
"401","spent_phn_Kp","trial_1","spent","KPPR1_JV450_spent","T24",4600000,4040000,6.6063813651106,730479.294709987,5.86360791045425,2.55555555555556,0.407485326578268,1.40583333333333,0.1479338365415
"402","spent_phn_Kp","trial_1","spent","KPPR1_JV462_spent","T24",5.8e+08,5.4e+08,8.73239375982297,134461890.511773,8.12859921306967,362.5,2.55930801090701,187.456807897984,2.27290121738408
"403","spent_phn_Kp","trial_1","spent","KPPR1_JV463_spent","T24",4.2e+08,7.16e+08,8.85491302230785,100677703.589226,8.00293330093769,262.5,2.41912930774198,169.467181467181,2.22908560644643
"404","spent_phn_Kp","trial_1","spent","KPPR1_JV466_spent","T24",4e+08,4.56e+08,8.65896484266444,35440090.2933387,7.54949481970059,222.222222222222,2.34678748622466,154.001992159887,2.18752633887835
"405","spent_phn_Kp","trial_1","spent","KPPR1_JV467_spent","T24",4.2e+07,206800000,8.3155505344219,74510670.376799,7.87221847078767,21,1.32221929473392,54.7291467938527,1.73821867771294
"406","spent_phn_Kp","trial_1","spent","KPPR1_JV468_spent","T24",3.8e+08,5.32e+08,8.72591163229505,75524830.3539968,7.8780897584219,76,1.88081359228079,123.56462585034,2.09189415848075
"407","spent_phn_Kp","trial_2","control","KPPR1_fresh_lb","T0",1400000,3280000,6.51587384371168,875442.745129572,5.94222774803524,NA,NA,NA,NA
"408","spent_phn_Kp","trial_2","spent","KPPR1_self_spent","T0",2200000,3e+06,6.47712125471966,695701.085237043,5.84242268082221,NA,NA,NA,NA
"409","spent_phn_Kp","trial_2","spent","KPPR1_JV450_spent","T0",3e+06,3280000,6.51587384371168,484148.737476408,5.68497880367303,NA,NA,NA,NA
"410","spent_phn_Kp","trial_2","spent","KPPR1_JV462_spent","T0",2600000,3080000,6.48855071650044,467332.857821917,5.66962631701635,NA,NA,NA,NA
"411","spent_phn_Kp","trial_2","spent","KPPR1_JV463_spent","T0",4200000,4800000,6.68124123737559,969535.971483266,5.98656392679985,NA,NA,NA,NA
"412","spent_phn_Kp","trial_2","spent","KPPR1_JV466_spent","T0",2600000,3400000,6.53147891704226,641872.261435249,5.80744860801657,NA,NA,NA,NA
"413","spent_phn_Kp","trial_2","spent","KPPR1_JV467_spent","T0",2200000,3960000,6.59769518592551,994786.409235671,5.99772984331053,NA,NA,NA,NA
"414","spent_phn_Kp","trial_2","spent","KPPR1_JV468_spent","T0",2800000,5120000,6.70926996097583,1261110.62163476,6.10075318352662,NA,NA,NA,NA
"415","spent_phn_Kp","trial_2","control","KPPR1_fresh_lb","T24",4e+09,4.52e+09,9.65513843481138,605309838.016862,8.78197773249791,2857.14285714286,3.45593195564972,1732.39589169001,3.23864714514642
"416","spent_phn_Kp","trial_2","spent","KPPR1_self_spent","T24",4e+07,146400000,8.16554107672237,51777987.6009101,7.71414516717255,18.1818181818182,1.25963731050576,69.1601731601732,1.8398560719705
"417","spent_phn_Kp","trial_2","spent","KPPR1_JV450_spent","T24",2400000,4040000,6.6063813651106,730479.294709987,5.86360791045425,0.8,-0.0969100130080563,1.40583333333333,0.1479338365415
"418","spent_phn_Kp","trial_2","spent","KPPR1_JV462_spent","T24",2e+08,5.4e+08,8.73239375982297,134461890.511773,8.12859921306967,76.9230769230769,1.88605664769316,187.456807897984,2.27290121738408
"419","spent_phn_Kp","trial_2","spent","KPPR1_JV463_spent","T24",6.4e+08,7.16e+08,8.85491302230785,100677703.589226,8.00293330093769,152.380952380952,2.18293068358599,169.467181467181,2.22908560644643
"420","spent_phn_Kp","trial_2","spent","KPPR1_JV466_spent","T24",4.6e+08,4.56e+08,8.65896484266444,35440090.2933387,7.54949481970059,176.923076923077,2.24778448371076,154.001992159887,2.18752633887835
"421","spent_phn_Kp","trial_2","spent","KPPR1_JV467_spent","T24",2.2e+08,206800000,8.3155505344219,74510670.376799,7.87221847078767,100,2,54.7291467938527,1.73821867771294
"422","spent_phn_Kp","trial_2","spent","KPPR1_JV468_spent","T24",4.8e+08,5.32e+08,8.72591163229505,75524830.3539968,7.8780897584219,171.428571428571,2.23408320603337,123.56462585034,2.09189415848075
"423","spent_phn_Kp","trial_3","control","KPPR1_fresh_lb","T0",3400000,3280000,6.51587384371168,875442.745129572,5.94222774803524,NA,NA,NA,NA
"424","spent_phn_Kp","trial_3","spent","KPPR1_self_spent","T0",2400000,3e+06,6.47712125471966,695701.085237043,5.84242268082221,NA,NA,NA,NA
"425","spent_phn_Kp","trial_3","spent","KPPR1_JV450_spent","T0",3200000,3280000,6.51587384371168,484148.737476408,5.68497880367303,NA,NA,NA,NA
"426","spent_phn_Kp","trial_3","spent","KPPR1_JV462_spent","T0",3400000,3080000,6.48855071650044,467332.857821917,5.66962631701635,NA,NA,NA,NA
"427","spent_phn_Kp","trial_3","spent","KPPR1_JV463_spent","T0",6e+06,4800000,6.68124123737559,969535.971483266,5.98656392679985,NA,NA,NA,NA
"428","spent_phn_Kp","trial_3","spent","KPPR1_JV466_spent","T0",3200000,3400000,6.53147891704226,641872.261435249,5.80744860801657,NA,NA,NA,NA
"429","spent_phn_Kp","trial_3","spent","KPPR1_JV467_spent","T0",4800000,3960000,6.59769518592551,994786.409235671,5.99772984331053,NA,NA,NA,NA
"430","spent_phn_Kp","trial_3","spent","KPPR1_JV468_spent","T0",5e+06,5120000,6.70926996097583,1261110.62163476,6.10075318352662,NA,NA,NA,NA
"431","spent_phn_Kp","trial_3","control","KPPR1_fresh_lb","T24",5.6e+09,4.52e+09,9.65513843481138,605309838.016862,8.78197773249791,1647.05882352941,3.21670910996395,1732.39589169001,3.23864714514642
"432","spent_phn_Kp","trial_3","spent","KPPR1_self_spent","T24",8e+07,146400000,8.16554107672237,51777987.6009101,7.71414516717255,33.3333333333333,1.52287874528034,69.1601731601732,1.8398560719705
"433","spent_phn_Kp","trial_3","spent","KPPR1_JV450_spent","T24",6600000,4040000,6.6063813651106,730479.294709987,5.86360791045425,2.0625,0.314393957221963,1.40583333333333,0.1479338365415
"434","spent_phn_Kp","trial_3","spent","KPPR1_JV462_spent","T24",5.6e+08,5.4e+08,8.73239375982297,134461890.511773,8.12859921306967,164.705882352941,2.21670910996395,187.456807897984,2.27290121738408
"435","spent_phn_Kp","trial_3","spent","KPPR1_JV463_spent","T24",6.4e+08,7.16e+08,8.85491302230785,100677703.589226,8.00293330093769,106.666666666667,2.02802872360024,169.467181467181,2.22908560644643
"436","spent_phn_Kp","trial_3","spent","KPPR1_JV466_spent","T24",5.6e+08,4.56e+08,8.65896484266444,35440090.2933387,7.54949481970059,175,2.24303804868629,154.001992159887,2.18752633887835
"437","spent_phn_Kp","trial_3","spent","KPPR1_JV467_spent","T24",5.2e+07,206800000,8.3155505344219,74510670.376799,7.87221847078767,10.8333333333333,1.03476210625921,54.7291467938527,1.73821867771294
"438","spent_phn_Kp","trial_3","spent","KPPR1_JV468_spent","T24",8.2e+08,5.32e+08,8.72591163229505,75524830.3539968,7.8780897584219,164,2.2148438480477,123.56462585034,2.09189415848075
"439","spent_phn_Kp","trial_4","control","KPPR1_fresh_lb","T0",5400000,3280000,6.51587384371168,875442.745129572,5.94222774803524,NA,NA,NA,NA
"440","spent_phn_Kp","trial_4","spent","KPPR1_self_spent","T0",5400000,3e+06,6.47712125471966,695701.085237043,5.84242268082221,NA,NA,NA,NA
"441","spent_phn_Kp","trial_4","spent","KPPR1_JV450_spent","T0",3600000,3280000,6.51587384371168,484148.737476408,5.68497880367303,NA,NA,NA,NA
"442","spent_phn_Kp","trial_4","spent","KPPR1_JV462_spent","T0",3400000,3080000,6.48855071650044,467332.857821917,5.66962631701635,NA,NA,NA,NA
"443","spent_phn_Kp","trial_4","spent","KPPR1_JV463_spent","T0",7400000,4800000,6.68124123737559,969535.971483266,5.98656392679985,NA,NA,NA,NA
"444","spent_phn_Kp","trial_4","spent","KPPR1_JV466_spent","T0",5600000,3400000,6.53147891704226,641872.261435249,5.80744860801657,NA,NA,NA,NA
"445","spent_phn_Kp","trial_4","spent","KPPR1_JV467_spent","T0",7400000,3960000,6.59769518592551,994786.409235671,5.99772984331053,NA,NA,NA,NA
"446","spent_phn_Kp","trial_4","spent","KPPR1_JV468_spent","T0",9800000,5120000,6.70926996097583,1261110.62163476,6.10075318352662,NA,NA,NA,NA
"447","spent_phn_Kp","trial_4","control","KPPR1_fresh_lb","T24",6e+09,4.52e+09,9.65513843481138,605309838.016862,8.78197773249791,1111.11111111111,3.04575749056068,1732.39589169001,3.23864714514642
"448","spent_phn_Kp","trial_4","spent","KPPR1_self_spent","T24",7.2e+07,146400000,8.16554107672237,51777987.6009101,7.71414516717255,13.3333333333333,1.1249387366083,69.1601731601732,1.8398560719705
"449","spent_phn_Kp","trial_4","spent","KPPR1_JV450_spent","T24",3400000,4040000,6.6063813651106,730479.294709987,5.86360791045425,0.944444444444444,-0.0248235837250322,1.40583333333333,0.1479338365415
"450","spent_phn_Kp","trial_4","spent","KPPR1_JV462_spent","T24",3.6e+08,5.4e+08,8.73239375982297,134461890.511773,8.12859921306967,105.882352941176,2.02482358372503,187.456807897984,2.27290121738408
"451","spent_phn_Kp","trial_4","spent","KPPR1_JV463_spent","T24",9e+08,7.16e+08,8.85491302230785,100677703.589226,8.00293330093769,121.621621621622,2.08501078970835,169.467181467181,2.22908560644643
"452","spent_phn_Kp","trial_4","spent","KPPR1_JV466_spent","T24",3.6e+08,4.56e+08,8.65896484266444,35440090.2933387,7.54949481970059,64.2857142857143,1.80811447376109,154.001992159887,2.18752633887835
"453","spent_phn_Kp","trial_4","spent","KPPR1_JV467_spent","T24",4.4e+08,206800000,8.3155505344219,74510670.376799,7.87221847078767,59.4594594594595,1.77422095675521,54.7291467938527,1.73821867771294
"454","spent_phn_Kp","trial_4","spent","KPPR1_JV468_spent","T24",5.2e+08,5.32e+08,8.72591163229505,75524830.3539968,7.8780897584219,53.0612244897959,1.7247772679423,123.56462585034,2.09189415848075
"455","spent_phn_Kp","trial_5","control","KPPR1_fresh_lb","T0",5e+06,3280000,6.51587384371168,875442.745129572,5.94222774803524,NA,NA,NA,NA
"456","spent_phn_Kp","trial_5","spent","KPPR1_self_spent","T0",3600000,3e+06,6.47712125471966,695701.085237043,5.84242268082221,NA,NA,NA,NA
"457","spent_phn_Kp","trial_5","spent","KPPR1_JV450_spent","T0",4800000,3280000,6.51587384371168,484148.737476408,5.68497880367303,NA,NA,NA,NA
"458","spent_phn_Kp","trial_5","spent","KPPR1_JV462_spent","T0",4400000,3080000,6.48855071650044,467332.857821917,5.66962631701635,NA,NA,NA,NA
"459","spent_phn_Kp","trial_5","spent","KPPR1_JV463_spent","T0",4800000,4800000,6.68124123737559,969535.971483266,5.98656392679985,NA,NA,NA,NA
"460","spent_phn_Kp","trial_5","spent","KPPR1_JV466_spent","T0",3800000,3400000,6.53147891704226,641872.261435249,5.80744860801657,NA,NA,NA,NA
"461","spent_phn_Kp","trial_5","spent","KPPR1_JV467_spent","T0",3400000,3960000,6.59769518592551,994786.409235671,5.99772984331053,NA,NA,NA,NA
"462","spent_phn_Kp","trial_5","spent","KPPR1_JV468_spent","T0",3e+06,5120000,6.70926996097583,1261110.62163476,6.10075318352662,NA,NA,NA,NA
"463","spent_phn_Kp","trial_5","control","KPPR1_fresh_lb","T24",4.4e+09,4.52e+09,9.65513843481138,605309838.016862,8.78197773249791,880,2.94448267215017,1732.39589169001,3.23864714514642
"464","spent_phn_Kp","trial_5","spent","KPPR1_self_spent","T24",2.4e+08,146400000,8.16554107672237,51777987.6009101,7.71414516717255,66.6666666666667,1.82390874094432,69.1601731601732,1.8398560719705
"465","spent_phn_Kp","trial_5","spent","KPPR1_JV450_spent","T24",3200000,4040000,6.6063813651106,730479.294709987,5.86360791045425,0.666666666666667,-0.176091259055681,1.40583333333333,0.1479338365415
"466","spent_phn_Kp","trial_5","spent","KPPR1_JV462_spent","T24",1e+09,5.4e+08,8.73239375982297,134461890.511773,8.12859921306967,227.272727272727,2.35654732351381,187.456807897984,2.27290121738408
"467","spent_phn_Kp","trial_5","spent","KPPR1_JV463_spent","T24",9.8e+08,7.16e+08,8.85491302230785,100677703.589226,8.00293330093769,204.166666666667,2.30998483831691,169.467181467181,2.22908560644643
"468","spent_phn_Kp","trial_5","spent","KPPR1_JV466_spent","T24",5e+08,4.56e+08,8.65896484266444,35440090.2933387,7.54949481970059,131.578947368421,2.11918640771921,154.001992159887,2.18752633887835
"469","spent_phn_Kp","trial_5","spent","KPPR1_JV467_spent","T24",2.8e+08,206800000,8.3155505344219,74510670.376799,7.87221847078767,82.3529411764706,1.91567911429996,54.7291467938527,1.73821867771294
"470","spent_phn_Kp","trial_5","spent","KPPR1_JV468_spent","T24",4.6e+08,5.32e+08,8.72591163229505,75524830.3539968,7.8780897584219,153.333333333333,2.18563657696191,123.56462585034,2.09189415848075
"471","pa_anaer","trial_1","control","JV1_fresh_LB","T0",4400000,4280000,6.63144376901317,355527.776692624,5.55087353697318,NA,NA,NA,NA
"472","pa_anaer","trial_1","co-culture","JV1_JV13","T0",3400000,4240000,6.62736585659273,305941.170815567,5.48563792436905,NA,NA,NA,NA
"473","pa_anaer","trial_1","co-culture","JV1_JV450","T0",3200000,4320000,6.63548374681491,392937.65408777,5.59432364799986,NA,NA,NA,NA
"474","pa_anaer","trial_1","co-culture","JV1_JV3","T0",4400000,4640000,6.66651798055488,193907.194296653,5.28759392246383,NA,NA,NA,NA
"475","pa_anaer","trial_1","co-culture","JV1_JV4","T0",2800000,3920000,6.59328606702046,697423.830966508,5.84349678313234,NA,NA,NA,NA
"476","pa_anaer","trial_1","co-culture","JV1_JV5","T0",4e+06,4280000,6.63144376901317,463033.476111609,5.66561239051037,NA,NA,NA,NA
"477","pa_anaer","trial_1","control","JV1_fresh_LB","T24",5e+08,5.48e+08,8.73878055848437,77871689.3357271,7.891379596312,113.636363636364,2.05551732784983,128.350168350168,2.10839644264908
"478","pa_anaer","trial_1","co-culture","JV1_JV13","T24",2.2e+08,4.4e+08,8.64345267648619,62289646.0095897,7.7944158627971,64.7058823529412,1.81094376377995,102.190348351339,2.00940987959816
"479","pa_anaer","trial_1","co-culture","JV1_JV450","T24",3.6e+08,3.8e+08,8.57978359661681,2e+07,7.30102999566398,112.5,2.05115252244738,91.1516536603493,1.95976455197125
"480","pa_anaer","trial_1","co-culture","JV1_JV3","T24",2.8e+08,4.2e+08,8.6232492903979,54037024.3444252,7.73269142572421,63.6363636363636,1.80370535485603,90.2971746450007,1.95567416166143
"481","pa_anaer","trial_1","co-culture","JV1_JV4","T24",2.6e+08,4.2e+08,8.6232492903979,60991802.7279076,7.78527146994095,92.8571428571428,1.9678153166286,113.571428571429,2.05526908864221
"482","pa_anaer","trial_1","co-culture","JV1_JV5","T24",2.6e+08,4.56e+08,8.65896484266444,58103356.1853358,7.76420121897681,65,1.81291335664286,110.154761904762,2.04200327610558
"483","pa_anaer","trial_2","control","JV1_fresh_LB","T0",3200000,4280000,6.63144376901317,355527.776692624,5.55087353697318,NA,NA,NA,NA
"484","pa_anaer","trial_2","co-culture","JV1_JV13","T0",4400000,4240000,6.62736585659273,305941.170815567,5.48563792436905,NA,NA,NA,NA
"485","pa_anaer","trial_2","co-culture","JV1_JV450","T0",3600000,4320000,6.63548374681491,392937.65408777,5.59432364799986,NA,NA,NA,NA
"486","pa_anaer","trial_2","co-culture","JV1_JV3","T0",4400000,4640000,6.66651798055488,193907.194296653,5.28759392246383,NA,NA,NA,NA
"487","pa_anaer","trial_2","co-culture","JV1_JV4","T0",2400000,3920000,6.59328606702046,697423.830966508,5.84349678313234,NA,NA,NA,NA
"488","pa_anaer","trial_2","co-culture","JV1_JV5","T0",3200000,4280000,6.63144376901317,463033.476111609,5.66561239051037,NA,NA,NA,NA
"489","pa_anaer","trial_2","control","JV1_fresh_LB","T24",3.2e+08,5.48e+08,8.73878055848437,77871689.3357271,7.891379596312,100,2,128.350168350168,2.10839644264908
"490","pa_anaer","trial_2","co-culture","JV1_JV13","T24",4.2e+08,4.4e+08,8.64345267648619,62289646.0095897,7.7944158627971,95.4545454545454,1.97979661391171,102.190348351339,2.00940987959816
"491","pa_anaer","trial_2","co-culture","JV1_JV450","T24",4e+08,3.8e+08,8.57978359661681,2e+07,7.30102999566398,111.111111111111,2.04575749056068,91.1516536603493,1.95976455197125
"492","pa_anaer","trial_2","co-culture","JV1_JV3","T24",3e+08,4.2e+08,8.6232492903979,54037024.3444252,7.73269142572421,68.1818181818182,1.83366857823347,90.2971746450007,1.95567416166143
"493","pa_anaer","trial_2","co-culture","JV1_JV4","T24",3.6e+08,4.2e+08,8.6232492903979,60991802.7279076,7.78527146994095,150,2.17609125905568,113.571428571429,2.05526908864221
"494","pa_anaer","trial_2","co-culture","JV1_JV5","T24",4.2e+08,4.56e+08,8.65896484266444,58103356.1853358,7.76420121897681,131.25,2.11809931207799,110.154761904762,2.04200327610558
"495","pa_anaer","trial_3","control","JV1_fresh_LB","T0",4e+06,4280000,6.63144376901317,355527.776692624,5.55087353697318,NA,NA,NA,NA
"496","pa_anaer","trial_3","co-culture","JV1_JV13","T0",3800000,4240000,6.62736585659273,305941.170815567,5.48563792436905,NA,NA,NA,NA
"497","pa_anaer","trial_3","co-culture","JV1_JV450","T0",5e+06,4320000,6.63548374681491,392937.65408777,5.59432364799986,NA,NA,NA,NA
"498","pa_anaer","trial_3","co-culture","JV1_JV3","T0",4600000,4640000,6.66651798055488,193907.194296653,5.28759392246383,NA,NA,NA,NA
"499","pa_anaer","trial_3","co-culture","JV1_JV4","T0",4e+06,3920000,6.59328606702046,697423.830966508,5.84349678313234,NA,NA,NA,NA
"500","pa_anaer","trial_3","co-culture","JV1_JV5","T0",4200000,4280000,6.63144376901317,463033.476111609,5.66561239051037,NA,NA,NA,NA
"501","pa_anaer","trial_3","control","JV1_fresh_LB","T24",6e+08,5.48e+08,8.73878055848437,77871689.3357271,7.891379596312,150,2.17609125905568,128.350168350168,2.10839644264908
"502","pa_anaer","trial_3","co-culture","JV1_JV13","T24",4.8e+08,4.4e+08,8.64345267648619,62289646.0095897,7.7944158627971,126.315789473684,2.10145764075878,102.190348351339,2.00940987959816
"503","pa_anaer","trial_3","co-culture","JV1_JV450","T24",4.4e+08,3.8e+08,8.57978359661681,2e+07,7.30102999566398,88,1.94448267215017,91.1516536603493,1.95976455197125
"504","pa_anaer","trial_3","co-culture","JV1_JV3","T24",4.8e+08,4.2e+08,8.6232492903979,54037024.3444252,7.73269142572421,104.347826086957,2.01848340569401,90.2971746450007,1.95567416166143
"505","pa_anaer","trial_3","co-culture","JV1_JV4","T24",3.8e+08,4.2e+08,8.6232492903979,60991802.7279076,7.78527146994095,95,1.97772360528885,113.571428571429,2.05526908864221
"506","pa_anaer","trial_3","co-culture","JV1_JV5","T24",6e+08,4.56e+08,8.65896484266444,58103356.1853358,7.76420121897681,142.857142857143,2.15490195998574,110.154761904762,2.04200327610558
"507","pa_anaer","trial_4","control","JV1_fresh_LB","T0",4400000,4280000,6.63144376901317,355527.776692624,5.55087353697318,NA,NA,NA,NA
"508","pa_anaer","trial_4","co-culture","JV1_JV13","T0",5200000,4240000,6.62736585659273,305941.170815567,5.48563792436905,NA,NA,NA,NA
"509","pa_anaer","trial_4","co-culture","JV1_JV450","T0",5200000,4320000,6.63548374681491,392937.65408777,5.59432364799986,NA,NA,NA,NA
"510","pa_anaer","trial_4","co-culture","JV1_JV3","T0",5400000,4640000,6.66651798055488,193907.194296653,5.28759392246383,NA,NA,NA,NA
"511","pa_anaer","trial_4","co-culture","JV1_JV4","T0",4e+06,3920000,6.59328606702046,697423.830966508,5.84349678313234,NA,NA,NA,NA
"512","pa_anaer","trial_4","co-culture","JV1_JV5","T0",4e+06,4280000,6.63144376901317,463033.476111609,5.66561239051037,NA,NA,NA,NA
"513","pa_anaer","trial_4","control","JV1_fresh_LB","T24",8e+08,5.48e+08,8.73878055848437,77871689.3357271,7.891379596312,181.818181818182,2.25963731050576,128.350168350168,2.10839644264908
"514","pa_anaer","trial_4","co-culture","JV1_JV13","T24",6e+08,4.4e+08,8.64345267648619,62289646.0095897,7.7944158627971,115.384615384615,2.06214790674884,102.190348351339,2.00940987959816
"515","pa_anaer","trial_4","co-culture","JV1_JV450","T24",3.2e+08,3.8e+08,8.57978359661681,2e+07,7.30102999566398,61.5384615384615,1.78914663468511,91.1516536603493,1.95976455197125
"516","pa_anaer","trial_4","co-culture","JV1_JV3","T24",5e+08,4.2e+08,8.6232492903979,54037024.3444252,7.73269142572421,92.5925925925926,1.96657624451305,90.2971746450007,1.95567416166143
"517","pa_anaer","trial_4","co-culture","JV1_JV4","T24",6.2e+08,4.2e+08,8.6232492903979,60991802.7279076,7.78527146994095,155,2.19033169817029,113.571428571429,2.05526908864221
"518","pa_anaer","trial_4","co-culture","JV1_JV5","T24",5.4e+08,4.56e+08,8.65896484266444,58103356.1853358,7.76420121897681,135,2.13033376849501,110.154761904762,2.04200327610558
"519","pa_anaer","trial_5","control","JV1_fresh_LB","T0",5400000,4280000,6.63144376901317,355527.776692624,5.55087353697318,NA,NA,NA,NA
"520","pa_anaer","trial_5","co-culture","JV1_JV13","T0",4400000,4240000,6.62736585659273,305941.170815567,5.48563792436905,NA,NA,NA,NA
"521","pa_anaer","trial_5","co-culture","JV1_JV450","T0",4600000,4320000,6.63548374681491,392937.65408777,5.59432364799986,NA,NA,NA,NA
"522","pa_anaer","trial_5","co-culture","JV1_JV3","T0",4400000,4640000,6.66651798055488,193907.194296653,5.28759392246383,NA,NA,NA,NA
"523","pa_anaer","trial_5","co-culture","JV1_JV4","T0",6400000,3920000,6.59328606702046,697423.830966508,5.84349678313234,NA,NA,NA,NA
"524","pa_anaer","trial_5","co-culture","JV1_JV5","T0",6e+06,4280000,6.63144376901317,463033.476111609,5.66561239051037,NA,NA,NA,NA
"525","pa_anaer","trial_5","control","JV1_fresh_LB","T24",5.2e+08,5.48e+08,8.73878055848437,77871689.3357271,7.891379596312,96.2962962962963,1.98360958381183,128.350168350168,2.10839644264908
"526","pa_anaer","trial_5","co-culture","JV1_JV13","T24",4.8e+08,4.4e+08,8.64345267648619,62289646.0095897,7.7944158627971,109.090909090909,2.0377885608894,102.190348351339,2.00940987959816
"527","pa_anaer","trial_5","co-culture","JV1_JV450","T24",3.8e+08,3.8e+08,8.57978359661681,2e+07,7.30102999566398,82.6086956521739,1.91702576493524,91.1516536603493,1.95976455197125
"528","pa_anaer","trial_5","co-culture","JV1_JV3","T24",5.4e+08,4.2e+08,8.6232492903979,54037024.3444252,7.73269142572421,122.727272727273,2.08894108333678,90.2971746450007,1.95567416166143
"529","pa_anaer","trial_5","co-culture","JV1_JV4","T24",4.8e+08,4.2e+08,8.6232492903979,60991802.7279076,7.78527146994095,75,1.8750612633917,113.571428571429,2.05526908864221
"530","pa_anaer","trial_5","co-culture","JV1_JV5","T24",4.6e+08,4.56e+08,8.65896484266444,58103356.1853358,7.76420121897681,76.6666666666667,1.88460658129793,110.154761904762,2.04200327610558
"531","pa_diff","trial_1","co-culture","JV1_LB_rif_30","T24",6e+09,4.56e+09,9.65896484266444,474973683.481517,8.67666954765565,967.741935483871,2.98575956088539,1136.60394265233,3.05560915819224
"532","pa_diff","trial_1","co-culture","JV13_Pa_agar","T24",4.4e+09,2.248e+10,10.351796306897,16400560966.0158,10.2148587029427,814.814814814815,2.91105891666322,4422.92264038232,3.64570934336036
"533","pa_diff","trial_1","co-culture","JV450_Pa_agar","T24",9e+09,1.372e+10,10.1373541113707,7649993464.0495,9.88366106410415,2812.5,3.44909253111942,5427.7738565782,3.73462174486719
"534","pa_diff","trial_1","co-culture","JV4_Pa_agar","T24",7.4e+09,2.008e+10,10.302763708473,13019001497.8108,10.1145776769649,2055.55555555556,3.31292921896369,3179.77777777778,3.50239676990357
"535","pa_diff","trial_1","co-culture","JV5_Pa_agar","T24",6.8e+09,2.968e+10,10.472463896607,15054381422.0313,10.1776629152445,2266.66666666667,3.35538765798657,4728.74821324411,3.67474619020281
"536","pa_diff","trial_1","co-culture","JV1_JV13_LB_rif_30","T24",5.2e+08,6.8e+08,8.83250891270624,82056890.8339411,7.91411505736348,118.181818181818,2.07255066714861,177.862762237762,2.25008503269629
"537","pa_diff","trial_1","co-culture","JV1_JV450_LB_rif_30","T24",6.2e+07,6.9e+07,7.83884909073726,8386497.08360608,6.92358060028902,11.9230769230769,1.07638834586345,20.1656063235011,1.30461128456293
"538","pa_diff","trial_1","co-culture","JV1_JV3_LB_rif_30","T24",3.8e+07,93200000,7.96941591235398,57461639.3779363,7.75937801223433,4.75,0.676693609624867,28.743028024607,1.45853251832521
"539","pa_diff","trial_1","co-culture","JV1_JV4_LB_rif_30","T24",4e+07,52080000,7.71667097556014,19859667.6709355,7.29797197679348,4.76190476190476,0.677780705266081,13.4048872180451,1.12726316439971
"540","pa_diff","trial_1","co-culture","JV1_JV5_LB_rif_30","T24",3.4e+07,257960000,8.4115523682653,196484710.855578,8.29332876209369,4.35897435897436,0.639384314351775,49.1776678876679,1.69176792969892
"541","pa_diff","trial_1","co-culture","JV1_JV13_Pa_agar","T24",6e+09,5.8e+09,9.76342799356294,182574185.835055,8.26143937264017,1111.11111111111,3.04575749056068,1567.26641414141,3.19514282694533
"542","pa_diff","trial_1","co-culture","JV1_JV450_Pa_agar","T24",3.4e+09,3.95e+09,9.59659709562646,556027577.253743,8.74509633178371,1062.5,3.02632893872235,2248.62895256917,3.35191779818965
"543","pa_diff","trial_1","co-culture","JV1_JV3_Pa_agar","T24",2.8e+09,1.2e+10,10.0791812460476,8504351827.15297,9.92964121875777,933.333333333333,2.97003677662256,7356.11111111111,3.86664828045973
"544","pa_diff","trial_1","co-culture","JV1_JV4_Pa_agar","T24",4.8e+09,1.996e+10,10.3001605369514,9899575748.48539,9.99561658307838,1333.33333333333,3.1249387366083,5010.37376048818,3.69987012428302
"545","pa_diff","trial_1","co-culture","JV1_JV5_Pa_agar","T24",5.2e+09,8.6e+09,9.93449845124357,4368523778.12002,9.64033470394345,1733.33333333333,3.23888208891514,2377.11291413117,3.37604981143765
"546","pa_diff","trial_3","co-culture","JV1_LB_rif_30","T24",4.6e+09,4.56e+09,9.65896484266444,474973683.481517,8.67666954765565,1437.5,3.15760785336167,1136.60394265233,3.05560915819224
"547","pa_diff","trial_3","co-culture","JV13_Pa_agar","T24",8.8e+10,2.248e+10,10.351796306897,16400560966.0158,10.2148587029427,14193.5483870968,4.15209098265191,4422.92264038232,3.64570934336036
"548","pa_diff","trial_3","co-culture","JV450_Pa_agar","T24",4.4e+10,1.372e+10,10.1373541113707,7649993464.0495,9.88366106410415,20000,4.30102999566398,5427.7738565782,3.73462174486719
"549","pa_diff","trial_3","co-culture","JV3_Pa_agar","T24",8e+09,1.2505e+11,11.0970836960665,118320620209.102,11.0730604374652,3076.92307692308,3.48811663902113,19220.4212454212,4.28376290167577
"550","pa_diff","trial_3","co-culture","JV4_Pa_agar","T24",1.06e+10,2.008e+10,10.302763708473,13019001497.8108,10.1145776769649,1766.66666666667,3.24715461488113,3179.77777777778,3.50239676990357
"551","pa_diff","trial_3","co-culture","JV5_Pa_agar","T24",8.6e+09,2.968e+10,10.472463896607,15054381422.0313,10.1776629152445,2529.41176470588,3.40301953420131,4728.74821324411,3.67474619020281
"552","pa_diff","trial_3","co-culture","JV1_JV3_LB_rif_30","T24",3.2e+08,93200000,7.96941591235398,57461639.3779363,7.75937801223433,114.285714285714,2.05799194697769,28.743028024607,1.45853251832521
"553","pa_diff","trial_3","co-culture","JV1_JV4_LB_rif_30","T24",1.24e+08,52080000,7.71667097556014,19859667.6709355,7.29797197679348,38.75,1.58827170684233,13.4048872180451,1.12726316439971
"554","pa_diff","trial_3","co-culture","JV1_JV5_LB_rif_30","T24",1.06e+08,257960000,8.4115523682653,196484710.855578,8.29332876209369,37.8571428571429,1.57814783392255,49.1776678876679,1.69176792969892
"555","pa_diff","trial_3","co-culture","JV1_JV3_Pa_agar","T24",4e+09,1.2e+10,10.0791812460476,8504351827.15297,9.92964121875777,6666.66666666667,3.82390874094432,7356.11111111111,3.86664828045973
"556","pa_diff","trial_3","co-culture","JV1_JV4_Pa_agar","T24",4e+09,1.996e+10,10.3001605369514,9899575748.48539,9.99561658307838,434.782608695652,2.63827216398241,5010.37376048818,3.69987012428302
"557","pa_diff","trial_3","co-culture","JV1_JV5_Pa_agar","T24",3.8e+09,8.6e+09,9.93449845124357,4368523778.12002,9.64033470394345,655.172413793104,2.81635560305387,2377.11291413117,3.37604981143765
"558","pa_diff","trial_4","co-culture","JV1_LB_rif_30","T24",3e+09,4.56e+09,9.65896484266444,474973683.481517,8.67666954765565,357.142857142857,2.55284196865778,1136.60394265233,3.05560915819224
"559","pa_diff","trial_4","co-culture","JV13_Pa_agar","T24",7.4e+09,2.248e+10,10.351796306897,16400560966.0158,10.2148587029427,1156.25,3.06305174574709,4422.92264038232,3.64570934336036
"560","pa_diff","trial_4","co-culture","JV450_Pa_agar","T24",8.2e+09,1.372e+10,10.1373541113707,7649993464.0495,9.88366106410415,891.304347826087,2.95002602503816,5427.7738565782,3.73462174486719
"561","pa_diff","trial_4","co-culture","JV3_Pa_agar","T24",4.8e+11,1.2505e+11,11.0970836960665,118320620209.102,11.0730604374652,68571.4285714286,4.83614319736133,19220.4212454212,4.28376290167577
"562","pa_diff","trial_4","co-culture","JV4_Pa_agar","T24",7.2e+10,2.008e+10,10.302763708473,13019001497.8108,10.1145776769649,9000,3.95424250943932,3179.77777777778,3.50239676990357
"563","pa_diff","trial_4","co-culture","JV5_Pa_agar","T24",8e+10,2.968e+10,10.472463896607,15054381422.0313,10.1776629152445,7142.85714285714,3.85387196432176,4728.74821324411,3.67474619020281
"564","pa_diff","trial_4","co-culture","JV1_JV13_LB_rif_30","T24",9e+08,6.8e+08,8.83250891270624,82056890.8339411,7.91411505736348,112.5,2.05115252244738,177.862762237762,2.25008503269629
"565","pa_diff","trial_4","co-culture","JV1_JV450_LB_rif_30","T24",9.4e+07,6.9e+07,7.83884909073726,8386497.08360608,6.92358060028902,31.3333333333333,1.49600659888004,20.1656063235011,1.30461128456293
"566","pa_diff","trial_4","co-culture","JV1_JV3_LB_rif_30","T24",4.2e+07,93200000,7.96941591235398,57461639.3779363,7.75937801223433,6.36363636363636,0.803705354856032,28.743028024607,1.45853251832521
"567","pa_diff","trial_4","co-culture","JV1_JV4_LB_rif_30","T24",4.2e+07,52080000,7.71667097556014,19859667.6709355,7.29797197679348,10.5,1.02118929906994,13.4048872180451,1.12726316439971
"568","pa_diff","trial_4","co-culture","JV1_JV5_LB_rif_30","T24",1.04e+09,257960000,8.4115523682653,196484710.855578,8.29332876209369,173.333333333333,2.23888208891514,49.1776678876679,1.69176792969892
"569","pa_diff","trial_4","co-culture","JV1_JV13_Pa_agar","T24",5.4e+09,5.8e+09,9.76342799356294,182574185.835055,8.26143937264017,675,2.82930377283102,1567.26641414141,3.19514282694533
"570","pa_diff","trial_4","co-culture","JV1_JV450_Pa_agar","T24",3.2e+09,3.95e+09,9.59659709562646,556027577.253743,8.74509633178371,695.652173913043,2.84239214663833,2248.62895256917,3.35191779818965
"571","pa_diff","trial_4","co-culture","JV1_JV3_Pa_agar","T24",4.6e+10,1.2e+10,10.0791812460476,8504351827.15297,9.92964121875777,25555.5555555556,4.40748532657827,7356.11111111111,3.86664828045973
"572","pa_diff","trial_4","co-culture","JV1_JV4_Pa_agar","T24",4.8e+10,1.996e+10,10.3001605369514,9899575748.48539,9.99561658307838,12631.5789473684,4.10145764075878,5010.37376048818,3.69987012428302
"573","pa_diff","trial_4","co-culture","JV1_JV5_Pa_agar","T24",2.6e+10,8.6e+09,9.93449845124357,4368523778.12002,9.64033470394345,7647.05882352941,3.88349443092856,2377.11291413117,3.37604981143765
"574","pa_diff","trial_5","co-culture","JV1_LB_rif_30","T24",4.6e+09,4.56e+09,9.65896484266444,474973683.481517,8.67666954765565,1277.77777777778,3.10645533091429,1136.60394265233,3.05560915819224
"575","pa_diff","trial_5","co-culture","JV13_Pa_agar","T24",8.4e+09,2.248e+10,10.351796306897,16400560966.0158,10.2148587029427,4200,3.6232492903979,4422.92264038232,3.64570934336036
"576","pa_diff","trial_5","co-culture","JV450_Pa_agar","T24",3.8e+09,1.372e+10,10.1373541113707,7649993464.0495,9.88366106410415,863.636363636364,2.93633092013062,5427.7738565782,3.73462174486719
"577","pa_diff","trial_5","co-culture","JV3_Pa_agar","T24",8.2e+09,1.2505e+11,11.0970836960665,118320620209.102,11.0730604374652,2733.33333333333,3.43669259766405,19220.4212454212,4.28376290167577
"578","pa_diff","trial_5","co-culture","JV4_Pa_agar","T24",5.8e+09,2.008e+10,10.302763708473,13019001497.8108,10.1145776769649,1160,3.06445798922692,3179.77777777778,3.50239676990357
"579","pa_diff","trial_5","co-culture","JV5_Pa_agar","T24",4.9e+10,2.968e+10,10.472463896607,15054381422.0313,10.1776629152445,10652.1739130435,4.02743824834694,4728.74821324411,3.67474619020281
"580","pa_diff","trial_5","co-culture","JV1_JV13_LB_rif_30","T24",7e+08,6.8e+08,8.83250891270624,82056890.8339411,7.91411505736348,250,2.39794000867204,177.862762237762,2.25008503269629
"581","pa_diff","trial_5","co-culture","JV1_JV450_LB_rif_30","T24",5.8e+07,6.9e+07,7.83884909073726,8386497.08360608,6.92358060028902,15.2631578947368,1.18364439694613,20.1656063235011,1.30461128456293
"582","pa_diff","trial_5","co-culture","JV1_JV3_LB_rif_30","T24",6.2e+07,93200000,7.96941591235398,57461639.3779363,7.75937801223433,16.3157894736842,1.21260809288144,28.743028024607,1.45853251832521
"583","pa_diff","trial_5","co-culture","JV1_JV4_LB_rif_30","T24",5.2e+07,52080000,7.71667097556014,19859667.6709355,7.29797197679348,12.3809523809524,1.0927540532369,13.4048872180451,1.12726316439971
"584","pa_diff","trial_5","co-culture","JV1_JV5_LB_rif_30","T24",1.04e+08,257960000,8.4115523682653,196484710.855578,8.29332876209369,28.8888888888889,1.46073083853149,49.1776678876679,1.69176792969892
"585","pa_diff","trial_5","co-culture","JV1_JV13_Pa_agar","T24",5.6e+09,5.8e+09,9.76342799356294,182574185.835055,8.26143937264017,2545.45454545455,3.40576534618399,1567.26641414141,3.19514282694533
"586","pa_diff","trial_5","co-culture","JV1_JV450_Pa_agar","T24",3.6e+09,3.95e+09,9.59659709562646,556027577.253743,8.74509633178371,1636.36363636364,3.21387981994508,2248.62895256917,3.35191779818965
"587","pa_diff","trial_5","co-culture","JV1_JV3_Pa_agar","T24",3e+09,1.2e+10,10.0791812460476,8504351827.15297,9.92964121875777,1875,3.27300127206374,7356.11111111111,3.86664828045973
"588","pa_diff","trial_5","co-culture","JV1_JV4_Pa_agar","T24",3e+09,1.996e+10,10.3001605369514,9899575748.48539,9.99561658307838,652.173913043478,2.81436342303809,5010.37376048818,3.69987012428302
"589","pa_diff","trial_5","co-culture","JV1_JV5_Pa_agar","T24",3e+09,8.6e+09,9.93449845124357,4368523778.12002,9.64033470394345,600,2.77815125038364,2377.11291413117,3.37604981143765
"590","pa_diff","trial_6","co-culture","JV1_LB_rif_30","T24",4.6e+09,4.56e+09,9.65896484266444,474973683.481517,8.67666954765565,1642.85714285714,3.21559980033935,1136.60394265233,3.05560915819224
"591","pa_diff","trial_6","co-culture","JV13_Pa_agar","T24",4.2e+09,2.248e+10,10.351796306897,16400560966.0158,10.2148587029427,1750,3.24303804868629,4422.92264038232,3.64570934336036
"592","pa_diff","trial_6","co-culture","JV450_Pa_agar","T24",3.6e+09,1.372e+10,10.1373541113707,7649993464.0495,9.88366106410415,2571.42857142857,3.41017446508905,5427.7738565782,3.73462174486719
"593","pa_diff","trial_6","co-culture","JV3_Pa_agar","T24",4e+09,1.2505e+11,11.0970836960665,118320620209.102,11.0730604374652,2500,3.39794000867204,19220.4212454212,4.28376290167577
"594","pa_diff","trial_6","co-culture","JV4_Pa_agar","T24",4.6e+09,2.008e+10,10.302763708473,13019001497.8108,10.1145776769649,1916.66666666667,3.28254658996997,3179.77777777778,3.50239676990357
"595","pa_diff","trial_6","co-culture","JV5_Pa_agar","T24",4e+09,2.968e+10,10.472463896607,15054381422.0313,10.1776629152445,1052.63157894737,3.02227639471115,4728.74821324411,3.67474619020281
"596","pa_diff","trial_6","co-culture","JV1_JV13_LB_rif_30","T24",6e+08,6.8e+08,8.83250891270624,82056890.8339411,7.91411505736348,230.769230769231,2.36317790241283,177.862762237762,2.25008503269629
"597","pa_diff","trial_6","co-culture","JV1_JV450_LB_rif_30","T24",6.2e+07,6.9e+07,7.83884909073726,8386497.08360608,6.92358060028902,22.1428571428571,1.34523365815603,20.1656063235011,1.30461128456293
"598","pa_diff","trial_6","co-culture","JV1_JV3_LB_rif_30","T24",4e+06,93200000,7.96941591235398,57461639.3779363,7.75937801223433,2,0.301029995663981,28.743028024607,1.45853251832521
"599","pa_diff","trial_6","co-culture","JV1_JV4_LB_rif_30","T24",2400000,52080000,7.71667097556014,19859667.6709355,7.29797197679348,0.631578947368421,-0.199572354905204,13.4048872180451,1.12726316439971
"600","pa_diff","trial_6","co-culture","JV1_JV5_LB_rif_30","T24",5800000,257960000,8.4115523682653,196484710.855578,8.29332876209369,1.45,0.161368002234975,49.1776678876679,1.69176792969892
"601","pa_diff","trial_6","co-culture","JV1_JV13_Pa_agar","T24",6.2e+09,5.8e+09,9.76342799356294,182574185.835055,8.26143937264017,1937.5,3.28724171117835,1567.26641414141,3.19514282694533
"602","pa_diff","trial_6","co-culture","JV1_JV450_Pa_agar","T24",5.6e+09,3.95e+09,9.59659709562646,556027577.253743,8.74509633178371,5600,3.7481880270062,2248.62895256917,3.35191779818965
"603","pa_diff","trial_6","co-culture","JV1_JV3_Pa_agar","T24",4.2e+09,1.2e+10,10.0791812460476,8504351827.15297,9.92964121875777,1750,3.24303804868629,7356.11111111111,3.86664828045973
"604","pa_diff","trial_6","co-culture","JV1_JV4_Pa_agar","T24",4e+10,1.996e+10,10.3001605369514,9899575748.48539,9.99561658307838,10000,4,5010.37376048818,3.69987012428302
"605","pa_diff","trial_6","co-culture","JV1_JV5_Pa_agar","T24",5e+09,8.6e+09,9.93449845124357,4368523778.12002,9.64033470394345,1250,3.09691001300806,2377.11291413117,3.37604981143765
