"","Time","strain","OD600","expt","trial","mean_OD600","sem_OD600"
"1",0,"KPPR1",0,"Mouse_Pa","trial_1",0.00593333333333333,0.0022771466411711
"2",0,"145.1",0,"Mouse_Pa","trial_1",0.008,0.00404145188432738
"3",0,"191.1",0.004,"Mouse_Pa","trial_1",0.00266666666666667,0.000881917103688197
"4",0,"193.1",0,"Mouse_Pa","trial_1",0.00666666666666667,0.00375647588986155
"5",0.25,"KPPR1",0,"Mouse_Pa","trial_1",0.0064,0.0024118753817606
"6",0.25,"145.1",0,"Mouse_Pa","trial_1",0.00666666666666667,0.00338296385503074
"7",0.25,"191.1",0.004,"Mouse_Pa","trial_1",0.00233333333333333,0.00120185042515466
"8",0.25,"193.1",0,"Mouse_Pa","trial_1",0.00633333333333333,0.00375647588986155
"9",0.5,"KPPR1",0,"Mouse_Pa","trial_1",0.00813333333333333,0.00246473540870428
"10",0.5,"145.1",0,"Mouse_Pa","trial_1",0.00633333333333333,0.00317979733805649
"11",0.5,"191.1",0.005,"Mouse_Pa","trial_1",0.003,0.00152752523165195
"12",0.5,"193.1",0,"Mouse_Pa","trial_1",0.00633333333333333,0.00375647588986155
"13",0.75,"KPPR1",0,"Mouse_Pa","trial_1",0.0116,0.00258898766757533
"14",0.75,"145.1",0,"Mouse_Pa","trial_1",0.007,0.00351188458428425
"15",0.75,"191.1",0.006,"Mouse_Pa","trial_1",0.00433333333333333,0.00120185042515466
"16",0.75,"193.1",0,"Mouse_Pa","trial_1",0.00666666666666667,0.00375647588986155
"17",1,"KPPR1",0,"Mouse_Pa","trial_1",0.0172,0.00284554790104522
"18",1,"145.1",0,"Mouse_Pa","trial_1",0.00933333333333333,0.00497772817435603
"19",1,"191.1",0.007,"Mouse_Pa","trial_1",0.006,0.001
"20",1,"193.1",0,"Mouse_Pa","trial_1",0.008,0.00435889894354067
"21",1.25,"KPPR1",0.005,"Mouse_Pa","trial_1",0.0281333333333333,0.00384567371850582
"22",1.25,"145.1",0,"Mouse_Pa","trial_1",0.013,0.00750555349946513
"23",1.25,"191.1",0.009,"Mouse_Pa","trial_1",0.00866666666666667,0.000881917103688197
"24",1.25,"193.1",0.002,"Mouse_Pa","trial_1",0.0103333333333333,0.00440958551844099
"25",1.5,"KPPR1",0.021,"Mouse_Pa","trial_1",0.0489333333333333,0.00595816100316889
"26",1.5,"145.1",0,"Mouse_Pa","trial_1",0.0146666666666667,0.00788106027835793
"27",1.5,"191.1",0.011,"Mouse_Pa","trial_1",0.012,0.001
"28",1.5,"193.1",0.006,"Mouse_Pa","trial_1",0.0133333333333333,0.00433333333333333
"29",1.75,"KPPR1",0.051,"Mouse_Pa","trial_1",0.0852,0.00965509981206576
"30",1.75,"145.1",0.001,"Mouse_Pa","trial_1",0.0216666666666667,0.0108985218161812
"31",1.75,"191.1",0.014,"Mouse_Pa","trial_1",0.0163333333333333,0.00120185042515466
"32",1.75,"193.1",0.009,"Mouse_Pa","trial_1",0.017,0.00461880215351701
"33",2,"KPPR1",0.11,"Mouse_Pa","trial_1",0.1438,0.0139632851912912
"34",2,"145.1",0.007,"Mouse_Pa","trial_1",0.029,0.0115325625946708
"35",2,"191.1",0.019,"Mouse_Pa","trial_1",0.0213333333333333,0.00120185042515466
"36",2,"193.1",0.014,"Mouse_Pa","trial_1",0.022,0.00493288286231625
"37",2.25,"KPPR1",0.184,"Mouse_Pa","trial_1",0.2272,0.020821737725386
"38",2.25,"145.1",0.012,"Mouse_Pa","trial_1",0.0446666666666667,0.0196751394178316
"39",2.25,"191.1",0.022,"Mouse_Pa","trial_1",0.0266666666666667,0.00240370085030933
"40",2.25,"193.1",0.02,"Mouse_Pa","trial_1",0.0276666666666667,0.00497772817435603
"41",2.5,"KPPR1",0.31,"Mouse_Pa","trial_1",0.355533333333333,0.0316979594756608
"42",2.5,"145.1",0.021,"Mouse_Pa","trial_1",0.0856666666666667,0.0478098083846587
"43",2.5,"191.1",0.027,"Mouse_Pa","trial_1",0.0376666666666667,0.00581186525805423
"44",2.5,"193.1",0.027,"Mouse_Pa","trial_1",0.04,0.00814452781524708
"45",2.75,"KPPR1",0.505,"Mouse_Pa","trial_1",0.585533333333333,0.0649722920186654
"46",2.75,"145.1",0.033,"Mouse_Pa","trial_1",0.0896666666666667,0.0320641717671159
"47",2.75,"191.1",0.035,"Mouse_Pa","trial_1",0.062,0.0138684293751431
"48",2.75,"193.1",0.043,"Mouse_Pa","trial_1",0.0716666666666667,0.0224820916385563
"49",3,"KPPR1",0.792,"Mouse_Pa","trial_1",0.9096,0.0891258500260006
"50",3,"145.1",0.059,"Mouse_Pa","trial_1",0.122,0.0316069612585582
"51",3,"191.1",0.056,"Mouse_Pa","trial_1",0.134,0.0444672163884061
"52",3,"193.1",0.107,"Mouse_Pa","trial_1",0.122666666666667,0.00808977406634107
"53",3.25,"KPPR1",1.095,"Mouse_Pa","trial_1",1.30306666666667,0.0845797153812204
"54",3.25,"145.1",0.16,"Mouse_Pa","trial_1",0.16,0.00173205080756888
"55",3.25,"191.1",0.164,"Mouse_Pa","trial_1",0.152,0.00793725393319377
"56",3.25,"193.1",0.128,"Mouse_Pa","trial_1",0.142,0.00757187779440036
"57",3.5,"KPPR1",1.357,"Mouse_Pa","trial_1",1.6816,0.071117796312744
"58",3.5,"145.1",0.163,"Mouse_Pa","trial_1",0.176666666666667,0.0095277372853043
"59",3.5,"191.1",0.151,"Mouse_Pa","trial_1",0.166,0.0089628864398325
"60",3.5,"193.1",0.155,"Mouse_Pa","trial_1",0.170666666666667,0.0141931125706958
"61",3.75,"KPPR1",1.603,"Mouse_Pa","trial_1",1.97326666666667,0.0620333602006032
"62",3.75,"145.1",0.178,"Mouse_Pa","trial_1",0.209666666666667,0.0236807469852152
"63",3.75,"191.1",0.156,"Mouse_Pa","trial_1",0.166666666666667,0.0148473716342134
"64",3.75,"193.1",0.182,"Mouse_Pa","trial_1",0.186333333333333,0.00260341655863555
"65",4,"KPPR1",1.775,"Mouse_Pa","trial_1",2.2096,0.0627907939870472
"66",4,"145.1",0.21,"Mouse_Pa","trial_1",0.262666666666667,0.0453737564873989
"67",4,"191.1",0.176,"Mouse_Pa","trial_1",0.185666666666667,0.00648930744464393
"68",4,"193.1",0.213,"Mouse_Pa","trial_1",0.211666666666667,0.00926162932629987
"69",4.25,"KPPR1",1.936,"Mouse_Pa","trial_1",2.40013333333333,0.0628807538627616
"70",4.25,"145.1",0.252,"Mouse_Pa","trial_1",0.336333333333333,0.060233803724413
"71",4.25,"191.1",0.211,"Mouse_Pa","trial_1",0.226666666666667,0.0089504810547317
"72",4.25,"193.1",0.246,"Mouse_Pa","trial_1",0.254666666666667,0.0134205480927983
"73",4.5,"KPPR1",2.063,"Mouse_Pa","trial_1",2.55193333333333,0.0656584573065269
"74",4.5,"145.1",0.301,"Mouse_Pa","trial_1",0.538,0.19011663086993
"75",4.5,"191.1",0.219,"Mouse_Pa","trial_1",0.272333333333333,0.0270637108402459
"76",4.5,"193.1",0.294,"Mouse_Pa","trial_1",0.317,0.0182300118851671
"77",4.75,"KPPR1",2.176,"Mouse_Pa","trial_1",2.67953333333333,0.0671075800605811
"78",4.75,"145.1",0.374,"Mouse_Pa","trial_1",0.904666666666667,0.4530273477151
"79",4.75,"191.1",0.259,"Mouse_Pa","trial_1",0.332,0.0366924152016917
"80",4.75,"193.1",0.367,"Mouse_Pa","trial_1",0.386666666666667,0.0145181878269217
"81",5,"KPPR1",2.272,"Mouse_Pa","trial_1",2.7912,0.0681341953165117
"82",5,"145.1",0.473,"Mouse_Pa","trial_1",1.30566666666667,0.56594944807622
"83",5,"191.1",0.332,"Mouse_Pa","trial_1",0.486333333333333,0.0912950041227765
"84",5,"193.1",0.441,"Mouse_Pa","trial_1",0.918333333333333,0.416873015570822
"85",5.25,"KPPR1",2.362,"Mouse_Pa","trial_1",2.883,0.0700222413645428
"86",5.25,"145.1",0.64,"Mouse_Pa","trial_1",1.83566666666667,0.606749353339398
"87",5.25,"191.1",0.407,"Mouse_Pa","trial_1",1.119,0.442773079579145
"88",5.25,"193.1",1.295,"Mouse_Pa","trial_1",1.87566666666667,0.324748278585806
"89",5.5,"KPPR1",2.43,"Mouse_Pa","trial_1",2.9648,0.0715650353574585
"90",5.5,"145.1",0.893,"Mouse_Pa","trial_1",2.04066666666667,0.602753220185877
"91",5.5,"191.1",0.801,"Mouse_Pa","trial_1",1.564,0.392053992880232
"92",5.5,"193.1",1.821,"Mouse_Pa","trial_1",2.16233333333333,0.174499602037114
"93",5.75,"KPPR1",2.508,"Mouse_Pa","trial_1",3.04846666666667,0.0734278308899721
"94",5.75,"145.1",1.828,"Mouse_Pa","trial_1",2.51033333333333,0.362948266898252
"95",5.75,"191.1",1.759,"Mouse_Pa","trial_1",2.02066666666667,0.131065293312574
"96",5.75,"193.1",1.92,"Mouse_Pa","trial_1",2.28166666666667,0.208138041800254
"97",6,"KPPR1",2.58,"Mouse_Pa","trial_1",3.11753333333333,0.0739235684220802
"98",6,"145.1",2.263,"Mouse_Pa","trial_1",2.806,0.284890037265843
"99",6,"191.1",1.78,"Mouse_Pa","trial_1",2.286,0.253005928784288
"100",6,"193.1",2.236,"Mouse_Pa","trial_1",2.615,0.199950827288444
"101",6.25,"KPPR1",2.633,"Mouse_Pa","trial_1",3.18466666666667,0.075419377746588
"102",6.25,"145.1",2.504,"Mouse_Pa","trial_1",2.99566666666667,0.254269105039873
"103",6.25,"191.1",1.999,"Mouse_Pa","trial_1",2.541,0.271447969231674
"104",6.25,"193.1",2.56,"Mouse_Pa","trial_1",2.86533333333333,0.159334379355004
"105",6.5,"KPPR1",2.701,"Mouse_Pa","trial_1",3.2474,0.0759300931621913
"106",6.5,"145.1",2.747,"Mouse_Pa","trial_1",3.15766666666667,0.21393249194807
"107",6.5,"191.1",2.349,"Mouse_Pa","trial_1",2.78366666666667,0.218166857652068
"108",6.5,"193.1",2.775,"Mouse_Pa","trial_1",3.04166666666667,0.137906167777627
"109",6.75,"KPPR1",2.749,"Mouse_Pa","trial_1",3.30606666666667,0.0776794675737397
"110",6.75,"145.1",2.926,"Mouse_Pa","trial_1",3.29766666666667,0.191697968458487
"111",6.75,"191.1",2.609,"Mouse_Pa","trial_1",2.97433333333333,0.183380599967511
"112",6.75,"193.1",2.958,"Mouse_Pa","trial_1",3.20033333333333,0.124360140094986
"113",7,"KPPR1",2.797,"Mouse_Pa","trial_1",3.35786666666667,0.0780905985846029
"114",7,"145.1",3.087,"Mouse_Pa","trial_1",3.422,0.173373392806778
"115",7,"191.1",2.807,"Mouse_Pa","trial_1",3.13,0.162795372579608
"116",7,"193.1",3.114,"Mouse_Pa","trial_1",3.336,0.111540724999138
"117",7.25,"KPPR1",2.857,"Mouse_Pa","trial_1",3.41266666666667,0.0788130800521182
"118",7.25,"145.1",3.216,"Mouse_Pa","trial_1",3.52966666666667,0.162624653044296
"119",7.25,"191.1",2.985,"Mouse_Pa","trial_1",3.27066666666667,0.144215502325898
"120",7.25,"193.1",3.255,"Mouse_Pa","trial_1",3.458,0.101549659444694
"121",7.5,"KPPR1",2.905,"Mouse_Pa","trial_1",3.46646666666667,0.0789987261299746
"122",7.5,"145.1",3.329,"Mouse_Pa","trial_1",3.61466666666667,0.146772310437327
"123",7.5,"191.1",3.139,"Mouse_Pa","trial_1",3.38366666666667,0.123635665476341
"124",7.5,"193.1",3.386,"Mouse_Pa","trial_1",3.55933333333333,0.0866685897222542
"125",7.75,"KPPR1",2.951,"Mouse_Pa","trial_1",3.5172,0.079384429323688
"126",7.75,"145.1",3.443,"Mouse_Pa","trial_1",3.68933333333333,0.128507241473433
"127",7.75,"191.1",3.279,"Mouse_Pa","trial_1",3.488,0.106070731118438
"128",7.75,"193.1",3.491,"Mouse_Pa","trial_1",3.64366666666667,0.0770375089016887
"129",8,"KPPR1",2.996,"Mouse_Pa","trial_1",3.55826666666667,0.0798513778195626
"130",8,"145.1",3.52,"Mouse_Pa","trial_1",3.75966666666667,0.124193844900265
"131",8,"191.1",3.375,"Mouse_Pa","trial_1",3.57666666666667,0.104199061629385
"132",8,"193.1",3.577,"Mouse_Pa","trial_1",3.722,0.0735549681077583
"133",8.25,"KPPR1",3.032,"Mouse_Pa","trial_1",3.6082,0.0807083638788447
"134",8.25,"145.1",3.593,"Mouse_Pa","trial_1",3.81833333333333,0.118216374124362
"135",8.25,"191.1",3.49,"Mouse_Pa","trial_1",3.65533333333333,0.0870063854617068
"136",8.25,"193.1",3.662,"Mouse_Pa","trial_1",3.78866666666667,0.0661370630668698
"137",8.5,"KPPR1",3.079,"Mouse_Pa","trial_1",3.65086666666667,0.0807728069910062
"138",8.5,"145.1",3.678,"Mouse_Pa","trial_1",3.87533333333333,0.104571081619686
"139",8.5,"191.1",3.567,"Mouse_Pa","trial_1",3.72766666666667,0.0831250730993831
"140",8.5,"193.1",3.732,"Mouse_Pa","trial_1",3.85433333333333,0.0643281517775158
"141",8.75,"KPPR1",3.124,"Mouse_Pa","trial_1",3.69106666666667,0.0815741828128686
"142",8.75,"145.1",3.736,"Mouse_Pa","trial_1",3.926,0.101725119808236
"143",8.75,"191.1",3.652,"Mouse_Pa","trial_1",3.79266666666667,0.0758097032780838
"144",8.75,"193.1",3.789,"Mouse_Pa","trial_1",3.91,0.0626976873576689
"145",9,"KPPR1",3.146,"Mouse_Pa","trial_1",3.72766666666667,0.0821832833579437
"146",9,"145.1",3.793,"Mouse_Pa","trial_1",3.96866666666667,0.0943121295368615
"147",9,"191.1",3.714,"Mouse_Pa","trial_1",3.84566666666667,0.0706690251178769
"148",9,"193.1",3.849,"Mouse_Pa","trial_1",3.96866666666667,0.0617584901945562
"149",9.25,"KPPR1",3.182,"Mouse_Pa","trial_1",3.7676,0.0828666053710075
"150",9.25,"145.1",3.848,"Mouse_Pa","trial_1",4.012,0.088573886294626
"151",9.25,"191.1",3.777,"Mouse_Pa","trial_1",3.90333333333333,0.0695709070740861
"152",9.25,"193.1",3.898,"Mouse_Pa","trial_1",4.013,0.0595007002759912
"153",9.5,"KPPR1",3.224,"Mouse_Pa","trial_1",3.80186666666667,0.0835817174510281
"154",9.5,"145.1",3.887,"Mouse_Pa","trial_1",4.04033333333333,0.0809492296305393
"155",9.5,"191.1",3.836,"Mouse_Pa","trial_1",3.95566666666667,0.0684259534906978
"156",9.5,"193.1",3.949,"Mouse_Pa","trial_1",4.06233333333333,0.058771686304811
"157",9.75,"KPPR1",3.255,"Mouse_Pa","trial_1",3.83706666666667,0.0838254119139279
"158",9.75,"145.1",3.941,"Mouse_Pa","trial_1",4.077,0.0745676426698159
"159",9.75,"191.1",3.89,"Mouse_Pa","trial_1",4.00366666666667,0.0679468746726277
"160",9.75,"193.1",3.985,"Mouse_Pa","trial_1",4.09933333333333,0.0594876270982275
"161",10,"KPPR1",3.282,"Mouse_Pa","trial_1",3.8674,0.0835222126143699
"162",10,"145.1",3.968,"Mouse_Pa","trial_1",4.09966666666667,0.073471838898391
"163",10,"191.1",3.946,"Mouse_Pa","trial_1",4.051,0.0678699737242717
"164",10,"193.1",4.026,"Mouse_Pa","trial_1",4.13566666666667,0.0596107745667212
"165",10.25,"KPPR1",3.318,"Mouse_Pa","trial_1",3.90066666666667,0.0840863879288475
"166",10.25,"145.1",3.997,"Mouse_Pa","trial_1",4.12033333333333,0.0680889940527184
"167",10.25,"191.1",3.971,"Mouse_Pa","trial_1",4.079,0.0706847461149385
"168",10.25,"193.1",4.057,"Mouse_Pa","trial_1",4.16233333333333,0.05774176227923
"169",10.5,"KPPR1",3.336,"Mouse_Pa","trial_1",3.92973333333333,0.0842330365381923
"170",10.5,"145.1",4.021,"Mouse_Pa","trial_1",4.14133333333333,0.0673704518151524
"171",10.5,"191.1",4.018,"Mouse_Pa","trial_1",4.12733333333333,0.0711953494111644
"172",10.5,"193.1",4.085,"Mouse_Pa","trial_1",4.19233333333333,0.0579779651630207
"173",10.75,"KPPR1",3.374,"Mouse_Pa","trial_1",3.95946666666667,0.0855038215056117
"174",10.75,"145.1",4.041,"Mouse_Pa","trial_1",4.15066666666667,0.0632200741677654
"175",10.75,"191.1",4.062,"Mouse_Pa","trial_1",4.15633333333333,0.0699626884687673
"176",10.75,"193.1",4.119,"Mouse_Pa","trial_1",4.21766666666667,0.0554897387911595
"177",11,"KPPR1",3.396,"Mouse_Pa","trial_1",3.9826,0.085005646871252
"178",11,"145.1",4.069,"Mouse_Pa","trial_1",4.16633333333333,0.0557205328202967
"179",11,"191.1",4.11,"Mouse_Pa","trial_1",4.19633333333333,0.0700245988524349
"180",11,"193.1",4.133,"Mouse_Pa","trial_1",4.23966666666667,0.0617773780962292
"181",11.25,"KPPR1",3.42,"Mouse_Pa","trial_1",4.01166666666667,0.0859724577528379
"182",11.25,"145.1",4.074,"Mouse_Pa","trial_1",4.17,0.0560119034967866
"183",11.25,"191.1",4.133,"Mouse_Pa","trial_1",4.22166666666667,0.0709749564596164
"184",11.25,"193.1",4.159,"Mouse_Pa","trial_1",4.26266666666667,0.060338857942273
"185",11.5,"KPPR1",3.446,"Mouse_Pa","trial_1",4.03526666666667,0.0857657089132762
"186",11.5,"145.1",4.081,"Mouse_Pa","trial_1",4.17533333333333,0.0542719489648606
"187",11.5,"191.1",4.164,"Mouse_Pa","trial_1",4.25033333333333,0.0723195071271309
"188",11.5,"193.1",4.171,"Mouse_Pa","trial_1",4.27866666666667,0.0638600901276464
"189",11.75,"KPPR1",3.465,"Mouse_Pa","trial_1",4.05986666666667,0.0859405590076053
"190",11.75,"145.1",4.079,"Mouse_Pa","trial_1",4.17333333333333,0.0542719489648609
"191",11.75,"191.1",4.186,"Mouse_Pa","trial_1",4.27066666666667,0.0706643081367421
"192",11.75,"193.1",4.18,"Mouse_Pa","trial_1",4.29133333333333,0.0655650652236219
"193",12,"KPPR1",3.501,"Mouse_Pa","trial_1",4.0824,0.0862307977244237
"194",12,"145.1",4.078,"Mouse_Pa","trial_1",4.173,0.054561891462815
"195",12,"191.1",4.206,"Mouse_Pa","trial_1",4.28766666666667,0.0728522096057794
"196",12,"193.1",4.183,"Mouse_Pa","trial_1",4.301,0.0708684226812855
"197",12.25,"KPPR1",3.512,"Mouse_Pa","trial_1",4.1036,0.0866267747018096
"198",12.25,"145.1",4.089,"Mouse_Pa","trial_1",4.17233333333333,0.0510206929697264
"199",12.25,"191.1",4.236,"Mouse_Pa","trial_1",4.30666666666667,0.070167260488382
"200",12.25,"193.1",4.189,"Mouse_Pa","trial_1",4.30566666666667,0.0716294476997957
"201",12.5,"KPPR1",3.53,"Mouse_Pa","trial_1",4.12393333333333,0.0865870586759865
"202",12.5,"145.1",4.088,"Mouse_Pa","trial_1",4.16633333333333,0.0495255265270121
"203",12.5,"191.1",4.255,"Mouse_Pa","trial_1",4.32166666666667,0.0707043924456686
"204",12.5,"193.1",4.194,"Mouse_Pa","trial_1",4.31133333333333,0.0729162380939787
"205",12.75,"KPPR1",3.548,"Mouse_Pa","trial_1",4.14166666666667,0.086894334664726
"206",12.75,"145.1",4.088,"Mouse_Pa","trial_1",4.16233333333333,0.0479594736325484
"207",12.75,"191.1",4.281,"Mouse_Pa","trial_1",4.337,0.0715262189689907
"208",12.75,"193.1",4.198,"Mouse_Pa","trial_1",4.31533333333333,0.0757503208647402
"209",13,"KPPR1",3.574,"Mouse_Pa","trial_1",4.1592,0.0860654900144568
"210",13,"145.1",4.08,"Mouse_Pa","trial_1",4.152,0.0480034720966446
"211",13,"191.1",4.296,"Mouse_Pa","trial_1",4.34966666666667,0.0692106285993063
"212",13,"193.1",4.184,"Mouse_Pa","trial_1",4.30933333333333,0.0806749307061645
"213",13.25,"KPPR1",3.61,"Mouse_Pa","trial_1",4.1792,0.0853231504340996
"214",13.25,"145.1",4.073,"Mouse_Pa","trial_1",4.14333333333333,0.0479664234415886
"215",13.25,"191.1",4.315,"Mouse_Pa","trial_1",4.35966666666667,0.066776576066096
"216",13.25,"193.1",4.187,"Mouse_Pa","trial_1",4.31033333333333,0.0806398026893528
"217",13.5,"KPPR1",3.618,"Mouse_Pa","trial_1",4.19366666666667,0.0860251716576617
"218",13.5,"145.1",4.065,"Mouse_Pa","trial_1",4.12866666666667,0.0464124025569794
"219",13.5,"191.1",4.329,"Mouse_Pa","trial_1",4.36066666666667,0.0685379051652766
"220",13.5,"193.1",4.183,"Mouse_Pa","trial_1",4.301,0.0829538024043103
"221",13.75,"KPPR1",3.636,"Mouse_Pa","trial_1",4.20666666666667,0.0859722915865043
"222",13.75,"145.1",4.05,"Mouse_Pa","trial_1",4.11366666666667,0.0455789912618132
"223",13.75,"191.1",4.336,"Mouse_Pa","trial_1",4.366,0.0675055553269506
"224",13.75,"193.1",4.165,"Mouse_Pa","trial_1",4.29366666666667,0.0887925172022459
"225",14,"KPPR1",3.636,"Mouse_Pa","trial_1",4.22253333333333,0.0861040824576455
"226",14,"145.1",4.033,"Mouse_Pa","trial_1",4.09733333333333,0.0474845003951582
"227",14,"191.1",4.347,"Mouse_Pa","trial_1",4.36666666666667,0.0679763030605357
"228",14,"193.1",4.149,"Mouse_Pa","trial_1",4.28033333333333,0.0917557143240196
"229",14.25,"KPPR1",3.65,"Mouse_Pa","trial_1",4.23453333333333,0.0865572679497258
"230",14.25,"145.1",4.02,"Mouse_Pa","trial_1",4.08033333333333,0.0465916063017554
"231",14.25,"191.1",4.356,"Mouse_Pa","trial_1",4.36633333333333,0.0674594528422652
"232",14.25,"193.1",4.13,"Mouse_Pa","trial_1",4.263,0.093767442821767
"233",14.5,"KPPR1",3.666,"Mouse_Pa","trial_1",4.2462,0.0857256532144703
"234",14.5,"145.1",4.002,"Mouse_Pa","trial_1",4.06233333333333,0.0479247094699362
"235",14.5,"191.1",4.357,"Mouse_Pa","trial_1",4.35866666666667,0.0684210818713388
"236",14.5,"193.1",4.109,"Mouse_Pa","trial_1",4.245,0.0995791142760368
"237",14.75,"KPPR1",3.68,"Mouse_Pa","trial_1",4.26093333333333,0.0866735784789644
"238",14.75,"145.1",3.99,"Mouse_Pa","trial_1",4.044,0.0457638867813184
"239",14.75,"191.1",4.366,"Mouse_Pa","trial_1",4.35666666666667,0.0677109871274801
"240",14.75,"193.1",4.089,"Mouse_Pa","trial_1",4.22866666666667,0.102729958845725
"241",15,"KPPR1",3.703,"Mouse_Pa","trial_1",4.269,0.0853836719084593
"242",15,"145.1",3.98,"Mouse_Pa","trial_1",4.03033333333333,0.0435213868243087
"243",15,"191.1",4.378,"Mouse_Pa","trial_1",4.35466666666667,0.0674124947205224
"244",15,"193.1",4.069,"Mouse_Pa","trial_1",4.20966666666667,0.104130260304635
"245",15.25,"KPPR1",3.709,"Mouse_Pa","trial_1",4.27986666666667,0.0857704503819944
"246",15.25,"145.1",3.959,"Mouse_Pa","trial_1",4.007,0.0426184623529911
"247",15.25,"191.1",4.377,"Mouse_Pa","trial_1",4.342,0.0700594985232791
"248",15.25,"193.1",4.045,"Mouse_Pa","trial_1",4.185,0.107363867292493
"249",15.5,"KPPR1",3.714,"Mouse_Pa","trial_1",4.29033333333333,0.0860276625868605
"250",15.5,"145.1",3.944,"Mouse_Pa","trial_1",3.99133333333333,0.0433948281608664
"251",15.5,"191.1",4.374,"Mouse_Pa","trial_1",4.331,0.0711641295410357
"252",15.5,"193.1",4.017,"Mouse_Pa","trial_1",4.16133333333333,0.112065952803596
"253",15.75,"KPPR1",3.721,"Mouse_Pa","trial_1",4.30346666666667,0.0859494240356705
"254",15.75,"145.1",3.931,"Mouse_Pa","trial_1",3.97466666666667,0.0436666666666667
"255",15.75,"191.1",4.367,"Mouse_Pa","trial_1",4.31866666666667,0.072558788425509
"256",15.75,"193.1",3.994,"Mouse_Pa","trial_1",4.13733333333333,0.114649223479465
"257",16,"KPPR1",3.74,"Mouse_Pa","trial_1",4.30906666666667,0.0858055646251158
"258",16,"145.1",3.921,"Mouse_Pa","trial_1",3.95566666666667,0.0402919898297966
"259",16,"191.1",4.361,"Mouse_Pa","trial_1",4.303,0.0735119037979564
"260",16,"193.1",3.974,"Mouse_Pa","trial_1",4.114,0.117287396310658
"261",16.25,"KPPR1",3.746,"Mouse_Pa","trial_1",4.31766666666667,0.0860656264921836
"262",16.25,"145.1",3.902,"Mouse_Pa","trial_1",3.93533333333333,0.0400097210409892
"263",16.25,"191.1",4.331,"Mouse_Pa","trial_1",4.277,0.0727461339178929
"264",16.25,"193.1",3.944,"Mouse_Pa","trial_1",4.083,0.120972448653953
"265",16.5,"KPPR1",3.761,"Mouse_Pa","trial_1",4.32853333333333,0.0859141247141401
"266",16.5,"145.1",3.892,"Mouse_Pa","trial_1",3.92,0.0395137107006332
"267",16.5,"191.1",4.318,"Mouse_Pa","trial_1",4.25633333333333,0.0729436616696597
"268",16.5,"193.1",3.912,"Mouse_Pa","trial_1",4.05133333333333,0.119890690955461
"269",16.75,"KPPR1",3.774,"Mouse_Pa","trial_1",4.33673333333333,0.0860019638018678
"270",16.75,"145.1",3.886,"Mouse_Pa","trial_1",3.90566666666667,0.0385155091417009
"271",16.75,"191.1",4.308,"Mouse_Pa","trial_1",4.23733333333333,0.0747023724151009
"272",16.75,"193.1",3.891,"Mouse_Pa","trial_1",4.02766666666667,0.119594221339402
"273",17,"KPPR1",3.776,"Mouse_Pa","trial_1",4.3456,0.0859542957180207
"274",17,"145.1",3.87,"Mouse_Pa","trial_1",3.88566666666667,0.0391847475996011
"275",17,"191.1",4.278,"Mouse_Pa","trial_1",4.20933333333333,0.0747469806153474
"276",17,"193.1",3.857,"Mouse_Pa","trial_1",3.99733333333333,0.121828203266367
"277",17.25,"KPPR1",3.809,"Mouse_Pa","trial_1",4.35493333333333,0.0851905129228806
"278",17.25,"145.1",3.872,"Mouse_Pa","trial_1",3.87366666666667,0.0366712118395041
"279",17.25,"191.1",4.27,"Mouse_Pa","trial_1",4.189,0.0775263396100534
"280",17.25,"193.1",3.844,"Mouse_Pa","trial_1",3.97366666666667,0.120778493302593
"281",17.5,"KPPR1",3.801,"Mouse_Pa","trial_1",4.35993333333333,0.085218848053069
"282",17.5,"145.1",3.853,"Mouse_Pa","trial_1",3.85866666666667,0.0379224354585925
"283",17.5,"191.1",4.226,"Mouse_Pa","trial_1",4.157,0.0740562849009678
"284",17.5,"193.1",3.813,"Mouse_Pa","trial_1",3.946,0.121198184804889
"285",17.75,"KPPR1",3.811,"Mouse_Pa","trial_1",4.3654,0.085261100380509
"286",17.75,"145.1",3.842,"Mouse_Pa","trial_1",3.84233333333333,0.0395488446242253
"287",17.75,"191.1",4.2,"Mouse_Pa","trial_1",4.13033333333333,0.0742121583330146
"288",17.75,"193.1",3.789,"Mouse_Pa","trial_1",3.917,0.120577775730024
"289",18,"KPPR1",3.818,"Mouse_Pa","trial_1",4.37206666666667,0.0848038895484145
"290",18,"145.1",3.835,"Mouse_Pa","trial_1",3.82633333333333,0.03892442820532
"291",18,"191.1",4.169,"Mouse_Pa","trial_1",4.101,0.0740810367098085
"292",18,"193.1",3.765,"Mouse_Pa","trial_1",3.89066666666667,0.12020861496212
"293",18.25,"KPPR1",3.825,"Mouse_Pa","trial_1",4.37666666666667,0.0845040245120323
"294",18.25,"145.1",3.825,"Mouse_Pa","trial_1",3.81233333333333,0.0374892577206384
"295",18.25,"191.1",4.138,"Mouse_Pa","trial_1",4.07433333333333,0.071815349643683
"296",18.25,"193.1",3.745,"Mouse_Pa","trial_1",3.86233333333333,0.11683368996617
"297",18.5,"KPPR1",3.831,"Mouse_Pa","trial_1",4.38086666666667,0.0846940638087726
"298",18.5,"145.1",3.816,"Mouse_Pa","trial_1",3.798,0.0402781992315115
"299",18.5,"191.1",4.094,"Mouse_Pa","trial_1",4.03966666666667,0.0693405444967886
"300",18.5,"193.1",3.718,"Mouse_Pa","trial_1",3.83566666666667,0.115672430211832
"301",18.75,"KPPR1",3.839,"Mouse_Pa","trial_1",4.38386666666667,0.0839029976572531
"302",18.75,"145.1",3.809,"Mouse_Pa","trial_1",3.788,0.0409186184191663
"303",18.75,"191.1",4.064,"Mouse_Pa","trial_1",4.013,0.0692411245816628
"304",18.75,"193.1",3.698,"Mouse_Pa","trial_1",3.80966666666667,0.112668145946896
"305",19,"KPPR1",3.844,"Mouse_Pa","trial_1",4.39006666666667,0.0835844293238688
"306",19,"145.1",3.803,"Mouse_Pa","trial_1",3.77633333333333,0.0425571511160124
"307",19,"191.1",4.033,"Mouse_Pa","trial_1",3.988,0.0681933525597131
"308",19,"193.1",3.679,"Mouse_Pa","trial_1",3.785,0.111037531192536
"309",19.25,"KPPR1",3.854,"Mouse_Pa","trial_1",4.3918,0.083096169185669
"310",19.25,"145.1",3.797,"Mouse_Pa","trial_1",3.76233333333333,0.0450382553441455
"311",19.25,"191.1",4.002,"Mouse_Pa","trial_1",3.959,0.0695149863938224
"312",19.25,"193.1",3.656,"Mouse_Pa","trial_1",3.761,0.108518815572846
"313",19.5,"KPPR1",3.851,"Mouse_Pa","trial_1",4.39573333333333,0.083362174056895
"314",19.5,"145.1",3.787,"Mouse_Pa","trial_1",3.752,0.0453688586293873
"315",19.5,"191.1",3.966,"Mouse_Pa","trial_1",3.931,0.0639296488336984
"316",19.5,"193.1",3.638,"Mouse_Pa","trial_1",3.736,0.105077748992512
"317",19.75,"KPPR1",3.86,"Mouse_Pa","trial_1",4.39706666666667,0.0829948057276947
"318",19.75,"145.1",3.782,"Mouse_Pa","trial_1",3.74333333333333,0.0448007936437639
"319",19.75,"191.1",3.936,"Mouse_Pa","trial_1",3.90466666666667,0.0631726030631775
"320",19.75,"193.1",3.618,"Mouse_Pa","trial_1",3.712,0.104675689632311
"321",20,"KPPR1",3.864,"Mouse_Pa","trial_1",4.3998,0.0823168211705181
"322",20,"145.1",3.777,"Mouse_Pa","trial_1",3.73233333333333,0.0482090355754096
"323",20,"191.1",3.908,"Mouse_Pa","trial_1",3.87666666666667,0.0654123671623171
"324",20,"193.1",3.598,"Mouse_Pa","trial_1",3.68666666666667,0.103505770102176
"325",20.25,"KPPR1",3.877,"Mouse_Pa","trial_1",4.40286666666667,0.0815382975555289
"326",20.25,"145.1",3.772,"Mouse_Pa","trial_1",3.726,0.0455009157417006
"327",20.25,"191.1",3.88,"Mouse_Pa","trial_1",3.85066666666667,0.0612490362735973
"328",20.25,"193.1",3.585,"Mouse_Pa","trial_1",3.66266666666667,0.101005500400281
"329",20.5,"KPPR1",3.885,"Mouse_Pa","trial_1",4.4074,0.0815821992722386
"330",20.5,"145.1",3.769,"Mouse_Pa","trial_1",3.71733333333333,0.0477225779316714
"331",20.5,"191.1",3.854,"Mouse_Pa","trial_1",3.826,0.0610928255471404
"332",20.5,"193.1",3.572,"Mouse_Pa","trial_1",3.64366666666667,0.0961289643020135
"333",20.75,"KPPR1",3.882,"Mouse_Pa","trial_1",4.409,0.0825967830573841
"334",20.75,"145.1",3.761,"Mouse_Pa","trial_1",3.707,0.0481248376620638
"335",20.75,"191.1",3.817,"Mouse_Pa","trial_1",3.796,0.0595343038368076
"336",20.75,"193.1",3.558,"Mouse_Pa","trial_1",3.62033333333333,0.0950339120758713
"337",21,"KPPR1",3.891,"Mouse_Pa","trial_1",4.41066666666667,0.081657803211921
"338",21,"145.1",3.756,"Mouse_Pa","trial_1",3.7,0.0477528358669234
"339",21,"191.1",3.786,"Mouse_Pa","trial_1",3.77066666666667,0.058814208411838
"340",21,"193.1",3.547,"Mouse_Pa","trial_1",3.60233333333333,0.0914646258275722
"341",21.25,"KPPR1",3.889,"Mouse_Pa","trial_1",4.41073333333333,0.0809521002796255
"342",21.25,"145.1",3.753,"Mouse_Pa","trial_1",3.691,0.0495714971867235
"343",21.25,"191.1",3.758,"Mouse_Pa","trial_1",3.743,0.0613704597777574
"344",21.25,"193.1",3.53,"Mouse_Pa","trial_1",3.58166666666667,0.0884389305930621
"345",21.5,"KPPR1",3.893,"Mouse_Pa","trial_1",4.4126,0.0808909789543338
"346",21.5,"145.1",3.75,"Mouse_Pa","trial_1",3.686,0.0497594212184989
"347",21.5,"191.1",3.729,"Mouse_Pa","trial_1",3.71966666666667,0.060225502165703
"348",21.5,"193.1",3.523,"Mouse_Pa","trial_1",3.565,0.0874299719775776
"349",21.75,"KPPR1",3.902,"Mouse_Pa","trial_1",4.41213333333333,0.0804136843759856
"350",21.75,"145.1",3.75,"Mouse_Pa","trial_1",3.68,0.0521664004253058
"351",21.75,"191.1",3.706,"Mouse_Pa","trial_1",3.69666666666667,0.0631039706445728
"352",21.75,"193.1",3.516,"Mouse_Pa","trial_1",3.54766666666667,0.0843491421282859
"353",22,"KPPR1",3.917,"Mouse_Pa","trial_1",4.4162,0.0796890504517701
"354",22,"145.1",3.75,"Mouse_Pa","trial_1",3.67333333333333,0.0544589549824248
"355",22,"191.1",3.687,"Mouse_Pa","trial_1",3.67433333333333,0.0638235414595935
"356",22,"193.1",3.51,"Mouse_Pa","trial_1",3.53133333333333,0.0815298173131223
"357",22.25,"KPPR1",3.935,"Mouse_Pa","trial_1",4.41813333333333,0.0789243077207925
"358",22.25,"145.1",3.75,"Mouse_Pa","trial_1",3.667,0.0549939390599849
"359",22.25,"191.1",3.666,"Mouse_Pa","trial_1",3.652,0.0638931399551887
"360",22.25,"193.1",3.502,"Mouse_Pa","trial_1",3.51433333333333,0.0807760965742824
"361",22.5,"KPPR1",3.915,"Mouse_Pa","trial_1",4.41553333333333,0.0793596314955602
"362",22.5,"145.1",3.739,"Mouse_Pa","trial_1",3.659,0.0564535207050898
"363",22.5,"191.1",3.626,"Mouse_Pa","trial_1",3.62466666666667,0.0658213069183866
"364",22.5,"193.1",3.497,"Mouse_Pa","trial_1",3.49833333333333,0.0779451374008953
"365",22.75,"KPPR1",3.906,"Mouse_Pa","trial_1",4.41493333333333,0.0798186913702768
"366",22.75,"145.1",3.735,"Mouse_Pa","trial_1",3.65166666666667,0.0556906136116711
"367",22.75,"191.1",3.6,"Mouse_Pa","trial_1",3.603,0.064392028492146
"368",22.75,"193.1",3.49,"Mouse_Pa","trial_1",3.48233333333333,0.0783248222326599
"369",23,"KPPR1",3.914,"Mouse_Pa","trial_1",4.4146,0.0787423042347027
"370",23,"145.1",3.731,"Mouse_Pa","trial_1",3.64533333333333,0.055636718490979
"371",23,"191.1",3.576,"Mouse_Pa","trial_1",3.58166666666667,0.0667441216720828
"372",23,"193.1",3.482,"Mouse_Pa","trial_1",3.46733333333333,0.0794362078092296
"373",23.25,"KPPR1",3.919,"Mouse_Pa","trial_1",4.4174,0.0787103672000195
"374",23.25,"145.1",3.729,"Mouse_Pa","trial_1",3.63866666666667,0.058538686163748
"375",23.25,"191.1",3.554,"Mouse_Pa","trial_1",3.56333333333333,0.0700150777412345
"376",23.25,"193.1",3.48,"Mouse_Pa","trial_1",3.45533333333333,0.0777717457978439
"377",23.5,"KPPR1",3.919,"Mouse_Pa","trial_1",4.41526666666667,0.0782261962374356
"378",23.5,"145.1",3.725,"Mouse_Pa","trial_1",3.63366666666667,0.0576695567676549
"379",23.5,"191.1",3.533,"Mouse_Pa","trial_1",3.54133333333333,0.068542768481519
"380",23.5,"193.1",3.473,"Mouse_Pa","trial_1",3.44133333333333,0.0786857321529415
"381",23.75,"KPPR1",3.935,"Mouse_Pa","trial_1",4.414,0.0775701832751047
"382",23.75,"145.1",3.723,"Mouse_Pa","trial_1",3.626,0.0601082357085948
"383",23.75,"191.1",3.519,"Mouse_Pa","trial_1",3.524,0.0701925922017417
"384",23.75,"193.1",3.465,"Mouse_Pa","trial_1",3.424,0.0808723273643918
"385",24,"KPPR1",3.923,"Mouse_Pa","trial_1",4.41273333333333,0.077760282839645
"386",24,"145.1",3.715,"Mouse_Pa","trial_1",3.617,0.0613704597777573
"387",24,"191.1",3.489,"Mouse_Pa","trial_1",3.50466666666667,0.0746019064397449
"388",24,"193.1",3.461,"Mouse_Pa","trial_1",3.41266666666667,0.0807760965742823
"389",0,"KPPR1",0.005,"Mouse_Pa","trial_2",0.00593333333333333,0.0022771466411711
"390",0,"145.1",0.013,"Mouse_Pa","trial_2",0.008,0.00404145188432738
"391",0,"191.1",0.001,"Mouse_Pa","trial_2",0.00266666666666667,0.000881917103688197
"392",0,"193.1",0.013,"Mouse_Pa","trial_2",0.00666666666666667,0.00375647588986155
"393",0.25,"KPPR1",0.005,"Mouse_Pa","trial_2",0.0064,0.0024118753817606
"394",0.25,"145.1",0.011,"Mouse_Pa","trial_2",0.00666666666666667,0.00338296385503074
"395",0.25,"191.1",0,"Mouse_Pa","trial_2",0.00233333333333333,0.00120185042515466
"396",0.25,"193.1",0.013,"Mouse_Pa","trial_2",0.00633333333333333,0.00375647588986155
"397",0.5,"KPPR1",0.006,"Mouse_Pa","trial_2",0.00813333333333333,0.00246473540870428
"398",0.5,"145.1",0.01,"Mouse_Pa","trial_2",0.00633333333333333,0.00317979733805649
"399",0.5,"191.1",0,"Mouse_Pa","trial_2",0.003,0.00152752523165195
"400",0.5,"193.1",0.013,"Mouse_Pa","trial_2",0.00633333333333333,0.00375647588986155
"401",0.75,"KPPR1",0.01,"Mouse_Pa","trial_2",0.0116,0.00258898766757533
"402",0.75,"145.1",0.01,"Mouse_Pa","trial_2",0.007,0.00351188458428425
"403",0.75,"191.1",0.002,"Mouse_Pa","trial_2",0.00433333333333333,0.00120185042515466
"404",0.75,"193.1",0.013,"Mouse_Pa","trial_2",0.00666666666666667,0.00375647588986155
"405",1,"KPPR1",0.019,"Mouse_Pa","trial_2",0.0172,0.00284554790104522
"406",1,"145.1",0.011,"Mouse_Pa","trial_2",0.00933333333333333,0.00497772817435603
"407",1,"191.1",0.004,"Mouse_Pa","trial_2",0.006,0.001
"408",1,"193.1",0.015,"Mouse_Pa","trial_2",0.008,0.00435889894354067
"409",1.25,"KPPR1",0.035,"Mouse_Pa","trial_2",0.0281333333333333,0.00384567371850582
"410",1.25,"145.1",0.013,"Mouse_Pa","trial_2",0.013,0.00750555349946513
"411",1.25,"191.1",0.007,"Mouse_Pa","trial_2",0.00866666666666667,0.000881917103688197
"412",1.25,"193.1",0.017,"Mouse_Pa","trial_2",0.0103333333333333,0.00440958551844099
"413",1.5,"KPPR1",0.064,"Mouse_Pa","trial_2",0.0489333333333333,0.00595816100316889
"414",1.5,"145.1",0.017,"Mouse_Pa","trial_2",0.0146666666666667,0.00788106027835793
"415",1.5,"191.1",0.011,"Mouse_Pa","trial_2",0.012,0.001
"416",1.5,"193.1",0.021,"Mouse_Pa","trial_2",0.0133333333333333,0.00433333333333333
"417",1.75,"KPPR1",0.115,"Mouse_Pa","trial_2",0.0852,0.00965509981206576
"418",1.75,"145.1",0.026,"Mouse_Pa","trial_2",0.0216666666666667,0.0108985218161812
"419",1.75,"191.1",0.017,"Mouse_Pa","trial_2",0.0163333333333333,0.00120185042515466
"420",1.75,"193.1",0.025,"Mouse_Pa","trial_2",0.017,0.00461880215351701
"421",2,"KPPR1",0.192,"Mouse_Pa","trial_2",0.1438,0.0139632851912912
"422",2,"145.1",0.034,"Mouse_Pa","trial_2",0.029,0.0115325625946708
"423",2,"191.1",0.022,"Mouse_Pa","trial_2",0.0213333333333333,0.00120185042515466
"424",2,"193.1",0.031,"Mouse_Pa","trial_2",0.022,0.00493288286231625
"425",2.25,"KPPR1",0.296,"Mouse_Pa","trial_2",0.2272,0.020821737725386
"426",2.25,"145.1",0.042,"Mouse_Pa","trial_2",0.0446666666666667,0.0196751394178316
"427",2.25,"191.1",0.03,"Mouse_Pa","trial_2",0.0266666666666667,0.00240370085030933
"428",2.25,"193.1",0.037,"Mouse_Pa","trial_2",0.0276666666666667,0.00497772817435603
"429",2.5,"KPPR1",0.444,"Mouse_Pa","trial_2",0.355533333333333,0.0316979594756608
"430",2.5,"145.1",0.057,"Mouse_Pa","trial_2",0.0856666666666667,0.0478098083846587
"431",2.5,"191.1",0.047,"Mouse_Pa","trial_2",0.0376666666666667,0.00581186525805423
"432",2.5,"193.1",0.055,"Mouse_Pa","trial_2",0.04,0.00814452781524708
"433",2.75,"KPPR1",0.684,"Mouse_Pa","trial_2",0.585533333333333,0.0649722920186654
"434",2.75,"145.1",0.092,"Mouse_Pa","trial_2",0.0896666666666667,0.0320641717671159
"435",2.75,"191.1",0.081,"Mouse_Pa","trial_2",0.062,0.0138684293751431
"436",2.75,"193.1",0.116,"Mouse_Pa","trial_2",0.0716666666666667,0.0224820916385563
"437",3,"KPPR1",0.977,"Mouse_Pa","trial_2",0.9096,0.0891258500260006
"438",3,"145.1",0.149,"Mouse_Pa","trial_2",0.122,0.0316069612585582
"439",3,"191.1",0.136,"Mouse_Pa","trial_2",0.134,0.0444672163884061
"440",3,"193.1",0.134,"Mouse_Pa","trial_2",0.122666666666667,0.00808977406634107
"441",3.25,"KPPR1",1.258,"Mouse_Pa","trial_2",1.30306666666667,0.0845797153812204
"442",3.25,"145.1",0.157,"Mouse_Pa","trial_2",0.16,0.00173205080756888
"443",3.25,"191.1",0.137,"Mouse_Pa","trial_2",0.152,0.00793725393319377
"444",3.25,"193.1",0.154,"Mouse_Pa","trial_2",0.142,0.00757187779440036
"445",3.5,"KPPR1",1.543,"Mouse_Pa","trial_2",1.6816,0.071117796312744
"446",3.5,"145.1",0.172,"Mouse_Pa","trial_2",0.176666666666667,0.0095277372853043
"447",3.5,"191.1",0.182,"Mouse_Pa","trial_2",0.166,0.0089628864398325
"448",3.5,"193.1",0.199,"Mouse_Pa","trial_2",0.170666666666667,0.0141931125706958
"449",3.75,"KPPR1",1.726,"Mouse_Pa","trial_2",1.97326666666667,0.0620333602006032
"450",3.75,"145.1",0.195,"Mouse_Pa","trial_2",0.209666666666667,0.0236807469852152
"451",3.75,"191.1",0.196,"Mouse_Pa","trial_2",0.166666666666667,0.0148473716342134
"452",3.75,"193.1",0.191,"Mouse_Pa","trial_2",0.186333333333333,0.00260341655863555
"453",4,"KPPR1",1.891,"Mouse_Pa","trial_2",2.2096,0.0627907939870472
"454",4,"145.1",0.225,"Mouse_Pa","trial_2",0.262666666666667,0.0453737564873989
"455",4,"191.1",0.198,"Mouse_Pa","trial_2",0.185666666666667,0.00648930744464393
"456",4,"193.1",0.227,"Mouse_Pa","trial_2",0.211666666666667,0.00926162932629987
"457",4.25,"KPPR1",2.07,"Mouse_Pa","trial_2",2.40013333333333,0.0628807538627616
"458",4.25,"145.1",0.304,"Mouse_Pa","trial_2",0.336333333333333,0.060233803724413
"459",4.25,"191.1",0.242,"Mouse_Pa","trial_2",0.226666666666667,0.0089504810547317
"460",4.25,"193.1",0.281,"Mouse_Pa","trial_2",0.254666666666667,0.0134205480927983
"461",4.5,"KPPR1",2.187,"Mouse_Pa","trial_2",2.55193333333333,0.0656584573065269
"462",4.5,"145.1",0.399,"Mouse_Pa","trial_2",0.538,0.19011663086993
"463",4.5,"191.1",0.307,"Mouse_Pa","trial_2",0.272333333333333,0.0270637108402459
"464",4.5,"193.1",0.353,"Mouse_Pa","trial_2",0.317,0.0182300118851671
"465",4.75,"KPPR1",2.31,"Mouse_Pa","trial_2",2.67953333333333,0.0671075800605811
"466",4.75,"145.1",0.534,"Mouse_Pa","trial_2",0.904666666666667,0.4530273477151
"467",4.75,"191.1",0.375,"Mouse_Pa","trial_2",0.332,0.0366924152016917
"468",4.75,"193.1",0.415,"Mouse_Pa","trial_2",0.386666666666667,0.0145181878269217
"469",5,"KPPR1",2.41,"Mouse_Pa","trial_2",2.7912,0.0681341953165117
"470",5,"145.1",1.058,"Mouse_Pa","trial_2",1.30566666666667,0.56594944807622
"471",5,"191.1",0.648,"Mouse_Pa","trial_2",0.486333333333333,0.0912950041227765
"472",5,"193.1",1.749,"Mouse_Pa","trial_2",0.918333333333333,0.416873015570822
"473",5.25,"KPPR1",2.463,"Mouse_Pa","trial_2",2.883,0.0700222413645428
"474",5.25,"145.1",2.254,"Mouse_Pa","trial_2",1.83566666666667,0.606749353339398
"475",5.25,"191.1",1.931,"Mouse_Pa","trial_2",1.119,0.442773079579145
"476",5.25,"193.1",2.418,"Mouse_Pa","trial_2",1.87566666666667,0.324748278585806
"477",5.5,"KPPR1",2.531,"Mouse_Pa","trial_2",2.9648,0.0715650353574585
"478",5.5,"145.1",2.295,"Mouse_Pa","trial_2",2.04066666666667,0.602753220185877
"479",5.5,"191.1",2.102,"Mouse_Pa","trial_2",1.564,0.392053992880232
"480",5.5,"193.1",2.27,"Mouse_Pa","trial_2",2.16233333333333,0.174499602037114
"481",5.75,"KPPR1",2.607,"Mouse_Pa","trial_2",3.04846666666667,0.0734278308899721
"482",5.75,"145.1",2.637,"Mouse_Pa","trial_2",2.51033333333333,0.362948266898252
"483",5.75,"191.1",2.165,"Mouse_Pa","trial_2",2.02066666666667,0.131065293312574
"484",5.75,"193.1",2.641,"Mouse_Pa","trial_2",2.28166666666667,0.208138041800254
"485",6,"KPPR1",2.673,"Mouse_Pa","trial_2",3.11753333333333,0.0739235684220802
"486",6,"145.1",2.928,"Mouse_Pa","trial_2",2.806,0.284890037265843
"487",6,"191.1",2.542,"Mouse_Pa","trial_2",2.286,0.253005928784288
"488",6,"193.1",2.915,"Mouse_Pa","trial_2",2.615,0.199950827288444
"489",6.25,"KPPR1",2.738,"Mouse_Pa","trial_2",3.18466666666667,0.075419377746588
"490",6.25,"145.1",3.129,"Mouse_Pa","trial_2",2.99566666666667,0.254269105039873
"491",6.25,"191.1",2.785,"Mouse_Pa","trial_2",2.541,0.271447969231674
"492",6.25,"193.1",3.097,"Mouse_Pa","trial_2",2.86533333333333,0.159334379355004
"493",6.5,"KPPR1",2.793,"Mouse_Pa","trial_2",3.2474,0.0759300931621913
"494",6.5,"145.1",3.259,"Mouse_Pa","trial_2",3.15766666666667,0.21393249194807
"495",6.5,"191.1",2.968,"Mouse_Pa","trial_2",2.78366666666667,0.218166857652068
"496",6.5,"193.1",3.236,"Mouse_Pa","trial_2",3.04166666666667,0.137906167777627
"497",6.75,"KPPR1",2.844,"Mouse_Pa","trial_2",3.30606666666667,0.0776794675737397
"498",6.75,"145.1",3.402,"Mouse_Pa","trial_2",3.29766666666667,0.191697968458487
"499",6.75,"191.1",3.129,"Mouse_Pa","trial_2",2.97433333333333,0.183380599967511
"500",6.75,"193.1",3.37,"Mouse_Pa","trial_2",3.20033333333333,0.124360140094986
"501",7,"KPPR1",2.893,"Mouse_Pa","trial_2",3.35786666666667,0.0780905985846029
"502",7,"145.1",3.512,"Mouse_Pa","trial_2",3.422,0.173373392806778
"503",7,"191.1",3.256,"Mouse_Pa","trial_2",3.13,0.162795372579608
"504",7,"193.1",3.466,"Mouse_Pa","trial_2",3.336,0.111540724999138
"505",7.25,"KPPR1",2.949,"Mouse_Pa","trial_2",3.41266666666667,0.0788130800521182
"506",7.25,"145.1",3.612,"Mouse_Pa","trial_2",3.52966666666667,0.162624653044296
"507",7.25,"191.1",3.379,"Mouse_Pa","trial_2",3.27066666666667,0.144215502325898
"508",7.25,"193.1",3.565,"Mouse_Pa","trial_2",3.458,0.101549659444694
"509",7.5,"KPPR1",3.001,"Mouse_Pa","trial_2",3.46646666666667,0.0789987261299746
"510",7.5,"145.1",3.699,"Mouse_Pa","trial_2",3.61466666666667,0.146772310437327
"511",7.5,"191.1",3.475,"Mouse_Pa","trial_2",3.38366666666667,0.123635665476341
"512",7.5,"193.1",3.647,"Mouse_Pa","trial_2",3.55933333333333,0.0866685897222542
"513",7.75,"KPPR1",3.05,"Mouse_Pa","trial_2",3.5172,0.079384429323688
"514",7.75,"145.1",3.749,"Mouse_Pa","trial_2",3.68933333333333,0.128507241473433
"515",7.75,"191.1",3.561,"Mouse_Pa","trial_2",3.488,0.106070731118438
"516",7.75,"193.1",3.702,"Mouse_Pa","trial_2",3.64366666666667,0.0770375089016887
"517",8,"KPPR1",3.079,"Mouse_Pa","trial_2",3.55826666666667,0.0798513778195626
"518",8,"145.1",3.823,"Mouse_Pa","trial_2",3.75966666666667,0.124193844900265
"519",8,"191.1",3.632,"Mouse_Pa","trial_2",3.57666666666667,0.104199061629385
"520",8,"193.1",3.773,"Mouse_Pa","trial_2",3.722,0.0735549681077583
"521",8.25,"KPPR1",3.134,"Mouse_Pa","trial_2",3.6082,0.0807083638788447
"522",8.25,"145.1",3.869,"Mouse_Pa","trial_2",3.81833333333333,0.118216374124362
"523",8.25,"191.1",3.691,"Mouse_Pa","trial_2",3.65533333333333,0.0870063854617068
"524",8.25,"193.1",3.819,"Mouse_Pa","trial_2",3.78866666666667,0.0661370630668698
"525",8.5,"KPPR1",3.19,"Mouse_Pa","trial_2",3.65086666666667,0.0807728069910062
"526",8.5,"145.1",3.914,"Mouse_Pa","trial_2",3.87533333333333,0.104571081619686
"527",8.5,"191.1",3.771,"Mouse_Pa","trial_2",3.72766666666667,0.0831250730993831
"528",8.5,"193.1",3.881,"Mouse_Pa","trial_2",3.85433333333333,0.0643281517775158
"529",8.75,"KPPR1",3.207,"Mouse_Pa","trial_2",3.69106666666667,0.0815741828128686
"530",8.75,"145.1",3.958,"Mouse_Pa","trial_2",3.926,0.101725119808236
"531",8.75,"191.1",3.814,"Mouse_Pa","trial_2",3.79266666666667,0.0758097032780838
"532",8.75,"193.1",3.942,"Mouse_Pa","trial_2",3.91,0.0626976873576689
"533",9,"KPPR1",3.244,"Mouse_Pa","trial_2",3.72766666666667,0.0821832833579437
"534",9,"145.1",3.997,"Mouse_Pa","trial_2",3.96866666666667,0.0943121295368615
"535",9,"191.1",3.867,"Mouse_Pa","trial_2",3.84566666666667,0.0706690251178769
"536",9,"193.1",4.002,"Mouse_Pa","trial_2",3.96866666666667,0.0617584901945562
"537",9.25,"KPPR1",3.284,"Mouse_Pa","trial_2",3.7676,0.0828666053710075
"538",9.25,"145.1",4.036,"Mouse_Pa","trial_2",4.012,0.088573886294626
"539",9.25,"191.1",3.916,"Mouse_Pa","trial_2",3.90333333333333,0.0695709070740861
"540",9.25,"193.1",4.044,"Mouse_Pa","trial_2",4.013,0.0595007002759912
"541",9.5,"KPPR1",3.312,"Mouse_Pa","trial_2",3.80186666666667,0.0835817174510281
"542",9.5,"145.1",4.072,"Mouse_Pa","trial_2",4.04033333333333,0.0809492296305393
"543",9.5,"191.1",3.958,"Mouse_Pa","trial_2",3.95566666666667,0.0684259534906978
"544",9.5,"193.1",4.092,"Mouse_Pa","trial_2",4.06233333333333,0.058771686304811
"545",9.75,"KPPR1",3.339,"Mouse_Pa","trial_2",3.83706666666667,0.0838254119139279
"546",9.75,"145.1",4.092,"Mouse_Pa","trial_2",4.077,0.0745676426698159
"547",9.75,"191.1",3.996,"Mouse_Pa","trial_2",4.00366666666667,0.0679468746726277
"548",9.75,"193.1",4.128,"Mouse_Pa","trial_2",4.09933333333333,0.0594876270982275
"549",10,"KPPR1",3.379,"Mouse_Pa","trial_2",3.8674,0.0835222126143699
"550",10,"145.1",4.109,"Mouse_Pa","trial_2",4.09966666666667,0.073471838898391
"551",10,"191.1",4.029,"Mouse_Pa","trial_2",4.051,0.0678699737242717
"552",10,"193.1",4.15,"Mouse_Pa","trial_2",4.13566666666667,0.0596107745667212
"553",10.25,"KPPR1",3.407,"Mouse_Pa","trial_2",3.90066666666667,0.0840863879288475
"554",10.25,"145.1",4.132,"Mouse_Pa","trial_2",4.12033333333333,0.0680889940527184
"555",10.25,"191.1",4.054,"Mouse_Pa","trial_2",4.079,0.0706847461149385
"556",10.25,"193.1",4.174,"Mouse_Pa","trial_2",4.16233333333333,0.05774176227923
"557",10.5,"KPPR1",3.445,"Mouse_Pa","trial_2",3.92973333333333,0.0842330365381923
"558",10.5,"145.1",4.149,"Mouse_Pa","trial_2",4.14133333333333,0.0673704518151524
"559",10.5,"191.1",4.103,"Mouse_Pa","trial_2",4.12733333333333,0.0711953494111644
"560",10.5,"193.1",4.208,"Mouse_Pa","trial_2",4.19233333333333,0.0579779651630207
"561",10.75,"KPPR1",3.457,"Mouse_Pa","trial_2",3.95946666666667,0.0855038215056117
"562",10.75,"145.1",4.151,"Mouse_Pa","trial_2",4.15066666666667,0.0632200741677654
"563",10.75,"191.1",4.114,"Mouse_Pa","trial_2",4.15633333333333,0.0699626884687673
"564",10.75,"193.1",4.223,"Mouse_Pa","trial_2",4.21766666666667,0.0554897387911595
"565",11,"KPPR1",3.489,"Mouse_Pa","trial_2",3.9826,0.085005646871252
"566",11,"145.1",4.168,"Mouse_Pa","trial_2",4.16633333333333,0.0557205328202967
"567",11,"191.1",4.144,"Mouse_Pa","trial_2",4.19633333333333,0.0700245988524349
"568",11,"193.1",4.239,"Mouse_Pa","trial_2",4.23966666666667,0.0617773780962292
"569",11.25,"KPPR1",3.507,"Mouse_Pa","trial_2",4.01166666666667,0.0859724577528379
"570",11.25,"145.1",4.168,"Mouse_Pa","trial_2",4.17,0.0560119034967866
"571",11.25,"191.1",4.17,"Mouse_Pa","trial_2",4.22166666666667,0.0709749564596164
"572",11.25,"193.1",4.261,"Mouse_Pa","trial_2",4.26266666666667,0.060338857942273
"573",11.5,"KPPR1",3.541,"Mouse_Pa","trial_2",4.03526666666667,0.0857657089132762
"574",11.5,"145.1",4.176,"Mouse_Pa","trial_2",4.17533333333333,0.0542719489648606
"575",11.5,"191.1",4.193,"Mouse_Pa","trial_2",4.25033333333333,0.0723195071271309
"576",11.5,"193.1",4.273,"Mouse_Pa","trial_2",4.27866666666667,0.0638600901276464
"577",11.75,"KPPR1",3.562,"Mouse_Pa","trial_2",4.05986666666667,0.0859405590076053
"578",11.75,"145.1",4.174,"Mouse_Pa","trial_2",4.17333333333333,0.0542719489648609
"579",11.75,"191.1",4.215,"Mouse_Pa","trial_2",4.27066666666667,0.0706643081367421
"580",11.75,"193.1",4.287,"Mouse_Pa","trial_2",4.29133333333333,0.0655650652236219
"581",12,"KPPR1",3.582,"Mouse_Pa","trial_2",4.0824,0.0862307977244237
"582",12,"145.1",4.174,"Mouse_Pa","trial_2",4.173,0.054561891462815
"583",12,"191.1",4.224,"Mouse_Pa","trial_2",4.28766666666667,0.0728522096057794
"584",12,"193.1",4.292,"Mouse_Pa","trial_2",4.301,0.0708684226812855
"585",12.25,"KPPR1",3.596,"Mouse_Pa","trial_2",4.1036,0.0866267747018096
"586",12.25,"145.1",4.163,"Mouse_Pa","trial_2",4.17233333333333,0.0510206929697264
"587",12.25,"191.1",4.237,"Mouse_Pa","trial_2",4.30666666666667,0.070167260488382
"588",12.25,"193.1",4.292,"Mouse_Pa","trial_2",4.30566666666667,0.0716294476997957
"589",12.5,"KPPR1",3.617,"Mouse_Pa","trial_2",4.12393333333333,0.0865870586759865
"590",12.5,"145.1",4.153,"Mouse_Pa","trial_2",4.16633333333333,0.0495255265270121
"591",12.5,"191.1",4.247,"Mouse_Pa","trial_2",4.32166666666667,0.0707043924456686
"592",12.5,"193.1",4.295,"Mouse_Pa","trial_2",4.31133333333333,0.0729162380939787
"593",12.75,"KPPR1",3.642,"Mouse_Pa","trial_2",4.14166666666667,0.086894334664726
"594",12.75,"145.1",4.147,"Mouse_Pa","trial_2",4.16233333333333,0.0479594736325484
"595",12.75,"191.1",4.251,"Mouse_Pa","trial_2",4.337,0.0715262189689907
"596",12.75,"193.1",4.291,"Mouse_Pa","trial_2",4.31533333333333,0.0757503208647402
"597",13,"KPPR1",3.66,"Mouse_Pa","trial_2",4.1592,0.0860654900144568
"598",13,"145.1",4.133,"Mouse_Pa","trial_2",4.152,0.0480034720966446
"599",13,"191.1",4.266,"Mouse_Pa","trial_2",4.34966666666667,0.0692106285993063
"600",13,"193.1",4.284,"Mouse_Pa","trial_2",4.30933333333333,0.0806749307061645
"601",13.25,"KPPR1",3.692,"Mouse_Pa","trial_2",4.1792,0.0853231504340996
"602",13.25,"145.1",4.122,"Mouse_Pa","trial_2",4.14333333333333,0.0479664234415886
"603",13.25,"191.1",4.273,"Mouse_Pa","trial_2",4.35966666666667,0.066776576066096
"604",13.25,"193.1",4.282,"Mouse_Pa","trial_2",4.31033333333333,0.0806398026893528
"605",13.5,"KPPR1",3.692,"Mouse_Pa","trial_2",4.19366666666667,0.0860251716576617
"606",13.5,"145.1",4.102,"Mouse_Pa","trial_2",4.12866666666667,0.0464124025569794
"607",13.5,"191.1",4.261,"Mouse_Pa","trial_2",4.36066666666667,0.0685379051652766
"608",13.5,"193.1",4.259,"Mouse_Pa","trial_2",4.301,0.0829538024043103
"609",13.75,"KPPR1",3.707,"Mouse_Pa","trial_2",4.20666666666667,0.0859722915865043
"610",13.75,"145.1",4.089,"Mouse_Pa","trial_2",4.11366666666667,0.0455789912618132
"611",13.75,"191.1",4.267,"Mouse_Pa","trial_2",4.366,0.0675055553269506
"612",13.75,"193.1",4.252,"Mouse_Pa","trial_2",4.29366666666667,0.0887925172022459
"613",14,"KPPR1",3.739,"Mouse_Pa","trial_2",4.22253333333333,0.0861040824576455
"614",14,"145.1",4.069,"Mouse_Pa","trial_2",4.09733333333333,0.0474845003951582
"615",14,"191.1",4.26,"Mouse_Pa","trial_2",4.36666666666667,0.0679763030605357
"616",14,"193.1",4.235,"Mouse_Pa","trial_2",4.28033333333333,0.0917557143240196
"617",14.25,"KPPR1",3.737,"Mouse_Pa","trial_2",4.23453333333333,0.0865572679497258
"618",14.25,"145.1",4.049,"Mouse_Pa","trial_2",4.08033333333333,0.0465916063017554
"619",14.25,"191.1",4.255,"Mouse_Pa","trial_2",4.36633333333333,0.0674594528422652
"620",14.25,"193.1",4.215,"Mouse_Pa","trial_2",4.263,0.093767442821767
"621",14.5,"KPPR1",3.758,"Mouse_Pa","trial_2",4.2462,0.0857256532144703
"622",14.5,"145.1",4.028,"Mouse_Pa","trial_2",4.06233333333333,0.0479247094699362
"623",14.5,"191.1",4.241,"Mouse_Pa","trial_2",4.35866666666667,0.0684210818713388
"624",14.5,"193.1",4.187,"Mouse_Pa","trial_2",4.245,0.0995791142760368
"625",14.75,"KPPR1",3.774,"Mouse_Pa","trial_2",4.26093333333333,0.0866735784789644
"626",14.75,"145.1",4.007,"Mouse_Pa","trial_2",4.044,0.0457638867813184
"627",14.75,"191.1",4.235,"Mouse_Pa","trial_2",4.35666666666667,0.0677109871274801
"628",14.75,"193.1",4.168,"Mouse_Pa","trial_2",4.22866666666667,0.102729958845725
"629",15,"KPPR1",3.788,"Mouse_Pa","trial_2",4.269,0.0853836719084593
"630",15,"145.1",3.994,"Mouse_Pa","trial_2",4.03033333333333,0.0435213868243087
"631",15,"191.1",4.228,"Mouse_Pa","trial_2",4.35466666666667,0.0674124947205224
"632",15,"193.1",4.147,"Mouse_Pa","trial_2",4.20966666666667,0.104130260304635
"633",15.25,"KPPR1",3.787,"Mouse_Pa","trial_2",4.27986666666667,0.0857704503819944
"634",15.25,"145.1",3.97,"Mouse_Pa","trial_2",4.007,0.0426184623529911
"635",15.25,"191.1",4.207,"Mouse_Pa","trial_2",4.342,0.0700594985232791
"636",15.25,"193.1",4.114,"Mouse_Pa","trial_2",4.185,0.107363867292493
"637",15.5,"KPPR1",3.797,"Mouse_Pa","trial_2",4.29033333333333,0.0860276625868605
"638",15.5,"145.1",3.952,"Mouse_Pa","trial_2",3.99133333333333,0.0433948281608664
"639",15.5,"191.1",4.192,"Mouse_Pa","trial_2",4.331,0.0711641295410357
"640",15.5,"193.1",4.085,"Mouse_Pa","trial_2",4.16133333333333,0.112065952803596
"641",15.75,"KPPR1",3.821,"Mouse_Pa","trial_2",4.30346666666667,0.0859494240356705
"642",15.75,"145.1",3.931,"Mouse_Pa","trial_2",3.97466666666667,0.0436666666666667
"643",15.75,"191.1",4.176,"Mouse_Pa","trial_2",4.31866666666667,0.072558788425509
"644",15.75,"193.1",4.054,"Mouse_Pa","trial_2",4.13733333333333,0.114649223479465
"645",16,"KPPR1",3.815,"Mouse_Pa","trial_2",4.30906666666667,0.0858055646251158
"646",16,"145.1",3.91,"Mouse_Pa","trial_2",3.95566666666667,0.0402919898297966
"647",16,"191.1",4.157,"Mouse_Pa","trial_2",4.303,0.0735119037979564
"648",16,"193.1",4.021,"Mouse_Pa","trial_2",4.114,0.117287396310658
"649",16.25,"KPPR1",3.826,"Mouse_Pa","trial_2",4.31766666666667,0.0860656264921836
"650",16.25,"145.1",3.889,"Mouse_Pa","trial_2",3.93533333333333,0.0400097210409892
"651",16.25,"191.1",4.133,"Mouse_Pa","trial_2",4.277,0.0727461339178929
"652",16.25,"193.1",3.981,"Mouse_Pa","trial_2",4.083,0.120972448653953
"653",16.5,"KPPR1",3.838,"Mouse_Pa","trial_2",4.32853333333333,0.0859141247141401
"654",16.5,"145.1",3.87,"Mouse_Pa","trial_2",3.92,0.0395137107006332
"655",16.5,"191.1",4.111,"Mouse_Pa","trial_2",4.25633333333333,0.0729436616696597
"656",16.5,"193.1",3.952,"Mouse_Pa","trial_2",4.05133333333333,0.119890690955461
"657",16.75,"KPPR1",3.847,"Mouse_Pa","trial_2",4.33673333333333,0.0860019638018678
"658",16.75,"145.1",3.851,"Mouse_Pa","trial_2",3.90566666666667,0.0385155091417009
"659",16.75,"191.1",4.088,"Mouse_Pa","trial_2",4.23733333333333,0.0747023724151009
"660",16.75,"193.1",3.926,"Mouse_Pa","trial_2",4.02766666666667,0.119594221339402
"661",17,"KPPR1",3.856,"Mouse_Pa","trial_2",4.3456,0.0859542957180207
"662",17,"145.1",3.827,"Mouse_Pa","trial_2",3.88566666666667,0.0391847475996011
"663",17,"191.1",4.06,"Mouse_Pa","trial_2",4.20933333333333,0.0747469806153474
"664",17,"193.1",3.895,"Mouse_Pa","trial_2",3.99733333333333,0.121828203266367
"665",17.25,"KPPR1",3.87,"Mouse_Pa","trial_2",4.35493333333333,0.0851905129228806
"666",17.25,"145.1",3.811,"Mouse_Pa","trial_2",3.87366666666667,0.0366712118395041
"667",17.25,"191.1",4.034,"Mouse_Pa","trial_2",4.189,0.0775263396100534
"668",17.25,"193.1",3.862,"Mouse_Pa","trial_2",3.97366666666667,0.120778493302593
"669",17.5,"KPPR1",3.878,"Mouse_Pa","trial_2",4.35993333333333,0.085218848053069
"670",17.5,"145.1",3.796,"Mouse_Pa","trial_2",3.85866666666667,0.0379224354585925
"671",17.5,"191.1",4.009,"Mouse_Pa","trial_2",4.157,0.0740562849009678
"672",17.5,"193.1",3.837,"Mouse_Pa","trial_2",3.946,0.121198184804889
"673",17.75,"KPPR1",3.886,"Mouse_Pa","trial_2",4.3654,0.085261100380509
"674",17.75,"145.1",3.774,"Mouse_Pa","trial_2",3.84233333333333,0.0395488446242253
"675",17.75,"191.1",3.982,"Mouse_Pa","trial_2",4.13033333333333,0.0742121583330146
"676",17.75,"193.1",3.804,"Mouse_Pa","trial_2",3.917,0.120577775730024
"677",18,"KPPR1",3.891,"Mouse_Pa","trial_2",4.37206666666667,0.0848038895484145
"678",18,"145.1",3.755,"Mouse_Pa","trial_2",3.82633333333333,0.03892442820532
"679",18,"191.1",3.953,"Mouse_Pa","trial_2",4.101,0.0740810367098085
"680",18,"193.1",3.776,"Mouse_Pa","trial_2",3.89066666666667,0.12020861496212
"681",18.25,"KPPR1",3.903,"Mouse_Pa","trial_2",4.37666666666667,0.0845040245120323
"682",18.25,"145.1",3.742,"Mouse_Pa","trial_2",3.81233333333333,0.0374892577206384
"683",18.25,"191.1",3.931,"Mouse_Pa","trial_2",4.07433333333333,0.071815349643683
"684",18.25,"193.1",3.746,"Mouse_Pa","trial_2",3.86233333333333,0.11683368996617
"685",18.5,"KPPR1",3.906,"Mouse_Pa","trial_2",4.38086666666667,0.0846940638087726
"686",18.5,"145.1",3.721,"Mouse_Pa","trial_2",3.798,0.0402781992315115
"687",18.5,"191.1",3.902,"Mouse_Pa","trial_2",4.03966666666667,0.0693405444967886
"688",18.5,"193.1",3.722,"Mouse_Pa","trial_2",3.83566666666667,0.115672430211832
"689",18.75,"KPPR1",3.916,"Mouse_Pa","trial_2",4.38386666666667,0.0839029976572531
"690",18.75,"145.1",3.709,"Mouse_Pa","trial_2",3.788,0.0409186184191663
"691",18.75,"191.1",3.876,"Mouse_Pa","trial_2",4.013,0.0692411245816628
"692",18.75,"193.1",3.696,"Mouse_Pa","trial_2",3.80966666666667,0.112668145946896
"693",19,"KPPR1",3.924,"Mouse_Pa","trial_2",4.39006666666667,0.0835844293238688
"694",19,"145.1",3.693,"Mouse_Pa","trial_2",3.77633333333333,0.0425571511160124
"695",19,"191.1",3.854,"Mouse_Pa","trial_2",3.988,0.0681933525597131
"696",19,"193.1",3.669,"Mouse_Pa","trial_2",3.785,0.111037531192536
"697",19.25,"KPPR1",3.927,"Mouse_Pa","trial_2",4.3918,0.083096169185669
"698",19.25,"145.1",3.673,"Mouse_Pa","trial_2",3.76233333333333,0.0450382553441455
"699",19.25,"191.1",3.823,"Mouse_Pa","trial_2",3.959,0.0695149863938224
"700",19.25,"193.1",3.649,"Mouse_Pa","trial_2",3.761,0.108518815572846
"701",19.5,"KPPR1",3.938,"Mouse_Pa","trial_2",4.39573333333333,0.083362174056895
"702",19.5,"145.1",3.662,"Mouse_Pa","trial_2",3.752,0.0453688586293873
"703",19.5,"191.1",3.807,"Mouse_Pa","trial_2",3.931,0.0639296488336984
"704",19.5,"193.1",3.624,"Mouse_Pa","trial_2",3.736,0.105077748992512
"705",19.75,"KPPR1",3.942,"Mouse_Pa","trial_2",4.39706666666667,0.0829948057276947
"706",19.75,"145.1",3.654,"Mouse_Pa","trial_2",3.74333333333333,0.0448007936437639
"707",19.75,"191.1",3.783,"Mouse_Pa","trial_2",3.90466666666667,0.0631726030631775
"708",19.75,"193.1",3.597,"Mouse_Pa","trial_2",3.712,0.104675689632311
"709",20,"KPPR1",3.951,"Mouse_Pa","trial_2",4.3998,0.0823168211705181
"710",20,"145.1",3.636,"Mouse_Pa","trial_2",3.73233333333333,0.0482090355754096
"711",20,"191.1",3.751,"Mouse_Pa","trial_2",3.87666666666667,0.0654123671623171
"712",20,"193.1",3.569,"Mouse_Pa","trial_2",3.68666666666667,0.103505770102176
"713",20.25,"KPPR1",3.954,"Mouse_Pa","trial_2",4.40286666666667,0.0815382975555289
"714",20.25,"145.1",3.635,"Mouse_Pa","trial_2",3.726,0.0455009157417006
"715",20.25,"191.1",3.733,"Mouse_Pa","trial_2",3.85066666666667,0.0612490362735973
"716",20.25,"193.1",3.54,"Mouse_Pa","trial_2",3.66266666666667,0.101005500400281
"717",20.5,"KPPR1",3.961,"Mouse_Pa","trial_2",4.4074,0.0815821992722386
"718",20.5,"145.1",3.622,"Mouse_Pa","trial_2",3.71733333333333,0.0477225779316714
"719",20.5,"191.1",3.709,"Mouse_Pa","trial_2",3.826,0.0610928255471404
"720",20.5,"193.1",3.525,"Mouse_Pa","trial_2",3.64366666666667,0.0961289643020135
"721",20.75,"KPPR1",3.963,"Mouse_Pa","trial_2",4.409,0.0825967830573841
"722",20.75,"145.1",3.611,"Mouse_Pa","trial_2",3.707,0.0481248376620638
"723",20.75,"191.1",3.684,"Mouse_Pa","trial_2",3.796,0.0595343038368076
"724",20.75,"193.1",3.496,"Mouse_Pa","trial_2",3.62033333333333,0.0950339120758713
"725",21,"KPPR1",3.969,"Mouse_Pa","trial_2",4.41066666666667,0.081657803211921
"726",21,"145.1",3.605,"Mouse_Pa","trial_2",3.7,0.0477528358669234
"727",21,"191.1",3.662,"Mouse_Pa","trial_2",3.77066666666667,0.058814208411838
"728",21,"193.1",3.479,"Mouse_Pa","trial_2",3.60233333333333,0.0914646258275722
"729",21.25,"KPPR1",3.974,"Mouse_Pa","trial_2",4.41073333333333,0.0809521002796255
"730",21.25,"145.1",3.593,"Mouse_Pa","trial_2",3.691,0.0495714971867235
"731",21.25,"191.1",3.63,"Mouse_Pa","trial_2",3.743,0.0613704597777574
"732",21.25,"193.1",3.461,"Mouse_Pa","trial_2",3.58166666666667,0.0884389305930621
"733",21.5,"KPPR1",3.978,"Mouse_Pa","trial_2",4.4126,0.0808909789543338
"734",21.5,"145.1",3.588,"Mouse_Pa","trial_2",3.686,0.0497594212184989
"735",21.5,"191.1",3.611,"Mouse_Pa","trial_2",3.71966666666667,0.060225502165703
"736",21.5,"193.1",3.439,"Mouse_Pa","trial_2",3.565,0.0874299719775776
"737",21.75,"KPPR1",3.986,"Mouse_Pa","trial_2",4.41213333333333,0.0804136843759856
"738",21.75,"145.1",3.578,"Mouse_Pa","trial_2",3.68,0.0521664004253058
"739",21.75,"191.1",3.583,"Mouse_Pa","trial_2",3.69666666666667,0.0631039706445728
"740",21.75,"193.1",3.42,"Mouse_Pa","trial_2",3.54766666666667,0.0843491421282859
"741",22,"KPPR1",3.987,"Mouse_Pa","trial_2",4.4162,0.0796890504517701
"742",22,"145.1",3.568,"Mouse_Pa","trial_2",3.67333333333333,0.0544589549824248
"743",22,"191.1",3.558,"Mouse_Pa","trial_2",3.67433333333333,0.0638235414595935
"744",22,"193.1",3.402,"Mouse_Pa","trial_2",3.53133333333333,0.0815298173131223
"745",22.25,"KPPR1",3.994,"Mouse_Pa","trial_2",4.41813333333333,0.0789243077207925
"746",22.25,"145.1",3.563,"Mouse_Pa","trial_2",3.667,0.0549939390599849
"747",22.25,"191.1",3.535,"Mouse_Pa","trial_2",3.652,0.0638931399551887
"748",22.25,"193.1",3.381,"Mouse_Pa","trial_2",3.51433333333333,0.0807760965742824
"749",22.5,"KPPR1",3.999,"Mouse_Pa","trial_2",4.41553333333333,0.0793596314955602
"750",22.5,"145.1",3.55,"Mouse_Pa","trial_2",3.659,0.0564535207050898
"751",22.5,"191.1",3.51,"Mouse_Pa","trial_2",3.62466666666667,0.0658213069183866
"752",22.5,"193.1",3.364,"Mouse_Pa","trial_2",3.49833333333333,0.0779451374008953
"753",22.75,"KPPR1",3.995,"Mouse_Pa","trial_2",4.41493333333333,0.0798186913702768
"754",22.75,"145.1",3.546,"Mouse_Pa","trial_2",3.65166666666667,0.0556906136116711
"755",22.75,"191.1",3.493,"Mouse_Pa","trial_2",3.603,0.064392028492146
"756",22.75,"193.1",3.343,"Mouse_Pa","trial_2",3.48233333333333,0.0783248222326599
"757",23,"KPPR1",4.002,"Mouse_Pa","trial_2",4.4146,0.0787423042347027
"758",23,"145.1",3.541,"Mouse_Pa","trial_2",3.64533333333333,0.055636718490979
"759",23,"191.1",3.469,"Mouse_Pa","trial_2",3.58166666666667,0.0667441216720828
"760",23,"193.1",3.323,"Mouse_Pa","trial_2",3.46733333333333,0.0794362078092296
"761",23.25,"KPPR1",4.003,"Mouse_Pa","trial_2",4.4174,0.0787103672000195
"762",23.25,"145.1",3.529,"Mouse_Pa","trial_2",3.63866666666667,0.058538686163748
"763",23.25,"191.1",3.447,"Mouse_Pa","trial_2",3.56333333333333,0.0700150777412345
"764",23.25,"193.1",3.31,"Mouse_Pa","trial_2",3.45533333333333,0.0777717457978439
"765",23.5,"KPPR1",4.007,"Mouse_Pa","trial_2",4.41526666666667,0.0782261962374356
"766",23.5,"145.1",3.527,"Mouse_Pa","trial_2",3.63366666666667,0.0576695567676549
"767",23.5,"191.1",3.427,"Mouse_Pa","trial_2",3.54133333333333,0.068542768481519
"768",23.5,"193.1",3.292,"Mouse_Pa","trial_2",3.44133333333333,0.0786857321529415
"769",23.75,"KPPR1",4.005,"Mouse_Pa","trial_2",4.414,0.0775701832751047
"770",23.75,"145.1",3.516,"Mouse_Pa","trial_2",3.626,0.0601082357085948
"771",23.75,"191.1",3.405,"Mouse_Pa","trial_2",3.524,0.0701925922017417
"772",23.75,"193.1",3.268,"Mouse_Pa","trial_2",3.424,0.0808723273643918
"773",24,"KPPR1",4.009,"Mouse_Pa","trial_2",4.41273333333333,0.077760282839645
"774",24,"145.1",3.504,"Mouse_Pa","trial_2",3.617,0.0613704597777573
"775",24,"191.1",3.384,"Mouse_Pa","trial_2",3.50466666666667,0.0746019064397449
"776",24,"193.1",3.255,"Mouse_Pa","trial_2",3.41266666666667,0.0807760965742823
"777",0,"KPPR1",0.002,"Mouse_Pa","trial_3",0.00593333333333333,0.0022771466411711
"778",0,"145.1",0.011,"Mouse_Pa","trial_3",0.008,0.00404145188432738
"779",0,"191.1",0.003,"Mouse_Pa","trial_3",0.00266666666666667,0.000881917103688197
"780",0,"193.1",0.007,"Mouse_Pa","trial_3",0.00666666666666667,0.00375647588986155
"781",0.25,"KPPR1",0.003,"Mouse_Pa","trial_3",0.0064,0.0024118753817606
"782",0.25,"145.1",0.009,"Mouse_Pa","trial_3",0.00666666666666667,0.00338296385503074
"783",0.25,"191.1",0.003,"Mouse_Pa","trial_3",0.00233333333333333,0.00120185042515466
"784",0.25,"193.1",0.006,"Mouse_Pa","trial_3",0.00633333333333333,0.00375647588986155
"785",0.5,"KPPR1",0.005,"Mouse_Pa","trial_3",0.00813333333333333,0.00246473540870428
"786",0.5,"145.1",0.009,"Mouse_Pa","trial_3",0.00633333333333333,0.00317979733805649
"787",0.5,"191.1",0.004,"Mouse_Pa","trial_3",0.003,0.00152752523165195
"788",0.5,"193.1",0.006,"Mouse_Pa","trial_3",0.00633333333333333,0.00375647588986155
"789",0.75,"KPPR1",0.01,"Mouse_Pa","trial_3",0.0116,0.00258898766757533
"790",0.75,"145.1",0.011,"Mouse_Pa","trial_3",0.007,0.00351188458428425
"791",0.75,"191.1",0.005,"Mouse_Pa","trial_3",0.00433333333333333,0.00120185042515466
"792",0.75,"193.1",0.007,"Mouse_Pa","trial_3",0.00666666666666667,0.00375647588986155
"793",1,"KPPR1",0.019,"Mouse_Pa","trial_3",0.0172,0.00284554790104522
"794",1,"145.1",0.017,"Mouse_Pa","trial_3",0.00933333333333333,0.00497772817435603
"795",1,"191.1",0.007,"Mouse_Pa","trial_3",0.006,0.001
"796",1,"193.1",0.009,"Mouse_Pa","trial_3",0.008,0.00435889894354067
"797",1.25,"KPPR1",0.035,"Mouse_Pa","trial_3",0.0281333333333333,0.00384567371850582
"798",1.25,"145.1",0.026,"Mouse_Pa","trial_3",0.013,0.00750555349946513
"799",1.25,"191.1",0.01,"Mouse_Pa","trial_3",0.00866666666666667,0.000881917103688197
"800",1.25,"193.1",0.012,"Mouse_Pa","trial_3",0.0103333333333333,0.00440958551844099
"801",1.5,"KPPR1",0.061,"Mouse_Pa","trial_3",0.0489333333333333,0.00595816100316889
"802",1.5,"145.1",0.027,"Mouse_Pa","trial_3",0.0146666666666667,0.00788106027835793
"803",1.5,"191.1",0.014,"Mouse_Pa","trial_3",0.012,0.001
"804",1.5,"193.1",0.013,"Mouse_Pa","trial_3",0.0133333333333333,0.00433333333333333
"805",1.75,"KPPR1",0.108,"Mouse_Pa","trial_3",0.0852,0.00965509981206576
"806",1.75,"145.1",0.038,"Mouse_Pa","trial_3",0.0216666666666667,0.0108985218161812
"807",1.75,"191.1",0.018,"Mouse_Pa","trial_3",0.0163333333333333,0.00120185042515466
"808",1.75,"193.1",0.017,"Mouse_Pa","trial_3",0.017,0.00461880215351701
"809",2,"KPPR1",0.176,"Mouse_Pa","trial_3",0.1438,0.0139632851912912
"810",2,"145.1",0.046,"Mouse_Pa","trial_3",0.029,0.0115325625946708
"811",2,"191.1",0.023,"Mouse_Pa","trial_3",0.0213333333333333,0.00120185042515466
"812",2,"193.1",0.021,"Mouse_Pa","trial_3",0.022,0.00493288286231625
"813",2.25,"KPPR1",0.267,"Mouse_Pa","trial_3",0.2272,0.020821737725386
"814",2.25,"145.1",0.08,"Mouse_Pa","trial_3",0.0446666666666667,0.0196751394178316
"815",2.25,"191.1",0.028,"Mouse_Pa","trial_3",0.0266666666666667,0.00240370085030933
"816",2.25,"193.1",0.026,"Mouse_Pa","trial_3",0.0276666666666667,0.00497772817435603
"817",2.5,"KPPR1",0.396,"Mouse_Pa","trial_3",0.355533333333333,0.0316979594756608
"818",2.5,"145.1",0.179,"Mouse_Pa","trial_3",0.0856666666666667,0.0478098083846587
"819",2.5,"191.1",0.039,"Mouse_Pa","trial_3",0.0376666666666667,0.00581186525805423
"820",2.5,"193.1",0.038,"Mouse_Pa","trial_3",0.04,0.00814452781524708
"821",2.75,"KPPR1",0.654,"Mouse_Pa","trial_3",0.585533333333333,0.0649722920186654
"822",2.75,"145.1",0.144,"Mouse_Pa","trial_3",0.0896666666666667,0.0320641717671159
"823",2.75,"191.1",0.07,"Mouse_Pa","trial_3",0.062,0.0138684293751431
"824",2.75,"193.1",0.056,"Mouse_Pa","trial_3",0.0716666666666667,0.0224820916385563
"825",3,"KPPR1",0.985,"Mouse_Pa","trial_3",0.9096,0.0891258500260006
"826",3,"145.1",0.158,"Mouse_Pa","trial_3",0.122,0.0316069612585582
"827",3,"191.1",0.21,"Mouse_Pa","trial_3",0.134,0.0444672163884061
"828",3,"193.1",0.127,"Mouse_Pa","trial_3",0.122666666666667,0.00808977406634107
"829",3.25,"KPPR1",1.305,"Mouse_Pa","trial_3",1.30306666666667,0.0845797153812204
"830",3.25,"145.1",0.163,"Mouse_Pa","trial_3",0.16,0.00173205080756888
"831",3.25,"191.1",0.155,"Mouse_Pa","trial_3",0.152,0.00793725393319377
"832",3.25,"193.1",0.144,"Mouse_Pa","trial_3",0.142,0.00757187779440036
"833",3.5,"KPPR1",1.556,"Mouse_Pa","trial_3",1.6816,0.071117796312744
"834",3.5,"145.1",0.195,"Mouse_Pa","trial_3",0.176666666666667,0.0095277372853043
"835",3.5,"191.1",0.165,"Mouse_Pa","trial_3",0.166,0.0089628864398325
"836",3.5,"193.1",0.158,"Mouse_Pa","trial_3",0.170666666666667,0.0141931125706958
"837",3.75,"KPPR1",1.782,"Mouse_Pa","trial_3",1.97326666666667,0.0620333602006032
"838",3.75,"145.1",0.256,"Mouse_Pa","trial_3",0.209666666666667,0.0236807469852152
"839",3.75,"191.1",0.148,"Mouse_Pa","trial_3",0.166666666666667,0.0148473716342134
"840",3.75,"193.1",0.186,"Mouse_Pa","trial_3",0.186333333333333,0.00260341655863555
"841",4,"KPPR1",1.952,"Mouse_Pa","trial_3",2.2096,0.0627907939870472
"842",4,"145.1",0.353,"Mouse_Pa","trial_3",0.262666666666667,0.0453737564873989
"843",4,"191.1",0.183,"Mouse_Pa","trial_3",0.185666666666667,0.00648930744464393
"844",4,"193.1",0.195,"Mouse_Pa","trial_3",0.211666666666667,0.00926162932629987
"845",4.25,"KPPR1",2.122,"Mouse_Pa","trial_3",2.40013333333333,0.0628807538627616
"846",4.25,"145.1",0.453,"Mouse_Pa","trial_3",0.336333333333333,0.060233803724413
"847",4.25,"191.1",0.227,"Mouse_Pa","trial_3",0.226666666666667,0.0089504810547317
"848",4.25,"193.1",0.237,"Mouse_Pa","trial_3",0.254666666666667,0.0134205480927983
"849",4.5,"KPPR1",2.23,"Mouse_Pa","trial_3",2.55193333333333,0.0656584573065269
"850",4.5,"145.1",0.914,"Mouse_Pa","trial_3",0.538,0.19011663086993
"851",4.5,"191.1",0.291,"Mouse_Pa","trial_3",0.272333333333333,0.0270637108402459
"852",4.5,"193.1",0.304,"Mouse_Pa","trial_3",0.317,0.0182300118851671
"853",4.75,"KPPR1",2.348,"Mouse_Pa","trial_3",2.67953333333333,0.0671075800605811
"854",4.75,"145.1",1.806,"Mouse_Pa","trial_3",0.904666666666667,0.4530273477151
"855",4.75,"191.1",0.362,"Mouse_Pa","trial_3",0.332,0.0366924152016917
"856",4.75,"193.1",0.378,"Mouse_Pa","trial_3",0.386666666666667,0.0145181878269217
"857",5,"KPPR1",2.451,"Mouse_Pa","trial_3",2.7912,0.0681341953165117
"858",5,"145.1",2.386,"Mouse_Pa","trial_3",1.30566666666667,0.56594944807622
"859",5,"191.1",0.479,"Mouse_Pa","trial_3",0.486333333333333,0.0912950041227765
"860",5,"193.1",0.565,"Mouse_Pa","trial_3",0.918333333333333,0.416873015570822
"861",5.25,"KPPR1",2.528,"Mouse_Pa","trial_3",2.883,0.0700222413645428
"862",5.25,"145.1",2.613,"Mouse_Pa","trial_3",1.83566666666667,0.606749353339398
"863",5.25,"191.1",1.019,"Mouse_Pa","trial_3",1.119,0.442773079579145
"864",5.25,"193.1",1.914,"Mouse_Pa","trial_3",1.87566666666667,0.324748278585806
"865",5.5,"KPPR1",2.615,"Mouse_Pa","trial_3",2.9648,0.0715650353574585
"866",5.5,"145.1",2.934,"Mouse_Pa","trial_3",2.04066666666667,0.602753220185877
"867",5.5,"191.1",1.789,"Mouse_Pa","trial_3",1.564,0.392053992880232
"868",5.5,"193.1",2.396,"Mouse_Pa","trial_3",2.16233333333333,0.174499602037114
"869",5.75,"KPPR1",2.671,"Mouse_Pa","trial_3",3.04846666666667,0.0734278308899721
"870",5.75,"145.1",3.066,"Mouse_Pa","trial_3",2.51033333333333,0.362948266898252
"871",5.75,"191.1",2.138,"Mouse_Pa","trial_3",2.02066666666667,0.131065293312574
"872",5.75,"193.1",2.284,"Mouse_Pa","trial_3",2.28166666666667,0.208138041800254
"873",6,"KPPR1",2.747,"Mouse_Pa","trial_3",3.11753333333333,0.0739235684220802
"874",6,"145.1",3.227,"Mouse_Pa","trial_3",2.806,0.284890037265843
"875",6,"191.1",2.536,"Mouse_Pa","trial_3",2.286,0.253005928784288
"876",6,"193.1",2.694,"Mouse_Pa","trial_3",2.615,0.199950827288444
"877",6.25,"KPPR1",2.804,"Mouse_Pa","trial_3",3.18466666666667,0.075419377746588
"878",6.25,"145.1",3.354,"Mouse_Pa","trial_3",2.99566666666667,0.254269105039873
"879",6.25,"191.1",2.839,"Mouse_Pa","trial_3",2.541,0.271447969231674
"880",6.25,"193.1",2.939,"Mouse_Pa","trial_3",2.86533333333333,0.159334379355004
"881",6.5,"KPPR1",2.857,"Mouse_Pa","trial_3",3.2474,0.0759300931621913
"882",6.5,"145.1",3.467,"Mouse_Pa","trial_3",3.15766666666667,0.21393249194807
"883",6.5,"191.1",3.034,"Mouse_Pa","trial_3",2.78366666666667,0.218166857652068
"884",6.5,"193.1",3.114,"Mouse_Pa","trial_3",3.04166666666667,0.137906167777627
"885",6.75,"KPPR1",2.914,"Mouse_Pa","trial_3",3.30606666666667,0.0776794675737397
"886",6.75,"145.1",3.565,"Mouse_Pa","trial_3",3.29766666666667,0.191697968458487
"887",6.75,"191.1",3.185,"Mouse_Pa","trial_3",2.97433333333333,0.183380599967511
"888",6.75,"193.1",3.273,"Mouse_Pa","trial_3",3.20033333333333,0.124360140094986
"889",7,"KPPR1",2.962,"Mouse_Pa","trial_3",3.35786666666667,0.0780905985846029
"890",7,"145.1",3.667,"Mouse_Pa","trial_3",3.422,0.173373392806778
"891",7,"191.1",3.327,"Mouse_Pa","trial_3",3.13,0.162795372579608
"892",7,"193.1",3.428,"Mouse_Pa","trial_3",3.336,0.111540724999138
"893",7.25,"KPPR1",3.001,"Mouse_Pa","trial_3",3.41266666666667,0.0788130800521182
"894",7.25,"145.1",3.761,"Mouse_Pa","trial_3",3.52966666666667,0.162624653044296
"895",7.25,"191.1",3.448,"Mouse_Pa","trial_3",3.27066666666667,0.144215502325898
"896",7.25,"193.1",3.554,"Mouse_Pa","trial_3",3.458,0.101549659444694
"897",7.5,"KPPR1",3.066,"Mouse_Pa","trial_3",3.46646666666667,0.0789987261299746
"898",7.5,"145.1",3.816,"Mouse_Pa","trial_3",3.61466666666667,0.146772310437327
"899",7.5,"191.1",3.537,"Mouse_Pa","trial_3",3.38366666666667,0.123635665476341
"900",7.5,"193.1",3.645,"Mouse_Pa","trial_3",3.55933333333333,0.0866685897222542
"901",7.75,"KPPR1",3.111,"Mouse_Pa","trial_3",3.5172,0.079384429323688
"902",7.75,"145.1",3.876,"Mouse_Pa","trial_3",3.68933333333333,0.128507241473433
"903",7.75,"191.1",3.624,"Mouse_Pa","trial_3",3.488,0.106070731118438
"904",7.75,"193.1",3.738,"Mouse_Pa","trial_3",3.64366666666667,0.0770375089016887
"905",8,"KPPR1",3.153,"Mouse_Pa","trial_3",3.55826666666667,0.0798513778195626
"906",8,"145.1",3.936,"Mouse_Pa","trial_3",3.75966666666667,0.124193844900265
"907",8,"191.1",3.723,"Mouse_Pa","trial_3",3.57666666666667,0.104199061629385
"908",8,"193.1",3.816,"Mouse_Pa","trial_3",3.722,0.0735549681077583
"909",8.25,"KPPR1",3.194,"Mouse_Pa","trial_3",3.6082,0.0807083638788447
"910",8.25,"145.1",3.993,"Mouse_Pa","trial_3",3.81833333333333,0.118216374124362
"911",8.25,"191.1",3.785,"Mouse_Pa","trial_3",3.65533333333333,0.0870063854617068
"912",8.25,"193.1",3.885,"Mouse_Pa","trial_3",3.78866666666667,0.0661370630668698
"913",8.5,"KPPR1",3.23,"Mouse_Pa","trial_3",3.65086666666667,0.0807728069910062
"914",8.5,"145.1",4.034,"Mouse_Pa","trial_3",3.87533333333333,0.104571081619686
"915",8.5,"191.1",3.845,"Mouse_Pa","trial_3",3.72766666666667,0.0831250730993831
"916",8.5,"193.1",3.95,"Mouse_Pa","trial_3",3.85433333333333,0.0643281517775158
"917",8.75,"KPPR1",3.276,"Mouse_Pa","trial_3",3.69106666666667,0.0815741828128686
"918",8.75,"145.1",4.084,"Mouse_Pa","trial_3",3.926,0.101725119808236
"919",8.75,"191.1",3.912,"Mouse_Pa","trial_3",3.79266666666667,0.0758097032780838
"920",8.75,"193.1",3.999,"Mouse_Pa","trial_3",3.91,0.0626976873576689
"921",9,"KPPR1",3.311,"Mouse_Pa","trial_3",3.72766666666667,0.0821832833579437
"922",9,"145.1",4.116,"Mouse_Pa","trial_3",3.96866666666667,0.0943121295368615
"923",9,"191.1",3.956,"Mouse_Pa","trial_3",3.84566666666667,0.0706690251178769
"924",9,"193.1",4.055,"Mouse_Pa","trial_3",3.96866666666667,0.0617584901945562
"925",9.25,"KPPR1",3.337,"Mouse_Pa","trial_3",3.7676,0.0828666053710075
"926",9.25,"145.1",4.152,"Mouse_Pa","trial_3",4.012,0.088573886294626
"927",9.25,"191.1",4.017,"Mouse_Pa","trial_3",3.90333333333333,0.0695709070740861
"928",9.25,"193.1",4.097,"Mouse_Pa","trial_3",4.013,0.0595007002759912
"929",9.5,"KPPR1",3.369,"Mouse_Pa","trial_3",3.80186666666667,0.0835817174510281
"930",9.5,"145.1",4.162,"Mouse_Pa","trial_3",4.04033333333333,0.0809492296305393
"931",9.5,"191.1",4.073,"Mouse_Pa","trial_3",3.95566666666667,0.0684259534906978
"932",9.5,"193.1",4.146,"Mouse_Pa","trial_3",4.06233333333333,0.058771686304811
"933",9.75,"KPPR1",3.407,"Mouse_Pa","trial_3",3.83706666666667,0.0838254119139279
"934",9.75,"145.1",4.198,"Mouse_Pa","trial_3",4.077,0.0745676426698159
"935",9.75,"191.1",4.125,"Mouse_Pa","trial_3",4.00366666666667,0.0679468746726277
"936",9.75,"193.1",4.185,"Mouse_Pa","trial_3",4.09933333333333,0.0594876270982275
"937",10,"KPPR1",3.443,"Mouse_Pa","trial_3",3.8674,0.0835222126143699
"938",10,"145.1",4.222,"Mouse_Pa","trial_3",4.09966666666667,0.073471838898391
"939",10,"191.1",4.178,"Mouse_Pa","trial_3",4.051,0.0678699737242717
"940",10,"193.1",4.231,"Mouse_Pa","trial_3",4.13566666666667,0.0596107745667212
"941",10.25,"KPPR1",3.467,"Mouse_Pa","trial_3",3.90066666666667,0.0840863879288475
"942",10.25,"145.1",4.232,"Mouse_Pa","trial_3",4.12033333333333,0.0680889940527184
"943",10.25,"191.1",4.212,"Mouse_Pa","trial_3",4.079,0.0706847461149385
"944",10.25,"193.1",4.256,"Mouse_Pa","trial_3",4.16233333333333,0.05774176227923
"945",10.5,"KPPR1",3.497,"Mouse_Pa","trial_3",3.92973333333333,0.0842330365381923
"946",10.5,"145.1",4.254,"Mouse_Pa","trial_3",4.14133333333333,0.0673704518151524
"947",10.5,"191.1",4.261,"Mouse_Pa","trial_3",4.12733333333333,0.0711953494111644
"948",10.5,"193.1",4.284,"Mouse_Pa","trial_3",4.19233333333333,0.0579779651630207
"949",10.75,"KPPR1",3.518,"Mouse_Pa","trial_3",3.95946666666667,0.0855038215056117
"950",10.75,"145.1",4.26,"Mouse_Pa","trial_3",4.15066666666667,0.0632200741677654
"951",10.75,"191.1",4.293,"Mouse_Pa","trial_3",4.15633333333333,0.0699626884687673
"952",10.75,"193.1",4.311,"Mouse_Pa","trial_3",4.21766666666667,0.0554897387911595
"953",11,"KPPR1",3.545,"Mouse_Pa","trial_3",3.9826,0.085005646871252
"954",11,"145.1",4.262,"Mouse_Pa","trial_3",4.16633333333333,0.0557205328202967
"955",11,"191.1",4.335,"Mouse_Pa","trial_3",4.19633333333333,0.0700245988524349
"956",11,"193.1",4.347,"Mouse_Pa","trial_3",4.23966666666667,0.0617773780962292
"957",11.25,"KPPR1",3.571,"Mouse_Pa","trial_3",4.01166666666667,0.0859724577528379
"958",11.25,"145.1",4.268,"Mouse_Pa","trial_3",4.17,0.0560119034967866
"959",11.25,"191.1",4.362,"Mouse_Pa","trial_3",4.22166666666667,0.0709749564596164
"960",11.25,"193.1",4.368,"Mouse_Pa","trial_3",4.26266666666667,0.060338857942273
"961",11.5,"KPPR1",3.599,"Mouse_Pa","trial_3",4.03526666666667,0.0857657089132762
"962",11.5,"145.1",4.269,"Mouse_Pa","trial_3",4.17533333333333,0.0542719489648606
"963",11.5,"191.1",4.394,"Mouse_Pa","trial_3",4.25033333333333,0.0723195071271309
"964",11.5,"193.1",4.392,"Mouse_Pa","trial_3",4.27866666666667,0.0638600901276464
"965",11.75,"KPPR1",3.62,"Mouse_Pa","trial_3",4.05986666666667,0.0859405590076053
"966",11.75,"145.1",4.267,"Mouse_Pa","trial_3",4.17333333333333,0.0542719489648609
"967",11.75,"191.1",4.411,"Mouse_Pa","trial_3",4.27066666666667,0.0706643081367421
"968",11.75,"193.1",4.407,"Mouse_Pa","trial_3",4.29133333333333,0.0655650652236219
"969",12,"KPPR1",3.634,"Mouse_Pa","trial_3",4.0824,0.0862307977244237
"970",12,"145.1",4.267,"Mouse_Pa","trial_3",4.173,0.054561891462815
"971",12,"191.1",4.433,"Mouse_Pa","trial_3",4.28766666666667,0.0728522096057794
"972",12,"193.1",4.428,"Mouse_Pa","trial_3",4.301,0.0708684226812855
"973",12.25,"KPPR1",3.66,"Mouse_Pa","trial_3",4.1036,0.0866267747018096
"974",12.25,"145.1",4.265,"Mouse_Pa","trial_3",4.17233333333333,0.0510206929697264
"975",12.25,"191.1",4.447,"Mouse_Pa","trial_3",4.30666666666667,0.070167260488382
"976",12.25,"193.1",4.436,"Mouse_Pa","trial_3",4.30566666666667,0.0716294476997957
"977",12.5,"KPPR1",3.681,"Mouse_Pa","trial_3",4.12393333333333,0.0865870586759865
"978",12.5,"145.1",4.258,"Mouse_Pa","trial_3",4.16633333333333,0.0495255265270121
"979",12.5,"191.1",4.463,"Mouse_Pa","trial_3",4.32166666666667,0.0707043924456686
"980",12.5,"193.1",4.445,"Mouse_Pa","trial_3",4.31133333333333,0.0729162380939787
"981",12.75,"KPPR1",3.699,"Mouse_Pa","trial_3",4.14166666666667,0.086894334664726
"982",12.75,"145.1",4.252,"Mouse_Pa","trial_3",4.16233333333333,0.0479594736325484
"983",12.75,"191.1",4.479,"Mouse_Pa","trial_3",4.337,0.0715262189689907
"984",12.75,"193.1",4.457,"Mouse_Pa","trial_3",4.31533333333333,0.0757503208647402
"985",13,"KPPR1",3.712,"Mouse_Pa","trial_3",4.1592,0.0860654900144568
"986",13,"145.1",4.243,"Mouse_Pa","trial_3",4.152,0.0480034720966446
"987",13,"191.1",4.487,"Mouse_Pa","trial_3",4.34966666666667,0.0692106285993063
"988",13,"193.1",4.46,"Mouse_Pa","trial_3",4.30933333333333,0.0806749307061645
"989",13.25,"KPPR1",3.733,"Mouse_Pa","trial_3",4.1792,0.0853231504340996
"990",13.25,"145.1",4.235,"Mouse_Pa","trial_3",4.14333333333333,0.0479664234415886
"991",13.25,"191.1",4.491,"Mouse_Pa","trial_3",4.35966666666667,0.066776576066096
"992",13.25,"193.1",4.462,"Mouse_Pa","trial_3",4.31033333333333,0.0806398026893528
"993",13.5,"KPPR1",3.751,"Mouse_Pa","trial_3",4.19366666666667,0.0860251716576617
"994",13.5,"145.1",4.219,"Mouse_Pa","trial_3",4.12866666666667,0.0464124025569794
"995",13.5,"191.1",4.492,"Mouse_Pa","trial_3",4.36066666666667,0.0685379051652766
"996",13.5,"193.1",4.461,"Mouse_Pa","trial_3",4.301,0.0829538024043103
"997",13.75,"KPPR1",3.759,"Mouse_Pa","trial_3",4.20666666666667,0.0859722915865043
"998",13.75,"145.1",4.202,"Mouse_Pa","trial_3",4.11366666666667,0.0455789912618132
"999",13.75,"191.1",4.495,"Mouse_Pa","trial_3",4.366,0.0675055553269506
"1000",13.75,"193.1",4.464,"Mouse_Pa","trial_3",4.29366666666667,0.0887925172022459
"1001",14,"KPPR1",3.774,"Mouse_Pa","trial_3",4.22253333333333,0.0861040824576455
"1002",14,"145.1",4.19,"Mouse_Pa","trial_3",4.09733333333333,0.0474845003951582
"1003",14,"191.1",4.493,"Mouse_Pa","trial_3",4.36666666666667,0.0679763030605357
"1004",14,"193.1",4.457,"Mouse_Pa","trial_3",4.28033333333333,0.0917557143240196
"1005",14.25,"KPPR1",3.787,"Mouse_Pa","trial_3",4.23453333333333,0.0865572679497258
"1006",14.25,"145.1",4.172,"Mouse_Pa","trial_3",4.08033333333333,0.0465916063017554
"1007",14.25,"191.1",4.488,"Mouse_Pa","trial_3",4.36633333333333,0.0674594528422652
"1008",14.25,"193.1",4.444,"Mouse_Pa","trial_3",4.263,0.093767442821767
"1009",14.5,"KPPR1",3.799,"Mouse_Pa","trial_3",4.2462,0.0857256532144703
"1010",14.5,"145.1",4.157,"Mouse_Pa","trial_3",4.06233333333333,0.0479247094699362
"1011",14.5,"191.1",4.478,"Mouse_Pa","trial_3",4.35866666666667,0.0684210818713388
"1012",14.5,"193.1",4.439,"Mouse_Pa","trial_3",4.245,0.0995791142760368
"1013",14.75,"KPPR1",3.809,"Mouse_Pa","trial_3",4.26093333333333,0.0866735784789644
"1014",14.75,"145.1",4.135,"Mouse_Pa","trial_3",4.044,0.0457638867813184
"1015",14.75,"191.1",4.469,"Mouse_Pa","trial_3",4.35666666666667,0.0677109871274801
"1016",14.75,"193.1",4.429,"Mouse_Pa","trial_3",4.22866666666667,0.102729958845725
"1017",15,"KPPR1",3.81,"Mouse_Pa","trial_3",4.269,0.0853836719084593
"1018",15,"145.1",4.117,"Mouse_Pa","trial_3",4.03033333333333,0.0435213868243087
"1019",15,"191.1",4.458,"Mouse_Pa","trial_3",4.35466666666667,0.0674124947205224
"1020",15,"193.1",4.413,"Mouse_Pa","trial_3",4.20966666666667,0.104130260304635
"1021",15.25,"KPPR1",3.83,"Mouse_Pa","trial_3",4.27986666666667,0.0857704503819944
"1022",15.25,"145.1",4.092,"Mouse_Pa","trial_3",4.007,0.0426184623529911
"1023",15.25,"191.1",4.442,"Mouse_Pa","trial_3",4.342,0.0700594985232791
"1024",15.25,"193.1",4.396,"Mouse_Pa","trial_3",4.185,0.107363867292493
"1025",15.5,"KPPR1",3.845,"Mouse_Pa","trial_3",4.29033333333333,0.0860276625868605
"1026",15.5,"145.1",4.078,"Mouse_Pa","trial_3",3.99133333333333,0.0433948281608664
"1027",15.5,"191.1",4.427,"Mouse_Pa","trial_3",4.331,0.0711641295410357
"1028",15.5,"193.1",4.382,"Mouse_Pa","trial_3",4.16133333333333,0.112065952803596
"1029",15.75,"KPPR1",3.865,"Mouse_Pa","trial_3",4.30346666666667,0.0859494240356705
"1030",15.75,"145.1",4.062,"Mouse_Pa","trial_3",3.97466666666667,0.0436666666666667
"1031",15.75,"191.1",4.413,"Mouse_Pa","trial_3",4.31866666666667,0.072558788425509
"1032",15.75,"193.1",4.364,"Mouse_Pa","trial_3",4.13733333333333,0.114649223479465
"1033",16,"KPPR1",3.873,"Mouse_Pa","trial_3",4.30906666666667,0.0858055646251158
"1034",16,"145.1",4.036,"Mouse_Pa","trial_3",3.95566666666667,0.0402919898297966
"1035",16,"191.1",4.391,"Mouse_Pa","trial_3",4.303,0.0735119037979564
"1036",16,"193.1",4.347,"Mouse_Pa","trial_3",4.114,0.117287396310658
"1037",16.25,"KPPR1",3.877,"Mouse_Pa","trial_3",4.31766666666667,0.0860656264921836
"1038",16.25,"145.1",4.015,"Mouse_Pa","trial_3",3.93533333333333,0.0400097210409892
"1039",16.25,"191.1",4.367,"Mouse_Pa","trial_3",4.277,0.0727461339178929
"1040",16.25,"193.1",4.324,"Mouse_Pa","trial_3",4.083,0.120972448653953
"1041",16.5,"KPPR1",3.888,"Mouse_Pa","trial_3",4.32853333333333,0.0859141247141401
"1042",16.5,"145.1",3.998,"Mouse_Pa","trial_3",3.92,0.0395137107006332
"1043",16.5,"191.1",4.34,"Mouse_Pa","trial_3",4.25633333333333,0.0729436616696597
"1044",16.5,"193.1",4.29,"Mouse_Pa","trial_3",4.05133333333333,0.119890690955461
"1045",16.75,"KPPR1",3.898,"Mouse_Pa","trial_3",4.33673333333333,0.0860019638018678
"1046",16.75,"145.1",3.98,"Mouse_Pa","trial_3",3.90566666666667,0.0385155091417009
"1047",16.75,"191.1",4.316,"Mouse_Pa","trial_3",4.23733333333333,0.0747023724151009
"1048",16.75,"193.1",4.266,"Mouse_Pa","trial_3",4.02766666666667,0.119594221339402
"1049",17,"KPPR1",3.918,"Mouse_Pa","trial_3",4.3456,0.0859542957180207
"1050",17,"145.1",3.96,"Mouse_Pa","trial_3",3.88566666666667,0.0391847475996011
"1051",17,"191.1",4.29,"Mouse_Pa","trial_3",4.20933333333333,0.0747469806153474
"1052",17,"193.1",4.24,"Mouse_Pa","trial_3",3.99733333333333,0.121828203266367
"1053",17.25,"KPPR1",3.923,"Mouse_Pa","trial_3",4.35493333333333,0.0851905129228806
"1054",17.25,"145.1",3.938,"Mouse_Pa","trial_3",3.87366666666667,0.0366712118395041
"1055",17.25,"191.1",4.263,"Mouse_Pa","trial_3",4.189,0.0775263396100534
"1056",17.25,"193.1",4.215,"Mouse_Pa","trial_3",3.97366666666667,0.120778493302593
"1057",17.5,"KPPR1",3.93,"Mouse_Pa","trial_3",4.35993333333333,0.085218848053069
"1058",17.5,"145.1",3.927,"Mouse_Pa","trial_3",3.85866666666667,0.0379224354585925
"1059",17.5,"191.1",4.236,"Mouse_Pa","trial_3",4.157,0.0740562849009678
"1060",17.5,"193.1",4.188,"Mouse_Pa","trial_3",3.946,0.121198184804889
"1061",17.75,"KPPR1",3.939,"Mouse_Pa","trial_3",4.3654,0.085261100380509
"1062",17.75,"145.1",3.911,"Mouse_Pa","trial_3",3.84233333333333,0.0395488446242253
"1063",17.75,"191.1",4.209,"Mouse_Pa","trial_3",4.13033333333333,0.0742121583330146
"1064",17.75,"193.1",4.158,"Mouse_Pa","trial_3",3.917,0.120577775730024
"1065",18,"KPPR1",3.954,"Mouse_Pa","trial_3",4.37206666666667,0.0848038895484145
"1066",18,"145.1",3.889,"Mouse_Pa","trial_3",3.82633333333333,0.03892442820532
"1067",18,"191.1",4.181,"Mouse_Pa","trial_3",4.101,0.0740810367098085
"1068",18,"193.1",4.131,"Mouse_Pa","trial_3",3.89066666666667,0.12020861496212
"1069",18.25,"KPPR1",3.959,"Mouse_Pa","trial_3",4.37666666666667,0.0845040245120323
"1070",18.25,"145.1",3.87,"Mouse_Pa","trial_3",3.81233333333333,0.0374892577206384
"1071",18.25,"191.1",4.154,"Mouse_Pa","trial_3",4.07433333333333,0.071815349643683
"1072",18.25,"193.1",4.096,"Mouse_Pa","trial_3",3.86233333333333,0.11683368996617
"1073",18.5,"KPPR1",3.962,"Mouse_Pa","trial_3",4.38086666666667,0.0846940638087726
"1074",18.5,"145.1",3.857,"Mouse_Pa","trial_3",3.798,0.0402781992315115
"1075",18.5,"191.1",4.123,"Mouse_Pa","trial_3",4.03966666666667,0.0693405444967886
"1076",18.5,"193.1",4.067,"Mouse_Pa","trial_3",3.83566666666667,0.115672430211832
"1077",18.75,"KPPR1",3.972,"Mouse_Pa","trial_3",4.38386666666667,0.0839029976572531
"1078",18.75,"145.1",3.846,"Mouse_Pa","trial_3",3.788,0.0409186184191663
"1079",18.75,"191.1",4.099,"Mouse_Pa","trial_3",4.013,0.0692411245816628
"1080",18.75,"193.1",4.035,"Mouse_Pa","trial_3",3.80966666666667,0.112668145946896
"1081",19,"KPPR1",3.982,"Mouse_Pa","trial_3",4.39006666666667,0.0835844293238688
"1082",19,"145.1",3.833,"Mouse_Pa","trial_3",3.77633333333333,0.0425571511160124
"1083",19,"191.1",4.077,"Mouse_Pa","trial_3",3.988,0.0681933525597131
"1084",19,"193.1",4.007,"Mouse_Pa","trial_3",3.785,0.111037531192536
"1085",19.25,"KPPR1",3.988,"Mouse_Pa","trial_3",4.3918,0.083096169185669
"1086",19.25,"145.1",3.817,"Mouse_Pa","trial_3",3.76233333333333,0.0450382553441455
"1087",19.25,"191.1",4.052,"Mouse_Pa","trial_3",3.959,0.0695149863938224
"1088",19.25,"193.1",3.978,"Mouse_Pa","trial_3",3.761,0.108518815572846
"1089",19.5,"KPPR1",3.995,"Mouse_Pa","trial_3",4.39573333333333,0.083362174056895
"1090",19.5,"145.1",3.807,"Mouse_Pa","trial_3",3.752,0.0453688586293873
"1091",19.5,"191.1",4.02,"Mouse_Pa","trial_3",3.931,0.0639296488336984
"1092",19.5,"193.1",3.946,"Mouse_Pa","trial_3",3.736,0.105077748992512
"1093",19.75,"KPPR1",4,"Mouse_Pa","trial_3",4.39706666666667,0.0829948057276947
"1094",19.75,"145.1",3.794,"Mouse_Pa","trial_3",3.74333333333333,0.0448007936437639
"1095",19.75,"191.1",3.995,"Mouse_Pa","trial_3",3.90466666666667,0.0631726030631775
"1096",19.75,"193.1",3.921,"Mouse_Pa","trial_3",3.712,0.104675689632311
"1097",20,"KPPR1",4.001,"Mouse_Pa","trial_3",4.3998,0.0823168211705181
"1098",20,"145.1",3.784,"Mouse_Pa","trial_3",3.73233333333333,0.0482090355754096
"1099",20,"191.1",3.971,"Mouse_Pa","trial_3",3.87666666666667,0.0654123671623171
"1100",20,"193.1",3.893,"Mouse_Pa","trial_3",3.68666666666667,0.103505770102176
"1101",20.25,"KPPR1",4.013,"Mouse_Pa","trial_3",4.40286666666667,0.0815382975555289
"1102",20.25,"145.1",3.771,"Mouse_Pa","trial_3",3.726,0.0455009157417006
"1103",20.25,"191.1",3.939,"Mouse_Pa","trial_3",3.85066666666667,0.0612490362735973
"1104",20.25,"193.1",3.863,"Mouse_Pa","trial_3",3.66266666666667,0.101005500400281
"1105",20.5,"KPPR1",4.013,"Mouse_Pa","trial_3",4.4074,0.0815821992722386
"1106",20.5,"145.1",3.761,"Mouse_Pa","trial_3",3.71733333333333,0.0477225779316714
"1107",20.5,"191.1",3.915,"Mouse_Pa","trial_3",3.826,0.0610928255471404
"1108",20.5,"193.1",3.834,"Mouse_Pa","trial_3",3.64366666666667,0.0961289643020135
"1109",20.75,"KPPR1",4.009,"Mouse_Pa","trial_3",4.409,0.0825967830573841
"1110",20.75,"145.1",3.749,"Mouse_Pa","trial_3",3.707,0.0481248376620638
"1111",20.75,"191.1",3.887,"Mouse_Pa","trial_3",3.796,0.0595343038368076
"1112",20.75,"193.1",3.807,"Mouse_Pa","trial_3",3.62033333333333,0.0950339120758713
"1113",21,"KPPR1",4.017,"Mouse_Pa","trial_3",4.41066666666667,0.081657803211921
"1114",21,"145.1",3.739,"Mouse_Pa","trial_3",3.7,0.0477528358669234
"1115",21,"191.1",3.864,"Mouse_Pa","trial_3",3.77066666666667,0.058814208411838
"1116",21,"193.1",3.781,"Mouse_Pa","trial_3",3.60233333333333,0.0914646258275722
"1117",21.25,"KPPR1",4.02,"Mouse_Pa","trial_3",4.41073333333333,0.0809521002796255
"1118",21.25,"145.1",3.727,"Mouse_Pa","trial_3",3.691,0.0495714971867235
"1119",21.25,"191.1",3.841,"Mouse_Pa","trial_3",3.743,0.0613704597777574
"1120",21.25,"193.1",3.754,"Mouse_Pa","trial_3",3.58166666666667,0.0884389305930621
"1121",21.5,"KPPR1",4.033,"Mouse_Pa","trial_3",4.4126,0.0808909789543338
"1122",21.5,"145.1",3.72,"Mouse_Pa","trial_3",3.686,0.0497594212184989
"1123",21.5,"191.1",3.819,"Mouse_Pa","trial_3",3.71966666666667,0.060225502165703
"1124",21.5,"193.1",3.733,"Mouse_Pa","trial_3",3.565,0.0874299719775776
"1125",21.75,"KPPR1",4.026,"Mouse_Pa","trial_3",4.41213333333333,0.0804136843759856
"1126",21.75,"145.1",3.712,"Mouse_Pa","trial_3",3.68,0.0521664004253058
"1127",21.75,"191.1",3.801,"Mouse_Pa","trial_3",3.69666666666667,0.0631039706445728
"1128",21.75,"193.1",3.707,"Mouse_Pa","trial_3",3.54766666666667,0.0843491421282859
"1129",22,"KPPR1",4.035,"Mouse_Pa","trial_3",4.4162,0.0796890504517701
"1130",22,"145.1",3.702,"Mouse_Pa","trial_3",3.67333333333333,0.0544589549824248
"1131",22,"191.1",3.778,"Mouse_Pa","trial_3",3.67433333333333,0.0638235414595935
"1132",22,"193.1",3.682,"Mouse_Pa","trial_3",3.53133333333333,0.0815298173131223
"1133",22.25,"KPPR1",4.037,"Mouse_Pa","trial_3",4.41813333333333,0.0789243077207925
"1134",22.25,"145.1",3.688,"Mouse_Pa","trial_3",3.667,0.0549939390599849
"1135",22.25,"191.1",3.755,"Mouse_Pa","trial_3",3.652,0.0638931399551887
"1136",22.25,"193.1",3.66,"Mouse_Pa","trial_3",3.51433333333333,0.0807760965742824
"1137",22.5,"KPPR1",4.035,"Mouse_Pa","trial_3",4.41553333333333,0.0793596314955602
"1138",22.5,"145.1",3.688,"Mouse_Pa","trial_3",3.659,0.0564535207050898
"1139",22.5,"191.1",3.738,"Mouse_Pa","trial_3",3.62466666666667,0.0658213069183866
"1140",22.5,"193.1",3.634,"Mouse_Pa","trial_3",3.49833333333333,0.0779451374008953
"1141",22.75,"KPPR1",4.039,"Mouse_Pa","trial_3",4.41493333333333,0.0798186913702768
"1142",22.75,"145.1",3.674,"Mouse_Pa","trial_3",3.65166666666667,0.0556906136116711
"1143",22.75,"191.1",3.716,"Mouse_Pa","trial_3",3.603,0.064392028492146
"1144",22.75,"193.1",3.614,"Mouse_Pa","trial_3",3.48233333333333,0.0783248222326599
"1145",23,"KPPR1",4.045,"Mouse_Pa","trial_3",4.4146,0.0787423042347027
"1146",23,"145.1",3.664,"Mouse_Pa","trial_3",3.64533333333333,0.055636718490979
"1147",23,"191.1",3.7,"Mouse_Pa","trial_3",3.58166666666667,0.0667441216720828
"1148",23,"193.1",3.597,"Mouse_Pa","trial_3",3.46733333333333,0.0794362078092296
"1149",23.25,"KPPR1",4.049,"Mouse_Pa","trial_3",4.4174,0.0787103672000195
"1150",23.25,"145.1",3.658,"Mouse_Pa","trial_3",3.63866666666667,0.058538686163748
"1151",23.25,"191.1",3.689,"Mouse_Pa","trial_3",3.56333333333333,0.0700150777412345
"1152",23.25,"193.1",3.576,"Mouse_Pa","trial_3",3.45533333333333,0.0777717457978439
"1153",23.5,"KPPR1",4.045,"Mouse_Pa","trial_3",4.41526666666667,0.0782261962374356
"1154",23.5,"145.1",3.649,"Mouse_Pa","trial_3",3.63366666666667,0.0576695567676549
"1155",23.5,"191.1",3.664,"Mouse_Pa","trial_3",3.54133333333333,0.068542768481519
"1156",23.5,"193.1",3.559,"Mouse_Pa","trial_3",3.44133333333333,0.0786857321529415
"1157",23.75,"KPPR1",4.046,"Mouse_Pa","trial_3",4.414,0.0775701832751047
"1158",23.75,"145.1",3.639,"Mouse_Pa","trial_3",3.626,0.0601082357085948
"1159",23.75,"191.1",3.648,"Mouse_Pa","trial_3",3.524,0.0701925922017417
"1160",23.75,"193.1",3.539,"Mouse_Pa","trial_3",3.424,0.0808723273643918
"1161",24,"KPPR1",4.046,"Mouse_Pa","trial_3",4.41273333333333,0.077760282839645
"1162",24,"145.1",3.632,"Mouse_Pa","trial_3",3.617,0.0613704597777573
"1163",24,"191.1",3.641,"Mouse_Pa","trial_3",3.50466666666667,0.0746019064397449
"1164",24,"193.1",3.522,"Mouse_Pa","trial_3",3.41266666666667,0.0807760965742823
"1165",0,"KPPR1",0.01,"Lab_Pa","trial_1",0.00593333333333333,0.0022771466411711
"1166",0,"PA01",0.015,"Lab_Pa","trial_1",0.009,0.00416333199893227
"1167",0,"Pa14",0.012,"Lab_Pa","trial_1",0.00666666666666667,0.00352766841475279
"1168",0.25,"KPPR1",0.009,"Lab_Pa","trial_1",0.0064,0.0024118753817606
"1169",0.25,"PA01",0.013,"Lab_Pa","trial_1",0.00766666666666667,0.00392994204085053
"1170",0.25,"Pa14",0.01,"Lab_Pa","trial_1",0.006,0.00264575131106459
"1171",0.5,"KPPR1",0.009,"Lab_Pa","trial_1",0.00813333333333333,0.00246473540870428
"1172",0.5,"PA01",0.012,"Lab_Pa","trial_1",0.00766666666666667,0.00384418753155693
"1173",0.5,"Pa14",0.013,"Lab_Pa","trial_1",0.00833333333333333,0.0032829526005987
"1174",0.75,"KPPR1",0.018,"Lab_Pa","trial_1",0.0116,0.00258898766757533
"1175",0.75,"PA01",0.011,"Lab_Pa","trial_1",0.008,0.00404145188432738
"1176",0.75,"Pa14",0.018,"Lab_Pa","trial_1",0.0106666666666667,0.00433333333333333
"1177",1,"KPPR1",0.019,"Lab_Pa","trial_1",0.0172,0.00284554790104522
"1178",1,"PA01",0.014,"Lab_Pa","trial_1",0.0103333333333333,0.00417665469538056
"1179",1,"Pa14",0.018,"Lab_Pa","trial_1",0.0116666666666667,0.00409606857581484
"1180",1.25,"KPPR1",0.022,"Lab_Pa","trial_1",0.0281333333333333,0.00384567371850582
"1181",1.25,"PA01",0.015,"Lab_Pa","trial_1",0.0126666666666667,0.00448454134902457
"1182",1.25,"Pa14",0.017,"Lab_Pa","trial_1",0.012,0.00321455025366432
"1183",1.5,"KPPR1",0.032,"Lab_Pa","trial_1",0.0489333333333333,0.00595816100316889
"1184",1.5,"PA01",0.02,"Lab_Pa","trial_1",0.017,0.00458257569495584
"1185",1.5,"Pa14",0.02,"Lab_Pa","trial_1",0.015,0.00321455025366432
"1186",1.75,"KPPR1",0.05,"Lab_Pa","trial_1",0.0852,0.00965509981206576
"1187",1.75,"PA01",0.034,"Lab_Pa","trial_1",0.0276666666666667,0.0053644923131437
"1188",1.75,"Pa14",0.025,"Lab_Pa","trial_1",0.019,0.00346410161513776
"1189",2,"KPPR1",0.084,"Lab_Pa","trial_1",0.1438,0.0139632851912912
"1190",2,"PA01",0.041,"Lab_Pa","trial_1",0.0423333333333333,0.00523874454850057
"1191",2,"Pa14",0.031,"Lab_Pa","trial_1",0.0246666666666667,0.0032829526005987
"1192",2.25,"KPPR1",0.139,"Lab_Pa","trial_1",0.2272,0.020821737725386
"1193",2.25,"PA01",0.069,"Lab_Pa","trial_1",0.081,0.0161658075373095
"1194",2.25,"Pa14",0.041,"Lab_Pa","trial_1",0.035,0.00305505046330389
"1195",2.5,"KPPR1",0.22,"Lab_Pa","trial_1",0.355533333333333,0.0316979594756608
"1196",2.5,"PA01",0.179,"Lab_Pa","trial_1",0.155666666666667,0.0181138375589247
"1197",2.5,"Pa14",0.06,"Lab_Pa","trial_1",0.0543333333333333,0.00348010216963685
"1198",2.75,"KPPR1",0.323,"Lab_Pa","trial_1",0.585533333333333,0.0649722920186654
"1199",2.75,"PA01",0.268,"Lab_Pa","trial_1",0.223,0.0304357246231026
"1200",2.75,"Pa14",0.138,"Lab_Pa","trial_1",0.0946666666666667,0.0217893959938723
"1201",3,"KPPR1",0.476,"Lab_Pa","trial_1",0.9096,0.0891258500260006
"1202",3,"PA01",0.348,"Lab_Pa","trial_1",0.310666666666667,0.0222585813663954
"1203",3,"Pa14",0.185,"Lab_Pa","trial_1",0.12,0.0325320354932386
"1204",3.25,"KPPR1",0.798,"Lab_Pa","trial_1",1.30306666666667,0.0845797153812204
"1205",3.25,"PA01",0.434,"Lab_Pa","trial_1",0.406666666666667,0.0138604152575279
"1206",3.25,"Pa14",0.253,"Lab_Pa","trial_1",0.188,0.032654759734736
"1207",3.5,"KPPR1",1.3,"Lab_Pa","trial_1",1.6816,0.071117796312744
"1208",3.5,"PA01",0.527,"Lab_Pa","trial_1",0.505,0.0110151410945722
"1209",3.5,"Pa14",0.349,"Lab_Pa","trial_1",0.269,0.0416333199893227
"1210",3.75,"KPPR1",1.709,"Lab_Pa","trial_1",1.97326666666667,0.0620333602006032
"1211",3.75,"PA01",0.626,"Lab_Pa","trial_1",0.602666666666667,0.0172465777603687
"1212",3.75,"Pa14",0.455,"Lab_Pa","trial_1",0.365,0.0495681349255749
"1213",4,"KPPR1",2.031,"Lab_Pa","trial_1",2.2096,0.0627907939870472
"1214",4,"PA01",0.714,"Lab_Pa","trial_1",0.690666666666667,0.0172465777603687
"1215",4,"Pa14",0.561,"Lab_Pa","trial_1",0.463,0.051597803570824
"1216",4.25,"KPPR1",2.262,"Lab_Pa","trial_1",2.40013333333333,0.0628807538627616
"1217",4.25,"PA01",0.84,"Lab_Pa","trial_1",0.807333333333333,0.0246599089842422
"1218",4.25,"Pa14",0.687,"Lab_Pa","trial_1",0.605666666666667,0.0659831628355127
"1219",4.5,"KPPR1",2.454,"Lab_Pa","trial_1",2.55193333333333,0.0656584573065269
"1220",4.5,"PA01",0.982,"Lab_Pa","trial_1",0.948666666666667,0.0280138854459316
"1221",4.5,"Pa14",0.823,"Lab_Pa","trial_1",0.735333333333333,0.0793186260877257
"1222",4.75,"KPPR1",2.622,"Lab_Pa","trial_1",2.67953333333333,0.0671075800605811
"1223",4.75,"PA01",1.163,"Lab_Pa","trial_1",1.103,0.0408411557133243
"1224",4.75,"Pa14",1,"Lab_Pa","trial_1",0.87,0.0954218703093443
"1225",5,"KPPR1",2.739,"Lab_Pa","trial_1",2.7912,0.0681341953165117
"1226",5,"PA01",1.502,"Lab_Pa","trial_1",1.459,0.0772420438189807
"1227",5,"Pa14",1.157,"Lab_Pa","trial_1",1.01966666666667,0.107829082863164
"1228",5.25,"KPPR1",2.866,"Lab_Pa","trial_1",2.883,0.0700222413645428
"1229",5.25,"PA01",2.372,"Lab_Pa","trial_1",2.10666666666667,0.140101550471237
"1230",5.25,"Pa14",1.414,"Lab_Pa","trial_1",1.22266666666667,0.142103639800128
"1231",5.5,"KPPR1",2.948,"Lab_Pa","trial_1",2.9648,0.0715650353574585
"1232",5.5,"PA01",2.677,"Lab_Pa","trial_1",2.49733333333333,0.184184991546844
"1233",5.5,"Pa14",1.657,"Lab_Pa","trial_1",1.42866666666667,0.165905930508158
"1234",5.75,"KPPR1",3.03,"Lab_Pa","trial_1",3.04846666666667,0.0734278308899721
"1235",5.75,"PA01",3.167,"Lab_Pa","trial_1",2.85566666666667,0.169691222846413
"1236",5.75,"Pa14",1.981,"Lab_Pa","trial_1",1.66933333333333,0.199049686706053
"1237",6,"KPPR1",3.106,"Lab_Pa","trial_1",3.11753333333333,0.0739235684220802
"1238",6,"PA01",3.256,"Lab_Pa","trial_1",3.05866666666667,0.114317297223318
"1239",6,"Pa14",2.314,"Lab_Pa","trial_1",1.954,0.229285847797024
"1240",6.25,"KPPR1",3.185,"Lab_Pa","trial_1",3.18466666666667,0.075419377746588
"1241",6.25,"PA01",3.43,"Lab_Pa","trial_1",3.25,0.109161959186034
"1242",6.25,"Pa14",2.594,"Lab_Pa","trial_1",2.23066666666667,0.234561529478112
"1243",6.5,"KPPR1",3.257,"Lab_Pa","trial_1",3.2474,0.0759300931621913
"1244",6.5,"PA01",3.581,"Lab_Pa","trial_1",3.40766666666667,0.107787342072764
"1245",6.5,"Pa14",2.82,"Lab_Pa","trial_1",2.48866666666667,0.218590433866118
"1246",6.75,"KPPR1",3.315,"Lab_Pa","trial_1",3.30606666666667,0.0776794675737397
"1247",6.75,"PA01",3.705,"Lab_Pa","trial_1",3.55066666666667,0.100863494111816
"1248",6.75,"Pa14",3.024,"Lab_Pa","trial_1",2.71266666666667,0.208788037120053
"1249",7,"KPPR1",3.354,"Lab_Pa","trial_1",3.35786666666667,0.0780905985846029
"1250",7,"PA01",3.824,"Lab_Pa","trial_1",3.66233333333333,0.110502388108935
"1251",7,"Pa14",3.07,"Lab_Pa","trial_1",2.844,0.177015065272234
"1252",7.25,"KPPR1",3.426,"Lab_Pa","trial_1",3.41266666666667,0.0788130800521182
"1253",7.25,"PA01",3.905,"Lab_Pa","trial_1",3.755,0.10288990880224
"1254",7.25,"Pa14",3.266,"Lab_Pa","trial_1",3.03866666666667,0.179220844521811
"1255",7.5,"KPPR1",3.48,"Lab_Pa","trial_1",3.46646666666667,0.0789987261299746
"1256",7.5,"PA01",3.965,"Lab_Pa","trial_1",3.83666666666667,0.0963540923423136
"1257",7.5,"Pa14",3.429,"Lab_Pa","trial_1",3.19166666666667,0.178087369319419
"1258",7.75,"KPPR1",3.537,"Lab_Pa","trial_1",3.5172,0.079384429323688
"1259",7.75,"PA01",4.036,"Lab_Pa","trial_1",3.90633333333333,0.0993987480359341
"1260",7.75,"Pa14",3.554,"Lab_Pa","trial_1",3.33433333333333,0.193296260813406
"1261",8,"KPPR1",3.574,"Lab_Pa","trial_1",3.55826666666667,0.0798513778195626
"1262",8,"PA01",4.087,"Lab_Pa","trial_1",3.963,0.0942708862799114
"1263",8,"Pa14",3.671,"Lab_Pa","trial_1",3.44933333333333,0.189158076163239
"1264",8.25,"KPPR1",3.637,"Lab_Pa","trial_1",3.6082,0.0807083638788447
"1265",8.25,"PA01",4.142,"Lab_Pa","trial_1",4.03,0.0941080938779091
"1266",8.25,"Pa14",3.761,"Lab_Pa","trial_1",3.55033333333333,0.18008732449688
"1267",8.5,"KPPR1",3.689,"Lab_Pa","trial_1",3.65086666666667,0.0807728069910062
"1268",8.5,"PA01",4.188,"Lab_Pa","trial_1",4.07833333333333,0.0955341707337106
"1269",8.5,"Pa14",3.903,"Lab_Pa","trial_1",3.65733333333333,0.191072702858827
"1270",8.75,"KPPR1",3.725,"Lab_Pa","trial_1",3.69106666666667,0.0815741828128686
"1271",8.75,"PA01",4.238,"Lab_Pa","trial_1",4.12733333333333,0.0951163030773964
"1272",8.75,"Pa14",4.022,"Lab_Pa","trial_1",3.75066666666667,0.190648309139572
"1273",9,"KPPR1",3.768,"Lab_Pa","trial_1",3.72766666666667,0.0821832833579437
"1274",9,"PA01",4.282,"Lab_Pa","trial_1",4.173,0.0915914843203232
"1275",9,"Pa14",4.103,"Lab_Pa","trial_1",3.83666666666667,0.193642568781878
"1276",9.25,"KPPR1",3.808,"Lab_Pa","trial_1",3.7676,0.0828666053710075
"1277",9.25,"PA01",4.342,"Lab_Pa","trial_1",4.226,0.0948542741964394
"1278",9.25,"Pa14",4.169,"Lab_Pa","trial_1",3.915,0.185000900898707
"1279",9.5,"KPPR1",3.847,"Lab_Pa","trial_1",3.80186666666667,0.0835817174510281
"1280",9.5,"PA01",4.361,"Lab_Pa","trial_1",4.25633333333333,0.0886798235852503
"1281",9.5,"Pa14",4.254,"Lab_Pa","trial_1",3.99566666666667,0.184217564610737
"1282",9.75,"KPPR1",3.902,"Lab_Pa","trial_1",3.83706666666667,0.0838254119139279
"1283",9.75,"PA01",4.396,"Lab_Pa","trial_1",4.29033333333333,0.0892082457573911
"1284",9.75,"Pa14",4.32,"Lab_Pa","trial_1",4.06333333333333,0.18096899673087
"1285",10,"KPPR1",3.929,"Lab_Pa","trial_1",3.8674,0.0835222126143699
"1286",10,"PA01",4.429,"Lab_Pa","trial_1",4.32366666666667,0.0879494804482159
"1287",10,"Pa14",4.396,"Lab_Pa","trial_1",4.18866666666667,0.181953596037867
"1288",10.25,"KPPR1",3.963,"Lab_Pa","trial_1",3.90066666666667,0.0840863879288475
"1289",10.25,"PA01",4.461,"Lab_Pa","trial_1",4.35333333333333,0.087966534040572
"1290",10.25,"Pa14",4.411,"Lab_Pa","trial_1",4.19866666666667,0.181745548623465
"1291",10.5,"KPPR1",4.004,"Lab_Pa","trial_1",3.92973333333333,0.0842330365381923
"1292",10.5,"PA01",4.488,"Lab_Pa","trial_1",4.38333333333333,0.0859075730719424
"1293",10.5,"Pa14",4.466,"Lab_Pa","trial_1",4.262,0.170203799409218
"1294",10.75,"KPPR1",4.039,"Lab_Pa","trial_1",3.95946666666667,0.0855038215056117
"1295",10.75,"PA01",4.514,"Lab_Pa","trial_1",4.408,0.0854068693568225
"1296",10.75,"Pa14",4.468,"Lab_Pa","trial_1",4.29733333333333,0.171667637537708
"1297",11,"KPPR1",4.054,"Lab_Pa","trial_1",3.9826,0.085005646871252
"1298",11,"PA01",4.53,"Lab_Pa","trial_1",4.429,0.0836480723029528
"1299",11,"Pa14",4.48,"Lab_Pa","trial_1",4.33633333333333,0.161483057246814
"1300",11.25,"KPPR1",4.092,"Lab_Pa","trial_1",4.01166666666667,0.0859724577528379
"1301",11.25,"PA01",4.551,"Lab_Pa","trial_1",4.45366666666667,0.0851397543911056
"1302",11.25,"Pa14",4.496,"Lab_Pa","trial_1",4.38433333333333,0.168030089897944
"1303",11.5,"KPPR1",4.11,"Lab_Pa","trial_1",4.03526666666667,0.0857657089132762
"1304",11.5,"PA01",4.56,"Lab_Pa","trial_1",4.46833333333333,0.0818704939387676
"1305",11.5,"Pa14",4.606,"Lab_Pa","trial_1",4.425,0.162850647322427
"1306",11.75,"KPPR1",4.144,"Lab_Pa","trial_1",4.05986666666667,0.0859405590076053
"1307",11.75,"PA01",4.58,"Lab_Pa","trial_1",4.48933333333333,0.0794445998444478
"1308",11.75,"Pa14",4.637,"Lab_Pa","trial_1",4.467,0.162065830246025
"1309",12,"KPPR1",4.174,"Lab_Pa","trial_1",4.0824,0.0862307977244237
"1310",12,"PA01",4.598,"Lab_Pa","trial_1",4.50833333333333,0.0817971746319993
"1311",12,"Pa14",4.641,"Lab_Pa","trial_1",4.493,0.146004566138643
"1312",12.25,"KPPR1",4.202,"Lab_Pa","trial_1",4.1036,0.0866267747018096
"1313",12.25,"PA01",4.619,"Lab_Pa","trial_1",4.527,0.0807733454385377
"1314",12.25,"Pa14",4.628,"Lab_Pa","trial_1",4.493,0.130525859506842
"1315",12.5,"KPPR1",4.222,"Lab_Pa","trial_1",4.12393333333333,0.0865870586759865
"1316",12.5,"PA01",4.63,"Lab_Pa","trial_1",4.53866666666667,0.0801089535847552
"1317",12.5,"Pa14",4.594,"Lab_Pa","trial_1",4.47633333333333,0.122194289737469
"1318",12.75,"KPPR1",4.243,"Lab_Pa","trial_1",4.14166666666667,0.086894334664726
"1319",12.75,"PA01",4.64,"Lab_Pa","trial_1",4.55366666666667,0.0789521655462625
"1320",12.75,"Pa14",4.565,"Lab_Pa","trial_1",4.475,0.119102197013042
"1321",13,"KPPR1",4.257,"Lab_Pa","trial_1",4.1592,0.0860654900144568
"1322",13,"PA01",4.653,"Lab_Pa","trial_1",4.56666666666667,0.0789521655462625
"1323",13,"Pa14",4.571,"Lab_Pa","trial_1",4.474,0.116517523717822
"1324",13.25,"KPPR1",4.284,"Lab_Pa","trial_1",4.1792,0.0853231504340996
"1325",13.25,"PA01",4.663,"Lab_Pa","trial_1",4.57966666666667,0.0788761335541016
"1326",13.25,"Pa14",4.536,"Lab_Pa","trial_1",4.446,0.0996510578635938
"1327",13.5,"KPPR1",4.303,"Lab_Pa","trial_1",4.19366666666667,0.0860251716576617
"1328",13.5,"PA01",4.676,"Lab_Pa","trial_1",4.59766666666667,0.0753532422070286
"1329",13.5,"Pa14",4.469,"Lab_Pa","trial_1",4.421,0.0854244305414636
"1330",13.75,"KPPR1",4.314,"Lab_Pa","trial_1",4.20666666666667,0.0859722915865043
"1331",13.75,"PA01",4.684,"Lab_Pa","trial_1",4.60366666666667,0.0768599014079802
"1332",13.75,"Pa14",4.442,"Lab_Pa","trial_1",4.40266666666667,0.0775893749885325
"1333",14,"KPPR1",4.33,"Lab_Pa","trial_1",4.22253333333333,0.0861040824576455
"1334",14,"PA01",4.688,"Lab_Pa","trial_1",4.614,0.0750022221893013
"1335",14,"Pa14",4.361,"Lab_Pa","trial_1",4.36033333333333,0.0600453532294086
"1336",14.25,"KPPR1",4.348,"Lab_Pa","trial_1",4.23453333333333,0.0865572679497258
"1337",14.25,"PA01",4.698,"Lab_Pa","trial_1",4.62133333333333,0.0751716554146428
"1338",14.25,"Pa14",4.321,"Lab_Pa","trial_1",4.32966666666667,0.0481156015353762
"1339",14.5,"KPPR1",4.366,"Lab_Pa","trial_1",4.2462,0.0857256532144703
"1340",14.5,"PA01",4.706,"Lab_Pa","trial_1",4.63033333333333,0.0756666666666668
"1341",14.5,"Pa14",4.339,"Lab_Pa","trial_1",4.319,0.0349475797922163
"1342",14.75,"KPPR1",4.378,"Lab_Pa","trial_1",4.26093333333333,0.0866735784789644
"1343",14.75,"PA01",4.713,"Lab_Pa","trial_1",4.643,0.0750555349946512
"1344",14.75,"Pa14",4.273,"Lab_Pa","trial_1",4.28466666666667,0.0207551867680775
"1345",15,"KPPR1",4.392,"Lab_Pa","trial_1",4.269,0.0853836719084593
"1346",15,"PA01",4.722,"Lab_Pa","trial_1",4.648,0.0745005592820172
"1347",15,"Pa14",4.24,"Lab_Pa","trial_1",4.264,0.019672315572906
"1348",15.25,"KPPR1",4.404,"Lab_Pa","trial_1",4.27986666666667,0.0857704503819944
"1349",15.25,"PA01",4.729,"Lab_Pa","trial_1",4.65533333333333,0.0741672284622919
"1350",15.25,"Pa14",4.218,"Lab_Pa","trial_1",4.24333333333333,0.0153441990486452
"1351",15.5,"KPPR1",4.414,"Lab_Pa","trial_1",4.29033333333333,0.0860276625868605
"1352",15.5,"PA01",4.733,"Lab_Pa","trial_1",4.66066666666667,0.0743423014022151
"1353",15.5,"Pa14",4.191,"Lab_Pa","trial_1",4.229,0.0190087699058443
"1354",15.75,"KPPR1",4.423,"Lab_Pa","trial_1",4.30346666666667,0.0859494240356705
"1355",15.75,"PA01",4.738,"Lab_Pa","trial_1",4.66766666666667,0.073353785026935
"1356",15.75,"Pa14",4.176,"Lab_Pa","trial_1",4.216,0.0201328918273887
"1357",16,"KPPR1",4.438,"Lab_Pa","trial_1",4.30906666666667,0.0858055646251158
"1358",16,"PA01",4.746,"Lab_Pa","trial_1",4.672,0.0740000000000001
"1359",16,"Pa14",4.159,"Lab_Pa","trial_1",4.20366666666667,0.0223631641569594
"1360",16.25,"KPPR1",4.443,"Lab_Pa","trial_1",4.31766666666667,0.0860656264921836
"1361",16.25,"PA01",4.747,"Lab_Pa","trial_1",4.675,0.0745139807910793
"1362",16.25,"Pa14",4.138,"Lab_Pa","trial_1",4.18566666666667,0.0250754417264737
"1363",16.5,"KPPR1",4.457,"Lab_Pa","trial_1",4.32853333333333,0.0859141247141401
"1364",16.5,"PA01",4.749,"Lab_Pa","trial_1",4.678,0.0720023147776052
"1365",16.5,"Pa14",4.121,"Lab_Pa","trial_1",4.17366666666667,0.0315189537333403
"1366",16.75,"KPPR1",4.463,"Lab_Pa","trial_1",4.33673333333333,0.0860019638018678
"1367",16.75,"PA01",4.755,"Lab_Pa","trial_1",4.68766666666667,0.0718803017368305
"1368",16.75,"Pa14",4.096,"Lab_Pa","trial_1",4.151,0.041789153297636
"1369",17,"KPPR1",4.475,"Lab_Pa","trial_1",4.3456,0.0859542957180207
"1370",17,"PA01",4.76,"Lab_Pa","trial_1",4.68766666666667,0.0748472518607803
"1371",17,"Pa14",4.074,"Lab_Pa","trial_1",4.129,0.039661064030104
"1372",17.25,"KPPR1",4.487,"Lab_Pa","trial_1",4.35493333333333,0.0851905129228806
"1373",17.25,"PA01",4.764,"Lab_Pa","trial_1",4.693,0.0725051722292969
"1374",17.25,"Pa14",4.051,"Lab_Pa","trial_1",4.11366666666667,0.0458596893917863
"1375",17.5,"KPPR1",4.494,"Lab_Pa","trial_1",4.35993333333333,0.085218848053069
"1376",17.5,"PA01",4.765,"Lab_Pa","trial_1",4.69566666666667,0.0708386272531525
"1377",17.5,"Pa14",4.02,"Lab_Pa","trial_1",4.09933333333333,0.0526635020146254
"1378",17.75,"KPPR1",4.497,"Lab_Pa","trial_1",4.3654,0.085261100380509
"1379",17.75,"PA01",4.768,"Lab_Pa","trial_1",4.69666666666667,0.0718339133773952
"1380",17.75,"Pa14",4.004,"Lab_Pa","trial_1",4.084,0.0536780526224018
"1381",18,"KPPR1",4.512,"Lab_Pa","trial_1",4.37206666666667,0.0848038895484145
"1382",18,"PA01",4.769,"Lab_Pa","trial_1",4.69866666666667,0.0708339215661848
"1383",18,"Pa14",3.983,"Lab_Pa","trial_1",4.06033333333333,0.0538836194445439
"1384",18.25,"KPPR1",4.511,"Lab_Pa","trial_1",4.37666666666667,0.0845040245120323
"1385",18.25,"PA01",4.77,"Lab_Pa","trial_1",4.698,0.0725005747103658
"1386",18.25,"Pa14",3.958,"Lab_Pa","trial_1",4.03966666666667,0.0576551048139807
"1387",18.5,"KPPR1",4.52,"Lab_Pa","trial_1",4.38086666666667,0.0846940638087726
"1388",18.5,"PA01",4.772,"Lab_Pa","trial_1",4.699,0.0715052445628991
"1389",18.5,"Pa14",3.938,"Lab_Pa","trial_1",4.01333333333333,0.0623226372284669
"1390",18.75,"KPPR1",4.523,"Lab_Pa","trial_1",4.38386666666667,0.0839029976572531
"1391",18.75,"PA01",4.774,"Lab_Pa","trial_1",4.702,0.0710023473790364
"1392",18.75,"Pa14",3.918,"Lab_Pa","trial_1",3.99666666666667,0.0602282694790781
"1393",19,"KPPR1",4.534,"Lab_Pa","trial_1",4.39006666666667,0.0835844293238688
"1394",19,"PA01",4.775,"Lab_Pa","trial_1",4.70033333333333,0.0711953494111644
"1395",19,"Pa14",3.896,"Lab_Pa","trial_1",3.977,0.0603517467297619
"1396",19.25,"KPPR1",4.537,"Lab_Pa","trial_1",4.3918,0.083096169185669
"1397",19.25,"PA01",4.777,"Lab_Pa","trial_1",4.70033333333333,0.0717247826378333
"1398",19.25,"Pa14",3.872,"Lab_Pa","trial_1",3.947,0.0601692058559304
"1399",19.5,"KPPR1",4.547,"Lab_Pa","trial_1",4.39573333333333,0.083362174056895
"1400",19.5,"PA01",4.78,"Lab_Pa","trial_1",4.70233333333333,0.0722364943163158
"1401",19.5,"Pa14",3.849,"Lab_Pa","trial_1",3.92733333333333,0.0653001616468989
"1402",19.75,"KPPR1",4.546,"Lab_Pa","trial_1",4.39706666666667,0.0829948057276947
"1403",19.75,"PA01",4.78,"Lab_Pa","trial_1",4.70066666666667,0.0705250152625137
"1404",19.75,"Pa14",3.828,"Lab_Pa","trial_1",3.90833333333333,0.065448028575691
"1405",20,"KPPR1",4.551,"Lab_Pa","trial_1",4.3998,0.0823168211705181
"1406",20,"PA01",4.778,"Lab_Pa","trial_1",4.698,0.0711898869222306
"1407",20,"Pa14",3.794,"Lab_Pa","trial_1",3.886,0.0689661752842169
"1408",20.25,"KPPR1",4.557,"Lab_Pa","trial_1",4.40286666666667,0.0815382975555289
"1409",20.25,"PA01",4.777,"Lab_Pa","trial_1",4.697,0.0702376916856848
"1410",20.25,"Pa14",3.776,"Lab_Pa","trial_1",3.86333333333333,0.068761261703892
"1411",20.5,"KPPR1",4.558,"Lab_Pa","trial_1",4.4074,0.0815821992722386
"1412",20.5,"PA01",4.78,"Lab_Pa","trial_1",4.69833333333333,0.0700103167000725
"1413",20.5,"Pa14",3.76,"Lab_Pa","trial_1",3.846,0.0687895340876795
"1414",20.75,"KPPR1",4.564,"Lab_Pa","trial_1",4.409,0.0825967830573841
"1415",20.75,"PA01",4.769,"Lab_Pa","trial_1",4.69333333333333,0.069268399080036
"1416",20.75,"Pa14",3.74,"Lab_Pa","trial_1",3.81466666666667,0.0598396004145897
"1417",21,"KPPR1",4.56,"Lab_Pa","trial_1",4.41066666666667,0.081657803211921
"1418",21,"PA01",4.762,"Lab_Pa","trial_1",4.68833333333333,0.0663082029448677
"1419",21,"Pa14",3.722,"Lab_Pa","trial_1",3.796,0.0690603600724275
"1420",21.25,"KPPR1",4.567,"Lab_Pa","trial_1",4.41073333333333,0.0809521002796255
"1421",21.25,"PA01",4.757,"Lab_Pa","trial_1",4.68266666666667,0.067454511421484
"1422",21.25,"Pa14",3.702,"Lab_Pa","trial_1",3.76866666666667,0.0681721676671972
"1423",21.5,"KPPR1",4.567,"Lab_Pa","trial_1",4.4126,0.0808909789543338
"1424",21.5,"PA01",4.751,"Lab_Pa","trial_1",4.67833333333333,0.0648314052840991
"1425",21.5,"Pa14",3.688,"Lab_Pa","trial_1",3.74866666666667,0.0652184363845412
"1426",21.75,"KPPR1",4.565,"Lab_Pa","trial_1",4.41213333333333,0.0804136843759856
"1427",21.75,"PA01",4.742,"Lab_Pa","trial_1",4.671,0.0646090808890929
"1428",21.75,"Pa14",3.674,"Lab_Pa","trial_1",3.72766666666667,0.0670878362877935
"1429",22,"KPPR1",4.567,"Lab_Pa","trial_1",4.4162,0.0796890504517701
"1430",22,"PA01",4.735,"Lab_Pa","trial_1",4.66733333333333,0.0622477130325105
"1431",22,"Pa14",3.647,"Lab_Pa","trial_1",3.70566666666667,0.0683869708188466
"1432",22.25,"KPPR1",4.565,"Lab_Pa","trial_1",4.41813333333333,0.0789243077207925
"1433",22.25,"PA01",4.723,"Lab_Pa","trial_1",4.659,0.0620107517559119
"1434",22.25,"Pa14",3.634,"Lab_Pa","trial_1",3.68433333333333,0.064307421379219
"1435",22.5,"KPPR1",4.57,"Lab_Pa","trial_1",4.41553333333333,0.0793596314955602
"1436",22.5,"PA01",4.713,"Lab_Pa","trial_1",4.65033333333333,0.0592011636522272
"1437",22.5,"Pa14",3.617,"Lab_Pa","trial_1",3.65633333333333,0.067587802975915
"1438",22.75,"KPPR1",4.564,"Lab_Pa","trial_1",4.41493333333333,0.0798186913702768
"1439",22.75,"PA01",4.698,"Lab_Pa","trial_1",4.643,0.0560029761113939
"1440",22.75,"Pa14",3.604,"Lab_Pa","trial_1",3.64166666666667,0.0648596775953887
"1441",23,"KPPR1",4.565,"Lab_Pa","trial_1",4.4146,0.0787423042347027
"1442",23,"PA01",4.682,"Lab_Pa","trial_1",4.633,0.054077105445219
"1443",23,"Pa14",3.588,"Lab_Pa","trial_1",3.61733333333333,0.0606886407090414
"1444",23.25,"KPPR1",4.568,"Lab_Pa","trial_1",4.4174,0.0787103672000195
"1445",23.25,"PA01",4.67,"Lab_Pa","trial_1",4.625,0.0526782687642638
"1446",23.25,"Pa14",3.564,"Lab_Pa","trial_1",3.60033333333333,0.056957098864945
"1447",23.5,"KPPR1",4.567,"Lab_Pa","trial_1",4.41526666666667,0.0782261962374356
"1448",23.5,"PA01",4.65,"Lab_Pa","trial_1",4.611,0.049869830559167
"1449",23.5,"Pa14",3.547,"Lab_Pa","trial_1",3.57166666666667,0.0584731657353278
"1450",23.75,"KPPR1",4.556,"Lab_Pa","trial_1",4.414,0.0775701832751047
"1451",23.75,"PA01",4.623,"Lab_Pa","trial_1",4.59566666666667,0.0476141902284508
"1452",23.75,"Pa14",3.532,"Lab_Pa","trial_1",3.552,0.0534820842276489
"1453",24,"KPPR1",4.558,"Lab_Pa","trial_1",4.41273333333333,0.077760282839645
"1454",24,"PA01",4.61,"Lab_Pa","trial_1",4.585,0.0453468117218105
"1455",24,"Pa14",3.509,"Lab_Pa","trial_1",3.52966666666667,0.0518469971272312
"1456",0,"KPPR1",0,"Lab_Pa","trial_2",0.00593333333333333,0.0022771466411711
"1457",0,"PA01",0.001,"Lab_Pa","trial_2",0.009,0.00416333199893227
"1458",0,"Pa14",0,"Lab_Pa","trial_2",0.00666666666666667,0.00352766841475279
"1459",0.25,"KPPR1",0,"Lab_Pa","trial_2",0.0064,0.0024118753817606
"1460",0.25,"PA01",0,"Lab_Pa","trial_2",0.00766666666666667,0.00392994204085053
"1461",0.25,"Pa14",0.001,"Lab_Pa","trial_2",0.006,0.00264575131106459
"1462",0.5,"KPPR1",0,"Lab_Pa","trial_2",0.00813333333333333,0.00246473540870428
"1463",0.5,"PA01",0,"Lab_Pa","trial_2",0.00766666666666667,0.00384418753155693
"1464",0.5,"Pa14",0.002,"Lab_Pa","trial_2",0.00833333333333333,0.0032829526005987
"1465",0.75,"KPPR1",0.002,"Lab_Pa","trial_2",0.0116,0.00258898766757533
"1466",0.75,"PA01",0,"Lab_Pa","trial_2",0.008,0.00404145188432738
"1467",0.75,"Pa14",0.003,"Lab_Pa","trial_2",0.0106666666666667,0.00433333333333333
"1468",1,"KPPR1",0.006,"Lab_Pa","trial_2",0.0172,0.00284554790104522
"1469",1,"PA01",0.002,"Lab_Pa","trial_2",0.0103333333333333,0.00417665469538056
"1470",1,"Pa14",0.004,"Lab_Pa","trial_2",0.0116666666666667,0.00409606857581484
"1471",1.25,"KPPR1",0.014,"Lab_Pa","trial_2",0.0281333333333333,0.00384567371850582
"1472",1.25,"PA01",0.004,"Lab_Pa","trial_2",0.0126666666666667,0.00448454134902457
"1473",1.25,"Pa14",0.006,"Lab_Pa","trial_2",0.012,0.00321455025366432
"1474",1.5,"KPPR1",0.029,"Lab_Pa","trial_2",0.0489333333333333,0.00595816100316889
"1475",1.5,"PA01",0.008,"Lab_Pa","trial_2",0.017,0.00458257569495584
"1476",1.5,"Pa14",0.009,"Lab_Pa","trial_2",0.015,0.00321455025366432
"1477",1.75,"KPPR1",0.055,"Lab_Pa","trial_2",0.0852,0.00965509981206576
"1478",1.75,"PA01",0.017,"Lab_Pa","trial_2",0.0276666666666667,0.0053644923131437
"1479",1.75,"Pa14",0.013,"Lab_Pa","trial_2",0.019,0.00346410161513776
"1480",2,"KPPR1",0.104,"Lab_Pa","trial_2",0.1438,0.0139632851912912
"1481",2,"PA01",0.034,"Lab_Pa","trial_2",0.0423333333333333,0.00523874454850057
"1482",2,"Pa14",0.02,"Lab_Pa","trial_2",0.0246666666666667,0.0032829526005987
"1483",2.25,"KPPR1",0.173,"Lab_Pa","trial_2",0.2272,0.020821737725386
"1484",2.25,"PA01",0.061,"Lab_Pa","trial_2",0.081,0.0161658075373095
"1485",2.25,"Pa14",0.033,"Lab_Pa","trial_2",0.035,0.00305505046330389
"1486",2.5,"KPPR1",0.283,"Lab_Pa","trial_2",0.355533333333333,0.0316979594756608
"1487",2.5,"PA01",0.12,"Lab_Pa","trial_2",0.155666666666667,0.0181138375589247
"1488",2.5,"Pa14",0.055,"Lab_Pa","trial_2",0.0543333333333333,0.00348010216963685
"1489",2.75,"KPPR1",0.431,"Lab_Pa","trial_2",0.585533333333333,0.0649722920186654
"1490",2.75,"PA01",0.165,"Lab_Pa","trial_2",0.223,0.0304357246231026
"1491",2.75,"Pa14",0.077,"Lab_Pa","trial_2",0.0946666666666667,0.0217893959938723
"1492",3,"KPPR1",0.747,"Lab_Pa","trial_2",0.9096,0.0891258500260006
"1493",3,"PA01",0.271,"Lab_Pa","trial_2",0.310666666666667,0.0222585813663954
"1494",3,"Pa14",0.09,"Lab_Pa","trial_2",0.12,0.0325320354932386
"1495",3.25,"KPPR1",1.166,"Lab_Pa","trial_2",1.30306666666667,0.0845797153812204
"1496",3.25,"PA01",0.389,"Lab_Pa","trial_2",0.406666666666667,0.0138604152575279
"1497",3.25,"Pa14",0.15,"Lab_Pa","trial_2",0.188,0.032654759734736
"1498",3.5,"KPPR1",1.59,"Lab_Pa","trial_2",1.6816,0.071117796312744
"1499",3.5,"PA01",0.495,"Lab_Pa","trial_2",0.505,0.0110151410945722
"1500",3.5,"Pa14",0.249,"Lab_Pa","trial_2",0.269,0.0416333199893227
"1501",3.75,"KPPR1",1.96,"Lab_Pa","trial_2",1.97326666666667,0.0620333602006032
"1502",3.75,"PA01",0.613,"Lab_Pa","trial_2",0.602666666666667,0.0172465777603687
"1503",3.75,"Pa14",0.356,"Lab_Pa","trial_2",0.365,0.0495681349255749
"1504",4,"KPPR1",2.256,"Lab_Pa","trial_2",2.2096,0.0627907939870472
"1505",4,"PA01",0.701,"Lab_Pa","trial_2",0.690666666666667,0.0172465777603687
"1506",4,"Pa14",0.442,"Lab_Pa","trial_2",0.463,0.051597803570824
"1507",4.25,"KPPR1",2.458,"Lab_Pa","trial_2",2.40013333333333,0.0628807538627616
"1508",4.25,"PA01",0.823,"Lab_Pa","trial_2",0.807333333333333,0.0246599089842422
"1509",4.25,"Pa14",0.655,"Lab_Pa","trial_2",0.605666666666667,0.0659831628355127
"1510",4.5,"KPPR1",2.664,"Lab_Pa","trial_2",2.55193333333333,0.0656584573065269
"1511",4.5,"PA01",0.971,"Lab_Pa","trial_2",0.948666666666667,0.0280138854459316
"1512",4.5,"Pa14",0.806,"Lab_Pa","trial_2",0.735333333333333,0.0793186260877257
"1513",4.75,"KPPR1",2.818,"Lab_Pa","trial_2",2.67953333333333,0.0671075800605811
"1514",4.75,"PA01",1.121,"Lab_Pa","trial_2",1.103,0.0408411557133243
"1515",4.75,"Pa14",0.926,"Lab_Pa","trial_2",0.87,0.0954218703093443
"1516",5,"KPPR1",2.942,"Lab_Pa","trial_2",2.7912,0.0681341953165117
"1517",5,"PA01",1.566,"Lab_Pa","trial_2",1.459,0.0772420438189807
"1518",5,"Pa14",1.095,"Lab_Pa","trial_2",1.01966666666667,0.107829082863164
"1519",5.25,"KPPR1",3.046,"Lab_Pa","trial_2",2.883,0.0700222413645428
"1520",5.25,"PA01",2.052,"Lab_Pa","trial_2",2.10666666666667,0.140101550471237
"1521",5.25,"Pa14",1.309,"Lab_Pa","trial_2",1.22266666666667,0.142103639800128
"1522",5.5,"KPPR1",3.147,"Lab_Pa","trial_2",2.9648,0.0715650353574585
"1523",5.5,"PA01",2.686,"Lab_Pa","trial_2",2.49733333333333,0.184184991546844
"1524",5.5,"Pa14",1.523,"Lab_Pa","trial_2",1.42866666666667,0.165905930508158
"1525",5.75,"KPPR1",3.252,"Lab_Pa","trial_2",3.04846666666667,0.0734278308899721
"1526",5.75,"PA01",2.817,"Lab_Pa","trial_2",2.85566666666667,0.169691222846413
"1527",5.75,"Pa14",1.728,"Lab_Pa","trial_2",1.66933333333333,0.199049686706053
"1528",6,"KPPR1",3.324,"Lab_Pa","trial_2",3.11753333333333,0.0739235684220802
"1529",6,"PA01",3.06,"Lab_Pa","trial_2",3.05866666666667,0.114317297223318
"1530",6,"Pa14",2.02,"Lab_Pa","trial_2",1.954,0.229285847797024
"1531",6.25,"KPPR1",3.417,"Lab_Pa","trial_2",3.18466666666667,0.075419377746588
"1532",6.25,"PA01",3.267,"Lab_Pa","trial_2",3.25,0.109161959186034
"1533",6.25,"Pa14",2.306,"Lab_Pa","trial_2",2.23066666666667,0.234561529478112
"1534",6.5,"KPPR1",3.489,"Lab_Pa","trial_2",3.2474,0.0759300931621913
"1535",6.5,"PA01",3.432,"Lab_Pa","trial_2",3.40766666666667,0.107787342072764
"1536",6.5,"Pa14",2.57,"Lab_Pa","trial_2",2.48866666666667,0.218590433866118
"1537",6.75,"KPPR1",3.566,"Lab_Pa","trial_2",3.30606666666667,0.0776794675737397
"1538",6.75,"PA01",3.586,"Lab_Pa","trial_2",3.55066666666667,0.100863494111816
"1539",6.75,"Pa14",2.798,"Lab_Pa","trial_2",2.71266666666667,0.208788037120053
"1540",7,"KPPR1",3.621,"Lab_Pa","trial_2",3.35786666666667,0.0780905985846029
"1541",7,"PA01",3.712,"Lab_Pa","trial_2",3.66233333333333,0.110502388108935
"1542",7,"Pa14",2.967,"Lab_Pa","trial_2",2.844,0.177015065272234
"1543",7.25,"KPPR1",3.688,"Lab_Pa","trial_2",3.41266666666667,0.0788130800521182
"1544",7.25,"PA01",3.802,"Lab_Pa","trial_2",3.755,0.10288990880224
"1545",7.25,"Pa14",3.165,"Lab_Pa","trial_2",3.03866666666667,0.179220844521811
"1546",7.5,"KPPR1",3.743,"Lab_Pa","trial_2",3.46646666666667,0.0789987261299746
"1547",7.5,"PA01",3.897,"Lab_Pa","trial_2",3.83666666666667,0.0963540923423136
"1548",7.5,"Pa14",3.303,"Lab_Pa","trial_2",3.19166666666667,0.178087369319419
"1549",7.75,"KPPR1",3.803,"Lab_Pa","trial_2",3.5172,0.079384429323688
"1550",7.75,"PA01",3.972,"Lab_Pa","trial_2",3.90633333333333,0.0993987480359341
"1551",7.75,"Pa14",3.5,"Lab_Pa","trial_2",3.33433333333333,0.193296260813406
"1552",8,"KPPR1",3.841,"Lab_Pa","trial_2",3.55826666666667,0.0798513778195626
"1553",8,"PA01",4.024,"Lab_Pa","trial_2",3.963,0.0942708862799114
"1554",8,"Pa14",3.604,"Lab_Pa","trial_2",3.44933333333333,0.189158076163239
"1555",8.25,"KPPR1",3.909,"Lab_Pa","trial_2",3.6082,0.0807083638788447
"1556",8.25,"PA01",4.105,"Lab_Pa","trial_2",4.03,0.0941080938779091
"1557",8.25,"Pa14",3.698,"Lab_Pa","trial_2",3.55033333333333,0.18008732449688
"1558",8.5,"KPPR1",3.953,"Lab_Pa","trial_2",3.65086666666667,0.0807728069910062
"1559",8.5,"PA01",4.159,"Lab_Pa","trial_2",4.07833333333333,0.0955341707337106
"1560",8.5,"Pa14",3.788,"Lab_Pa","trial_2",3.65733333333333,0.191072702858827
"1561",8.75,"KPPR1",4.004,"Lab_Pa","trial_2",3.69106666666667,0.0815741828128686
"1562",8.75,"PA01",4.206,"Lab_Pa","trial_2",4.12733333333333,0.0951163030773964
"1563",8.75,"Pa14",3.847,"Lab_Pa","trial_2",3.75066666666667,0.190648309139572
"1564",9,"KPPR1",4.044,"Lab_Pa","trial_2",3.72766666666667,0.0821832833579437
"1565",9,"PA01",4.246,"Lab_Pa","trial_2",4.173,0.0915914843203232
"1566",9,"Pa14",3.947,"Lab_Pa","trial_2",3.83666666666667,0.193642568781878
"1567",9.25,"KPPR1",4.094,"Lab_Pa","trial_2",3.7676,0.0828666053710075
"1568",9.25,"PA01",4.298,"Lab_Pa","trial_2",4.226,0.0948542741964394
"1569",9.25,"Pa14",4.021,"Lab_Pa","trial_2",3.915,0.185000900898707
"1570",9.5,"KPPR1",4.131,"Lab_Pa","trial_2",3.80186666666667,0.0835817174510281
"1571",9.5,"PA01",4.328,"Lab_Pa","trial_2",4.25633333333333,0.0886798235852503
"1572",9.5,"Pa14",4.094,"Lab_Pa","trial_2",3.99566666666667,0.184217564610737
"1573",9.75,"KPPR1",4.167,"Lab_Pa","trial_2",3.83706666666667,0.0838254119139279
"1574",9.75,"PA01",4.362,"Lab_Pa","trial_2",4.29033333333333,0.0892082457573911
"1575",9.75,"Pa14",4.156,"Lab_Pa","trial_2",4.06333333333333,0.18096899673087
"1576",10,"KPPR1",4.189,"Lab_Pa","trial_2",3.8674,0.0835222126143699
"1577",10,"PA01",4.393,"Lab_Pa","trial_2",4.32366666666667,0.0879494804482159
"1578",10,"Pa14",4.344,"Lab_Pa","trial_2",4.18866666666667,0.181953596037867
"1579",10.25,"KPPR1",4.233,"Lab_Pa","trial_2",3.90066666666667,0.0840863879288475
"1580",10.25,"PA01",4.42,"Lab_Pa","trial_2",4.35333333333333,0.087966534040572
"1581",10.25,"Pa14",4.348,"Lab_Pa","trial_2",4.19866666666667,0.181745548623465
"1582",10.5,"KPPR1",4.25,"Lab_Pa","trial_2",3.92973333333333,0.0842330365381923
"1583",10.5,"PA01",4.449,"Lab_Pa","trial_2",4.38333333333333,0.0859075730719424
"1584",10.5,"Pa14",4.396,"Lab_Pa","trial_2",4.262,0.170203799409218
"1585",10.75,"KPPR1",4.296,"Lab_Pa","trial_2",3.95946666666667,0.0855038215056117
"1586",10.75,"PA01",4.471,"Lab_Pa","trial_2",4.408,0.0854068693568225
"1587",10.75,"Pa14",4.47,"Lab_Pa","trial_2",4.29733333333333,0.171667637537708
"1588",11,"KPPR1",4.308,"Lab_Pa","trial_2",3.9826,0.085005646871252
"1589",11,"PA01",4.494,"Lab_Pa","trial_2",4.429,0.0836480723029528
"1590",11,"Pa14",4.515,"Lab_Pa","trial_2",4.33633333333333,0.161483057246814
"1591",11.25,"KPPR1",4.345,"Lab_Pa","trial_2",4.01166666666667,0.0859724577528379
"1592",11.25,"PA01",4.526,"Lab_Pa","trial_2",4.45366666666667,0.0851397543911056
"1593",11.25,"Pa14",4.603,"Lab_Pa","trial_2",4.38433333333333,0.168030089897944
"1594",11.5,"KPPR1",4.381,"Lab_Pa","trial_2",4.03526666666667,0.0857657089132762
"1595",11.5,"PA01",4.54,"Lab_Pa","trial_2",4.46833333333333,0.0818704939387676
"1596",11.5,"Pa14",4.569,"Lab_Pa","trial_2",4.425,0.162850647322427
"1597",11.75,"KPPR1",4.398,"Lab_Pa","trial_2",4.05986666666667,0.0859405590076053
"1598",11.75,"PA01",4.557,"Lab_Pa","trial_2",4.48933333333333,0.0794445998444478
"1599",11.75,"Pa14",4.621,"Lab_Pa","trial_2",4.467,0.162065830246025
"1600",12,"KPPR1",4.426,"Lab_Pa","trial_2",4.0824,0.0862307977244237
"1601",12,"PA01",4.582,"Lab_Pa","trial_2",4.50833333333333,0.0817971746319993
"1602",12,"Pa14",4.637,"Lab_Pa","trial_2",4.493,0.146004566138643
"1603",12.25,"KPPR1",4.455,"Lab_Pa","trial_2",4.1036,0.0866267747018096
"1604",12.25,"PA01",4.596,"Lab_Pa","trial_2",4.527,0.0807733454385377
"1605",12.25,"Pa14",4.619,"Lab_Pa","trial_2",4.493,0.130525859506842
"1606",12.5,"KPPR1",4.471,"Lab_Pa","trial_2",4.12393333333333,0.0865870586759865
"1607",12.5,"PA01",4.607,"Lab_Pa","trial_2",4.53866666666667,0.0801089535847552
"1608",12.5,"Pa14",4.603,"Lab_Pa","trial_2",4.47633333333333,0.122194289737469
"1609",12.75,"KPPR1",4.486,"Lab_Pa","trial_2",4.14166666666667,0.086894334664726
"1610",12.75,"PA01",4.625,"Lab_Pa","trial_2",4.55366666666667,0.0789521655462625
"1611",12.75,"Pa14",4.621,"Lab_Pa","trial_2",4.475,0.119102197013042
"1612",13,"KPPR1",4.504,"Lab_Pa","trial_2",4.1592,0.0860654900144568
"1613",13,"PA01",4.638,"Lab_Pa","trial_2",4.56666666666667,0.0789521655462625
"1614",13,"Pa14",4.609,"Lab_Pa","trial_2",4.474,0.116517523717822
"1615",13.25,"KPPR1",4.525,"Lab_Pa","trial_2",4.1792,0.0853231504340996
"1616",13.25,"PA01",4.654,"Lab_Pa","trial_2",4.57966666666667,0.0788761335541016
"1617",13.25,"Pa14",4.555,"Lab_Pa","trial_2",4.446,0.0996510578635938
"1618",13.5,"KPPR1",4.544,"Lab_Pa","trial_2",4.19366666666667,0.0860251716576617
"1619",13.5,"PA01",4.67,"Lab_Pa","trial_2",4.59766666666667,0.0753532422070286
"1620",13.5,"Pa14",4.539,"Lab_Pa","trial_2",4.421,0.0854244305414636
"1621",13.75,"KPPR1",4.558,"Lab_Pa","trial_2",4.20666666666667,0.0859722915865043
"1622",13.75,"PA01",4.677,"Lab_Pa","trial_2",4.60366666666667,0.0768599014079802
"1623",13.75,"Pa14",4.513,"Lab_Pa","trial_2",4.40266666666667,0.0775893749885325
"1624",14,"KPPR1",4.57,"Lab_Pa","trial_2",4.22253333333333,0.0861040824576455
"1625",14,"PA01",4.69,"Lab_Pa","trial_2",4.614,0.0750022221893013
"1626",14,"Pa14",4.464,"Lab_Pa","trial_2",4.36033333333333,0.0600453532294086
"1627",14.25,"KPPR1",4.592,"Lab_Pa","trial_2",4.23453333333333,0.0865572679497258
"1628",14.25,"PA01",4.695,"Lab_Pa","trial_2",4.62133333333333,0.0751716554146428
"1629",14.25,"Pa14",4.417,"Lab_Pa","trial_2",4.32966666666667,0.0481156015353762
"1630",14.5,"KPPR1",4.587,"Lab_Pa","trial_2",4.2462,0.0857256532144703
"1631",14.5,"PA01",4.706,"Lab_Pa","trial_2",4.63033333333333,0.0756666666666668
"1632",14.5,"Pa14",4.367,"Lab_Pa","trial_2",4.319,0.0349475797922163
"1633",14.75,"KPPR1",4.623,"Lab_Pa","trial_2",4.26093333333333,0.0866735784789644
"1634",14.75,"PA01",4.723,"Lab_Pa","trial_2",4.643,0.0750555349946512
"1635",14.75,"Pa14",4.325,"Lab_Pa","trial_2",4.28466666666667,0.0207551867680775
"1636",15,"KPPR1",4.608,"Lab_Pa","trial_2",4.269,0.0853836719084593
"1637",15,"PA01",4.723,"Lab_Pa","trial_2",4.648,0.0745005592820172
"1638",15,"Pa14",4.303,"Lab_Pa","trial_2",4.264,0.019672315572906
"1639",15.25,"KPPR1",4.619,"Lab_Pa","trial_2",4.27986666666667,0.0857704503819944
"1640",15.25,"PA01",4.73,"Lab_Pa","trial_2",4.65533333333333,0.0741672284622919
"1641",15.25,"Pa14",4.271,"Lab_Pa","trial_2",4.24333333333333,0.0153441990486452
"1642",15.5,"KPPR1",4.629,"Lab_Pa","trial_2",4.29033333333333,0.0860276625868605
"1643",15.5,"PA01",4.737,"Lab_Pa","trial_2",4.66066666666667,0.0743423014022151
"1644",15.5,"Pa14",4.247,"Lab_Pa","trial_2",4.229,0.0190087699058443
"1645",15.75,"KPPR1",4.646,"Lab_Pa","trial_2",4.30346666666667,0.0859494240356705
"1646",15.75,"PA01",4.744,"Lab_Pa","trial_2",4.66766666666667,0.073353785026935
"1647",15.75,"Pa14",4.232,"Lab_Pa","trial_2",4.216,0.0201328918273887
"1648",16,"KPPR1",4.644,"Lab_Pa","trial_2",4.30906666666667,0.0858055646251158
"1649",16,"PA01",4.746,"Lab_Pa","trial_2",4.672,0.0740000000000001
"1650",16,"Pa14",4.224,"Lab_Pa","trial_2",4.20366666666667,0.0223631641569594
"1651",16.25,"KPPR1",4.647,"Lab_Pa","trial_2",4.31766666666667,0.0860656264921836
"1652",16.25,"PA01",4.752,"Lab_Pa","trial_2",4.675,0.0745139807910793
"1653",16.25,"Pa14",4.196,"Lab_Pa","trial_2",4.18566666666667,0.0250754417264737
"1654",16.5,"KPPR1",4.662,"Lab_Pa","trial_2",4.32853333333333,0.0859141247141401
"1655",16.5,"PA01",4.751,"Lab_Pa","trial_2",4.678,0.0720023147776052
"1656",16.5,"Pa14",4.17,"Lab_Pa","trial_2",4.17366666666667,0.0315189537333403
"1657",16.75,"KPPR1",4.672,"Lab_Pa","trial_2",4.33673333333333,0.0860019638018678
"1658",16.75,"PA01",4.764,"Lab_Pa","trial_2",4.68766666666667,0.0718803017368305
"1659",16.75,"Pa14",4.124,"Lab_Pa","trial_2",4.151,0.041789153297636
"1660",17,"KPPR1",4.678,"Lab_Pa","trial_2",4.3456,0.0859542957180207
"1661",17,"PA01",4.765,"Lab_Pa","trial_2",4.68766666666667,0.0748472518607803
"1662",17,"Pa14",4.107,"Lab_Pa","trial_2",4.129,0.039661064030104
"1663",17.25,"KPPR1",4.685,"Lab_Pa","trial_2",4.35493333333333,0.0851905129228806
"1664",17.25,"PA01",4.767,"Lab_Pa","trial_2",4.693,0.0725051722292969
"1665",17.25,"Pa14",4.087,"Lab_Pa","trial_2",4.11366666666667,0.0458596893917863
"1666",17.5,"KPPR1",4.686,"Lab_Pa","trial_2",4.35993333333333,0.085218848053069
"1667",17.5,"PA01",4.768,"Lab_Pa","trial_2",4.69566666666667,0.0708386272531525
"1668",17.5,"Pa14",4.079,"Lab_Pa","trial_2",4.09933333333333,0.0526635020146254
"1669",17.75,"KPPR1",4.689,"Lab_Pa","trial_2",4.3654,0.085261100380509
"1670",17.75,"PA01",4.769,"Lab_Pa","trial_2",4.69666666666667,0.0718339133773952
"1671",17.75,"Pa14",4.062,"Lab_Pa","trial_2",4.084,0.0536780526224018
"1672",18,"KPPR1",4.687,"Lab_Pa","trial_2",4.37206666666667,0.0848038895484145
"1673",18,"PA01",4.77,"Lab_Pa","trial_2",4.69866666666667,0.0708339215661848
"1674",18,"Pa14",4.034,"Lab_Pa","trial_2",4.06033333333333,0.0538836194445439
"1675",18.25,"KPPR1",4.691,"Lab_Pa","trial_2",4.37666666666667,0.0845040245120323
"1676",18.25,"PA01",4.771,"Lab_Pa","trial_2",4.698,0.0725005747103658
"1677",18.25,"Pa14",4.01,"Lab_Pa","trial_2",4.03966666666667,0.0576551048139807
"1678",18.5,"KPPR1",4.692,"Lab_Pa","trial_2",4.38086666666667,0.0846940638087726
"1679",18.5,"PA01",4.769,"Lab_Pa","trial_2",4.699,0.0715052445628991
"1680",18.5,"Pa14",3.965,"Lab_Pa","trial_2",4.01333333333333,0.0623226372284669
"1681",18.75,"KPPR1",4.689,"Lab_Pa","trial_2",4.38386666666667,0.0839029976572531
"1682",18.75,"PA01",4.772,"Lab_Pa","trial_2",4.702,0.0710023473790364
"1683",18.75,"Pa14",3.957,"Lab_Pa","trial_2",3.99666666666667,0.0602282694790781
"1684",19,"KPPR1",4.683,"Lab_Pa","trial_2",4.39006666666667,0.0835844293238688
"1685",19,"PA01",4.768,"Lab_Pa","trial_2",4.70033333333333,0.0711953494111644
"1686",19,"Pa14",3.94,"Lab_Pa","trial_2",3.977,0.0603517467297619
"1687",19.25,"KPPR1",4.682,"Lab_Pa","trial_2",4.3918,0.083096169185669
"1688",19.25,"PA01",4.767,"Lab_Pa","trial_2",4.70033333333333,0.0717247826378333
"1689",19.25,"Pa14",3.903,"Lab_Pa","trial_2",3.947,0.0601692058559304
"1690",19.5,"KPPR1",4.692,"Lab_Pa","trial_2",4.39573333333333,0.083362174056895
"1691",19.5,"PA01",4.769,"Lab_Pa","trial_2",4.70233333333333,0.0722364943163158
"1692",19.5,"Pa14",3.876,"Lab_Pa","trial_2",3.92733333333333,0.0653001616468989
"1693",19.75,"KPPR1",4.697,"Lab_Pa","trial_2",4.39706666666667,0.0829948057276947
"1694",19.75,"PA01",4.762,"Lab_Pa","trial_2",4.70066666666667,0.0705250152625137
"1695",19.75,"Pa14",3.859,"Lab_Pa","trial_2",3.90833333333333,0.065448028575691
"1696",20,"KPPR1",4.684,"Lab_Pa","trial_2",4.3998,0.0823168211705181
"1697",20,"PA01",4.76,"Lab_Pa","trial_2",4.698,0.0711898869222306
"1698",20,"Pa14",3.843,"Lab_Pa","trial_2",3.886,0.0689661752842169
"1699",20.25,"KPPR1",4.687,"Lab_Pa","trial_2",4.40286666666667,0.0815382975555289
"1700",20.25,"PA01",4.757,"Lab_Pa","trial_2",4.697,0.0702376916856848
"1701",20.25,"Pa14",3.815,"Lab_Pa","trial_2",3.86333333333333,0.068761261703892
"1702",20.5,"KPPR1",4.692,"Lab_Pa","trial_2",4.4074,0.0815821992722386
"1703",20.5,"PA01",4.756,"Lab_Pa","trial_2",4.69833333333333,0.0700103167000725
"1704",20.5,"Pa14",3.796,"Lab_Pa","trial_2",3.846,0.0687895340876795
"1705",20.75,"KPPR1",4.708,"Lab_Pa","trial_2",4.409,0.0825967830573841
"1706",20.75,"PA01",4.756,"Lab_Pa","trial_2",4.69333333333333,0.069268399080036
"1707",20.75,"Pa14",3.771,"Lab_Pa","trial_2",3.81466666666667,0.0598396004145897
"1708",21,"KPPR1",4.706,"Lab_Pa","trial_2",4.41066666666667,0.081657803211921
"1709",21,"PA01",4.747,"Lab_Pa","trial_2",4.68833333333333,0.0663082029448677
"1710",21,"Pa14",3.732,"Lab_Pa","trial_2",3.796,0.0690603600724275
"1711",21.25,"KPPR1",4.703,"Lab_Pa","trial_2",4.41073333333333,0.0809521002796255
"1712",21.25,"PA01",4.743,"Lab_Pa","trial_2",4.68266666666667,0.067454511421484
"1713",21.25,"Pa14",3.699,"Lab_Pa","trial_2",3.76866666666667,0.0681721676671972
"1714",21.5,"KPPR1",4.702,"Lab_Pa","trial_2",4.4126,0.0808909789543338
"1715",21.5,"PA01",4.735,"Lab_Pa","trial_2",4.67833333333333,0.0648314052840991
"1716",21.5,"Pa14",3.679,"Lab_Pa","trial_2",3.74866666666667,0.0652184363845412
"1717",21.75,"KPPR1",4.703,"Lab_Pa","trial_2",4.41213333333333,0.0804136843759856
"1718",21.75,"PA01",4.729,"Lab_Pa","trial_2",4.671,0.0646090808890929
"1719",21.75,"Pa14",3.648,"Lab_Pa","trial_2",3.72766666666667,0.0670878362877935
"1720",22,"KPPR1",4.705,"Lab_Pa","trial_2",4.4162,0.0796890504517701
"1721",22,"PA01",4.724,"Lab_Pa","trial_2",4.66733333333333,0.0622477130325105
"1722",22,"Pa14",3.628,"Lab_Pa","trial_2",3.70566666666667,0.0683869708188466
"1723",22.25,"KPPR1",4.713,"Lab_Pa","trial_2",4.41813333333333,0.0789243077207925
"1724",22.25,"PA01",4.719,"Lab_Pa","trial_2",4.659,0.0620107517559119
"1725",22.25,"Pa14",3.607,"Lab_Pa","trial_2",3.68433333333333,0.064307421379219
"1726",22.5,"KPPR1",4.707,"Lab_Pa","trial_2",4.41553333333333,0.0793596314955602
"1727",22.5,"PA01",4.706,"Lab_Pa","trial_2",4.65033333333333,0.0592011636522272
"1728",22.5,"Pa14",3.564,"Lab_Pa","trial_2",3.65633333333333,0.067587802975915
"1729",22.75,"KPPR1",4.708,"Lab_Pa","trial_2",4.41493333333333,0.0798186913702768
"1730",22.75,"PA01",4.7,"Lab_Pa","trial_2",4.643,0.0560029761113939
"1731",22.75,"Pa14",3.553,"Lab_Pa","trial_2",3.64166666666667,0.0648596775953887
"1732",23,"KPPR1",4.695,"Lab_Pa","trial_2",4.4146,0.0787423042347027
"1733",23,"PA01",4.692,"Lab_Pa","trial_2",4.633,0.054077105445219
"1734",23,"Pa14",3.53,"Lab_Pa","trial_2",3.61733333333333,0.0606886407090414
"1735",23.25,"KPPR1",4.709,"Lab_Pa","trial_2",4.4174,0.0787103672000195
"1736",23.25,"PA01",4.685,"Lab_Pa","trial_2",4.625,0.0526782687642638
"1737",23.25,"Pa14",3.525,"Lab_Pa","trial_2",3.60033333333333,0.056957098864945
"1738",23.5,"KPPR1",4.704,"Lab_Pa","trial_2",4.41526666666667,0.0782261962374356
"1739",23.5,"PA01",4.671,"Lab_Pa","trial_2",4.611,0.049869830559167
"1740",23.5,"Pa14",3.485,"Lab_Pa","trial_2",3.57166666666667,0.0584731657353278
"1741",23.75,"KPPR1",4.697,"Lab_Pa","trial_2",4.414,0.0775701832751047
"1742",23.75,"PA01",4.661,"Lab_Pa","trial_2",4.59566666666667,0.0476141902284508
"1743",23.75,"Pa14",3.471,"Lab_Pa","trial_2",3.552,0.0534820842276489
"1744",24,"KPPR1",4.696,"Lab_Pa","trial_2",4.41273333333333,0.077760282839645
"1745",24,"PA01",4.648,"Lab_Pa","trial_2",4.585,0.0453468117218105
"1746",24,"Pa14",3.452,"Lab_Pa","trial_2",3.52966666666667,0.0518469971272312
"1747",0,"KPPR1",0.009,"Lab_Pa","trial_3",0.00593333333333333,0.0022771466411711
"1748",0,"PA01",0.011,"Lab_Pa","trial_3",0.009,0.00416333199893227
"1749",0,"Pa14",0.008,"Lab_Pa","trial_3",0.00666666666666667,0.00352766841475279
"1750",0.25,"KPPR1",0.01,"Lab_Pa","trial_3",0.0064,0.0024118753817606
"1751",0.25,"PA01",0.01,"Lab_Pa","trial_3",0.00766666666666667,0.00392994204085053
"1752",0.25,"Pa14",0.007,"Lab_Pa","trial_3",0.006,0.00264575131106459
"1753",0.5,"KPPR1",0.016,"Lab_Pa","trial_3",0.00813333333333333,0.00246473540870428
"1754",0.5,"PA01",0.011,"Lab_Pa","trial_3",0.00766666666666667,0.00384418753155693
"1755",0.5,"Pa14",0.01,"Lab_Pa","trial_3",0.00833333333333333,0.0032829526005987
"1756",0.75,"KPPR1",0.025,"Lab_Pa","trial_3",0.0116,0.00258898766757533
"1757",0.75,"PA01",0.013,"Lab_Pa","trial_3",0.008,0.00404145188432738
"1758",0.75,"Pa14",0.011,"Lab_Pa","trial_3",0.0106666666666667,0.00433333333333333
"1759",1,"KPPR1",0.035,"Lab_Pa","trial_3",0.0172,0.00284554790104522
"1760",1,"PA01",0.015,"Lab_Pa","trial_3",0.0103333333333333,0.00417665469538056
"1761",1,"Pa14",0.013,"Lab_Pa","trial_3",0.0116666666666667,0.00409606857581484
"1762",1.25,"KPPR1",0.054,"Lab_Pa","trial_3",0.0281333333333333,0.00384567371850582
"1763",1.25,"PA01",0.019,"Lab_Pa","trial_3",0.0126666666666667,0.00448454134902457
"1764",1.25,"Pa14",0.013,"Lab_Pa","trial_3",0.012,0.00321455025366432
"1765",1.5,"KPPR1",0.088,"Lab_Pa","trial_3",0.0489333333333333,0.00595816100316889
"1766",1.5,"PA01",0.023,"Lab_Pa","trial_3",0.017,0.00458257569495584
"1767",1.5,"Pa14",0.016,"Lab_Pa","trial_3",0.015,0.00321455025366432
"1768",1.75,"KPPR1",0.145,"Lab_Pa","trial_3",0.0852,0.00965509981206576
"1769",1.75,"PA01",0.032,"Lab_Pa","trial_3",0.0276666666666667,0.0053644923131437
"1770",1.75,"Pa14",0.019,"Lab_Pa","trial_3",0.019,0.00346410161513776
"1771",2,"KPPR1",0.225,"Lab_Pa","trial_3",0.1438,0.0139632851912912
"1772",2,"PA01",0.052,"Lab_Pa","trial_3",0.0423333333333333,0.00523874454850057
"1773",2,"Pa14",0.023,"Lab_Pa","trial_3",0.0246666666666667,0.0032829526005987
"1774",2.25,"KPPR1",0.354,"Lab_Pa","trial_3",0.2272,0.020821737725386
"1775",2.25,"PA01",0.113,"Lab_Pa","trial_3",0.081,0.0161658075373095
"1776",2.25,"Pa14",0.031,"Lab_Pa","trial_3",0.035,0.00305505046330389
"1777",2.5,"KPPR1",0.553,"Lab_Pa","trial_3",0.355533333333333,0.0316979594756608
"1778",2.5,"PA01",0.168,"Lab_Pa","trial_3",0.155666666666667,0.0181138375589247
"1779",2.5,"Pa14",0.048,"Lab_Pa","trial_3",0.0543333333333333,0.00348010216963685
"1780",2.75,"KPPR1",1.04,"Lab_Pa","trial_3",0.585533333333333,0.0649722920186654
"1781",2.75,"PA01",0.236,"Lab_Pa","trial_3",0.223,0.0304357246231026
"1782",2.75,"Pa14",0.069,"Lab_Pa","trial_3",0.0946666666666667,0.0217893959938723
"1783",3,"KPPR1",1.466,"Lab_Pa","trial_3",0.9096,0.0891258500260006
"1784",3,"PA01",0.313,"Lab_Pa","trial_3",0.310666666666667,0.0222585813663954
"1785",3,"Pa14",0.085,"Lab_Pa","trial_3",0.12,0.0325320354932386
"1786",3.25,"KPPR1",1.797,"Lab_Pa","trial_3",1.30306666666667,0.0845797153812204
"1787",3.25,"PA01",0.397,"Lab_Pa","trial_3",0.406666666666667,0.0138604152575279
"1788",3.25,"Pa14",0.161,"Lab_Pa","trial_3",0.188,0.032654759734736
"1789",3.5,"KPPR1",2.113,"Lab_Pa","trial_3",1.6816,0.071117796312744
"1790",3.5,"PA01",0.493,"Lab_Pa","trial_3",0.505,0.0110151410945722
"1791",3.5,"Pa14",0.209,"Lab_Pa","trial_3",0.269,0.0416333199893227
"1792",3.75,"KPPR1",2.34,"Lab_Pa","trial_3",1.97326666666667,0.0620333602006032
"1793",3.75,"PA01",0.569,"Lab_Pa","trial_3",0.602666666666667,0.0172465777603687
"1794",3.75,"Pa14",0.284,"Lab_Pa","trial_3",0.365,0.0495681349255749
"1795",4,"KPPR1",2.54,"Lab_Pa","trial_3",2.2096,0.0627907939870472
"1796",4,"PA01",0.657,"Lab_Pa","trial_3",0.690666666666667,0.0172465777603687
"1797",4,"Pa14",0.386,"Lab_Pa","trial_3",0.463,0.051597803570824
"1798",4.25,"KPPR1",2.687,"Lab_Pa","trial_3",2.40013333333333,0.0628807538627616
"1799",4.25,"PA01",0.759,"Lab_Pa","trial_3",0.807333333333333,0.0246599089842422
"1800",4.25,"Pa14",0.475,"Lab_Pa","trial_3",0.605666666666667,0.0659831628355127
"1801",4.5,"KPPR1",2.811,"Lab_Pa","trial_3",2.55193333333333,0.0656584573065269
"1802",4.5,"PA01",0.893,"Lab_Pa","trial_3",0.948666666666667,0.0280138854459316
"1803",4.5,"Pa14",0.577,"Lab_Pa","trial_3",0.735333333333333,0.0793186260877257
"1804",4.75,"KPPR1",2.929,"Lab_Pa","trial_3",2.67953333333333,0.0671075800605811
"1805",4.75,"PA01",1.025,"Lab_Pa","trial_3",1.103,0.0408411557133243
"1806",4.75,"Pa14",0.684,"Lab_Pa","trial_3",0.87,0.0954218703093443
"1807",5,"KPPR1",3.026,"Lab_Pa","trial_3",2.7912,0.0681341953165117
"1808",5,"PA01",1.309,"Lab_Pa","trial_3",1.459,0.0772420438189807
"1809",5,"Pa14",0.807,"Lab_Pa","trial_3",1.01966666666667,0.107829082863164
"1810",5.25,"KPPR1",3.117,"Lab_Pa","trial_3",2.883,0.0700222413645428
"1811",5.25,"PA01",1.896,"Lab_Pa","trial_3",2.10666666666667,0.140101550471237
"1812",5.25,"Pa14",0.945,"Lab_Pa","trial_3",1.22266666666667,0.142103639800128
"1813",5.5,"KPPR1",3.193,"Lab_Pa","trial_3",2.9648,0.0715650353574585
"1814",5.5,"PA01",2.129,"Lab_Pa","trial_3",2.49733333333333,0.184184991546844
"1815",5.5,"Pa14",1.106,"Lab_Pa","trial_3",1.42866666666667,0.165905930508158
"1816",5.75,"KPPR1",3.284,"Lab_Pa","trial_3",3.04846666666667,0.0734278308899721
"1817",5.75,"PA01",2.583,"Lab_Pa","trial_3",2.85566666666667,0.169691222846413
"1818",5.75,"Pa14",1.299,"Lab_Pa","trial_3",1.66933333333333,0.199049686706053
"1819",6,"KPPR1",3.357,"Lab_Pa","trial_3",3.11753333333333,0.0739235684220802
"1820",6,"PA01",2.86,"Lab_Pa","trial_3",3.05866666666667,0.114317297223318
"1821",6,"Pa14",1.528,"Lab_Pa","trial_3",1.954,0.229285847797024
"1822",6.25,"KPPR1",3.415,"Lab_Pa","trial_3",3.18466666666667,0.075419377746588
"1823",6.25,"PA01",3.053,"Lab_Pa","trial_3",3.25,0.109161959186034
"1824",6.25,"Pa14",1.792,"Lab_Pa","trial_3",2.23066666666667,0.234561529478112
"1825",6.5,"KPPR1",3.463,"Lab_Pa","trial_3",3.2474,0.0759300931621913
"1826",6.5,"PA01",3.21,"Lab_Pa","trial_3",3.40766666666667,0.107787342072764
"1827",6.5,"Pa14",2.076,"Lab_Pa","trial_3",2.48866666666667,0.218590433866118
"1828",6.75,"KPPR1",3.543,"Lab_Pa","trial_3",3.30606666666667,0.0776794675737397
"1829",6.75,"PA01",3.361,"Lab_Pa","trial_3",3.55066666666667,0.100863494111816
"1830",6.75,"Pa14",2.316,"Lab_Pa","trial_3",2.71266666666667,0.208788037120053
"1831",7,"KPPR1",3.589,"Lab_Pa","trial_3",3.35786666666667,0.0780905985846029
"1832",7,"PA01",3.451,"Lab_Pa","trial_3",3.66233333333333,0.110502388108935
"1833",7,"Pa14",2.495,"Lab_Pa","trial_3",2.844,0.177015065272234
"1834",7.25,"KPPR1",3.655,"Lab_Pa","trial_3",3.41266666666667,0.0788130800521182
"1835",7.25,"PA01",3.558,"Lab_Pa","trial_3",3.755,0.10288990880224
"1836",7.25,"Pa14",2.685,"Lab_Pa","trial_3",3.03866666666667,0.179220844521811
"1837",7.5,"KPPR1",3.71,"Lab_Pa","trial_3",3.46646666666667,0.0789987261299746
"1838",7.5,"PA01",3.648,"Lab_Pa","trial_3",3.83666666666667,0.0963540923423136
"1839",7.5,"Pa14",2.843,"Lab_Pa","trial_3",3.19166666666667,0.178087369319419
"1840",7.75,"KPPR1",3.757,"Lab_Pa","trial_3",3.5172,0.079384429323688
"1841",7.75,"PA01",3.711,"Lab_Pa","trial_3",3.90633333333333,0.0993987480359341
"1842",7.75,"Pa14",2.949,"Lab_Pa","trial_3",3.33433333333333,0.193296260813406
"1843",8,"KPPR1",3.805,"Lab_Pa","trial_3",3.55826666666667,0.0798513778195626
"1844",8,"PA01",3.778,"Lab_Pa","trial_3",3.963,0.0942708862799114
"1845",8,"Pa14",3.073,"Lab_Pa","trial_3",3.44933333333333,0.189158076163239
"1846",8.25,"KPPR1",3.855,"Lab_Pa","trial_3",3.6082,0.0807083638788447
"1847",8.25,"PA01",3.843,"Lab_Pa","trial_3",4.03,0.0941080938779091
"1848",8.25,"Pa14",3.192,"Lab_Pa","trial_3",3.55033333333333,0.18008732449688
"1849",8.5,"KPPR1",3.896,"Lab_Pa","trial_3",3.65086666666667,0.0807728069910062
"1850",8.5,"PA01",3.888,"Lab_Pa","trial_3",4.07833333333333,0.0955341707337106
"1851",8.5,"Pa14",3.281,"Lab_Pa","trial_3",3.65733333333333,0.191072702858827
"1852",8.75,"KPPR1",3.935,"Lab_Pa","trial_3",3.69106666666667,0.0815741828128686
"1853",8.75,"PA01",3.938,"Lab_Pa","trial_3",4.12733333333333,0.0951163030773964
"1854",8.75,"Pa14",3.383,"Lab_Pa","trial_3",3.75066666666667,0.190648309139572
"1855",9,"KPPR1",3.965,"Lab_Pa","trial_3",3.72766666666667,0.0821832833579437
"1856",9,"PA01",3.991,"Lab_Pa","trial_3",4.173,0.0915914843203232
"1857",9,"Pa14",3.46,"Lab_Pa","trial_3",3.83666666666667,0.193642568781878
"1858",9.25,"KPPR1",4.012,"Lab_Pa","trial_3",3.7676,0.0828666053710075
"1859",9.25,"PA01",4.038,"Lab_Pa","trial_3",4.226,0.0948542741964394
"1860",9.25,"Pa14",3.555,"Lab_Pa","trial_3",3.915,0.185000900898707
"1861",9.5,"KPPR1",4.053,"Lab_Pa","trial_3",3.80186666666667,0.0835817174510281
"1862",9.5,"PA01",4.08,"Lab_Pa","trial_3",4.25633333333333,0.0886798235852503
"1863",9.5,"Pa14",3.639,"Lab_Pa","trial_3",3.99566666666667,0.184217564610737
"1864",9.75,"KPPR1",4.077,"Lab_Pa","trial_3",3.83706666666667,0.0838254119139279
"1865",9.75,"PA01",4.113,"Lab_Pa","trial_3",4.29033333333333,0.0892082457573911
"1866",9.75,"Pa14",3.714,"Lab_Pa","trial_3",4.06333333333333,0.18096899673087
"1867",10,"KPPR1",4.113,"Lab_Pa","trial_3",3.8674,0.0835222126143699
"1868",10,"PA01",4.149,"Lab_Pa","trial_3",4.32366666666667,0.0879494804482159
"1869",10,"Pa14",3.826,"Lab_Pa","trial_3",4.18866666666667,0.181953596037867
"1870",10.25,"KPPR1",4.144,"Lab_Pa","trial_3",3.90066666666667,0.0840863879288475
"1871",10.25,"PA01",4.179,"Lab_Pa","trial_3",4.35333333333333,0.087966534040572
"1872",10.25,"Pa14",3.837,"Lab_Pa","trial_3",4.19866666666667,0.181745548623465
"1873",10.5,"KPPR1",4.175,"Lab_Pa","trial_3",3.92973333333333,0.0842330365381923
"1874",10.5,"PA01",4.213,"Lab_Pa","trial_3",4.38333333333333,0.0859075730719424
"1875",10.5,"Pa14",3.924,"Lab_Pa","trial_3",4.262,0.170203799409218
"1876",10.75,"KPPR1",4.212,"Lab_Pa","trial_3",3.95946666666667,0.0855038215056117
"1877",10.75,"PA01",4.239,"Lab_Pa","trial_3",4.408,0.0854068693568225
"1878",10.75,"Pa14",3.954,"Lab_Pa","trial_3",4.29733333333333,0.171667637537708
"1879",11,"KPPR1",4.228,"Lab_Pa","trial_3",3.9826,0.085005646871252
"1880",11,"PA01",4.263,"Lab_Pa","trial_3",4.429,0.0836480723029528
"1881",11,"Pa14",4.014,"Lab_Pa","trial_3",4.33633333333333,0.161483057246814
"1882",11.25,"KPPR1",4.266,"Lab_Pa","trial_3",4.01166666666667,0.0859724577528379
"1883",11.25,"PA01",4.284,"Lab_Pa","trial_3",4.45366666666667,0.0851397543911056
"1884",11.25,"Pa14",4.054,"Lab_Pa","trial_3",4.38433333333333,0.168030089897944
"1885",11.5,"KPPR1",4.291,"Lab_Pa","trial_3",4.03526666666667,0.0857657089132762
"1886",11.5,"PA01",4.305,"Lab_Pa","trial_3",4.46833333333333,0.0818704939387676
"1887",11.5,"Pa14",4.1,"Lab_Pa","trial_3",4.425,0.162850647322427
"1888",11.75,"KPPR1",4.305,"Lab_Pa","trial_3",4.05986666666667,0.0859405590076053
"1889",11.75,"PA01",4.331,"Lab_Pa","trial_3",4.48933333333333,0.0794445998444478
"1890",11.75,"Pa14",4.143,"Lab_Pa","trial_3",4.467,0.162065830246025
"1891",12,"KPPR1",4.331,"Lab_Pa","trial_3",4.0824,0.0862307977244237
"1892",12,"PA01",4.345,"Lab_Pa","trial_3",4.50833333333333,0.0817971746319993
"1893",12,"Pa14",4.201,"Lab_Pa","trial_3",4.493,0.146004566138643
"1894",12.25,"KPPR1",4.35,"Lab_Pa","trial_3",4.1036,0.0866267747018096
"1895",12.25,"PA01",4.366,"Lab_Pa","trial_3",4.527,0.0807733454385377
"1896",12.25,"Pa14",4.232,"Lab_Pa","trial_3",4.493,0.130525859506842
"1897",12.5,"KPPR1",4.373,"Lab_Pa","trial_3",4.12393333333333,0.0865870586759865
"1898",12.5,"PA01",4.379,"Lab_Pa","trial_3",4.53866666666667,0.0801089535847552
"1899",12.5,"Pa14",4.232,"Lab_Pa","trial_3",4.47633333333333,0.122194289737469
"1900",12.75,"KPPR1",4.394,"Lab_Pa","trial_3",4.14166666666667,0.086894334664726
"1901",12.75,"PA01",4.396,"Lab_Pa","trial_3",4.55366666666667,0.0789521655462625
"1902",12.75,"Pa14",4.239,"Lab_Pa","trial_3",4.475,0.119102197013042
"1903",13,"KPPR1",4.401,"Lab_Pa","trial_3",4.1592,0.0860654900144568
"1904",13,"PA01",4.409,"Lab_Pa","trial_3",4.56666666666667,0.0789521655462625
"1905",13,"Pa14",4.242,"Lab_Pa","trial_3",4.474,0.116517523717822
"1906",13.25,"KPPR1",4.419,"Lab_Pa","trial_3",4.1792,0.0853231504340996
"1907",13.25,"PA01",4.422,"Lab_Pa","trial_3",4.57966666666667,0.0788761335541016
"1908",13.25,"Pa14",4.247,"Lab_Pa","trial_3",4.446,0.0996510578635938
"1909",13.5,"KPPR1",4.442,"Lab_Pa","trial_3",4.19366666666667,0.0860251716576617
"1910",13.5,"PA01",4.447,"Lab_Pa","trial_3",4.59766666666667,0.0753532422070286
"1911",13.5,"Pa14",4.255,"Lab_Pa","trial_3",4.421,0.0854244305414636
"1912",13.75,"KPPR1",4.454,"Lab_Pa","trial_3",4.20666666666667,0.0859722915865043
"1913",13.75,"PA01",4.45,"Lab_Pa","trial_3",4.60366666666667,0.0768599014079802
"1914",13.75,"Pa14",4.253,"Lab_Pa","trial_3",4.40266666666667,0.0775893749885325
"1915",14,"KPPR1",4.468,"Lab_Pa","trial_3",4.22253333333333,0.0861040824576455
"1916",14,"PA01",4.464,"Lab_Pa","trial_3",4.614,0.0750022221893013
"1917",14,"Pa14",4.256,"Lab_Pa","trial_3",4.36033333333333,0.0600453532294086
"1918",14.25,"KPPR1",4.478,"Lab_Pa","trial_3",4.23453333333333,0.0865572679497258
"1919",14.25,"PA01",4.471,"Lab_Pa","trial_3",4.62133333333333,0.0751716554146428
"1920",14.25,"Pa14",4.251,"Lab_Pa","trial_3",4.32966666666667,0.0481156015353762
"1921",14.5,"KPPR1",4.494,"Lab_Pa","trial_3",4.2462,0.0857256532144703
"1922",14.5,"PA01",4.479,"Lab_Pa","trial_3",4.63033333333333,0.0756666666666668
"1923",14.5,"Pa14",4.251,"Lab_Pa","trial_3",4.319,0.0349475797922163
"1924",14.75,"KPPR1",4.506,"Lab_Pa","trial_3",4.26093333333333,0.0866735784789644
"1925",14.75,"PA01",4.493,"Lab_Pa","trial_3",4.643,0.0750555349946512
"1926",14.75,"Pa14",4.256,"Lab_Pa","trial_3",4.28466666666667,0.0207551867680775
"1927",15,"KPPR1",4.517,"Lab_Pa","trial_3",4.269,0.0853836719084593
"1928",15,"PA01",4.499,"Lab_Pa","trial_3",4.648,0.0745005592820172
"1929",15,"Pa14",4.249,"Lab_Pa","trial_3",4.264,0.019672315572906
"1930",15.25,"KPPR1",4.528,"Lab_Pa","trial_3",4.27986666666667,0.0857704503819944
"1931",15.25,"PA01",4.507,"Lab_Pa","trial_3",4.65533333333333,0.0741672284622919
"1932",15.25,"Pa14",4.241,"Lab_Pa","trial_3",4.24333333333333,0.0153441990486452
"1933",15.5,"KPPR1",4.547,"Lab_Pa","trial_3",4.29033333333333,0.0860276625868605
"1934",15.5,"PA01",4.512,"Lab_Pa","trial_3",4.66066666666667,0.0743423014022151
"1935",15.5,"Pa14",4.249,"Lab_Pa","trial_3",4.229,0.0190087699058443
"1936",15.75,"KPPR1",4.56,"Lab_Pa","trial_3",4.30346666666667,0.0859494240356705
"1937",15.75,"PA01",4.521,"Lab_Pa","trial_3",4.66766666666667,0.073353785026935
"1938",15.75,"Pa14",4.24,"Lab_Pa","trial_3",4.216,0.0201328918273887
"1939",16,"KPPR1",4.564,"Lab_Pa","trial_3",4.30906666666667,0.0858055646251158
"1940",16,"PA01",4.524,"Lab_Pa","trial_3",4.672,0.0740000000000001
"1941",16,"Pa14",4.228,"Lab_Pa","trial_3",4.20366666666667,0.0223631641569594
"1942",16.25,"KPPR1",4.575,"Lab_Pa","trial_3",4.31766666666667,0.0860656264921836
"1943",16.25,"PA01",4.526,"Lab_Pa","trial_3",4.675,0.0745139807910793
"1944",16.25,"Pa14",4.223,"Lab_Pa","trial_3",4.18566666666667,0.0250754417264737
"1945",16.5,"KPPR1",4.581,"Lab_Pa","trial_3",4.32853333333333,0.0859141247141401
"1946",16.5,"PA01",4.534,"Lab_Pa","trial_3",4.678,0.0720023147776052
"1947",16.5,"Pa14",4.23,"Lab_Pa","trial_3",4.17366666666667,0.0315189537333403
"1948",16.75,"KPPR1",4.595,"Lab_Pa","trial_3",4.33673333333333,0.0860019638018678
"1949",16.75,"PA01",4.544,"Lab_Pa","trial_3",4.68766666666667,0.0718803017368305
"1950",16.75,"Pa14",4.233,"Lab_Pa","trial_3",4.151,0.041789153297636
"1951",17,"KPPR1",4.604,"Lab_Pa","trial_3",4.3456,0.0859542957180207
"1952",17,"PA01",4.538,"Lab_Pa","trial_3",4.68766666666667,0.0748472518607803
"1953",17,"Pa14",4.206,"Lab_Pa","trial_3",4.129,0.039661064030104
"1954",17.25,"KPPR1",4.603,"Lab_Pa","trial_3",4.35493333333333,0.0851905129228806
"1955",17.25,"PA01",4.548,"Lab_Pa","trial_3",4.693,0.0725051722292969
"1956",17.25,"Pa14",4.203,"Lab_Pa","trial_3",4.11366666666667,0.0458596893917863
"1957",17.5,"KPPR1",4.617,"Lab_Pa","trial_3",4.35993333333333,0.085218848053069
"1958",17.5,"PA01",4.554,"Lab_Pa","trial_3",4.69566666666667,0.0708386272531525
"1959",17.5,"Pa14",4.199,"Lab_Pa","trial_3",4.09933333333333,0.0526635020146254
"1960",17.75,"KPPR1",4.622,"Lab_Pa","trial_3",4.3654,0.085261100380509
"1961",17.75,"PA01",4.553,"Lab_Pa","trial_3",4.69666666666667,0.0718339133773952
"1962",17.75,"Pa14",4.186,"Lab_Pa","trial_3",4.084,0.0536780526224018
"1963",18,"KPPR1",4.623,"Lab_Pa","trial_3",4.37206666666667,0.0848038895484145
"1964",18,"PA01",4.557,"Lab_Pa","trial_3",4.69866666666667,0.0708339215661848
"1965",18,"Pa14",4.164,"Lab_Pa","trial_3",4.06033333333333,0.0538836194445439
"1966",18.25,"KPPR1",4.629,"Lab_Pa","trial_3",4.37666666666667,0.0845040245120323
"1967",18.25,"PA01",4.553,"Lab_Pa","trial_3",4.698,0.0725005747103658
"1968",18.25,"Pa14",4.151,"Lab_Pa","trial_3",4.03966666666667,0.0576551048139807
"1969",18.5,"KPPR1",4.632,"Lab_Pa","trial_3",4.38086666666667,0.0846940638087726
"1970",18.5,"PA01",4.556,"Lab_Pa","trial_3",4.699,0.0715052445628991
"1971",18.5,"Pa14",4.137,"Lab_Pa","trial_3",4.01333333333333,0.0623226372284669
"1972",18.75,"KPPR1",4.636,"Lab_Pa","trial_3",4.38386666666667,0.0839029976572531
"1973",18.75,"PA01",4.56,"Lab_Pa","trial_3",4.702,0.0710023473790364
"1974",18.75,"Pa14",4.115,"Lab_Pa","trial_3",3.99666666666667,0.0602282694790781
"1975",19,"KPPR1",4.644,"Lab_Pa","trial_3",4.39006666666667,0.0835844293238688
"1976",19,"PA01",4.558,"Lab_Pa","trial_3",4.70033333333333,0.0711953494111644
"1977",19,"Pa14",4.095,"Lab_Pa","trial_3",3.977,0.0603517467297619
"1978",19.25,"KPPR1",4.643,"Lab_Pa","trial_3",4.3918,0.083096169185669
"1979",19.25,"PA01",4.557,"Lab_Pa","trial_3",4.70033333333333,0.0717247826378333
"1980",19.25,"Pa14",4.066,"Lab_Pa","trial_3",3.947,0.0601692058559304
"1981",19.5,"KPPR1",4.645,"Lab_Pa","trial_3",4.39573333333333,0.083362174056895
"1982",19.5,"PA01",4.558,"Lab_Pa","trial_3",4.70233333333333,0.0722364943163158
"1983",19.5,"Pa14",4.057,"Lab_Pa","trial_3",3.92733333333333,0.0653001616468989
"1984",19.75,"KPPR1",4.644,"Lab_Pa","trial_3",4.39706666666667,0.0829948057276947
"1985",19.75,"PA01",4.56,"Lab_Pa","trial_3",4.70066666666667,0.0705250152625137
"1986",19.75,"Pa14",4.038,"Lab_Pa","trial_3",3.90833333333333,0.065448028575691
"1987",20,"KPPR1",4.644,"Lab_Pa","trial_3",4.3998,0.0823168211705181
"1988",20,"PA01",4.556,"Lab_Pa","trial_3",4.698,0.0711898869222306
"1989",20,"Pa14",4.021,"Lab_Pa","trial_3",3.886,0.0689661752842169
"1990",20.25,"KPPR1",4.65,"Lab_Pa","trial_3",4.40286666666667,0.0815382975555289
"1991",20.25,"PA01",4.557,"Lab_Pa","trial_3",4.697,0.0702376916856848
"1992",20.25,"Pa14",3.999,"Lab_Pa","trial_3",3.86333333333333,0.068761261703892
"1993",20.5,"KPPR1",4.649,"Lab_Pa","trial_3",4.4074,0.0815821992722386
"1994",20.5,"PA01",4.559,"Lab_Pa","trial_3",4.69833333333333,0.0700103167000725
"1995",20.5,"Pa14",3.982,"Lab_Pa","trial_3",3.846,0.0687895340876795
"1996",20.75,"KPPR1",4.656,"Lab_Pa","trial_3",4.409,0.0825967830573841
"1997",20.75,"PA01",4.555,"Lab_Pa","trial_3",4.69333333333333,0.069268399080036
"1998",20.75,"Pa14",3.933,"Lab_Pa","trial_3",3.81466666666667,0.0598396004145897
"1999",21,"KPPR1",4.653,"Lab_Pa","trial_3",4.41066666666667,0.081657803211921
"2000",21,"PA01",4.556,"Lab_Pa","trial_3",4.68833333333333,0.0663082029448677
"2001",21,"Pa14",3.934,"Lab_Pa","trial_3",3.796,0.0690603600724275
"2002",21.25,"KPPR1",4.641,"Lab_Pa","trial_3",4.41073333333333,0.0809521002796255
"2003",21.25,"PA01",4.548,"Lab_Pa","trial_3",4.68266666666667,0.067454511421484
"2004",21.25,"Pa14",3.905,"Lab_Pa","trial_3",3.76866666666667,0.0681721676671972
"2005",21.5,"KPPR1",4.646,"Lab_Pa","trial_3",4.4126,0.0808909789543338
"2006",21.5,"PA01",4.549,"Lab_Pa","trial_3",4.67833333333333,0.0648314052840991
"2007",21.5,"Pa14",3.879,"Lab_Pa","trial_3",3.74866666666667,0.0652184363845412
"2008",21.75,"KPPR1",4.64,"Lab_Pa","trial_3",4.41213333333333,0.0804136843759856
"2009",21.75,"PA01",4.542,"Lab_Pa","trial_3",4.671,0.0646090808890929
"2010",21.75,"Pa14",3.861,"Lab_Pa","trial_3",3.72766666666667,0.0670878362877935
"2011",22,"KPPR1",4.642,"Lab_Pa","trial_3",4.4162,0.0796890504517701
"2012",22,"PA01",4.543,"Lab_Pa","trial_3",4.66733333333333,0.0622477130325105
"2013",22,"Pa14",3.842,"Lab_Pa","trial_3",3.70566666666667,0.0683869708188466
"2014",22.25,"KPPR1",4.638,"Lab_Pa","trial_3",4.41813333333333,0.0789243077207925
"2015",22.25,"PA01",4.535,"Lab_Pa","trial_3",4.659,0.0620107517559119
"2016",22.25,"Pa14",3.812,"Lab_Pa","trial_3",3.68433333333333,0.064307421379219
"2017",22.5,"KPPR1",4.633,"Lab_Pa","trial_3",4.41553333333333,0.0793596314955602
"2018",22.5,"PA01",4.532,"Lab_Pa","trial_3",4.65033333333333,0.0592011636522272
"2019",22.5,"Pa14",3.788,"Lab_Pa","trial_3",3.65633333333333,0.067587802975915
"2020",22.75,"KPPR1",4.639,"Lab_Pa","trial_3",4.41493333333333,0.0798186913702768
"2021",22.75,"PA01",4.531,"Lab_Pa","trial_3",4.643,0.0560029761113939
"2022",22.75,"Pa14",3.768,"Lab_Pa","trial_3",3.64166666666667,0.0648596775953887
"2023",23,"KPPR1",4.636,"Lab_Pa","trial_3",4.4146,0.0787423042347027
"2024",23,"PA01",4.525,"Lab_Pa","trial_3",4.633,0.054077105445219
"2025",23,"Pa14",3.734,"Lab_Pa","trial_3",3.61733333333333,0.0606886407090414
"2026",23.25,"KPPR1",4.634,"Lab_Pa","trial_3",4.4174,0.0787103672000195
"2027",23.25,"PA01",4.52,"Lab_Pa","trial_3",4.625,0.0526782687642638
"2028",23.25,"Pa14",3.712,"Lab_Pa","trial_3",3.60033333333333,0.056957098864945
"2029",23.5,"KPPR1",4.636,"Lab_Pa","trial_3",4.41526666666667,0.0782261962374356
"2030",23.5,"PA01",4.512,"Lab_Pa","trial_3",4.611,0.049869830559167
"2031",23.5,"Pa14",3.683,"Lab_Pa","trial_3",3.57166666666667,0.0584731657353278
"2032",23.75,"KPPR1",4.631,"Lab_Pa","trial_3",4.414,0.0775701832751047
"2033",23.75,"PA01",4.503,"Lab_Pa","trial_3",4.59566666666667,0.0476141902284508
"2034",23.75,"Pa14",3.653,"Lab_Pa","trial_3",3.552,0.0534820842276489
"2035",24,"KPPR1",4.62,"Lab_Pa","trial_3",4.41273333333333,0.077760282839645
"2036",24,"PA01",4.497,"Lab_Pa","trial_3",4.585,0.0453468117218105
"2037",24,"Pa14",3.628,"Lab_Pa","trial_3",3.52966666666667,0.0518469971272312
"2038",0,"KPPR1",0.015,"MG1655","trial_1",0.00593333333333333,0.0022771466411711
"2039",0,"MG1655",0.019,"MG1655","trial_1",0.012,0.00360555127546399
"2040",0.25,"KPPR1",0.013,"MG1655","trial_1",0.0064,0.0024118753817606
"2041",0.25,"MG1655",0.019,"MG1655","trial_1",0.0123333333333333,0.00338296385503074
"2042",0.5,"KPPR1",0.012,"MG1655","trial_1",0.00813333333333333,0.00246473540870428
"2043",0.5,"MG1655",0.018,"MG1655","trial_1",0.00933333333333333,0.004371625682868
"2044",0.75,"KPPR1",0.014,"MG1655","trial_1",0.0116,0.00258898766757533
"2045",0.75,"MG1655",0.016,"MG1655","trial_1",0.01,0.00346410161513775
"2046",1,"KPPR1",0.016,"MG1655","trial_1",0.0172,0.00284554790104522
"2047",1,"MG1655",0.022,"MG1655","trial_1",0.0163333333333333,0.00296273147243853
"2048",1.25,"KPPR1",0.02,"MG1655","trial_1",0.0281333333333333,0.00384567371850582
"2049",1.25,"MG1655",0.032,"MG1655","trial_1",0.0246666666666667,0.00366666666666667
"2050",1.5,"KPPR1",0.03,"MG1655","trial_1",0.0489333333333333,0.00595816100316889
"2051",1.5,"MG1655",0.05,"MG1655","trial_1",0.0396666666666667,0.00523874454850057
"2052",1.75,"KPPR1",0.05,"MG1655","trial_1",0.0852,0.00965509981206576
"2053",1.75,"MG1655",0.082,"MG1655","trial_1",0.064,0.00916515138991168
"2054",2,"KPPR1",0.088,"MG1655","trial_1",0.1438,0.0139632851912912
"2055",2,"MG1655",0.123,"MG1655","trial_1",0.098,0.0127671453348037
"2056",2.25,"KPPR1",0.139,"MG1655","trial_1",0.2272,0.020821737725386
"2057",2.25,"MG1655",0.18,"MG1655","trial_1",0.141666666666667,0.0197849550023356
"2058",2.5,"KPPR1",0.213,"MG1655","trial_1",0.355533333333333,0.0316979594756608
"2059",2.5,"MG1655",0.245,"MG1655","trial_1",0.195666666666667,0.0256211718007675
"2060",2.75,"KPPR1",0.319,"MG1655","trial_1",0.585533333333333,0.0649722920186654
"2061",2.75,"MG1655",0.308,"MG1655","trial_1",0.255,0.0281602556806574
"2062",3,"KPPR1",0.461,"MG1655","trial_1",0.9096,0.0891258500260006
"2063",3,"MG1655",0.391,"MG1655","trial_1",0.325,0.0372692903071685
"2064",3.25,"KPPR1",0.901,"MG1655","trial_1",1.30306666666667,0.0845797153812204
"2065",3.25,"MG1655",0.483,"MG1655","trial_1",0.409666666666667,0.0427291209572322
"2066",3.5,"KPPR1",1.506,"MG1655","trial_1",1.6816,0.071117796312744
"2067",3.5,"MG1655",0.603,"MG1655","trial_1",0.505,0.0560119034967866
"2068",3.75,"KPPR1",1.937,"MG1655","trial_1",1.97326666666667,0.0620333602006032
"2069",3.75,"MG1655",0.799,"MG1655","trial_1",0.634666666666667,0.0916957529611438
"2070",4,"KPPR1",2.243,"MG1655","trial_1",2.2096,0.0627907939870472
"2071",4,"MG1655",1.06,"MG1655","trial_1",0.810333333333333,0.144337952197073
"2072",4.25,"KPPR1",2.479,"MG1655","trial_1",2.40013333333333,0.0628807538627616
"2073",4.25,"MG1655",1.298,"MG1655","trial_1",0.99,0.186108391356578
"2074",4.5,"KPPR1",2.651,"MG1655","trial_1",2.55193333333333,0.0656584573065269
"2075",4.5,"MG1655",1.434,"MG1655","trial_1",1.13966666666667,0.194211511273434
"2076",4.75,"KPPR1",2.784,"MG1655","trial_1",2.67953333333333,0.0671075800605811
"2077",4.75,"MG1655",1.556,"MG1655","trial_1",1.26866666666667,0.177652594814836
"2078",5,"KPPR1",2.917,"MG1655","trial_1",2.7912,0.0681341953165117
"2079",5,"MG1655",1.663,"MG1655","trial_1",1.38466666666667,0.166875535787737
"2080",5.25,"KPPR1",3.032,"MG1655","trial_1",2.883,0.0700222413645428
"2081",5.25,"MG1655",1.79,"MG1655","trial_1",1.49533333333333,0.165876794974798
"2082",5.5,"KPPR1",3.129,"MG1655","trial_1",2.9648,0.0715650353574585
"2083",5.5,"MG1655",1.894,"MG1655","trial_1",1.58833333333333,0.166062571875115
"2084",5.75,"KPPR1",3.219,"MG1655","trial_1",3.04846666666667,0.0734278308899721
"2085",5.75,"MG1655",2.01,"MG1655","trial_1",1.71066666666667,0.160004513825218
"2086",6,"KPPR1",3.292,"MG1655","trial_1",3.11753333333333,0.0739235684220802
"2087",6,"MG1655",2.105,"MG1655","trial_1",1.81466666666667,0.1500114810421
"2088",6.25,"KPPR1",3.371,"MG1655","trial_1",3.18466666666667,0.075419377746588
"2089",6.25,"MG1655",2.193,"MG1655","trial_1",1.925,0.136280348302069
"2090",6.5,"KPPR1",3.436,"MG1655","trial_1",3.2474,0.0759300931621913
"2091",6.5,"MG1655",2.281,"MG1655","trial_1",2.03233333333333,0.124868375144034
"2092",6.75,"KPPR1",3.501,"MG1655","trial_1",3.30606666666667,0.0776794675737397
"2093",6.75,"MG1655",2.346,"MG1655","trial_1",2.13333333333333,0.106522819673116
"2094",7,"KPPR1",3.549,"MG1655","trial_1",3.35786666666667,0.0780905985846029
"2095",7,"MG1655",2.409,"MG1655","trial_1",2.22333333333333,0.0929629555850668
"2096",7.25,"KPPR1",3.601,"MG1655","trial_1",3.41266666666667,0.0788130800521182
"2097",7.25,"MG1655",2.477,"MG1655","trial_1",2.30466666666667,0.0866301204996148
"2098",7.5,"KPPR1",3.655,"MG1655","trial_1",3.46646666666667,0.0789987261299746
"2099",7.5,"MG1655",2.532,"MG1655","trial_1",2.37733333333333,0.078107475812356
"2100",7.75,"KPPR1",3.703,"MG1655","trial_1",3.5172,0.079384429323688
"2101",7.75,"MG1655",2.585,"MG1655","trial_1",2.441,0.0754387168501692
"2102",8,"KPPR1",3.747,"MG1655","trial_1",3.55826666666667,0.0798513778195626
"2103",8,"MG1655",2.635,"MG1655","trial_1",2.49366666666667,0.073041844932279
"2104",8.25,"KPPR1",3.793,"MG1655","trial_1",3.6082,0.0807083638788447
"2105",8.25,"MG1655",2.695,"MG1655","trial_1",2.554,0.0748398289682706
"2106",8.5,"KPPR1",3.84,"MG1655","trial_1",3.65086666666667,0.0807728069910062
"2107",8.5,"MG1655",2.744,"MG1655","trial_1",2.60633333333333,0.0769292604352279
"2108",8.75,"KPPR1",3.885,"MG1655","trial_1",3.69106666666667,0.0815741828128686
"2109",8.75,"MG1655",2.787,"MG1655","trial_1",2.653,0.0738985791473692
"2110",9,"KPPR1",3.924,"MG1655","trial_1",3.72766666666667,0.0821832833579437
"2111",9,"MG1655",2.84,"MG1655","trial_1",2.70166666666667,0.0764729436540212
"2112",9.25,"KPPR1",3.963,"MG1655","trial_1",3.7676,0.0828666053710075
"2113",9.25,"MG1655",2.871,"MG1655","trial_1",2.74466666666667,0.0727468976047165
"2114",9.5,"KPPR1",4.002,"MG1655","trial_1",3.80186666666667,0.0835817174510281
"2115",9.5,"MG1655",2.935,"MG1655","trial_1",2.79633333333333,0.0788380900608611
"2116",9.75,"KPPR1",4.039,"MG1655","trial_1",3.83706666666667,0.0838254119139279
"2117",9.75,"MG1655",2.965,"MG1655","trial_1",2.83333333333333,0.0770980616559918
"2118",10,"KPPR1",4.07,"MG1655","trial_1",3.8674,0.0835222126143699
"2119",10,"MG1655",3.005,"MG1655","trial_1",2.87566666666667,0.0728224629569139
"2120",10.25,"KPPR1",4.104,"MG1655","trial_1",3.90066666666667,0.0840863879288475
"2121",10.25,"MG1655",3.049,"MG1655","trial_1",2.91833333333333,0.075058495706867
"2122",10.5,"KPPR1",4.142,"MG1655","trial_1",3.92973333333333,0.0842330365381923
"2123",10.5,"MG1655",3.084,"MG1655","trial_1",2.95533333333333,0.073342423679008
"2124",10.75,"KPPR1",4.171,"MG1655","trial_1",3.95946666666667,0.0855038215056117
"2125",10.75,"MG1655",3.109,"MG1655","trial_1",2.989,0.0707695791518739
"2126",11,"KPPR1",4.201,"MG1655","trial_1",3.9826,0.085005646871252
"2127",11,"MG1655",3.156,"MG1655","trial_1",3.02866666666667,0.0733242418606865
"2128",11.25,"KPPR1",4.23,"MG1655","trial_1",4.01166666666667,0.0859724577528379
"2129",11.25,"MG1655",3.188,"MG1655","trial_1",3.06366666666667,0.0749451651394391
"2130",11.5,"KPPR1",4.256,"MG1655","trial_1",4.03526666666667,0.0857657089132762
"2131",11.5,"MG1655",3.2,"MG1655","trial_1",3.08933333333333,0.0699078758875645
"2132",11.75,"KPPR1",4.283,"MG1655","trial_1",4.05986666666667,0.0859405590076053
"2133",11.75,"MG1655",3.245,"MG1655","trial_1",3.13033333333333,0.07326284491094
"2134",12,"KPPR1",4.302,"MG1655","trial_1",4.0824,0.0862307977244237
"2135",12,"MG1655",3.278,"MG1655","trial_1",3.16066666666667,0.0739579460083755
"2136",12.25,"KPPR1",4.329,"MG1655","trial_1",4.1036,0.0866267747018096
"2137",12.25,"MG1655",3.293,"MG1655","trial_1",3.187,0.0680759379908447
"2138",12.5,"KPPR1",4.345,"MG1655","trial_1",4.12393333333333,0.0865870586759865
"2139",12.5,"MG1655",3.325,"MG1655","trial_1",3.21833333333333,0.0716992174139843
"2140",12.75,"KPPR1",4.372,"MG1655","trial_1",4.14166666666667,0.086894334664726
"2141",12.75,"MG1655",3.349,"MG1655","trial_1",3.24133333333333,0.0766470989521312
"2142",13,"KPPR1",4.386,"MG1655","trial_1",4.1592,0.0860654900144568
"2143",13,"MG1655",3.378,"MG1655","trial_1",3.27233333333333,0.0711344579729902
"2144",13.25,"KPPR1",4.408,"MG1655","trial_1",4.1792,0.0853231504340996
"2145",13.25,"MG1655",3.397,"MG1655","trial_1",3.297,0.0716961179795205
"2146",13.5,"KPPR1",4.419,"MG1655","trial_1",4.19366666666667,0.0860251716576617
"2147",13.5,"MG1655",3.427,"MG1655","trial_1",3.32266666666667,0.0726184855559826
"2148",13.75,"KPPR1",4.433,"MG1655","trial_1",4.20666666666667,0.0859722915865043
"2149",13.75,"MG1655",3.444,"MG1655","trial_1",3.34566666666667,0.0713263236431295
"2150",14,"KPPR1",4.447,"MG1655","trial_1",4.22253333333333,0.0861040824576455
"2151",14,"MG1655",3.468,"MG1655","trial_1",3.37,0.0731186250782476
"2152",14.25,"KPPR1",4.461,"MG1655","trial_1",4.23453333333333,0.0865572679497258
"2153",14.25,"MG1655",3.486,"MG1655","trial_1",3.39233333333333,0.0710312920088354
"2154",14.5,"KPPR1",4.473,"MG1655","trial_1",4.2462,0.0857256532144703
"2155",14.5,"MG1655",3.508,"MG1655","trial_1",3.42033333333333,0.0690901182836189
"2156",14.75,"KPPR1",4.484,"MG1655","trial_1",4.26093333333333,0.0866735784789644
"2157",14.75,"MG1655",3.525,"MG1655","trial_1",3.44533333333333,0.0713356697436688
"2158",15,"KPPR1",4.494,"MG1655","trial_1",4.269,0.0853836719084593
"2159",15,"MG1655",3.54,"MG1655","trial_1",3.46666666666667,0.0645428367658083
"2160",15.25,"KPPR1",4.504,"MG1655","trial_1",4.27986666666667,0.0857704503819944
"2161",15.25,"MG1655",3.56,"MG1655","trial_1",3.485,0.0686027210344702
"2162",15.5,"KPPR1",4.516,"MG1655","trial_1",4.29033333333333,0.0860276625868605
"2163",15.5,"MG1655",3.565,"MG1655","trial_1",3.499,0.0675055553269507
"2164",15.75,"KPPR1",4.527,"MG1655","trial_1",4.30346666666667,0.0859494240356705
"2165",15.75,"MG1655",3.605,"MG1655","trial_1",3.526,0.0725970614648647
"2166",16,"KPPR1",4.53,"MG1655","trial_1",4.30906666666667,0.0858055646251158
"2167",16,"MG1655",3.611,"MG1655","trial_1",3.536,0.0730091318489224
"2168",16.25,"KPPR1",4.542,"MG1655","trial_1",4.31766666666667,0.0860656264921836
"2169",16.25,"MG1655",3.613,"MG1655","trial_1",3.548,0.0710844568101916
"2170",16.5,"KPPR1",4.552,"MG1655","trial_1",4.32853333333333,0.0859141247141401
"2171",16.5,"MG1655",3.64,"MG1655","trial_1",3.558,0.0830020080078388
"2172",16.75,"KPPR1",4.554,"MG1655","trial_1",4.33673333333333,0.0860019638018678
"2173",16.75,"MG1655",3.652,"MG1655","trial_1",3.57066666666667,0.0813333333333334
"2174",17,"KPPR1",4.575,"MG1655","trial_1",4.3456,0.0859542957180207
"2175",17,"MG1655",3.666,"MG1655","trial_1",3.57533333333333,0.0926738606320274
"2176",17.25,"KPPR1",4.579,"MG1655","trial_1",4.35493333333333,0.0851905129228806
"2177",17.25,"MG1655",3.68,"MG1655","trial_1",3.58533333333333,0.0911890587978868
"2178",17.5,"KPPR1",4.587,"MG1655","trial_1",4.35993333333333,0.085218848053069
"2179",17.5,"MG1655",3.692,"MG1655","trial_1",3.589,0.09559811713627
"2180",17.75,"KPPR1",4.592,"MG1655","trial_1",4.3654,0.085261100380509
"2181",17.75,"MG1655",3.708,"MG1655","trial_1",3.59266666666667,0.0992913781643592
"2182",18,"KPPR1",4.599,"MG1655","trial_1",4.37206666666667,0.0848038895484145
"2183",18,"MG1655",3.726,"MG1655","trial_1",3.599,0.106227742766818
"2184",18.25,"KPPR1",4.608,"MG1655","trial_1",4.37666666666667,0.0845040245120323
"2185",18.25,"MG1655",3.74,"MG1655","trial_1",3.60333333333333,0.109862540375588
"2186",18.5,"KPPR1",4.615,"MG1655","trial_1",4.38086666666667,0.0846940638087726
"2187",18.5,"MG1655",3.753,"MG1655","trial_1",3.605,0.116567576967182
"2188",18.75,"KPPR1",4.622,"MG1655","trial_1",4.38386666666667,0.0839029976572531
"2189",18.75,"MG1655",3.759,"MG1655","trial_1",3.609,0.115439738969444
"2190",19,"KPPR1",4.624,"MG1655","trial_1",4.39006666666667,0.0835844293238688
"2191",19,"MG1655",3.765,"MG1655","trial_1",3.60733333333333,0.11947710147881
"2192",19.25,"KPPR1",4.631,"MG1655","trial_1",4.3918,0.083096169185669
"2193",19.25,"MG1655",3.776,"MG1655","trial_1",3.60566666666667,0.123329279212647
"2194",19.5,"KPPR1",4.638,"MG1655","trial_1",4.39573333333333,0.083362174056895
"2195",19.5,"MG1655",3.791,"MG1655","trial_1",3.61166666666667,0.126275272498001
"2196",19.75,"KPPR1",4.638,"MG1655","trial_1",4.39706666666667,0.0829948057276947
"2197",19.75,"MG1655",3.801,"MG1655","trial_1",3.61366666666667,0.128749541531007
"2198",20,"KPPR1",4.641,"MG1655","trial_1",4.3998,0.0823168211705181
"2199",20,"MG1655",3.804,"MG1655","trial_1",3.611,0.131804147633272
"2200",20.25,"KPPR1",4.643,"MG1655","trial_1",4.40286666666667,0.0815382975555289
"2201",20.25,"MG1655",3.817,"MG1655","trial_1",3.61566666666667,0.135076932811557
"2202",20.5,"KPPR1",4.648,"MG1655","trial_1",4.4074,0.0815821992722386
"2203",20.5,"MG1655",3.822,"MG1655","trial_1",3.61466666666667,0.137706612445122
"2204",20.75,"KPPR1",4.653,"MG1655","trial_1",4.409,0.0825967830573841
"2205",20.75,"MG1655",3.827,"MG1655","trial_1",3.615,0.138723946502878
"2206",21,"KPPR1",4.652,"MG1655","trial_1",4.41066666666667,0.081657803211921
"2207",21,"MG1655",3.829,"MG1655","trial_1",3.61333333333333,0.139945624360956
"2208",21.25,"KPPR1",4.653,"MG1655","trial_1",4.41073333333333,0.0809521002796255
"2209",21.25,"MG1655",3.829,"MG1655","trial_1",3.61233333333333,0.138334538147364
"2210",21.5,"KPPR1",4.658,"MG1655","trial_1",4.4126,0.0808909789543338
"2211",21.5,"MG1655",3.836,"MG1655","trial_1",3.614,0.139378381872274
"2212",21.75,"KPPR1",4.653,"MG1655","trial_1",4.41213333333333,0.0804136843759856
"2213",21.75,"MG1655",3.844,"MG1655","trial_1",3.608,0.146711735499698
"2214",22,"KPPR1",4.658,"MG1655","trial_1",4.4162,0.0796890504517701
"2215",22,"MG1655",3.855,"MG1655","trial_1",3.61366666666667,0.14819169267465
"2216",22.25,"KPPR1",4.654,"MG1655","trial_1",4.41813333333333,0.0789243077207925
"2217",22.25,"MG1655",3.852,"MG1655","trial_1",3.613,0.14574063720642
"2218",22.5,"KPPR1",4.659,"MG1655","trial_1",4.41553333333333,0.0793596314955602
"2219",22.5,"MG1655",3.854,"MG1655","trial_1",3.608,0.147818582503464
"2220",22.75,"KPPR1",4.654,"MG1655","trial_1",4.41493333333333,0.0798186913702768
"2221",22.75,"MG1655",3.863,"MG1655","trial_1",3.60966666666667,0.150883325048786
"2222",23,"KPPR1",4.657,"MG1655","trial_1",4.4146,0.0787423042347027
"2223",23,"MG1655",3.86,"MG1655","trial_1",3.60833333333333,0.148782092709812
"2224",23.25,"KPPR1",4.657,"MG1655","trial_1",4.4174,0.0787103672000195
"2225",23.25,"MG1655",3.862,"MG1655","trial_1",3.608,0.149312870621837
"2226",23.5,"KPPR1",4.654,"MG1655","trial_1",4.41526666666667,0.0782261962374356
"2227",23.5,"MG1655",3.863,"MG1655","trial_1",3.60766666666667,0.148094939518915
"2228",23.75,"KPPR1",4.655,"MG1655","trial_1",4.414,0.0775701832751047
"2229",23.75,"MG1655",3.851,"MG1655","trial_1",3.60466666666667,0.143487901154689
"2230",24,"KPPR1",4.654,"MG1655","trial_1",4.41273333333333,0.077760282839645
"2231",24,"MG1655",3.861,"MG1655","trial_1",3.606,0.148392497564174
"2232",0,"KPPR1",0.007,"MG1655","trial_2",0.00593333333333333,0.0022771466411711
"2233",0,"MG1655",0.01,"MG1655","trial_2",0.012,0.00360555127546399
"2234",0.25,"KPPR1",0.007,"MG1655","trial_2",0.0064,0.0024118753817606
"2235",0.25,"MG1655",0.01,"MG1655","trial_2",0.0123333333333333,0.00338296385503074
"2236",0.5,"KPPR1",0.004,"MG1655","trial_2",0.00813333333333333,0.00246473540870428
"2237",0.5,"MG1655",0.006,"MG1655","trial_2",0.00933333333333333,0.004371625682868
"2238",0.75,"KPPR1",0.005,"MG1655","trial_2",0.0116,0.00258898766757533
"2239",0.75,"MG1655",0.01,"MG1655","trial_2",0.01,0.00346410161513775
"2240",1,"KPPR1",0.009,"MG1655","trial_2",0.0172,0.00284554790104522
"2241",1,"MG1655",0.015,"MG1655","trial_2",0.0163333333333333,0.00296273147243853
"2242",1.25,"KPPR1",0.016,"MG1655","trial_2",0.0281333333333333,0.00384567371850582
"2243",1.25,"MG1655",0.021,"MG1655","trial_2",0.0246666666666667,0.00366666666666667
"2244",1.5,"KPPR1",0.03,"MG1655","trial_2",0.0489333333333333,0.00595816100316889
"2245",1.5,"MG1655",0.033,"MG1655","trial_2",0.0396666666666667,0.00523874454850057
"2246",1.75,"KPPR1",0.055,"MG1655","trial_2",0.0852,0.00965509981206576
"2247",1.75,"MG1655",0.052,"MG1655","trial_2",0.064,0.00916515138991168
"2248",2,"KPPR1",0.105,"MG1655","trial_2",0.1438,0.0139632851912912
"2249",2,"MG1655",0.081,"MG1655","trial_2",0.098,0.0127671453348037
"2250",2.25,"KPPR1",0.167,"MG1655","trial_2",0.2272,0.020821737725386
"2251",2.25,"MG1655",0.114,"MG1655","trial_2",0.141666666666667,0.0197849550023356
"2252",2.5,"KPPR1",0.26,"MG1655","trial_2",0.355533333333333,0.0316979594756608
"2253",2.5,"MG1655",0.159,"MG1655","trial_2",0.195666666666667,0.0256211718007675
"2254",2.75,"KPPR1",0.383,"MG1655","trial_2",0.585533333333333,0.0649722920186654
"2255",2.75,"MG1655",0.212,"MG1655","trial_2",0.255,0.0281602556806574
"2256",3,"KPPR1",0.732,"MG1655","trial_2",0.9096,0.0891258500260006
"2257",3,"MG1655",0.262,"MG1655","trial_2",0.325,0.0372692903071685
"2258",3.25,"KPPR1",1.343,"MG1655","trial_2",1.30306666666667,0.0845797153812204
"2259",3.25,"MG1655",0.335,"MG1655","trial_2",0.409666666666667,0.0427291209572322
"2260",3.5,"KPPR1",1.794,"MG1655","trial_2",1.6816,0.071117796312744
"2261",3.5,"MG1655",0.409,"MG1655","trial_2",0.505,0.0560119034967866
"2262",3.75,"KPPR1",2.091,"MG1655","trial_2",1.97326666666667,0.0620333602006032
"2263",3.75,"MG1655",0.482,"MG1655","trial_2",0.634666666666667,0.0916957529611438
"2264",4,"KPPR1",2.4,"MG1655","trial_2",2.2096,0.0627907939870472
"2265",4,"MG1655",0.56,"MG1655","trial_2",0.810333333333333,0.144337952197073
"2266",4.25,"KPPR1",2.62,"MG1655","trial_2",2.40013333333333,0.0628807538627616
"2267",4.25,"MG1655",0.655,"MG1655","trial_2",0.99,0.186108391356578
"2268",4.5,"KPPR1",2.81,"MG1655","trial_2",2.55193333333333,0.0656584573065269
"2269",4.5,"MG1655",0.773,"MG1655","trial_2",1.13966666666667,0.194211511273434
"2270",4.75,"KPPR1",2.973,"MG1655","trial_2",2.67953333333333,0.0671075800605811
"2271",4.75,"MG1655",0.944,"MG1655","trial_2",1.26866666666667,0.177652594814836
"2272",5,"KPPR1",3.102,"MG1655","trial_2",2.7912,0.0681341953165117
"2273",5,"MG1655",1.086,"MG1655","trial_2",1.38466666666667,0.166875535787737
"2274",5.25,"KPPR1",3.186,"MG1655","trial_2",2.883,0.0700222413645428
"2275",5.25,"MG1655",1.216,"MG1655","trial_2",1.49533333333333,0.165876794974798
"2276",5.5,"KPPR1",3.292,"MG1655","trial_2",2.9648,0.0715650353574585
"2277",5.5,"MG1655",1.323,"MG1655","trial_2",1.58833333333333,0.166062571875115
"2278",5.75,"KPPR1",3.384,"MG1655","trial_2",3.04846666666667,0.0734278308899721
"2279",5.75,"MG1655",1.463,"MG1655","trial_2",1.71066666666667,0.160004513825218
"2280",6,"KPPR1",3.467,"MG1655","trial_2",3.11753333333333,0.0739235684220802
"2281",6,"MG1655",1.604,"MG1655","trial_2",1.81466666666667,0.1500114810421
"2282",6.25,"KPPR1",3.539,"MG1655","trial_2",3.18466666666667,0.075419377746588
"2283",6.25,"MG1655",1.748,"MG1655","trial_2",1.925,0.136280348302069
"2284",6.5,"KPPR1",3.602,"MG1655","trial_2",3.2474,0.0759300931621913
"2285",6.5,"MG1655",1.888,"MG1655","trial_2",2.03233333333333,0.124868375144034
"2286",6.75,"KPPR1",3.666,"MG1655","trial_2",3.30606666666667,0.0776794675737397
"2287",6.75,"MG1655",2.016,"MG1655","trial_2",2.13333333333333,0.106522819673116
"2288",7,"KPPR1",3.728,"MG1655","trial_2",3.35786666666667,0.0780905985846029
"2289",7,"MG1655",2.139,"MG1655","trial_2",2.22333333333333,0.0929629555850668
"2290",7.25,"KPPR1",3.78,"MG1655","trial_2",3.41266666666667,0.0788130800521182
"2291",7.25,"MG1655",2.234,"MG1655","trial_2",2.30466666666667,0.0866301204996148
"2292",7.5,"KPPR1",3.83,"MG1655","trial_2",3.46646666666667,0.0789987261299746
"2293",7.5,"MG1655",2.319,"MG1655","trial_2",2.37733333333333,0.078107475812356
"2294",7.75,"KPPR1",3.887,"MG1655","trial_2",3.5172,0.079384429323688
"2295",7.75,"MG1655",2.408,"MG1655","trial_2",2.441,0.0754387168501692
"2296",8,"KPPR1",3.932,"MG1655","trial_2",3.55826666666667,0.0798513778195626
"2297",8,"MG1655",2.455,"MG1655","trial_2",2.49366666666667,0.073041844932279
"2298",8.25,"KPPR1",3.986,"MG1655","trial_2",3.6082,0.0807083638788447
"2299",8.25,"MG1655",2.527,"MG1655","trial_2",2.554,0.0748398289682706
"2300",8.5,"KPPR1",4.037,"MG1655","trial_2",3.65086666666667,0.0807728069910062
"2301",8.5,"MG1655",2.597,"MG1655","trial_2",2.60633333333333,0.0769292604352279
"2302",8.75,"KPPR1",4.079,"MG1655","trial_2",3.69106666666667,0.0815741828128686
"2303",8.75,"MG1655",2.64,"MG1655","trial_2",2.653,0.0738985791473692
"2304",9,"KPPR1",4.122,"MG1655","trial_2",3.72766666666667,0.0821832833579437
"2305",9,"MG1655",2.689,"MG1655","trial_2",2.70166666666667,0.0764729436540212
"2306",9.25,"KPPR1",4.158,"MG1655","trial_2",3.7676,0.0828666053710075
"2307",9.25,"MG1655",2.744,"MG1655","trial_2",2.74466666666667,0.0727468976047165
"2308",9.5,"KPPR1",4.205,"MG1655","trial_2",3.80186666666667,0.0835817174510281
"2309",9.5,"MG1655",2.792,"MG1655","trial_2",2.79633333333333,0.0788380900608611
"2310",9.75,"KPPR1",4.241,"MG1655","trial_2",3.83706666666667,0.0838254119139279
"2311",9.75,"MG1655",2.837,"MG1655","trial_2",2.83333333333333,0.0770980616559918
"2312",10,"KPPR1",4.277,"MG1655","trial_2",3.8674,0.0835222126143699
"2313",10,"MG1655",2.869,"MG1655","trial_2",2.87566666666667,0.0728224629569139
"2314",10.25,"KPPR1",4.31,"MG1655","trial_2",3.90066666666667,0.0840863879288475
"2315",10.25,"MG1655",2.917,"MG1655","trial_2",2.91833333333333,0.075058495706867
"2316",10.5,"KPPR1",4.336,"MG1655","trial_2",3.92973333333333,0.0842330365381923
"2317",10.5,"MG1655",2.952,"MG1655","trial_2",2.95533333333333,0.073342423679008
"2318",10.75,"KPPR1",4.371,"MG1655","trial_2",3.95946666666667,0.0855038215056117
"2319",10.75,"MG1655",2.994,"MG1655","trial_2",2.989,0.0707695791518739
"2320",11,"KPPR1",4.401,"MG1655","trial_2",3.9826,0.085005646871252
"2321",11,"MG1655",3.028,"MG1655","trial_2",3.02866666666667,0.0733242418606865
"2322",11.25,"KPPR1",4.431,"MG1655","trial_2",4.01166666666667,0.0859724577528379
"2323",11.25,"MG1655",3.074,"MG1655","trial_2",3.06366666666667,0.0749451651394391
"2324",11.5,"KPPR1",4.444,"MG1655","trial_2",4.03526666666667,0.0857657089132762
"2325",11.5,"MG1655",3.108,"MG1655","trial_2",3.08933333333333,0.0699078758875645
"2326",11.75,"KPPR1",4.48,"MG1655","trial_2",4.05986666666667,0.0859405590076053
"2327",11.75,"MG1655",3.152,"MG1655","trial_2",3.13033333333333,0.07326284491094
"2328",12,"KPPR1",4.508,"MG1655","trial_2",4.0824,0.0862307977244237
"2329",12,"MG1655",3.18,"MG1655","trial_2",3.16066666666667,0.0739579460083755
"2330",12.25,"KPPR1",4.531,"MG1655","trial_2",4.1036,0.0866267747018096
"2331",12.25,"MG1655",3.208,"MG1655","trial_2",3.187,0.0680759379908447
"2332",12.5,"KPPR1",4.548,"MG1655","trial_2",4.12393333333333,0.0865870586759865
"2333",12.5,"MG1655",3.248,"MG1655","trial_2",3.21833333333333,0.0716992174139843
"2334",12.75,"KPPR1",4.566,"MG1655","trial_2",4.14166666666667,0.086894334664726
"2335",12.75,"MG1655",3.282,"MG1655","trial_2",3.24133333333333,0.0766470989521312
"2336",13,"KPPR1",4.587,"MG1655","trial_2",4.1592,0.0860654900144568
"2337",13,"MG1655",3.302,"MG1655","trial_2",3.27233333333333,0.0711344579729902
"2338",13.25,"KPPR1",4.599,"MG1655","trial_2",4.1792,0.0853231504340996
"2339",13.25,"MG1655",3.336,"MG1655","trial_2",3.297,0.0716961179795205
"2340",13.5,"KPPR1",4.615,"MG1655","trial_2",4.19366666666667,0.0860251716576617
"2341",13.5,"MG1655",3.358,"MG1655","trial_2",3.32266666666667,0.0726184855559826
"2342",13.75,"KPPR1",4.626,"MG1655","trial_2",4.20666666666667,0.0859722915865043
"2343",13.75,"MG1655",3.386,"MG1655","trial_2",3.34566666666667,0.0713263236431295
"2344",14,"KPPR1",4.649,"MG1655","trial_2",4.22253333333333,0.0861040824576455
"2345",14,"MG1655",3.415,"MG1655","trial_2",3.37,0.0731186250782476
"2346",14.25,"KPPR1",4.659,"MG1655","trial_2",4.23453333333333,0.0865572679497258
"2347",14.25,"MG1655",3.438,"MG1655","trial_2",3.39233333333333,0.0710312920088354
"2348",14.5,"KPPR1",4.666,"MG1655","trial_2",4.2462,0.0857256532144703
"2349",14.5,"MG1655",3.469,"MG1655","trial_2",3.42033333333333,0.0690901182836189
"2350",14.75,"KPPR1",4.687,"MG1655","trial_2",4.26093333333333,0.0866735784789644
"2351",14.75,"MG1655",3.508,"MG1655","trial_2",3.44533333333333,0.0713356697436688
"2352",15,"KPPR1",4.689,"MG1655","trial_2",4.269,0.0853836719084593
"2353",15,"MG1655",3.522,"MG1655","trial_2",3.46666666666667,0.0645428367658083
"2354",15.25,"KPPR1",4.706,"MG1655","trial_2",4.27986666666667,0.0857704503819944
"2355",15.25,"MG1655",3.547,"MG1655","trial_2",3.485,0.0686027210344702
"2356",15.5,"KPPR1",4.716,"MG1655","trial_2",4.29033333333333,0.0860276625868605
"2357",15.5,"MG1655",3.568,"MG1655","trial_2",3.499,0.0675055553269507
"2358",15.75,"KPPR1",4.732,"MG1655","trial_2",4.30346666666667,0.0859494240356705
"2359",15.75,"MG1655",3.592,"MG1655","trial_2",3.526,0.0725970614648647
"2360",16,"KPPR1",4.746,"MG1655","trial_2",4.30906666666667,0.0858055646251158
"2361",16,"MG1655",3.607,"MG1655","trial_2",3.536,0.0730091318489224
"2362",16.25,"KPPR1",4.754,"MG1655","trial_2",4.31766666666667,0.0860656264921836
"2363",16.25,"MG1655",3.625,"MG1655","trial_2",3.548,0.0710844568101916
"2364",16.5,"KPPR1",4.767,"MG1655","trial_2",4.32853333333333,0.0859141247141401
"2365",16.5,"MG1655",3.642,"MG1655","trial_2",3.558,0.0830020080078388
"2366",16.75,"KPPR1",4.783,"MG1655","trial_2",4.33673333333333,0.0860019638018678
"2367",16.75,"MG1655",3.652,"MG1655","trial_2",3.57066666666667,0.0813333333333334
"2368",17,"KPPR1",4.789,"MG1655","trial_2",4.3456,0.0859542957180207
"2369",17,"MG1655",3.67,"MG1655","trial_2",3.57533333333333,0.0926738606320274
"2370",17.25,"KPPR1",4.809,"MG1655","trial_2",4.35493333333333,0.0851905129228806
"2371",17.25,"MG1655",3.673,"MG1655","trial_2",3.58533333333333,0.0911890587978868
"2372",17.5,"KPPR1",4.812,"MG1655","trial_2",4.35993333333333,0.085218848053069
"2373",17.5,"MG1655",3.677,"MG1655","trial_2",3.589,0.09559811713627
"2374",17.75,"KPPR1",4.825,"MG1655","trial_2",4.3654,0.085261100380509
"2375",17.75,"MG1655",3.675,"MG1655","trial_2",3.59266666666667,0.0992913781643592
"2376",18,"KPPR1",4.833,"MG1655","trial_2",4.37206666666667,0.0848038895484145
"2377",18,"MG1655",3.683,"MG1655","trial_2",3.599,0.106227742766818
"2378",18.25,"KPPR1",4.841,"MG1655","trial_2",4.37666666666667,0.0845040245120323
"2379",18.25,"MG1655",3.684,"MG1655","trial_2",3.60333333333333,0.109862540375588
"2380",18.5,"KPPR1",4.851,"MG1655","trial_2",4.38086666666667,0.0846940638087726
"2381",18.5,"MG1655",3.687,"MG1655","trial_2",3.605,0.116567576967182
"2382",18.75,"KPPR1",4.847,"MG1655","trial_2",4.38386666666667,0.0839029976572531
"2383",18.75,"MG1655",3.686,"MG1655","trial_2",3.609,0.115439738969444
"2384",19,"KPPR1",4.854,"MG1655","trial_2",4.39006666666667,0.0835844293238688
"2385",19,"MG1655",3.684,"MG1655","trial_2",3.60733333333333,0.11947710147881
"2386",19.25,"KPPR1",4.853,"MG1655","trial_2",4.3918,0.083096169185669
"2387",19.25,"MG1655",3.675,"MG1655","trial_2",3.60566666666667,0.123329279212647
"2388",19.5,"KPPR1",4.859,"MG1655","trial_2",4.39573333333333,0.083362174056895
"2389",19.5,"MG1655",3.676,"MG1655","trial_2",3.61166666666667,0.126275272498001
"2390",19.75,"KPPR1",4.858,"MG1655","trial_2",4.39706666666667,0.0829948057276947
"2391",19.75,"MG1655",3.673,"MG1655","trial_2",3.61366666666667,0.128749541531007
"2392",20,"KPPR1",4.857,"MG1655","trial_2",4.3998,0.0823168211705181
"2393",20,"MG1655",3.67,"MG1655","trial_2",3.611,0.131804147633272
"2394",20.25,"KPPR1",4.853,"MG1655","trial_2",4.40286666666667,0.0815382975555289
"2395",20.25,"MG1655",3.671,"MG1655","trial_2",3.61566666666667,0.135076932811557
"2396",20.5,"KPPR1",4.859,"MG1655","trial_2",4.4074,0.0815821992722386
"2397",20.5,"MG1655",3.668,"MG1655","trial_2",3.61466666666667,0.137706612445122
"2398",20.75,"KPPR1",4.867,"MG1655","trial_2",4.409,0.0825967830573841
"2399",20.75,"MG1655",3.664,"MG1655","trial_2",3.615,0.138723946502878
"2400",21,"KPPR1",4.865,"MG1655","trial_2",4.41066666666667,0.081657803211921
"2401",21,"MG1655",3.66,"MG1655","trial_2",3.61333333333333,0.139945624360956
"2402",21.25,"KPPR1",4.855,"MG1655","trial_2",4.41073333333333,0.0809521002796255
"2403",21.25,"MG1655",3.653,"MG1655","trial_2",3.61233333333333,0.138334538147364
"2404",21.5,"KPPR1",4.855,"MG1655","trial_2",4.4126,0.0808909789543338
"2405",21.5,"MG1655",3.649,"MG1655","trial_2",3.614,0.139378381872274
"2406",21.75,"KPPR1",4.858,"MG1655","trial_2",4.41213333333333,0.0804136843759856
"2407",21.75,"MG1655",3.641,"MG1655","trial_2",3.608,0.146711735499698
"2408",22,"KPPR1",4.855,"MG1655","trial_2",4.4162,0.0796890504517701
"2409",22,"MG1655",3.642,"MG1655","trial_2",3.61366666666667,0.14819169267465
"2410",22.25,"KPPR1",4.853,"MG1655","trial_2",4.41813333333333,0.0789243077207925
"2411",22.25,"MG1655",3.638,"MG1655","trial_2",3.613,0.14574063720642
"2412",22.5,"KPPR1",4.855,"MG1655","trial_2",4.41553333333333,0.0793596314955602
"2413",22.5,"MG1655",3.627,"MG1655","trial_2",3.608,0.147818582503464
"2414",22.75,"KPPR1",4.853,"MG1655","trial_2",4.41493333333333,0.0798186913702768
"2415",22.75,"MG1655",3.625,"MG1655","trial_2",3.60966666666667,0.150883325048786
"2416",23,"KPPR1",4.846,"MG1655","trial_2",4.4146,0.0787423042347027
"2417",23,"MG1655",3.62,"MG1655","trial_2",3.60833333333333,0.148782092709812
"2418",23.25,"KPPR1",4.841,"MG1655","trial_2",4.4174,0.0787103672000195
"2419",23.25,"MG1655",3.617,"MG1655","trial_2",3.608,0.149312870621837
"2420",23.5,"KPPR1",4.836,"MG1655","trial_2",4.41526666666667,0.0782261962374356
"2421",23.5,"MG1655",3.61,"MG1655","trial_2",3.60766666666667,0.148094939518915
"2422",23.75,"KPPR1",4.836,"MG1655","trial_2",4.414,0.0775701832751047
"2423",23.75,"MG1655",3.609,"MG1655","trial_2",3.60466666666667,0.143487901154689
"2424",24,"KPPR1",4.836,"MG1655","trial_2",4.41273333333333,0.077760282839645
"2425",24,"MG1655",3.61,"MG1655","trial_2",3.606,0.148392497564174
"2426",0,"KPPR1",0.003,"MG1655","trial_3",0.00593333333333333,0.0022771466411711
"2427",0,"MG1655",0.007,"MG1655","trial_3",0.012,0.00360555127546399
"2428",0.25,"KPPR1",0.004,"MG1655","trial_3",0.0064,0.0024118753817606
"2429",0.25,"MG1655",0.008,"MG1655","trial_3",0.0123333333333333,0.00338296385503074
"2430",0.5,"KPPR1",0.008,"MG1655","trial_3",0.00813333333333333,0.00246473540870428
"2431",0.5,"MG1655",0.004,"MG1655","trial_3",0.00933333333333333,0.004371625682868
"2432",0.75,"KPPR1",0.014,"MG1655","trial_3",0.0116,0.00258898766757533
"2433",0.75,"MG1655",0.004,"MG1655","trial_3",0.01,0.00346410161513775
"2434",1,"KPPR1",0.023,"MG1655","trial_3",0.0172,0.00284554790104522
"2435",1,"MG1655",0.012,"MG1655","trial_3",0.0163333333333333,0.00296273147243853
"2436",1.25,"KPPR1",0.041,"MG1655","trial_3",0.0281333333333333,0.00384567371850582
"2437",1.25,"MG1655",0.021,"MG1655","trial_3",0.0246666666666667,0.00366666666666667
"2438",1.5,"KPPR1",0.073,"MG1655","trial_3",0.0489333333333333,0.00595816100316889
"2439",1.5,"MG1655",0.036,"MG1655","trial_3",0.0396666666666667,0.00523874454850057
"2440",1.75,"KPPR1",0.127,"MG1655","trial_3",0.0852,0.00965509981206576
"2441",1.75,"MG1655",0.058,"MG1655","trial_3",0.064,0.00916515138991168
"2442",2,"KPPR1",0.206,"MG1655","trial_3",0.1438,0.0139632851912912
"2443",2,"MG1655",0.09,"MG1655","trial_3",0.098,0.0127671453348037
"2444",2.25,"KPPR1",0.338,"MG1655","trial_3",0.2272,0.020821737725386
"2445",2.25,"MG1655",0.131,"MG1655","trial_3",0.141666666666667,0.0197849550023356
"2446",2.5,"KPPR1",0.542,"MG1655","trial_3",0.355533333333333,0.0316979594756608
"2447",2.5,"MG1655",0.183,"MG1655","trial_3",0.195666666666667,0.0256211718007675
"2448",2.75,"KPPR1",0.968,"MG1655","trial_3",0.585533333333333,0.0649722920186654
"2449",2.75,"MG1655",0.245,"MG1655","trial_3",0.255,0.0281602556806574
"2450",3,"KPPR1",1.434,"MG1655","trial_3",0.9096,0.0891258500260006
"2451",3,"MG1655",0.322,"MG1655","trial_3",0.325,0.0372692903071685
"2452",3.25,"KPPR1",1.784,"MG1655","trial_3",1.30306666666667,0.0845797153812204
"2453",3.25,"MG1655",0.411,"MG1655","trial_3",0.409666666666667,0.0427291209572322
"2454",3.5,"KPPR1",2.099,"MG1655","trial_3",1.6816,0.071117796312744
"2455",3.5,"MG1655",0.503,"MG1655","trial_3",0.505,0.0560119034967866
"2456",3.75,"KPPR1",2.284,"MG1655","trial_3",1.97326666666667,0.0620333602006032
"2457",3.75,"MG1655",0.623,"MG1655","trial_3",0.634666666666667,0.0916957529611438
"2458",4,"KPPR1",2.441,"MG1655","trial_3",2.2096,0.0627907939870472
"2459",4,"MG1655",0.811,"MG1655","trial_3",0.810333333333333,0.144337952197073
"2460",4.25,"KPPR1",2.616,"MG1655","trial_3",2.40013333333333,0.0628807538627616
"2461",4.25,"MG1655",1.017,"MG1655","trial_3",0.99,0.186108391356578
"2462",4.5,"KPPR1",2.729,"MG1655","trial_3",2.55193333333333,0.0656584573065269
"2463",4.5,"MG1655",1.212,"MG1655","trial_3",1.13966666666667,0.194211511273434
"2464",4.75,"KPPR1",2.819,"MG1655","trial_3",2.67953333333333,0.0671075800605811
"2465",4.75,"MG1655",1.306,"MG1655","trial_3",1.26866666666667,0.177652594814836
"2466",5,"KPPR1",2.928,"MG1655","trial_3",2.7912,0.0681341953165117
"2467",5,"MG1655",1.405,"MG1655","trial_3",1.38466666666667,0.166875535787737
"2468",5.25,"KPPR1",3.024,"MG1655","trial_3",2.883,0.0700222413645428
"2469",5.25,"MG1655",1.48,"MG1655","trial_3",1.49533333333333,0.165876794974798
"2470",5.5,"KPPR1",3.089,"MG1655","trial_3",2.9648,0.0715650353574585
"2471",5.5,"MG1655",1.548,"MG1655","trial_3",1.58833333333333,0.166062571875115
"2472",5.75,"KPPR1",3.168,"MG1655","trial_3",3.04846666666667,0.0734278308899721
"2473",5.75,"MG1655",1.659,"MG1655","trial_3",1.71066666666667,0.160004513825218
"2474",6,"KPPR1",3.235,"MG1655","trial_3",3.11753333333333,0.0739235684220802
"2475",6,"MG1655",1.735,"MG1655","trial_3",1.81466666666667,0.1500114810421
"2476",6.25,"KPPR1",3.284,"MG1655","trial_3",3.18466666666667,0.075419377746588
"2477",6.25,"MG1655",1.834,"MG1655","trial_3",1.925,0.136280348302069
"2478",6.5,"KPPR1",3.347,"MG1655","trial_3",3.2474,0.0759300931621913
"2479",6.5,"MG1655",1.928,"MG1655","trial_3",2.03233333333333,0.124868375144034
"2480",6.75,"KPPR1",3.414,"MG1655","trial_3",3.30606666666667,0.0776794675737397
"2481",6.75,"MG1655",2.038,"MG1655","trial_3",2.13333333333333,0.106522819673116
"2482",7,"KPPR1",3.457,"MG1655","trial_3",3.35786666666667,0.0780905985846029
"2483",7,"MG1655",2.122,"MG1655","trial_3",2.22333333333333,0.0929629555850668
"2484",7.25,"KPPR1",3.507,"MG1655","trial_3",3.41266666666667,0.0788130800521182
"2485",7.25,"MG1655",2.203,"MG1655","trial_3",2.30466666666667,0.0866301204996148
"2486",7.5,"KPPR1",3.563,"MG1655","trial_3",3.46646666666667,0.0789987261299746
"2487",7.5,"MG1655",2.281,"MG1655","trial_3",2.37733333333333,0.078107475812356
"2488",7.75,"KPPR1",3.606,"MG1655","trial_3",3.5172,0.079384429323688
"2489",7.75,"MG1655",2.33,"MG1655","trial_3",2.441,0.0754387168501692
"2490",8,"KPPR1",3.657,"MG1655","trial_3",3.55826666666667,0.0798513778195626
"2491",8,"MG1655",2.391,"MG1655","trial_3",2.49366666666667,0.073041844932279
"2492",8.25,"KPPR1",3.7,"MG1655","trial_3",3.6082,0.0807083638788447
"2493",8.25,"MG1655",2.44,"MG1655","trial_3",2.554,0.0748398289682706
"2494",8.5,"KPPR1",3.739,"MG1655","trial_3",3.65086666666667,0.0807728069910062
"2495",8.5,"MG1655",2.478,"MG1655","trial_3",2.60633333333333,0.0769292604352279
"2496",8.75,"KPPR1",3.786,"MG1655","trial_3",3.69106666666667,0.0815741828128686
"2497",8.75,"MG1655",2.532,"MG1655","trial_3",2.653,0.0738985791473692
"2498",9,"KPPR1",3.82,"MG1655","trial_3",3.72766666666667,0.0821832833579437
"2499",9,"MG1655",2.576,"MG1655","trial_3",2.70166666666667,0.0764729436540212
"2500",9.25,"KPPR1",3.856,"MG1655","trial_3",3.7676,0.0828666053710075
"2501",9.25,"MG1655",2.619,"MG1655","trial_3",2.74466666666667,0.0727468976047165
"2502",9.5,"KPPR1",3.892,"MG1655","trial_3",3.80186666666667,0.0835817174510281
"2503",9.5,"MG1655",2.662,"MG1655","trial_3",2.79633333333333,0.0788380900608611
"2504",9.75,"KPPR1",3.926,"MG1655","trial_3",3.83706666666667,0.0838254119139279
"2505",9.75,"MG1655",2.698,"MG1655","trial_3",2.83333333333333,0.0770980616559918
"2506",10,"KPPR1",3.959,"MG1655","trial_3",3.8674,0.0835222126143699
"2507",10,"MG1655",2.753,"MG1655","trial_3",2.87566666666667,0.0728224629569139
"2508",10.25,"KPPR1",3.993,"MG1655","trial_3",3.90066666666667,0.0840863879288475
"2509",10.25,"MG1655",2.789,"MG1655","trial_3",2.91833333333333,0.075058495706867
"2510",10.5,"KPPR1",4.024,"MG1655","trial_3",3.92973333333333,0.0842330365381923
"2511",10.5,"MG1655",2.83,"MG1655","trial_3",2.95533333333333,0.073342423679008
"2512",10.75,"KPPR1",4.054,"MG1655","trial_3",3.95946666666667,0.0855038215056117
"2513",10.75,"MG1655",2.864,"MG1655","trial_3",2.989,0.0707695791518739
"2514",11,"KPPR1",4.079,"MG1655","trial_3",3.9826,0.085005646871252
"2515",11,"MG1655",2.902,"MG1655","trial_3",3.02866666666667,0.0733242418606865
"2516",11.25,"KPPR1",4.1,"MG1655","trial_3",4.01166666666667,0.0859724577528379
"2517",11.25,"MG1655",2.929,"MG1655","trial_3",3.06366666666667,0.0749451651394391
"2518",11.5,"KPPR1",4.123,"MG1655","trial_3",4.03526666666667,0.0857657089132762
"2519",11.5,"MG1655",2.96,"MG1655","trial_3",3.08933333333333,0.0699078758875645
"2520",11.75,"KPPR1",4.144,"MG1655","trial_3",4.05986666666667,0.0859405590076053
"2521",11.75,"MG1655",2.994,"MG1655","trial_3",3.13033333333333,0.07326284491094
"2522",12,"KPPR1",4.167,"MG1655","trial_3",4.0824,0.0862307977244237
"2523",12,"MG1655",3.024,"MG1655","trial_3",3.16066666666667,0.0739579460083755
"2524",12.25,"KPPR1",4.191,"MG1655","trial_3",4.1036,0.0866267747018096
"2525",12.25,"MG1655",3.06,"MG1655","trial_3",3.187,0.0680759379908447
"2526",12.5,"KPPR1",4.21,"MG1655","trial_3",4.12393333333333,0.0865870586759865
"2527",12.5,"MG1655",3.082,"MG1655","trial_3",3.21833333333333,0.0716992174139843
"2528",12.75,"KPPR1",4.23,"MG1655","trial_3",4.14166666666667,0.086894334664726
"2529",12.75,"MG1655",3.093,"MG1655","trial_3",3.24133333333333,0.0766470989521312
"2530",13,"KPPR1",4.252,"MG1655","trial_3",4.1592,0.0860654900144568
"2531",13,"MG1655",3.137,"MG1655","trial_3",3.27233333333333,0.0711344579729902
"2532",13.25,"KPPR1",4.27,"MG1655","trial_3",4.1792,0.0853231504340996
"2533",13.25,"MG1655",3.158,"MG1655","trial_3",3.297,0.0716961179795205
"2534",13.5,"KPPR1",4.282,"MG1655","trial_3",4.19366666666667,0.0860251716576617
"2535",13.5,"MG1655",3.183,"MG1655","trial_3",3.32266666666667,0.0726184855559826
"2536",13.75,"KPPR1",4.299,"MG1655","trial_3",4.20666666666667,0.0859722915865043
"2537",13.75,"MG1655",3.207,"MG1655","trial_3",3.34566666666667,0.0713263236431295
"2538",14,"KPPR1",4.31,"MG1655","trial_3",4.22253333333333,0.0861040824576455
"2539",14,"MG1655",3.227,"MG1655","trial_3",3.37,0.0731186250782476
"2540",14.25,"KPPR1",4.327,"MG1655","trial_3",4.23453333333333,0.0865572679497258
"2541",14.25,"MG1655",3.253,"MG1655","trial_3",3.39233333333333,0.0710312920088354
"2542",14.5,"KPPR1",4.334,"MG1655","trial_3",4.2462,0.0857256532144703
"2543",14.5,"MG1655",3.284,"MG1655","trial_3",3.42033333333333,0.0690901182836189
"2544",14.75,"KPPR1",4.35,"MG1655","trial_3",4.26093333333333,0.0866735784789644
"2545",14.75,"MG1655",3.303,"MG1655","trial_3",3.44533333333333,0.0713356697436688
"2546",15,"KPPR1",4.362,"MG1655","trial_3",4.269,0.0853836719084593
"2547",15,"MG1655",3.338,"MG1655","trial_3",3.46666666666667,0.0645428367658083
"2548",15.25,"KPPR1",4.371,"MG1655","trial_3",4.27986666666667,0.0857704503819944
"2549",15.25,"MG1655",3.348,"MG1655","trial_3",3.485,0.0686027210344702
"2550",15.5,"KPPR1",4.387,"MG1655","trial_3",4.29033333333333,0.0860276625868605
"2551",15.5,"MG1655",3.364,"MG1655","trial_3",3.499,0.0675055553269507
"2552",15.75,"KPPR1",4.399,"MG1655","trial_3",4.30346666666667,0.0859494240356705
"2553",15.75,"MG1655",3.381,"MG1655","trial_3",3.526,0.0725970614648647
"2554",16,"KPPR1",4.404,"MG1655","trial_3",4.30906666666667,0.0858055646251158
"2555",16,"MG1655",3.39,"MG1655","trial_3",3.536,0.0730091318489224
"2556",16.25,"KPPR1",4.413,"MG1655","trial_3",4.31766666666667,0.0860656264921836
"2557",16.25,"MG1655",3.406,"MG1655","trial_3",3.548,0.0710844568101916
"2558",16.5,"KPPR1",4.427,"MG1655","trial_3",4.32853333333333,0.0859141247141401
"2559",16.5,"MG1655",3.392,"MG1655","trial_3",3.558,0.0830020080078388
"2560",16.75,"KPPR1",4.437,"MG1655","trial_3",4.33673333333333,0.0860019638018678
"2561",16.75,"MG1655",3.408,"MG1655","trial_3",3.57066666666667,0.0813333333333334
"2562",17,"KPPR1",4.44,"MG1655","trial_3",4.3456,0.0859542957180207
"2563",17,"MG1655",3.39,"MG1655","trial_3",3.57533333333333,0.0926738606320274
"2564",17.25,"KPPR1",4.452,"MG1655","trial_3",4.35493333333333,0.0851905129228806
"2565",17.25,"MG1655",3.403,"MG1655","trial_3",3.58533333333333,0.0911890587978868
"2566",17.5,"KPPR1",4.46,"MG1655","trial_3",4.35993333333333,0.085218848053069
"2567",17.5,"MG1655",3.398,"MG1655","trial_3",3.589,0.09559811713627
"2568",17.75,"KPPR1",4.465,"MG1655","trial_3",4.3654,0.085261100380509
"2569",17.75,"MG1655",3.395,"MG1655","trial_3",3.59266666666667,0.0992913781643592
"2570",18,"KPPR1",4.468,"MG1655","trial_3",4.37206666666667,0.0848038895484145
"2571",18,"MG1655",3.388,"MG1655","trial_3",3.599,0.106227742766818
"2572",18.25,"KPPR1",4.471,"MG1655","trial_3",4.37666666666667,0.0845040245120323
"2573",18.25,"MG1655",3.386,"MG1655","trial_3",3.60333333333333,0.109862540375588
"2574",18.5,"KPPR1",4.47,"MG1655","trial_3",4.38086666666667,0.0846940638087726
"2575",18.5,"MG1655",3.375,"MG1655","trial_3",3.605,0.116567576967182
"2576",18.75,"KPPR1",4.478,"MG1655","trial_3",4.38386666666667,0.0839029976572531
"2577",18.75,"MG1655",3.382,"MG1655","trial_3",3.609,0.115439738969444
"2578",19,"KPPR1",4.481,"MG1655","trial_3",4.39006666666667,0.0835844293238688
"2579",19,"MG1655",3.373,"MG1655","trial_3",3.60733333333333,0.11947710147881
"2580",19.25,"KPPR1",4.483,"MG1655","trial_3",4.3918,0.083096169185669
"2581",19.25,"MG1655",3.366,"MG1655","trial_3",3.60566666666667,0.123329279212647
"2582",19.5,"KPPR1",4.481,"MG1655","trial_3",4.39573333333333,0.083362174056895
"2583",19.5,"MG1655",3.368,"MG1655","trial_3",3.61166666666667,0.126275272498001
"2584",19.75,"KPPR1",4.484,"MG1655","trial_3",4.39706666666667,0.0829948057276947
"2585",19.75,"MG1655",3.367,"MG1655","trial_3",3.61366666666667,0.128749541531007
"2586",20,"KPPR1",4.489,"MG1655","trial_3",4.3998,0.0823168211705181
"2587",20,"MG1655",3.359,"MG1655","trial_3",3.611,0.131804147633272
"2588",20.25,"KPPR1",4.489,"MG1655","trial_3",4.40286666666667,0.0815382975555289
"2589",20.25,"MG1655",3.359,"MG1655","trial_3",3.61566666666667,0.135076932811557
"2590",20.5,"KPPR1",4.494,"MG1655","trial_3",4.4074,0.0815821992722386
"2591",20.5,"MG1655",3.354,"MG1655","trial_3",3.61466666666667,0.137706612445122
"2592",20.75,"KPPR1",4.493,"MG1655","trial_3",4.409,0.0825967830573841
"2593",20.75,"MG1655",3.354,"MG1655","trial_3",3.615,0.138723946502878
"2594",21,"KPPR1",4.492,"MG1655","trial_3",4.41066666666667,0.081657803211921
"2595",21,"MG1655",3.351,"MG1655","trial_3",3.61333333333333,0.139945624360956
"2596",21.25,"KPPR1",4.483,"MG1655","trial_3",4.41073333333333,0.0809521002796255
"2597",21.25,"MG1655",3.355,"MG1655","trial_3",3.61233333333333,0.138334538147364
"2598",21.5,"KPPR1",4.488,"MG1655","trial_3",4.4126,0.0808909789543338
"2599",21.5,"MG1655",3.357,"MG1655","trial_3",3.614,0.139378381872274
"2600",21.75,"KPPR1",4.488,"MG1655","trial_3",4.41213333333333,0.0804136843759856
"2601",21.75,"MG1655",3.339,"MG1655","trial_3",3.608,0.146711735499698
"2602",22,"KPPR1",4.488,"MG1655","trial_3",4.4162,0.0796890504517701
"2603",22,"MG1655",3.344,"MG1655","trial_3",3.61366666666667,0.14819169267465
"2604",22.25,"KPPR1",4.482,"MG1655","trial_3",4.41813333333333,0.0789243077207925
"2605",22.25,"MG1655",3.349,"MG1655","trial_3",3.613,0.14574063720642
"2606",22.5,"KPPR1",4.48,"MG1655","trial_3",4.41553333333333,0.0793596314955602
"2607",22.5,"MG1655",3.343,"MG1655","trial_3",3.608,0.147818582503464
"2608",22.75,"KPPR1",4.482,"MG1655","trial_3",4.41493333333333,0.0798186913702768
"2609",22.75,"MG1655",3.341,"MG1655","trial_3",3.60966666666667,0.150883325048786
"2610",23,"KPPR1",4.482,"MG1655","trial_3",4.4146,0.0787423042347027
"2611",23,"MG1655",3.345,"MG1655","trial_3",3.60833333333333,0.148782092709812
"2612",23.25,"KPPR1",4.478,"MG1655","trial_3",4.4174,0.0787103672000195
"2613",23.25,"MG1655",3.345,"MG1655","trial_3",3.608,0.149312870621837
"2614",23.5,"KPPR1",4.476,"MG1655","trial_3",4.41526666666667,0.0782261962374356
"2615",23.5,"MG1655",3.35,"MG1655","trial_3",3.60766666666667,0.148094939518915
"2616",23.75,"KPPR1",4.468,"MG1655","trial_3",4.414,0.0775701832751047
"2617",23.75,"MG1655",3.354,"MG1655","trial_3",3.60466666666667,0.143487901154689
"2618",24,"KPPR1",4.472,"MG1655","trial_3",4.41273333333333,0.077760282839645
"2619",24,"MG1655",3.347,"MG1655","trial_3",3.606,0.148392497564174
"2620",0,"KPPR1",0.019,"Tn13F11","trial_1",0.00593333333333333,0.0022771466411711
"2621",0,"13F11",0.01,"Tn13F11","trial_1",0.00966666666666667,0.000881917103688197
"2622",0.25,"KPPR1",0.019,"Tn13F11","trial_1",0.0064,0.0024118753817606
"2623",0.25,"13F11",0.013,"Tn13F11","trial_1",0.0143333333333333,0.00352766841475279
"2624",0.5,"KPPR1",0.018,"Tn13F11","trial_1",0.00813333333333333,0.00246473540870428
"2625",0.5,"13F11",0.011,"Tn13F11","trial_1",0.012,0.00321455025366432
"2626",0.75,"KPPR1",0.019,"Tn13F11","trial_1",0.0116,0.00258898766757533
"2627",0.75,"13F11",0.012,"Tn13F11","trial_1",0.014,0.00360555127546399
"2628",1,"KPPR1",0.021,"Tn13F11","trial_1",0.0172,0.00284554790104522
"2629",1,"13F11",0.016,"Tn13F11","trial_1",0.019,0.00251661147842358
"2630",1.25,"KPPR1",0.027,"Tn13F11","trial_1",0.0281333333333333,0.00384567371850582
"2631",1.25,"13F11",0.022,"Tn13F11","trial_1",0.0263333333333333,0.00233333333333333
"2632",1.5,"KPPR1",0.038,"Tn13F11","trial_1",0.0489333333333333,0.00595816100316889
"2633",1.5,"13F11",0.033,"Tn13F11","trial_1",0.0403333333333333,0.00635959467611297
"2634",1.75,"KPPR1",0.059,"Tn13F11","trial_1",0.0852,0.00965509981206576
"2635",1.75,"13F11",0.049,"Tn13F11","trial_1",0.0613333333333333,0.0164957907088782
"2636",2,"KPPR1",0.097,"Tn13F11","trial_1",0.1438,0.0139632851912912
"2637",2,"13F11",0.086,"Tn13F11","trial_1",0.104,0.0302379452564709
"2638",2.25,"KPPR1",0.155,"Tn13F11","trial_1",0.2272,0.020821737725386
"2639",2.25,"13F11",0.147,"Tn13F11","trial_1",0.178,0.0468081189538738
"2640",2.5,"KPPR1",0.236,"Tn13F11","trial_1",0.355533333333333,0.0316979594756608
"2641",2.5,"13F11",0.228,"Tn13F11","trial_1",0.273,0.0736681749468521
"2642",2.75,"KPPR1",0.349,"Tn13F11","trial_1",0.585533333333333,0.0649722920186654
"2643",2.75,"13F11",0.337,"Tn13F11","trial_1",0.446,0.143806583066747
"2644",3,"KPPR1",0.503,"Tn13F11","trial_1",0.9096,0.0891258500260006
"2645",3,"13F11",0.503,"Tn13F11","trial_1",0.699333333333333,0.24801904048771
"2646",3.25,"KPPR1",0.873,"Tn13F11","trial_1",1.30306666666667,0.0845797153812204
"2647",3.25,"13F11",0.929,"Tn13F11","trial_1",1.05233333333333,0.261972856948535
"2648",3.5,"KPPR1",1.332,"Tn13F11","trial_1",1.6816,0.071117796312744
"2649",3.5,"13F11",1.361,"Tn13F11","trial_1",1.484,0.184071544061904
"2650",3.75,"KPPR1",1.71,"Tn13F11","trial_1",1.97326666666667,0.0620333602006032
"2651",3.75,"13F11",1.724,"Tn13F11","trial_1",1.847,0.132613473423078
"2652",4,"KPPR1",1.983,"Tn13F11","trial_1",2.2096,0.0627907939870472
"2653",4,"13F11",1.999,"Tn13F11","trial_1",2.12166666666667,0.0903886669395622
"2654",4.25,"KPPR1",2.222,"Tn13F11","trial_1",2.40013333333333,0.0628807538627616
"2655",4.25,"13F11",2.224,"Tn13F11","trial_1",2.346,0.066302337817003
"2656",4.5,"KPPR1",2.396,"Tn13F11","trial_1",2.55193333333333,0.0656584573065269
"2657",4.5,"13F11",2.396,"Tn13F11","trial_1",2.53,0.0670099495100045
"2658",4.75,"KPPR1",2.528,"Tn13F11","trial_1",2.67953333333333,0.0671075800605811
"2659",4.75,"13F11",2.531,"Tn13F11","trial_1",2.67433333333333,0.0766318761641945
"2660",5,"KPPR1",2.659,"Tn13F11","trial_1",2.7912,0.0681341953165117
"2661",5,"13F11",2.641,"Tn13F11","trial_1",2.79566666666667,0.0869910595661672
"2662",5.25,"KPPR1",2.762,"Tn13F11","trial_1",2.883,0.0700222413645428
"2663",5.25,"13F11",2.757,"Tn13F11","trial_1",2.90633333333333,0.0936826795327954
"2664",5.5,"KPPR1",2.845,"Tn13F11","trial_1",2.9648,0.0715650353574585
"2665",5.5,"13F11",2.829,"Tn13F11","trial_1",2.99066666666667,0.102264906547217
"2666",5.75,"KPPR1",2.926,"Tn13F11","trial_1",3.04846666666667,0.0734278308899721
"2667",5.75,"13F11",2.912,"Tn13F11","trial_1",3.07966666666667,0.111565127964691
"2668",6,"KPPR1",3.003,"Tn13F11","trial_1",3.11753333333333,0.0739235684220802
"2669",6,"13F11",2.991,"Tn13F11","trial_1",3.15633333333333,0.113221513464143
"2670",6.25,"KPPR1",3.087,"Tn13F11","trial_1",3.18466666666667,0.075419377746588
"2671",6.25,"13F11",3.069,"Tn13F11","trial_1",3.23366666666667,0.117418529675308
"2672",6.5,"KPPR1",3.151,"Tn13F11","trial_1",3.2474,0.0759300931621913
"2673",6.5,"13F11",3.123,"Tn13F11","trial_1",3.29633333333333,0.125409108299375
"2674",6.75,"KPPR1",3.213,"Tn13F11","trial_1",3.30606666666667,0.0776794675737397
"2675",6.75,"13F11",3.182,"Tn13F11","trial_1",3.35966666666667,0.125073756017977
"2676",7,"KPPR1",3.276,"Tn13F11","trial_1",3.35786666666667,0.0780905985846029
"2677",7,"13F11",3.233,"Tn13F11","trial_1",3.413,0.128557380184881
"2678",7.25,"KPPR1",3.333,"Tn13F11","trial_1",3.41266666666667,0.0788130800521182
"2679",7.25,"13F11",3.301,"Tn13F11","trial_1",3.47466666666667,0.127836266806846
"2680",7.5,"KPPR1",3.398,"Tn13F11","trial_1",3.46646666666667,0.0789987261299746
"2681",7.5,"13F11",3.344,"Tn13F11","trial_1",3.52266666666667,0.133144449544262
"2682",7.75,"KPPR1",3.456,"Tn13F11","trial_1",3.5172,0.079384429323688
"2683",7.75,"13F11",3.398,"Tn13F11","trial_1",3.57333333333333,0.132031982657402
"2684",8,"KPPR1",3.504,"Tn13F11","trial_1",3.55826666666667,0.0798513778195626
"2685",8,"13F11",3.443,"Tn13F11","trial_1",3.62333333333333,0.133918300135236
"2686",8.25,"KPPR1",3.554,"Tn13F11","trial_1",3.6082,0.0807083638788447
"2687",8.25,"13F11",3.495,"Tn13F11","trial_1",3.672,0.134098222707586
"2688",8.5,"KPPR1",3.607,"Tn13F11","trial_1",3.65086666666667,0.0807728069910062
"2689",8.5,"13F11",3.544,"Tn13F11","trial_1",3.71633333333333,0.135221217927431
"2690",8.75,"KPPR1",3.651,"Tn13F11","trial_1",3.69106666666667,0.0815741828128686
"2691",8.75,"13F11",3.589,"Tn13F11","trial_1",3.75966666666667,0.134915199703781
"2692",9,"KPPR1",3.694,"Tn13F11","trial_1",3.72766666666667,0.0821832833579437
"2693",9,"13F11",3.627,"Tn13F11","trial_1",3.801,0.137758242342639
"2694",9.25,"KPPR1",3.745,"Tn13F11","trial_1",3.7676,0.0828666053710075
"2695",9.25,"13F11",3.675,"Tn13F11","trial_1",3.84333333333333,0.138953629355663
"2696",9.5,"KPPR1",3.776,"Tn13F11","trial_1",3.80186666666667,0.0835817174510281
"2697",9.5,"13F11",3.707,"Tn13F11","trial_1",3.88,0.142205250723499
"2698",9.75,"KPPR1",3.819,"Tn13F11","trial_1",3.83706666666667,0.0838254119139279
"2699",9.75,"13F11",3.747,"Tn13F11","trial_1",3.91433333333333,0.142595387178003
"2700",10,"KPPR1",3.844,"Tn13F11","trial_1",3.8674,0.0835222126143699
"2701",10,"13F11",3.782,"Tn13F11","trial_1",3.95066666666667,0.142056717937277
"2702",10.25,"KPPR1",3.89,"Tn13F11","trial_1",3.90066666666667,0.0840863879288475
"2703",10.25,"13F11",3.816,"Tn13F11","trial_1",3.98066666666667,0.142758926554913
"2704",10.5,"KPPR1",3.912,"Tn13F11","trial_1",3.92973333333333,0.0842330365381923
"2705",10.5,"13F11",3.844,"Tn13F11","trial_1",4.011,0.141330581734221
"2706",10.75,"KPPR1",3.948,"Tn13F11","trial_1",3.95946666666667,0.0855038215056117
"2707",10.75,"13F11",3.882,"Tn13F11","trial_1",4.046,0.143039621550581
"2708",11,"KPPR1",3.972,"Tn13F11","trial_1",3.9826,0.085005646871252
"2709",11,"13F11",3.915,"Tn13F11","trial_1",4.07233333333333,0.141634898398821
"2710",11.25,"KPPR1",3.997,"Tn13F11","trial_1",4.01166666666667,0.0859724577528379
"2711",11.25,"13F11",3.934,"Tn13F11","trial_1",4.09833333333333,0.14479449038014
"2712",11.5,"KPPR1",4.021,"Tn13F11","trial_1",4.03526666666667,0.0857657089132762
"2713",11.5,"13F11",3.963,"Tn13F11","trial_1",4.12333333333333,0.14655639794215
"2714",11.75,"KPPR1",4.054,"Tn13F11","trial_1",4.05986666666667,0.0859405590076053
"2715",11.75,"13F11",3.987,"Tn13F11","trial_1",4.146,0.147163174741509
"2716",12,"KPPR1",4.067,"Tn13F11","trial_1",4.0824,0.0862307977244237
"2717",12,"13F11",4.009,"Tn13F11","trial_1",4.171,0.148704404776725
"2718",12.25,"KPPR1",4.098,"Tn13F11","trial_1",4.1036,0.0866267747018096
"2719",12.25,"13F11",4.039,"Tn13F11","trial_1",4.192,0.146055925361943
"2720",12.5,"KPPR1",4.124,"Tn13F11","trial_1",4.12393333333333,0.0865870586759865
"2721",12.5,"13F11",4.059,"Tn13F11","trial_1",4.21133333333333,0.146867665301492
"2722",12.75,"KPPR1",4.139,"Tn13F11","trial_1",4.14166666666667,0.086894334664726
"2723",12.75,"13F11",4.08,"Tn13F11","trial_1",4.23466666666667,0.146249026587454
"2724",13,"KPPR1",4.158,"Tn13F11","trial_1",4.1592,0.0860654900144568
"2725",13,"13F11",4.099,"Tn13F11","trial_1",4.252,0.147534176831449
"2726",13.25,"KPPR1",4.173,"Tn13F11","trial_1",4.1792,0.0853231504340996
"2727",13.25,"13F11",4.122,"Tn13F11","trial_1",4.273,0.146028536024071
"2728",13.5,"KPPR1",4.193,"Tn13F11","trial_1",4.19366666666667,0.0860251716576617
"2729",13.5,"13F11",4.139,"Tn13F11","trial_1",4.28766666666667,0.147667795330525
"2730",13.75,"KPPR1",4.212,"Tn13F11","trial_1",4.20666666666667,0.0859722915865043
"2731",13.75,"13F11",4.156,"Tn13F11","trial_1",4.30366666666667,0.145671243253811
"2732",14,"KPPR1",4.224,"Tn13F11","trial_1",4.22253333333333,0.0861040824576455
"2733",14,"13F11",4.172,"Tn13F11","trial_1",4.31866666666667,0.146166951729102
"2734",14.25,"KPPR1",4.241,"Tn13F11","trial_1",4.23453333333333,0.0865572679497258
"2735",14.25,"13F11",4.19,"Tn13F11","trial_1",4.333,0.146513935628436
"2736",14.5,"KPPR1",4.258,"Tn13F11","trial_1",4.2462,0.0857256532144703
"2737",14.5,"13F11",4.208,"Tn13F11","trial_1",4.346,0.143535129265742
"2738",14.75,"KPPR1",4.271,"Tn13F11","trial_1",4.26093333333333,0.0866735784789644
"2739",14.75,"13F11",4.223,"Tn13F11","trial_1",4.365,0.148040534989576
"2740",15,"KPPR1",4.276,"Tn13F11","trial_1",4.269,0.0853836719084593
"2741",15,"13F11",4.234,"Tn13F11","trial_1",4.36966666666667,0.14323213481773
"2742",15.25,"KPPR1",4.29,"Tn13F11","trial_1",4.27986666666667,0.0857704503819944
"2743",15.25,"13F11",4.249,"Tn13F11","trial_1",4.38266666666667,0.142761261474455
"2744",15.5,"KPPR1",4.302,"Tn13F11","trial_1",4.29033333333333,0.0860276625868605
"2745",15.5,"13F11",4.262,"Tn13F11","trial_1",4.39366666666667,0.140252549986722
"2746",15.75,"KPPR1",4.313,"Tn13F11","trial_1",4.30346666666667,0.0859494240356705
"2747",15.75,"13F11",4.274,"Tn13F11","trial_1",4.403,0.142198218460476
"2748",16,"KPPR1",4.315,"Tn13F11","trial_1",4.30906666666667,0.0858055646251158
"2749",16,"13F11",4.275,"Tn13F11","trial_1",4.40966666666667,0.143760603473661
"2750",16.25,"KPPR1",4.327,"Tn13F11","trial_1",4.31766666666667,0.0860656264921836
"2751",16.25,"13F11",4.291,"Tn13F11","trial_1",4.42066666666667,0.143893865207814
"2752",16.5,"KPPR1",4.329,"Tn13F11","trial_1",4.32853333333333,0.0859141247141401
"2753",16.5,"13F11",4.299,"Tn13F11","trial_1",4.43066666666667,0.144861236284169
"2754",16.75,"KPPR1",4.338,"Tn13F11","trial_1",4.33673333333333,0.0860019638018678
"2755",16.75,"13F11",4.307,"Tn13F11","trial_1",4.443,0.145603342452477
"2756",17,"KPPR1",4.345,"Tn13F11","trial_1",4.3456,0.0859542957180207
"2757",17,"13F11",4.314,"Tn13F11","trial_1",4.451,0.149160986856483
"2758",17.25,"KPPR1",4.351,"Tn13F11","trial_1",4.35493333333333,0.0851905129228806
"2759",17.25,"13F11",4.325,"Tn13F11","trial_1",4.45766666666667,0.147404583073631
"2760",17.5,"KPPR1",4.352,"Tn13F11","trial_1",4.35993333333333,0.085218848053069
"2761",17.5,"13F11",4.326,"Tn13F11","trial_1",4.46433333333333,0.146406208125809
"2762",17.75,"KPPR1",4.356,"Tn13F11","trial_1",4.3654,0.085261100380509
"2763",17.75,"13F11",4.331,"Tn13F11","trial_1",4.472,0.149071571177516
"2764",18,"KPPR1",4.366,"Tn13F11","trial_1",4.37206666666667,0.0848038895484145
"2765",18,"13F11",4.34,"Tn13F11","trial_1",4.47633333333333,0.145936439741569
"2766",18.25,"KPPR1",4.37,"Tn13F11","trial_1",4.37666666666667,0.0845040245120323
"2767",18.25,"13F11",4.345,"Tn13F11","trial_1",4.47966666666667,0.144781828202913
"2768",18.5,"KPPR1",4.373,"Tn13F11","trial_1",4.38086666666667,0.0846940638087726
"2769",18.5,"13F11",4.349,"Tn13F11","trial_1",4.48733333333333,0.146406208125809
"2770",18.75,"KPPR1",4.376,"Tn13F11","trial_1",4.38386666666667,0.0839029976572531
"2771",18.75,"13F11",4.353,"Tn13F11","trial_1",4.49333333333333,0.145362000230841
"2772",19,"KPPR1",4.379,"Tn13F11","trial_1",4.39006666666667,0.0835844293238688
"2773",19,"13F11",4.354,"Tn13F11","trial_1",4.49633333333333,0.148373777257903
"2774",19.25,"KPPR1",4.381,"Tn13F11","trial_1",4.3918,0.083096169185669
"2775",19.25,"13F11",4.357,"Tn13F11","trial_1",4.49633333333333,0.144362198807182
"2776",19.5,"KPPR1",4.381,"Tn13F11","trial_1",4.39573333333333,0.083362174056895
"2777",19.5,"13F11",4.358,"Tn13F11","trial_1",4.50066666666667,0.146684847358016
"2778",19.75,"KPPR1",4.383,"Tn13F11","trial_1",4.39706666666667,0.0829948057276947
"2779",19.75,"13F11",4.361,"Tn13F11","trial_1",4.503,0.146523035731587
"2780",20,"KPPR1",4.381,"Tn13F11","trial_1",4.3998,0.0823168211705181
"2781",20,"13F11",4.361,"Tn13F11","trial_1",4.506,0.146001141548049
"2782",20.25,"KPPR1",4.386,"Tn13F11","trial_1",4.40286666666667,0.0815382975555289
"2783",20.25,"13F11",4.369,"Tn13F11","trial_1",4.50933333333333,0.145362000230841
"2784",20.5,"KPPR1",4.394,"Tn13F11","trial_1",4.4074,0.0815821992722386
"2785",20.5,"13F11",4.377,"Tn13F11","trial_1",4.51533333333333,0.144374897787362
"2786",20.75,"KPPR1",4.386,"Tn13F11","trial_1",4.409,0.0825967830573841
"2787",20.75,"13F11",4.37,"Tn13F11","trial_1",4.513,0.14752287958144
"2788",21,"KPPR1",4.386,"Tn13F11","trial_1",4.41066666666667,0.081657803211921
"2789",21,"13F11",4.369,"Tn13F11","trial_1",4.51633333333333,0.146334472281065
"2790",21.25,"KPPR1",4.388,"Tn13F11","trial_1",4.41073333333333,0.0809521002796255
"2791",21.25,"13F11",4.368,"Tn13F11","trial_1",4.51033333333333,0.146856316778604
"2792",21.5,"KPPR1",4.387,"Tn13F11","trial_1",4.4126,0.0808909789543338
"2793",21.5,"13F11",4.369,"Tn13F11","trial_1",4.51466666666667,0.149180353189613
"2794",21.75,"KPPR1",4.384,"Tn13F11","trial_1",4.41213333333333,0.0804136843759856
"2795",21.75,"13F11",4.368,"Tn13F11","trial_1",4.513,0.148010134788129
"2796",22,"KPPR1",4.388,"Tn13F11","trial_1",4.4162,0.0796890504517701
"2797",22,"13F11",4.371,"Tn13F11","trial_1",4.51733333333333,0.14833782764727
"2798",22.25,"KPPR1",4.39,"Tn13F11","trial_1",4.41813333333333,0.0789243077207925
"2799",22.25,"13F11",4.376,"Tn13F11","trial_1",4.51966666666667,0.149706750385916
"2800",22.5,"KPPR1",4.392,"Tn13F11","trial_1",4.41553333333333,0.0793596314955602
"2801",22.5,"13F11",4.375,"Tn13F11","trial_1",4.51333333333333,0.146915319524926
"2802",22.75,"KPPR1",4.395,"Tn13F11","trial_1",4.41493333333333,0.0798186913702768
"2803",22.75,"13F11",4.376,"Tn13F11","trial_1",4.515,0.147581615837926
"2804",23,"KPPR1",4.388,"Tn13F11","trial_1",4.4146,0.0787423042347027
"2805",23,"13F11",4.367,"Tn13F11","trial_1",4.51,0.148533946737214
"2806",23.25,"KPPR1",4.395,"Tn13F11","trial_1",4.4174,0.0787103672000195
"2807",23.25,"13F11",4.37,"Tn13F11","trial_1",4.51466666666667,0.151720503265416
"2808",23.5,"KPPR1",4.4,"Tn13F11","trial_1",4.41526666666667,0.0782261962374356
"2809",23.5,"13F11",4.377,"Tn13F11","trial_1",4.51266666666667,0.147829105538945
"2810",23.75,"KPPR1",4.398,"Tn13F11","trial_1",4.414,0.0775701832751047
"2811",23.75,"13F11",4.374,"Tn13F11","trial_1",4.50866666666667,0.148886235465577
"2812",24,"KPPR1",4.393,"Tn13F11","trial_1",4.41273333333333,0.077760282839645
"2813",24,"13F11",4.367,"Tn13F11","trial_1",4.50533333333333,0.148956742415747
"2814",0,"KPPR1",0.005,"Tn13F11","trial_2",0.00593333333333333,0.0022771466411711
"2815",0,"13F11",0.011,"Tn13F11","trial_2",0.00966666666666667,0.000881917103688197
"2816",0.25,"KPPR1",0.006,"Tn13F11","trial_2",0.0064,0.0024118753817606
"2817",0.25,"13F11",0.021,"Tn13F11","trial_2",0.0143333333333333,0.00352766841475279
"2818",0.5,"KPPR1",0.004,"Tn13F11","trial_2",0.00813333333333333,0.00246473540870428
"2819",0.5,"13F11",0.018,"Tn13F11","trial_2",0.012,0.00321455025366432
"2820",0.75,"KPPR1",0.004,"Tn13F11","trial_2",0.0116,0.00258898766757533
"2821",0.75,"13F11",0.021,"Tn13F11","trial_2",0.014,0.00360555127546399
"2822",1,"KPPR1",0.007,"Tn13F11","trial_2",0.0172,0.00284554790104522
"2823",1,"13F11",0.024,"Tn13F11","trial_2",0.019,0.00251661147842358
"2824",1.25,"KPPR1",0.014,"Tn13F11","trial_2",0.0281333333333333,0.00384567371850582
"2825",1.25,"13F11",0.027,"Tn13F11","trial_2",0.0263333333333333,0.00233333333333333
"2826",1.5,"KPPR1",0.029,"Tn13F11","trial_2",0.0489333333333333,0.00595816100316889
"2827",1.5,"13F11",0.035,"Tn13F11","trial_2",0.0403333333333333,0.00635959467611297
"2828",1.75,"KPPR1",0.055,"Tn13F11","trial_2",0.0852,0.00965509981206576
"2829",1.75,"13F11",0.041,"Tn13F11","trial_2",0.0613333333333333,0.0164957907088782
"2830",2,"KPPR1",0.103,"Tn13F11","trial_2",0.1438,0.0139632851912912
"2831",2,"13F11",0.063,"Tn13F11","trial_2",0.104,0.0302379452564709
"2832",2.25,"KPPR1",0.169,"Tn13F11","trial_2",0.2272,0.020821737725386
"2833",2.25,"13F11",0.117,"Tn13F11","trial_2",0.178,0.0468081189538738
"2834",2.5,"KPPR1",0.281,"Tn13F11","trial_2",0.355533333333333,0.0316979594756608
"2835",2.5,"13F11",0.174,"Tn13F11","trial_2",0.273,0.0736681749468521
"2836",2.75,"KPPR1",0.44,"Tn13F11","trial_2",0.585533333333333,0.0649722920186654
"2837",2.75,"13F11",0.27,"Tn13F11","trial_2",0.446,0.143806583066747
"2838",3,"KPPR1",0.805,"Tn13F11","trial_2",0.9096,0.0891258500260006
"2839",3,"13F11",0.403,"Tn13F11","trial_2",0.699333333333333,0.24801904048771
"2840",3.25,"KPPR1",1.354,"Tn13F11","trial_2",1.30306666666667,0.0845797153812204
"2841",3.25,"13F11",0.673,"Tn13F11","trial_2",1.05233333333333,0.261972856948535
"2842",3.5,"KPPR1",1.809,"Tn13F11","trial_2",1.6816,0.071117796312744
"2843",3.5,"13F11",1.245,"Tn13F11","trial_2",1.484,0.184071544061904
"2844",3.75,"KPPR1",2.199,"Tn13F11","trial_2",1.97326666666667,0.0620333602006032
"2845",3.75,"13F11",1.705,"Tn13F11","trial_2",1.847,0.132613473423078
"2846",4,"KPPR1",2.529,"Tn13F11","trial_2",2.2096,0.0627907939870472
"2847",4,"13F11",2.068,"Tn13F11","trial_2",2.12166666666667,0.0903886669395622
"2848",4.25,"KPPR1",2.775,"Tn13F11","trial_2",2.40013333333333,0.0628807538627616
"2849",4.25,"13F11",2.362,"Tn13F11","trial_2",2.346,0.066302337817003
"2850",4.5,"KPPR1",2.967,"Tn13F11","trial_2",2.55193333333333,0.0656584573065269
"2851",4.5,"13F11",2.599,"Tn13F11","trial_2",2.53,0.0670099495100045
"2852",4.75,"KPPR1",3.118,"Tn13F11","trial_2",2.67953333333333,0.0671075800605811
"2853",4.75,"13F11",2.793,"Tn13F11","trial_2",2.67433333333333,0.0766318761641945
"2854",5,"KPPR1",3.231,"Tn13F11","trial_2",2.7912,0.0681341953165117
"2855",5,"13F11",2.942,"Tn13F11","trial_2",2.79566666666667,0.0869910595661672
"2856",5.25,"KPPR1",3.341,"Tn13F11","trial_2",2.883,0.0700222413645428
"2857",5.25,"13F11",3.079,"Tn13F11","trial_2",2.90633333333333,0.0936826795327954
"2858",5.5,"KPPR1",3.428,"Tn13F11","trial_2",2.9648,0.0715650353574585
"2859",5.5,"13F11",3.18,"Tn13F11","trial_2",2.99066666666667,0.102264906547217
"2860",5.75,"KPPR1",3.521,"Tn13F11","trial_2",3.04846666666667,0.0734278308899721
"2861",5.75,"13F11",3.291,"Tn13F11","trial_2",3.07966666666667,0.111565127964691
"2862",6,"KPPR1",3.599,"Tn13F11","trial_2",3.11753333333333,0.0739235684220802
"2863",6,"13F11",3.373,"Tn13F11","trial_2",3.15633333333333,0.113221513464143
"2864",6.25,"KPPR1",3.679,"Tn13F11","trial_2",3.18466666666667,0.075419377746588
"2865",6.25,"13F11",3.461,"Tn13F11","trial_2",3.23366666666667,0.117418529675308
"2866",6.5,"KPPR1",3.753,"Tn13F11","trial_2",3.2474,0.0759300931621913
"2867",6.5,"13F11",3.54,"Tn13F11","trial_2",3.29633333333333,0.125409108299375
"2868",6.75,"KPPR1",3.817,"Tn13F11","trial_2",3.30606666666667,0.0776794675737397
"2869",6.75,"13F11",3.601,"Tn13F11","trial_2",3.35966666666667,0.125073756017977
"2870",7,"KPPR1",3.873,"Tn13F11","trial_2",3.35786666666667,0.0780905985846029
"2871",7,"13F11",3.662,"Tn13F11","trial_2",3.413,0.128557380184881
"2872",7.25,"KPPR1",3.934,"Tn13F11","trial_2",3.41266666666667,0.0788130800521182
"2873",7.25,"13F11",3.724,"Tn13F11","trial_2",3.47466666666667,0.127836266806846
"2874",7.5,"KPPR1",3.996,"Tn13F11","trial_2",3.46646666666667,0.0789987261299746
"2875",7.5,"13F11",3.783,"Tn13F11","trial_2",3.52266666666667,0.133144449544262
"2876",7.75,"KPPR1",4.044,"Tn13F11","trial_2",3.5172,0.079384429323688
"2877",7.75,"13F11",3.832,"Tn13F11","trial_2",3.57333333333333,0.132031982657402
"2878",8,"KPPR1",4.086,"Tn13F11","trial_2",3.55826666666667,0.0798513778195626
"2879",8,"13F11",3.885,"Tn13F11","trial_2",3.62333333333333,0.133918300135236
"2880",8.25,"KPPR1",4.135,"Tn13F11","trial_2",3.6082,0.0807083638788447
"2881",8.25,"13F11",3.935,"Tn13F11","trial_2",3.672,0.134098222707586
"2882",8.5,"KPPR1",4.178,"Tn13F11","trial_2",3.65086666666667,0.0807728069910062
"2883",8.5,"13F11",3.983,"Tn13F11","trial_2",3.71633333333333,0.135221217927431
"2884",8.75,"KPPR1",4.223,"Tn13F11","trial_2",3.69106666666667,0.0815741828128686
"2885",8.75,"13F11",4.026,"Tn13F11","trial_2",3.75966666666667,0.134915199703781
"2886",9,"KPPR1",4.258,"Tn13F11","trial_2",3.72766666666667,0.0821832833579437
"2887",9,"13F11",4.073,"Tn13F11","trial_2",3.801,0.137758242342639
"2888",9.25,"KPPR1",4.3,"Tn13F11","trial_2",3.7676,0.0828666053710075
"2889",9.25,"13F11",4.119,"Tn13F11","trial_2",3.84333333333333,0.138953629355663
"2890",9.5,"KPPR1",4.337,"Tn13F11","trial_2",3.80186666666667,0.0835817174510281
"2891",9.5,"13F11",4.162,"Tn13F11","trial_2",3.88,0.142205250723499
"2892",9.75,"KPPR1",4.37,"Tn13F11","trial_2",3.83706666666667,0.0838254119139279
"2893",9.75,"13F11",4.198,"Tn13F11","trial_2",3.91433333333333,0.142595387178003
"2894",10,"KPPR1",4.397,"Tn13F11","trial_2",3.8674,0.0835222126143699
"2895",10,"13F11",4.233,"Tn13F11","trial_2",3.95066666666667,0.142056717937277
"2896",10.25,"KPPR1",4.432,"Tn13F11","trial_2",3.90066666666667,0.0840863879288475
"2897",10.25,"13F11",4.265,"Tn13F11","trial_2",3.98066666666667,0.142758926554913
"2898",10.5,"KPPR1",4.465,"Tn13F11","trial_2",3.92973333333333,0.0842330365381923
"2899",10.5,"13F11",4.292,"Tn13F11","trial_2",4.011,0.141330581734221
"2900",10.75,"KPPR1",4.501,"Tn13F11","trial_2",3.95946666666667,0.0855038215056117
"2901",10.75,"13F11",4.331,"Tn13F11","trial_2",4.046,0.143039621550581
"2902",11,"KPPR1",4.521,"Tn13F11","trial_2",3.9826,0.085005646871252
"2903",11,"13F11",4.355,"Tn13F11","trial_2",4.07233333333333,0.141634898398821
"2904",11.25,"KPPR1",4.554,"Tn13F11","trial_2",4.01166666666667,0.0859724577528379
"2905",11.25,"13F11",4.387,"Tn13F11","trial_2",4.09833333333333,0.14479449038014
"2906",11.5,"KPPR1",4.582,"Tn13F11","trial_2",4.03526666666667,0.0857657089132762
"2907",11.5,"13F11",4.416,"Tn13F11","trial_2",4.12333333333333,0.14655639794215
"2908",11.75,"KPPR1",4.601,"Tn13F11","trial_2",4.05986666666667,0.0859405590076053
"2909",11.75,"13F11",4.44,"Tn13F11","trial_2",4.146,0.147163174741509
"2910",12,"KPPR1",4.627,"Tn13F11","trial_2",4.0824,0.0862307977244237
"2911",12,"13F11",4.468,"Tn13F11","trial_2",4.171,0.148704404776725
"2912",12.25,"KPPR1",4.637,"Tn13F11","trial_2",4.1036,0.0866267747018096
"2913",12.25,"13F11",4.484,"Tn13F11","trial_2",4.192,0.146055925361943
"2914",12.5,"KPPR1",4.661,"Tn13F11","trial_2",4.12393333333333,0.0865870586759865
"2915",12.5,"13F11",4.505,"Tn13F11","trial_2",4.21133333333333,0.146867665301492
"2916",12.75,"KPPR1",4.685,"Tn13F11","trial_2",4.14166666666667,0.086894334664726
"2917",12.75,"13F11",4.527,"Tn13F11","trial_2",4.23466666666667,0.146249026587454
"2918",13,"KPPR1",4.688,"Tn13F11","trial_2",4.1592,0.0860654900144568
"2919",13,"13F11",4.547,"Tn13F11","trial_2",4.252,0.147534176831449
"2920",13.25,"KPPR1",4.712,"Tn13F11","trial_2",4.1792,0.0853231504340996
"2921",13.25,"13F11",4.565,"Tn13F11","trial_2",4.273,0.146028536024071
"2922",13.5,"KPPR1",4.725,"Tn13F11","trial_2",4.19366666666667,0.0860251716576617
"2923",13.5,"13F11",4.583,"Tn13F11","trial_2",4.28766666666667,0.147667795330525
"2924",13.75,"KPPR1",4.738,"Tn13F11","trial_2",4.20666666666667,0.0859722915865043
"2925",13.75,"13F11",4.595,"Tn13F11","trial_2",4.30366666666667,0.145671243253811
"2926",14,"KPPR1",4.756,"Tn13F11","trial_2",4.22253333333333,0.0861040824576455
"2927",14,"13F11",4.611,"Tn13F11","trial_2",4.31866666666667,0.146166951729102
"2928",14.25,"KPPR1",4.764,"Tn13F11","trial_2",4.23453333333333,0.0865572679497258
"2929",14.25,"13F11",4.626,"Tn13F11","trial_2",4.333,0.146513935628436
"2930",14.5,"KPPR1",4.773,"Tn13F11","trial_2",4.2462,0.0857256532144703
"2931",14.5,"13F11",4.633,"Tn13F11","trial_2",4.346,0.143535129265742
"2932",14.75,"KPPR1",4.795,"Tn13F11","trial_2",4.26093333333333,0.0866735784789644
"2933",14.75,"13F11",4.661,"Tn13F11","trial_2",4.365,0.148040534989576
"2934",15,"KPPR1",4.793,"Tn13F11","trial_2",4.269,0.0853836719084593
"2935",15,"13F11",4.656,"Tn13F11","trial_2",4.36966666666667,0.14323213481773
"2936",15.25,"KPPR1",4.805,"Tn13F11","trial_2",4.27986666666667,0.0857704503819944
"2937",15.25,"13F11",4.668,"Tn13F11","trial_2",4.38266666666667,0.142761261474455
"2938",15.5,"KPPR1",4.813,"Tn13F11","trial_2",4.29033333333333,0.0860276625868605
"2939",15.5,"13F11",4.674,"Tn13F11","trial_2",4.39366666666667,0.140252549986722
"2940",15.75,"KPPR1",4.827,"Tn13F11","trial_2",4.30346666666667,0.0859494240356705
"2941",15.75,"13F11",4.687,"Tn13F11","trial_2",4.403,0.142198218460476
"2942",16,"KPPR1",4.83,"Tn13F11","trial_2",4.30906666666667,0.0858055646251158
"2943",16,"13F11",4.697,"Tn13F11","trial_2",4.40966666666667,0.143760603473661
"2944",16.25,"KPPR1",4.845,"Tn13F11","trial_2",4.31766666666667,0.0860656264921836
"2945",16.25,"13F11",4.708,"Tn13F11","trial_2",4.42066666666667,0.143893865207814
"2946",16.5,"KPPR1",4.853,"Tn13F11","trial_2",4.32853333333333,0.0859141247141401
"2947",16.5,"13F11",4.72,"Tn13F11","trial_2",4.43066666666667,0.144861236284169
"2948",16.75,"KPPR1",4.859,"Tn13F11","trial_2",4.33673333333333,0.0860019638018678
"2949",16.75,"13F11",4.734,"Tn13F11","trial_2",4.443,0.145603342452477
"2950",17,"KPPR1",4.867,"Tn13F11","trial_2",4.3456,0.0859542957180207
"2951",17,"13F11",4.749,"Tn13F11","trial_2",4.451,0.149160986856483
"2952",17.25,"KPPR1",4.87,"Tn13F11","trial_2",4.35493333333333,0.0851905129228806
"2953",17.25,"13F11",4.752,"Tn13F11","trial_2",4.45766666666667,0.147404583073631
"2954",17.5,"KPPR1",4.866,"Tn13F11","trial_2",4.35993333333333,0.085218848053069
"2955",17.5,"13F11",4.757,"Tn13F11","trial_2",4.46433333333333,0.146406208125809
"2956",17.75,"KPPR1",4.874,"Tn13F11","trial_2",4.3654,0.085261100380509
"2957",17.75,"13F11",4.77,"Tn13F11","trial_2",4.472,0.149071571177516
"2958",18,"KPPR1",4.877,"Tn13F11","trial_2",4.37206666666667,0.0848038895484145
"2959",18,"13F11",4.768,"Tn13F11","trial_2",4.47633333333333,0.145936439741569
"2960",18.25,"KPPR1",4.874,"Tn13F11","trial_2",4.37666666666667,0.0845040245120323
"2961",18.25,"13F11",4.769,"Tn13F11","trial_2",4.47966666666667,0.144781828202913
"2962",18.5,"KPPR1",4.879,"Tn13F11","trial_2",4.38086666666667,0.0846940638087726
"2963",18.5,"13F11",4.78,"Tn13F11","trial_2",4.48733333333333,0.146406208125809
"2964",18.75,"KPPR1",4.875,"Tn13F11","trial_2",4.38386666666667,0.0839029976572531
"2965",18.75,"13F11",4.784,"Tn13F11","trial_2",4.49333333333333,0.145362000230841
"2966",19,"KPPR1",4.883,"Tn13F11","trial_2",4.39006666666667,0.0835844293238688
"2967",19,"13F11",4.793,"Tn13F11","trial_2",4.49633333333333,0.148373777257903
"2968",19.25,"KPPR1",4.878,"Tn13F11","trial_2",4.3918,0.083096169185669
"2969",19.25,"13F11",4.785,"Tn13F11","trial_2",4.49633333333333,0.144362198807182
"2970",19.5,"KPPR1",4.884,"Tn13F11","trial_2",4.39573333333333,0.083362174056895
"2971",19.5,"13F11",4.794,"Tn13F11","trial_2",4.50066666666667,0.146684847358016
"2972",19.75,"KPPR1",4.883,"Tn13F11","trial_2",4.39706666666667,0.0829948057276947
"2973",19.75,"13F11",4.796,"Tn13F11","trial_2",4.503,0.146523035731587
"2974",20,"KPPR1",4.884,"Tn13F11","trial_2",4.3998,0.0823168211705181
"2975",20,"13F11",4.798,"Tn13F11","trial_2",4.506,0.146001141548049
"2976",20.25,"KPPR1",4.881,"Tn13F11","trial_2",4.40286666666667,0.0815382975555289
"2977",20.25,"13F11",4.8,"Tn13F11","trial_2",4.50933333333333,0.145362000230841
"2978",20.5,"KPPR1",4.889,"Tn13F11","trial_2",4.4074,0.0815821992722386
"2979",20.5,"13F11",4.804,"Tn13F11","trial_2",4.51533333333333,0.144374897787362
"2980",20.75,"KPPR1",4.891,"Tn13F11","trial_2",4.409,0.0825967830573841
"2981",20.75,"13F11",4.808,"Tn13F11","trial_2",4.513,0.14752287958144
"2982",21,"KPPR1",4.89,"Tn13F11","trial_2",4.41066666666667,0.081657803211921
"2983",21,"13F11",4.809,"Tn13F11","trial_2",4.51633333333333,0.146334472281065
"2984",21.25,"KPPR1",4.891,"Tn13F11","trial_2",4.41073333333333,0.0809521002796255
"2985",21.25,"13F11",4.804,"Tn13F11","trial_2",4.51033333333333,0.146856316778604
"2986",21.5,"KPPR1",4.897,"Tn13F11","trial_2",4.4126,0.0808909789543338
"2987",21.5,"13F11",4.813,"Tn13F11","trial_2",4.51466666666667,0.149180353189613
"2988",21.75,"KPPR1",4.894,"Tn13F11","trial_2",4.41213333333333,0.0804136843759856
"2989",21.75,"13F11",4.809,"Tn13F11","trial_2",4.513,0.148010134788129
"2990",22,"KPPR1",4.895,"Tn13F11","trial_2",4.4162,0.0796890504517701
"2991",22,"13F11",4.814,"Tn13F11","trial_2",4.51733333333333,0.14833782764727
"2992",22.25,"KPPR1",4.899,"Tn13F11","trial_2",4.41813333333333,0.0789243077207925
"2993",22.25,"13F11",4.819,"Tn13F11","trial_2",4.51966666666667,0.149706750385916
"2994",22.5,"KPPR1",4.891,"Tn13F11","trial_2",4.41553333333333,0.0793596314955602
"2995",22.5,"13F11",4.807,"Tn13F11","trial_2",4.51333333333333,0.146915319524926
"2996",22.75,"KPPR1",4.897,"Tn13F11","trial_2",4.41493333333333,0.0798186913702768
"2997",22.75,"13F11",4.81,"Tn13F11","trial_2",4.515,0.147581615837926
"2998",23,"KPPR1",4.893,"Tn13F11","trial_2",4.4146,0.0787423042347027
"2999",23,"13F11",4.807,"Tn13F11","trial_2",4.51,0.148533946737214
"3000",23.25,"KPPR1",4.901,"Tn13F11","trial_2",4.4174,0.0787103672000195
"3001",23.25,"13F11",4.818,"Tn13F11","trial_2",4.51466666666667,0.151720503265416
"3002",23.5,"KPPR1",4.89,"Tn13F11","trial_2",4.41526666666667,0.0782261962374356
"3003",23.5,"13F11",4.808,"Tn13F11","trial_2",4.51266666666667,0.147829105538945
"3004",23.75,"KPPR1",4.894,"Tn13F11","trial_2",4.414,0.0775701832751047
"3005",23.75,"13F11",4.806,"Tn13F11","trial_2",4.50866666666667,0.148886235465577
"3006",24,"KPPR1",4.895,"Tn13F11","trial_2",4.41273333333333,0.077760282839645
"3007",24,"13F11",4.803,"Tn13F11","trial_2",4.50533333333333,0.148956742415747
"3008",0,"KPPR1",0.006,"Tn13F11","trial_3",0.00593333333333333,0.0022771466411711
"3009",0,"13F11",0.008,"Tn13F11","trial_3",0.00966666666666667,0.000881917103688197
"3010",0.25,"KPPR1",0.008,"Tn13F11","trial_3",0.0064,0.0024118753817606
"3011",0.25,"13F11",0.009,"Tn13F11","trial_3",0.0143333333333333,0.00352766841475279
"3012",0.5,"KPPR1",0.01,"Tn13F11","trial_3",0.00813333333333333,0.00246473540870428
"3013",0.5,"13F11",0.007,"Tn13F11","trial_3",0.012,0.00321455025366432
"3014",0.75,"KPPR1",0.015,"Tn13F11","trial_3",0.0116,0.00258898766757533
"3015",0.75,"13F11",0.009,"Tn13F11","trial_3",0.014,0.00360555127546399
"3016",1,"KPPR1",0.024,"Tn13F11","trial_3",0.0172,0.00284554790104522
"3017",1,"13F11",0.017,"Tn13F11","trial_3",0.019,0.00251661147842358
"3018",1.25,"KPPR1",0.042,"Tn13F11","trial_3",0.0281333333333333,0.00384567371850582
"3019",1.25,"13F11",0.03,"Tn13F11","trial_3",0.0263333333333333,0.00233333333333333
"3020",1.5,"KPPR1",0.072,"Tn13F11","trial_3",0.0489333333333333,0.00595816100316889
"3021",1.5,"13F11",0.053,"Tn13F11","trial_3",0.0403333333333333,0.00635959467611297
"3022",1.75,"KPPR1",0.123,"Tn13F11","trial_3",0.0852,0.00965509981206576
"3023",1.75,"13F11",0.094,"Tn13F11","trial_3",0.0613333333333333,0.0164957907088782
"3024",2,"KPPR1",0.202,"Tn13F11","trial_3",0.1438,0.0139632851912912
"3025",2,"13F11",0.163,"Tn13F11","trial_3",0.104,0.0302379452564709
"3026",2.25,"KPPR1",0.303,"Tn13F11","trial_3",0.2272,0.020821737725386
"3027",2.25,"13F11",0.27,"Tn13F11","trial_3",0.178,0.0468081189538738
"3028",2.5,"KPPR1",0.507,"Tn13F11","trial_3",0.355533333333333,0.0316979594756608
"3029",2.5,"13F11",0.417,"Tn13F11","trial_3",0.273,0.0736681749468521
"3030",2.75,"KPPR1",0.99,"Tn13F11","trial_3",0.585533333333333,0.0649722920186654
"3031",2.75,"13F11",0.731,"Tn13F11","trial_3",0.446,0.143806583066747
"3032",3,"KPPR1",1.438,"Tn13F11","trial_3",0.9096,0.0891258500260006
"3033",3,"13F11",1.192,"Tn13F11","trial_3",0.699333333333333,0.24801904048771
"3034",3.25,"KPPR1",1.797,"Tn13F11","trial_3",1.30306666666667,0.0845797153812204
"3035",3.25,"13F11",1.555,"Tn13F11","trial_3",1.05233333333333,0.261972856948535
"3036",3.5,"KPPR1",2.085,"Tn13F11","trial_3",1.6816,0.071117796312744
"3037",3.5,"13F11",1.846,"Tn13F11","trial_3",1.484,0.184071544061904
"3038",3.75,"KPPR1",2.304,"Tn13F11","trial_3",1.97326666666667,0.0620333602006032
"3039",3.75,"13F11",2.112,"Tn13F11","trial_3",1.847,0.132613473423078
"3040",4,"KPPR1",2.475,"Tn13F11","trial_3",2.2096,0.0627907939870472
"3041",4,"13F11",2.298,"Tn13F11","trial_3",2.12166666666667,0.0903886669395622
"3042",4.25,"KPPR1",2.611,"Tn13F11","trial_3",2.40013333333333,0.0628807538627616
"3043",4.25,"13F11",2.452,"Tn13F11","trial_3",2.346,0.066302337817003
"3044",4.5,"KPPR1",2.731,"Tn13F11","trial_3",2.55193333333333,0.0656584573065269
"3045",4.5,"13F11",2.595,"Tn13F11","trial_3",2.53,0.0670099495100045
"3046",4.75,"KPPR1",2.836,"Tn13F11","trial_3",2.67953333333333,0.0671075800605811
"3047",4.75,"13F11",2.699,"Tn13F11","trial_3",2.67433333333333,0.0766318761641945
"3048",5,"KPPR1",2.923,"Tn13F11","trial_3",2.7912,0.0681341953165117
"3049",5,"13F11",2.804,"Tn13F11","trial_3",2.79566666666667,0.0869910595661672
"3050",5.25,"KPPR1",2.987,"Tn13F11","trial_3",2.883,0.0700222413645428
"3051",5.25,"13F11",2.883,"Tn13F11","trial_3",2.90633333333333,0.0936826795327954
"3052",5.5,"KPPR1",3.06,"Tn13F11","trial_3",2.9648,0.0715650353574585
"3053",5.5,"13F11",2.963,"Tn13F11","trial_3",2.99066666666667,0.102264906547217
"3054",5.75,"KPPR1",3.126,"Tn13F11","trial_3",3.04846666666667,0.0734278308899721
"3055",5.75,"13F11",3.036,"Tn13F11","trial_3",3.07966666666667,0.111565127964691
"3056",6,"KPPR1",3.182,"Tn13F11","trial_3",3.11753333333333,0.0739235684220802
"3057",6,"13F11",3.105,"Tn13F11","trial_3",3.15633333333333,0.113221513464143
"3058",6.25,"KPPR1",3.243,"Tn13F11","trial_3",3.18466666666667,0.075419377746588
"3059",6.25,"13F11",3.171,"Tn13F11","trial_3",3.23366666666667,0.117418529675308
"3060",6.5,"KPPR1",3.29,"Tn13F11","trial_3",3.2474,0.0759300931621913
"3061",6.5,"13F11",3.226,"Tn13F11","trial_3",3.29633333333333,0.125409108299375
"3062",6.75,"KPPR1",3.343,"Tn13F11","trial_3",3.30606666666667,0.0776794675737397
"3063",6.75,"13F11",3.296,"Tn13F11","trial_3",3.35966666666667,0.125073756017977
"3064",7,"KPPR1",3.393,"Tn13F11","trial_3",3.35786666666667,0.0780905985846029
"3065",7,"13F11",3.344,"Tn13F11","trial_3",3.413,0.128557380184881
"3066",7.25,"KPPR1",3.447,"Tn13F11","trial_3",3.41266666666667,0.0788130800521182
"3067",7.25,"13F11",3.399,"Tn13F11","trial_3",3.47466666666667,0.127836266806846
"3068",7.5,"KPPR1",3.489,"Tn13F11","trial_3",3.46646666666667,0.0789987261299746
"3069",7.5,"13F11",3.441,"Tn13F11","trial_3",3.52266666666667,0.133144449544262
"3070",7.75,"KPPR1",3.537,"Tn13F11","trial_3",3.5172,0.079384429323688
"3071",7.75,"13F11",3.49,"Tn13F11","trial_3",3.57333333333333,0.132031982657402
"3072",8,"KPPR1",3.573,"Tn13F11","trial_3",3.55826666666667,0.0798513778195626
"3073",8,"13F11",3.542,"Tn13F11","trial_3",3.62333333333333,0.133918300135236
"3074",8.25,"KPPR1",3.618,"Tn13F11","trial_3",3.6082,0.0807083638788447
"3075",8.25,"13F11",3.586,"Tn13F11","trial_3",3.672,0.134098222707586
"3076",8.5,"KPPR1",3.658,"Tn13F11","trial_3",3.65086666666667,0.0807728069910062
"3077",8.5,"13F11",3.622,"Tn13F11","trial_3",3.71633333333333,0.135221217927431
"3078",8.75,"KPPR1",3.689,"Tn13F11","trial_3",3.69106666666667,0.0815741828128686
"3079",8.75,"13F11",3.664,"Tn13F11","trial_3",3.75966666666667,0.134915199703781
"3080",9,"KPPR1",3.73,"Tn13F11","trial_3",3.72766666666667,0.0821832833579437
"3081",9,"13F11",3.703,"Tn13F11","trial_3",3.801,0.137758242342639
"3082",9.25,"KPPR1",3.765,"Tn13F11","trial_3",3.7676,0.0828666053710075
"3083",9.25,"13F11",3.736,"Tn13F11","trial_3",3.84333333333333,0.138953629355663
"3084",9.5,"KPPR1",3.792,"Tn13F11","trial_3",3.80186666666667,0.0835817174510281
"3085",9.5,"13F11",3.771,"Tn13F11","trial_3",3.88,0.142205250723499
"3086",9.75,"KPPR1",3.829,"Tn13F11","trial_3",3.83706666666667,0.0838254119139279
"3087",9.75,"13F11",3.798,"Tn13F11","trial_3",3.91433333333333,0.142595387178003
"3088",10,"KPPR1",3.86,"Tn13F11","trial_3",3.8674,0.0835222126143699
"3089",10,"13F11",3.837,"Tn13F11","trial_3",3.95066666666667,0.142056717937277
"3090",10.25,"KPPR1",3.891,"Tn13F11","trial_3",3.90066666666667,0.0840863879288475
"3091",10.25,"13F11",3.861,"Tn13F11","trial_3",3.98066666666667,0.142758926554913
"3092",10.5,"KPPR1",3.918,"Tn13F11","trial_3",3.92973333333333,0.0842330365381923
"3093",10.5,"13F11",3.897,"Tn13F11","trial_3",4.011,0.141330581734221
"3094",10.75,"KPPR1",3.938,"Tn13F11","trial_3",3.95946666666667,0.0855038215056117
"3095",10.75,"13F11",3.925,"Tn13F11","trial_3",4.046,0.143039621550581
"3096",11,"KPPR1",3.961,"Tn13F11","trial_3",3.9826,0.085005646871252
"3097",11,"13F11",3.947,"Tn13F11","trial_3",4.07233333333333,0.141634898398821
"3098",11.25,"KPPR1",3.991,"Tn13F11","trial_3",4.01166666666667,0.0859724577528379
"3099",11.25,"13F11",3.974,"Tn13F11","trial_3",4.09833333333333,0.14479449038014
"3100",11.5,"KPPR1",4.011,"Tn13F11","trial_3",4.03526666666667,0.0857657089132762
"3101",11.5,"13F11",3.991,"Tn13F11","trial_3",4.12333333333333,0.14655639794215
"3102",11.75,"KPPR1",4.038,"Tn13F11","trial_3",4.05986666666667,0.0859405590076053
"3103",11.75,"13F11",4.011,"Tn13F11","trial_3",4.146,0.147163174741509
"3104",12,"KPPR1",4.052,"Tn13F11","trial_3",4.0824,0.0862307977244237
"3105",12,"13F11",4.036,"Tn13F11","trial_3",4.171,0.148704404776725
"3106",12.25,"KPPR1",4.069,"Tn13F11","trial_3",4.1036,0.0866267747018096
"3107",12.25,"13F11",4.053,"Tn13F11","trial_3",4.192,0.146055925361943
"3108",12.5,"KPPR1",4.091,"Tn13F11","trial_3",4.12393333333333,0.0865870586759865
"3109",12.5,"13F11",4.07,"Tn13F11","trial_3",4.21133333333333,0.146867665301492
"3110",12.75,"KPPR1",4.106,"Tn13F11","trial_3",4.14166666666667,0.086894334664726
"3111",12.75,"13F11",4.097,"Tn13F11","trial_3",4.23466666666667,0.146249026587454
"3112",13,"KPPR1",4.126,"Tn13F11","trial_3",4.1592,0.0860654900144568
"3113",13,"13F11",4.11,"Tn13F11","trial_3",4.252,0.147534176831449
"3114",13.25,"KPPR1",4.14,"Tn13F11","trial_3",4.1792,0.0853231504340996
"3115",13.25,"13F11",4.132,"Tn13F11","trial_3",4.273,0.146028536024071
"3116",13.5,"KPPR1",4.156,"Tn13F11","trial_3",4.19366666666667,0.0860251716576617
"3117",13.5,"13F11",4.141,"Tn13F11","trial_3",4.28766666666667,0.147667795330525
"3118",13.75,"KPPR1",4.17,"Tn13F11","trial_3",4.20666666666667,0.0859722915865043
"3119",13.75,"13F11",4.16,"Tn13F11","trial_3",4.30366666666667,0.145671243253811
"3120",14,"KPPR1",4.183,"Tn13F11","trial_3",4.22253333333333,0.0861040824576455
"3121",14,"13F11",4.173,"Tn13F11","trial_3",4.31866666666667,0.146166951729102
"3122",14.25,"KPPR1",4.2,"Tn13F11","trial_3",4.23453333333333,0.0865572679497258
"3123",14.25,"13F11",4.183,"Tn13F11","trial_3",4.333,0.146513935628436
"3124",14.5,"KPPR1",4.208,"Tn13F11","trial_3",4.2462,0.0857256532144703
"3125",14.5,"13F11",4.197,"Tn13F11","trial_3",4.346,0.143535129265742
"3126",14.75,"KPPR1",4.224,"Tn13F11","trial_3",4.26093333333333,0.0866735784789644
"3127",14.75,"13F11",4.211,"Tn13F11","trial_3",4.365,0.148040534989576
"3128",15,"KPPR1",4.234,"Tn13F11","trial_3",4.269,0.0853836719084593
"3129",15,"13F11",4.219,"Tn13F11","trial_3",4.36966666666667,0.14323213481773
"3130",15.25,"KPPR1",4.241,"Tn13F11","trial_3",4.27986666666667,0.0857704503819944
"3131",15.25,"13F11",4.231,"Tn13F11","trial_3",4.38266666666667,0.142761261474455
"3132",15.5,"KPPR1",4.253,"Tn13F11","trial_3",4.29033333333333,0.0860276625868605
"3133",15.5,"13F11",4.245,"Tn13F11","trial_3",4.39366666666667,0.140252549986722
"3134",15.75,"KPPR1",4.266,"Tn13F11","trial_3",4.30346666666667,0.0859494240356705
"3135",15.75,"13F11",4.248,"Tn13F11","trial_3",4.403,0.142198218460476
"3136",16,"KPPR1",4.274,"Tn13F11","trial_3",4.30906666666667,0.0858055646251158
"3137",16,"13F11",4.257,"Tn13F11","trial_3",4.40966666666667,0.143760603473661
"3138",16.25,"KPPR1",4.281,"Tn13F11","trial_3",4.31766666666667,0.0860656264921836
"3139",16.25,"13F11",4.263,"Tn13F11","trial_3",4.42066666666667,0.143893865207814
"3140",16.5,"KPPR1",4.293,"Tn13F11","trial_3",4.32853333333333,0.0859141247141401
"3141",16.5,"13F11",4.273,"Tn13F11","trial_3",4.43066666666667,0.144861236284169
"3142",16.75,"KPPR1",4.303,"Tn13F11","trial_3",4.33673333333333,0.0860019638018678
"3143",16.75,"13F11",4.288,"Tn13F11","trial_3",4.443,0.145603342452477
"3144",17,"KPPR1",4.306,"Tn13F11","trial_3",4.3456,0.0859542957180207
"3145",17,"13F11",4.29,"Tn13F11","trial_3",4.451,0.149160986856483
"3146",17.25,"KPPR1",4.317,"Tn13F11","trial_3",4.35493333333333,0.0851905129228806
"3147",17.25,"13F11",4.296,"Tn13F11","trial_3",4.45766666666667,0.147404583073631
"3148",17.5,"KPPR1",4.327,"Tn13F11","trial_3",4.35993333333333,0.085218848053069
"3149",17.5,"13F11",4.31,"Tn13F11","trial_3",4.46433333333333,0.146406208125809
"3150",17.75,"KPPR1",4.331,"Tn13F11","trial_3",4.3654,0.085261100380509
"3151",17.75,"13F11",4.315,"Tn13F11","trial_3",4.472,0.149071571177516
"3152",18,"KPPR1",4.335,"Tn13F11","trial_3",4.37206666666667,0.0848038895484145
"3153",18,"13F11",4.321,"Tn13F11","trial_3",4.47633333333333,0.145936439741569
"3154",18.25,"KPPR1",4.343,"Tn13F11","trial_3",4.37666666666667,0.0845040245120323
"3155",18.25,"13F11",4.325,"Tn13F11","trial_3",4.47966666666667,0.144781828202913
"3156",18.5,"KPPR1",4.345,"Tn13F11","trial_3",4.38086666666667,0.0846940638087726
"3157",18.5,"13F11",4.333,"Tn13F11","trial_3",4.48733333333333,0.146406208125809
"3158",18.75,"KPPR1",4.349,"Tn13F11","trial_3",4.38386666666667,0.0839029976572531
"3159",18.75,"13F11",4.343,"Tn13F11","trial_3",4.49333333333333,0.145362000230841
"3160",19,"KPPR1",4.357,"Tn13F11","trial_3",4.39006666666667,0.0835844293238688
"3161",19,"13F11",4.342,"Tn13F11","trial_3",4.49633333333333,0.148373777257903
"3162",19.25,"KPPR1",4.365,"Tn13F11","trial_3",4.3918,0.083096169185669
"3163",19.25,"13F11",4.347,"Tn13F11","trial_3",4.49633333333333,0.144362198807182
"3164",19.5,"KPPR1",4.366,"Tn13F11","trial_3",4.39573333333333,0.083362174056895
"3165",19.5,"13F11",4.35,"Tn13F11","trial_3",4.50066666666667,0.146684847358016
"3166",19.75,"KPPR1",4.369,"Tn13F11","trial_3",4.39706666666667,0.0829948057276947
"3167",19.75,"13F11",4.352,"Tn13F11","trial_3",4.503,0.146523035731587
"3168",20,"KPPR1",4.381,"Tn13F11","trial_3",4.3998,0.0823168211705181
"3169",20,"13F11",4.359,"Tn13F11","trial_3",4.506,0.146001141548049
"3170",20.25,"KPPR1",4.377,"Tn13F11","trial_3",4.40286666666667,0.0815382975555289
"3171",20.25,"13F11",4.359,"Tn13F11","trial_3",4.50933333333333,0.145362000230841
"3172",20.5,"KPPR1",4.381,"Tn13F11","trial_3",4.4074,0.0815821992722386
"3173",20.5,"13F11",4.365,"Tn13F11","trial_3",4.51533333333333,0.144374897787362
"3174",20.75,"KPPR1",4.385,"Tn13F11","trial_3",4.409,0.0825967830573841
"3175",20.75,"13F11",4.361,"Tn13F11","trial_3",4.513,0.14752287958144
"3176",21,"KPPR1",4.388,"Tn13F11","trial_3",4.41066666666667,0.081657803211921
"3177",21,"13F11",4.371,"Tn13F11","trial_3",4.51633333333333,0.146334472281065
"3178",21.25,"KPPR1",4.381,"Tn13F11","trial_3",4.41073333333333,0.0809521002796255
"3179",21.25,"13F11",4.359,"Tn13F11","trial_3",4.51033333333333,0.146856316778604
"3180",21.5,"KPPR1",4.385,"Tn13F11","trial_3",4.4126,0.0808909789543338
"3181",21.5,"13F11",4.362,"Tn13F11","trial_3",4.51466666666667,0.149180353189613
"3182",21.75,"KPPR1",4.386,"Tn13F11","trial_3",4.41213333333333,0.0804136843759856
"3183",21.75,"13F11",4.362,"Tn13F11","trial_3",4.513,0.148010134788129
"3184",22,"KPPR1",4.39,"Tn13F11","trial_3",4.4162,0.0796890504517701
"3185",22,"13F11",4.367,"Tn13F11","trial_3",4.51733333333333,0.14833782764727
"3186",22.25,"KPPR1",4.39,"Tn13F11","trial_3",4.41813333333333,0.0789243077207925
"3187",22.25,"13F11",4.364,"Tn13F11","trial_3",4.51966666666667,0.149706750385916
"3188",22.5,"KPPR1",4.388,"Tn13F11","trial_3",4.41553333333333,0.0793596314955602
"3189",22.5,"13F11",4.358,"Tn13F11","trial_3",4.51333333333333,0.146915319524926
"3190",22.75,"KPPR1",4.388,"Tn13F11","trial_3",4.41493333333333,0.0798186913702768
"3191",22.75,"13F11",4.359,"Tn13F11","trial_3",4.515,0.147581615837926
"3192",23,"KPPR1",4.392,"Tn13F11","trial_3",4.4146,0.0787423042347027
"3193",23,"13F11",4.356,"Tn13F11","trial_3",4.51,0.148533946737214
"3194",23.25,"KPPR1",4.39,"Tn13F11","trial_3",4.4174,0.0787103672000195
"3195",23.25,"13F11",4.356,"Tn13F11","trial_3",4.51466666666667,0.151720503265416
"3196",23.5,"KPPR1",4.388,"Tn13F11","trial_3",4.41526666666667,0.0782261962374356
"3197",23.5,"13F11",4.353,"Tn13F11","trial_3",4.51266666666667,0.147829105538945
"3198",23.75,"KPPR1",4.386,"Tn13F11","trial_3",4.414,0.0775701832751047
"3199",23.75,"13F11",4.346,"Tn13F11","trial_3",4.50866666666667,0.148886235465577
"3200",24,"KPPR1",4.389,"Tn13F11","trial_3",4.41273333333333,0.077760282839645
"3201",24,"13F11",4.346,"Tn13F11","trial_3",4.50533333333333,0.148956742415747
"3202",0,"RHLR",0.017,"rhl_Pa","trial_1",-0.000666666666666666,0.0114066257548458
"3203",0,"PA14",0.039,"rhl_Pa","trial_1",0.00866666666666667,0.0165563012509169
"3204",0,"KPPR1",0.023,"rhl_Pa","trial_1",0.00593333333333333,0.0022771466411711
"3205",0,"RHLI",0.012,"rhl_Pa","trial_1",0.001,0.00665832811847939
"3206",0.25,"RHLR",0.018,"rhl_Pa","trial_1",-0.000666666666666668,0.0123468394516348
"3207",0.25,"PA14",0.048,"rhl_Pa","trial_1",0.0116666666666667,0.019341952101872
"3208",0.25,"KPPR1",0.027,"rhl_Pa","trial_1",0.0064,0.0024118753817606
"3209",0.25,"RHLI",0.011,"rhl_Pa","trial_1",-0.000333333333333334,0.00731057073315377
"3210",0.5,"RHLR",0.024,"rhl_Pa","trial_1",0.00366666666666667,0.0131698308434256
"3211",0.5,"PA14",0.052,"rhl_Pa","trial_1",0.016,0.0192873015219859
"3212",0.5,"KPPR1",0.033,"rhl_Pa","trial_1",0.00813333333333333,0.00246473540870428
"3213",0.5,"RHLI",0.01,"rhl_Pa","trial_1",0.001,0.00665832811847939
"3214",0.75,"RHLR",0.025,"rhl_Pa","trial_1",0.003,0.0136503968196288
"3215",0.75,"PA14",0.054,"rhl_Pa","trial_1",0.017,0.0196553639837408
"3216",0.75,"KPPR1",0.035,"rhl_Pa","trial_1",0.0116,0.00258898766757533
"3217",0.75,"RHLI",0.011,"rhl_Pa","trial_1",0.000333333333333333,0.00705533682950558
"3218",1,"RHLR",0.026,"rhl_Pa","trial_1",0.005,0.0137961347243833
"3219",1,"PA14",0.058,"rhl_Pa","trial_1",0.02,0.0202237484161567
"3220",1,"KPPR1",0.041,"rhl_Pa","trial_1",0.0172,0.00284554790104522
"3221",1,"RHLI",0.014,"rhl_Pa","trial_1",0.00266666666666667,0.00768837506311386
"3222",1.25,"RHLR",0.028,"rhl_Pa","trial_1",0.00566666666666667,0.0146780259042027
"3223",1.25,"PA14",0.064,"rhl_Pa","trial_1",0.0236666666666667,0.0216204635575754
"3224",1.25,"KPPR1",0.054,"rhl_Pa","trial_1",0.0281333333333333,0.00384567371850582
"3225",1.25,"RHLI",0.016,"rhl_Pa","trial_1",0.00433333333333333,0.00800694143297621
"3226",1.5,"RHLR",0.033,"rhl_Pa","trial_1",0.007,0.0156204993518133
"3227",1.5,"PA14",0.078,"rhl_Pa","trial_1",0.029,0.0253837218179946
"3228",1.5,"KPPR1",0.081,"rhl_Pa","trial_1",0.0489333333333333,0.00595816100316889
"3229",1.5,"RHLI",0.019,"rhl_Pa","trial_1",0.006,0.00781024967590665
"3230",1.75,"RHLR",0.041,"rhl_Pa","trial_1",0.0126666666666667,0.0158989866902824
"3231",1.75,"PA14",0.105,"rhl_Pa","trial_1",0.042,0.0317962261911693
"3232",1.75,"KPPR1",0.122,"rhl_Pa","trial_1",0.0852,0.00965509981206576
"3233",1.75,"RHLI",0.024,"rhl_Pa","trial_1",0.012,0.00642910050732864
"3234",2,"RHLR",0.051,"rhl_Pa","trial_1",0.0233333333333333,0.0146780259042027
"3235",2,"PA14",0.156,"rhl_Pa","trial_1",0.073,0.0415250928154692
"3236",2,"KPPR1",0.184,"rhl_Pa","trial_1",0.1438,0.0139632851912912
"3237",2,"RHLI",0.031,"rhl_Pa","trial_1",0.024,0.00378593889720018
"3238",2.25,"RHLR",0.072,"rhl_Pa","trial_1",0.043,0.0148436293854749
"3239",2.25,"PA14",0.183,"rhl_Pa","trial_1",0.0993333333333333,0.0441600623993118
"3240",2.25,"KPPR1",0.279,"rhl_Pa","trial_1",0.2272,0.020821737725386
"3241",2.25,"RHLI",0.038,"rhl_Pa","trial_1",0.0433333333333333,0.0118509258897541
"3242",2.5,"RHLR",0.104,"rhl_Pa","trial_1",0.0656666666666667,0.0201025150444195
"3243",2.5,"PA14",0.235,"rhl_Pa","trial_1",0.129333333333333,0.0562622826096173
"3244",2.5,"KPPR1",0.431,"rhl_Pa","trial_1",0.355533333333333,0.0316979594756608
"3245",2.5,"RHLI",0.062,"rhl_Pa","trial_1",0.0656666666666667,0.0142633952635564
"3246",2.75,"RHLR",0.166,"rhl_Pa","trial_1",0.125666666666667,0.0368887215524987
"3247",2.75,"PA14",0.276,"rhl_Pa","trial_1",0.166333333333333,0.0629347104369106
"3248",2.75,"KPPR1",0.689,"rhl_Pa","trial_1",0.585533333333333,0.0649722920186654
"3249",2.75,"RHLI",0.092,"rhl_Pa","trial_1",0.105,0.0293087017795057
"3250",3,"RHLR",0.22,"rhl_Pa","trial_1",0.153666666666667,0.0419536781595024
"3251",3,"PA14",0.355,"rhl_Pa","trial_1",0.225666666666667,0.078148007723237
"3252",3,"KPPR1",1.167,"rhl_Pa","trial_1",0.9096,0.0891258500260006
"3253",3,"RHLI",0.124,"rhl_Pa","trial_1",0.164333333333333,0.0619740088890317
"3254",3.25,"RHLR",0.275,"rhl_Pa","trial_1",0.197666666666667,0.053883619444544
"3255",3.25,"PA14",0.489,"rhl_Pa","trial_1",0.315666666666667,0.113896639302678
"3256",3.25,"KPPR1",1.544,"rhl_Pa","trial_1",1.30306666666667,0.0845797153812204
"3257",3.25,"RHLI",0.207,"rhl_Pa","trial_1",0.255333333333333,0.108102317787877
"3258",3.5,"RHLR",0.35,"rhl_Pa","trial_1",0.294,0.0646864230989265
"3259",3.5,"PA14",0.584,"rhl_Pa","trial_1",0.433666666666667,0.132265305772569
"3260",3.5,"KPPR1",1.853,"rhl_Pa","trial_1",1.6816,0.071117796312744
"3261",3.5,"RHLI",0.273,"rhl_Pa","trial_1",0.361333333333333,0.121205518759575
"3262",3.75,"RHLR",0.533,"rhl_Pa","trial_1",0.443,0.109024462086879
"3263",3.75,"PA14",0.744,"rhl_Pa","trial_1",0.573666666666667,0.161907724062539
"3264",3.75,"KPPR1",2.09,"rhl_Pa","trial_1",1.97326666666667,0.0620333602006032
"3265",3.75,"RHLI",0.372,"rhl_Pa","trial_1",0.469333333333333,0.139261544504496
"3266",4,"RHLR",0.647,"rhl_Pa","trial_1",0.574666666666667,0.103247814074251
"3267",4,"PA14",0.912,"rhl_Pa","trial_1",0.716,0.165967868376181
"3268",4,"KPPR1",2.285,"rhl_Pa","trial_1",2.2096,0.0627907939870472
"3269",4,"RHLI",0.535,"rhl_Pa","trial_1",0.625666666666667,0.141955783413162
"3270",4.25,"RHLR",0.758,"rhl_Pa","trial_1",0.702333333333333,0.0923405532676612
"3271",4.25,"PA14",0.96,"rhl_Pa","trial_1",0.847,0.155270731305034
"3272",4.25,"KPPR1",2.432,"rhl_Pa","trial_1",2.40013333333333,0.0628807538627616
"3273",4.25,"RHLI",0.635,"rhl_Pa","trial_1",0.774,0.16935859391638
"3274",4.5,"RHLR",0.882,"rhl_Pa","trial_1",0.85,0.0954585424848574
"3275",4.5,"PA14",1.115,"rhl_Pa","trial_1",1.02,0.16876907299621
"3276",4.5,"KPPR1",2.557,"rhl_Pa","trial_1",2.55193333333333,0.0656584573065269
"3277",4.5,"RHLI",0.754,"rhl_Pa","trial_1",0.919333333333333,0.178491207377594
"3278",4.75,"RHLR",1.019,"rhl_Pa","trial_1",0.990666666666667,0.118915002324256
"3279",4.75,"PA14",1.285,"rhl_Pa","trial_1",1.17,0.198736844428338
"3280",4.75,"KPPR1",2.658,"rhl_Pa","trial_1",2.67953333333333,0.0671075800605811
"3281",4.75,"RHLI",0.876,"rhl_Pa","trial_1",1.066,0.197547462651384
"3282",5,"RHLR",1.22,"rhl_Pa","trial_1",1.16466666666667,0.138469410982274
"3283",5,"PA14",1.525,"rhl_Pa","trial_1",1.372,0.23207541877588
"3284",5,"KPPR1",2.76,"rhl_Pa","trial_1",2.7912,0.0681341953165117
"3285",5,"RHLI",1.016,"rhl_Pa","trial_1",1.23666666666667,0.220166855917153
"3286",5.25,"RHLR",1.384,"rhl_Pa","trial_1",1.35733333333333,0.164508696156498
"3287",5.25,"PA14",1.806,"rhl_Pa","trial_1",1.62433333333333,0.266797259689409
"3288",5.25,"KPPR1",2.844,"rhl_Pa","trial_1",2.883,0.0700222413645428
"3289",5.25,"RHLI",1.176,"rhl_Pa","trial_1",1.44333333333333,0.256411994865902
"3290",5.5,"RHLR",1.623,"rhl_Pa","trial_1",1.597,0.19384873828151
"3291",5.5,"PA14",2.114,"rhl_Pa","trial_1",1.87266666666667,0.300142928915172
"3292",5.5,"KPPR1",2.922,"rhl_Pa","trial_1",2.9648,0.0715650353574585
"3293",5.5,"RHLI",1.366,"rhl_Pa","trial_1",1.637,0.265518988649274
"3294",5.75,"RHLR",1.874,"rhl_Pa","trial_1",1.84366666666667,0.220204702745221
"3295",5.75,"PA14",2.466,"rhl_Pa","trial_1",2.156,0.327655815351007
"3296",5.75,"KPPR1",2.998,"rhl_Pa","trial_1",3.04846666666667,0.0734278308899721
"3297",5.75,"RHLI",1.64,"rhl_Pa","trial_1",1.88966666666667,0.253174731054354
"3298",6,"RHLR",2.187,"rhl_Pa","trial_1",2.119,0.238571442828628
"3299",6,"PA14",2.78,"rhl_Pa","trial_1",2.43666666666667,0.334869294567962
"3300",6,"KPPR1",3.061,"rhl_Pa","trial_1",3.11753333333333,0.0739235684220802
"3301",6,"RHLI",1.876,"rhl_Pa","trial_1",2.13533333333333,0.243997495433412
"3302",6.25,"RHLR",2.436,"rhl_Pa","trial_1",2.38166666666667,0.225939765817746
"3303",6.25,"PA14",3.02,"rhl_Pa","trial_1",2.67666666666667,0.329925412446174
"3304",6.25,"KPPR1",3.107,"rhl_Pa","trial_1",3.18466666666667,0.075419377746588
"3305",6.25,"RHLI",2.166,"rhl_Pa","trial_1",2.36933333333333,0.204835164081865
"3306",6.5,"RHLR",2.669,"rhl_Pa","trial_1",2.62,0.207278395722597
"3307",6.5,"PA14",3.237,"rhl_Pa","trial_1",2.906,0.298128048551849
"3308",6.5,"KPPR1",3.17,"rhl_Pa","trial_1",3.2474,0.0759300931621913
"3309",6.5,"RHLI",2.409,"rhl_Pa","trial_1",2.582,0.184109568826102
"3310",6.75,"RHLR",2.831,"rhl_Pa","trial_1",2.81566666666667,0.188372267362027
"3311",6.75,"PA14",3.353,"rhl_Pa","trial_1",3.074,0.264632449509378
"3312",6.75,"KPPR1",3.219,"rhl_Pa","trial_1",3.30606666666667,0.0776794675737397
"3313",6.75,"RHLI",2.622,"rhl_Pa","trial_1",2.76133333333333,0.161311637659669
"3314",7,"RHLR",3.004,"rhl_Pa","trial_1",2.999,0.176398223724995
"3315",7,"PA14",3.705,"rhl_Pa","trial_1",3.30433333333333,0.289924894488977
"3316",7,"KPPR1",3.269,"rhl_Pa","trial_1",3.35786666666667,0.0780905985846029
"3317",7,"RHLI",2.79,"rhl_Pa","trial_1",2.91266666666667,0.15364605790944
"3318",7.25,"RHLR",3.171,"rhl_Pa","trial_1",3.15366666666667,0.169385490655028
"3319",7.25,"PA14",3.694,"rhl_Pa","trial_1",3.39033333333333,0.250685947840011
"3320",7.25,"KPPR1",3.317,"rhl_Pa","trial_1",3.41266666666667,0.0788130800521182
"3321",7.25,"RHLI",2.958,"rhl_Pa","trial_1",3.05,0.128597563481325
"3322",7.5,"RHLR",3.292,"rhl_Pa","trial_1",3.28866666666667,0.159357390094648
"3323",7.5,"PA14",3.832,"rhl_Pa","trial_1",3.52133333333333,0.242703065035812
"3324",7.5,"KPPR1",3.368,"rhl_Pa","trial_1",3.46646666666667,0.0789987261299746
"3325",7.5,"RHLI",3.074,"rhl_Pa","trial_1",3.16866666666667,0.124794942917483
"3326",7.75,"RHLR",3.413,"rhl_Pa","trial_1",3.40666666666667,0.154473658308176
"3327",7.75,"PA14",3.854,"rhl_Pa","trial_1",3.608,0.222432012084592
"3328",7.75,"KPPR1",3.425,"rhl_Pa","trial_1",3.5172,0.079384429323688
"3329",7.75,"RHLI",3.189,"rhl_Pa","trial_1",3.283,0.118810773922233
"3330",8,"RHLR",3.596,"rhl_Pa","trial_1",3.55,0.135905604495669
"3331",8,"PA14",3.982,"rhl_Pa","trial_1",3.71566666666667,0.209221042069015
"3332",8,"KPPR1",3.458,"rhl_Pa","trial_1",3.55826666666667,0.0798513778195626
"3333",8,"RHLI",3.285,"rhl_Pa","trial_1",3.37666666666667,0.114903341020954
"3334",8.25,"RHLR",3.74,"rhl_Pa","trial_1",3.66,0.131515525065801
"3335",8.25,"PA14",4.097,"rhl_Pa","trial_1",3.841,0.198154821625247
"3336",8.25,"KPPR1",3.511,"rhl_Pa","trial_1",3.6082,0.0807083638788447
"3337",8.25,"RHLI",3.385,"rhl_Pa","trial_1",3.463,0.111
"3338",8.5,"RHLR",3.763,"rhl_Pa","trial_1",3.73866666666667,0.1066401008585
"3339",8.5,"PA14",4.124,"rhl_Pa","trial_1",3.89133333333333,0.188546487047035
"3340",8.5,"KPPR1",3.535,"rhl_Pa","trial_1",3.65086666666667,0.0807728069910062
"3341",8.5,"RHLI",3.496,"rhl_Pa","trial_1",3.557,0.105815877825589
"3342",8.75,"RHLR",3.883,"rhl_Pa","trial_1",3.82733333333333,0.110656123995818
"3343",8.75,"PA14",4.184,"rhl_Pa","trial_1",3.94966666666667,0.174722955306712
"3344",8.75,"KPPR1",3.575,"rhl_Pa","trial_1",3.69106666666667,0.0815741828128686
"3345",8.75,"RHLI",3.558,"rhl_Pa","trial_1",3.62133333333333,0.108640589918215
"3346",9,"RHLR",3.932,"rhl_Pa","trial_1",3.88,0.104328008383815
"3347",9,"PA14",4.237,"rhl_Pa","trial_1",4.01966666666667,0.168037032955371
"3348",9,"KPPR1",3.619,"rhl_Pa","trial_1",3.72766666666667,0.0821832833579437
"3349",9,"RHLI",3.667,"rhl_Pa","trial_1",3.707,0.102996763703203
"3350",9.25,"RHLR",4.041,"rhl_Pa","trial_1",3.988,0.0749866654812709
"3351",9.25,"PA14",4.325,"rhl_Pa","trial_1",4.09433333333333,0.171566637523474
"3352",9.25,"KPPR1",3.653,"rhl_Pa","trial_1",3.7676,0.0828666053710075
"3353",9.25,"RHLI",3.754,"rhl_Pa","trial_1",3.793,0.098086696345631
"3354",9.5,"RHLR",4.166,"rhl_Pa","trial_1",4.08066666666667,0.0704043874895435
"3355",9.5,"PA14",4.382,"rhl_Pa","trial_1",4.13333333333333,0.177329573894987
"3356",9.5,"KPPR1",3.681,"rhl_Pa","trial_1",3.80186666666667,0.0835817174510281
"3357",9.5,"RHLI",3.841,"rhl_Pa","trial_1",3.867,0.0950017543697659
"3358",9.75,"RHLR",4.18,"rhl_Pa","trial_1",4.12,0.0526782687642638
"3359",9.75,"PA14",4.397,"rhl_Pa","trial_1",4.194,0.142200562586792
"3360",9.75,"KPPR1",3.713,"rhl_Pa","trial_1",3.83706666666667,0.0838254119139279
"3361",9.75,"RHLI",3.926,"rhl_Pa","trial_1",3.93666666666667,0.0821570312132673
"3362",10,"RHLR",4.23,"rhl_Pa","trial_1",4.17366666666667,0.0344979870588289
"3363",10,"PA14",4.442,"rhl_Pa","trial_1",4.23966666666667,0.138367064160675
"3364",10,"KPPR1",3.744,"rhl_Pa","trial_1",3.8674,0.0835222126143699
"3365",10,"RHLI",4,"rhl_Pa","trial_1",3.991,0.0772075125878304
"3366",10.25,"RHLR",4.265,"rhl_Pa","trial_1",4.231,0.0199248588451713
"3367",10.25,"PA14",4.48,"rhl_Pa","trial_1",4.29133333333333,0.131225420978982
"3368",10.25,"KPPR1",3.777,"rhl_Pa","trial_1",3.90066666666667,0.0840863879288475
"3369",10.25,"RHLI",4.084,"rhl_Pa","trial_1",4.05333333333333,0.0703949177458461
"3370",10.5,"RHLR",4.294,"rhl_Pa","trial_1",4.26466666666667,0.0424512792635405
"3371",10.5,"PA14",4.496,"rhl_Pa","trial_1",4.31433333333333,0.120634894527984
"3372",10.5,"KPPR1",3.803,"rhl_Pa","trial_1",3.92973333333333,0.0842330365381923
"3373",10.5,"RHLI",4.139,"rhl_Pa","trial_1",4.111,0.0554887375960206
"3374",10.75,"RHLR",4.33,"rhl_Pa","trial_1",4.26566666666667,0.0537101273297484
"3375",10.75,"PA14",4.509,"rhl_Pa","trial_1",4.352,0.0993596162096721
"3376",10.75,"KPPR1",3.83,"rhl_Pa","trial_1",3.95946666666667,0.0855038215056117
"3377",10.75,"RHLI",4.227,"rhl_Pa","trial_1",4.15933333333333,0.0556367184909789
"3378",11,"RHLR",4.355,"rhl_Pa","trial_1",4.26766666666667,0.0775485511004414
"3379",11,"PA14",4.524,"rhl_Pa","trial_1",4.352,0.0942991693141214
"3380",11,"KPPR1",3.862,"rhl_Pa","trial_1",3.9826,0.085005646871252
"3381",11,"RHLI",4.266,"rhl_Pa","trial_1",4.18833333333333,0.055426628177358
"3382",11.25,"RHLR",4.348,"rhl_Pa","trial_1",4.25666666666667,0.0989281445180176
"3383",11.25,"PA14",4.531,"rhl_Pa","trial_1",4.356,0.0880814017448253
"3384",11.25,"KPPR1",3.889,"rhl_Pa","trial_1",4.01166666666667,0.0859724577528379
"3385",11.25,"RHLI",4.274,"rhl_Pa","trial_1",4.216,0.0340783411176856
"3386",11.5,"RHLR",4.395,"rhl_Pa","trial_1",4.26233333333333,0.126714026234054
"3387",11.5,"PA14",4.495,"rhl_Pa","trial_1",4.32866666666667,0.0845622715977863
"3388",11.5,"KPPR1",3.907,"rhl_Pa","trial_1",4.03526666666667,0.0857657089132762
"3389",11.5,"RHLI",4.285,"rhl_Pa","trial_1",4.23733333333333,0.0238350815209663
"3390",11.75,"RHLR",4.4,"rhl_Pa","trial_1",4.232,0.136337815737234
"3391",11.75,"PA14",4.467,"rhl_Pa","trial_1",4.29066666666667,0.0925064562311433
"3392",11.75,"KPPR1",3.933,"rhl_Pa","trial_1",4.05986666666667,0.0859405590076053
"3393",11.75,"RHLI",4.293,"rhl_Pa","trial_1",4.21966666666667,0.0403085323198177
"3394",12,"RHLR",4.397,"rhl_Pa","trial_1",4.22333333333333,0.159871128656108
"3395",12,"PA14",4.454,"rhl_Pa","trial_1",4.28133333333333,0.102906645935905
"3396",12,"KPPR1",3.953,"rhl_Pa","trial_1",4.0824,0.0862307977244237
"3397",12,"RHLI",4.324,"rhl_Pa","trial_1",4.254,0.0359212100761282
"3398",12.25,"RHLR",4.43,"rhl_Pa","trial_1",4.21833333333333,0.175046977821511
"3399",12.25,"PA14",4.421,"rhl_Pa","trial_1",4.26466666666667,0.110182172383336
"3400",12.25,"KPPR1",3.973,"rhl_Pa","trial_1",4.1036,0.0866267747018096
"3401",12.25,"RHLI",4.332,"rhl_Pa","trial_1",4.266,0.0402781992315116
"3402",12.5,"RHLR",4.403,"rhl_Pa","trial_1",4.19033333333333,0.191089275238332
"3403",12.5,"PA14",4.391,"rhl_Pa","trial_1",4.24766666666667,0.120598968117937
"3404",12.5,"KPPR1",3.996,"rhl_Pa","trial_1",4.12393333333333,0.0865870586759865
"3405",12.5,"RHLI",4.339,"rhl_Pa","trial_1",4.27333333333333,0.0416906597586453
"3406",12.75,"RHLR",4.416,"rhl_Pa","trial_1",4.18333333333333,0.198229104265185
"3407",12.75,"PA14",4.336,"rhl_Pa","trial_1",4.21166666666667,0.129365545816668
"3408",12.75,"KPPR1",4.006,"rhl_Pa","trial_1",4.14166666666667,0.086894334664726
"3409",12.75,"RHLI",4.321,"rhl_Pa","trial_1",4.25533333333333,0.0442957233952793
"3410",13,"RHLR",4.408,"rhl_Pa","trial_1",4.15766666666667,0.208352532448679
"3411",13,"PA14",4.319,"rhl_Pa","trial_1",4.17533333333333,0.13379129684367
"3412",13,"KPPR1",4.034,"rhl_Pa","trial_1",4.1592,0.0860654900144568
"3413",13,"RHLI",4.31,"rhl_Pa","trial_1",4.253,0.0492172056636022
"3414",13.25,"RHLR",4.403,"rhl_Pa","trial_1",4.14033333333333,0.206050425327825
"3415",13.25,"PA14",4.266,"rhl_Pa","trial_1",4.12633333333333,0.1406678514958
"3416",13.25,"KPPR1",4.046,"rhl_Pa","trial_1",4.1792,0.0853231504340996
"3417",13.25,"RHLI",4.284,"rhl_Pa","trial_1",4.237,0.0435469095727047
"3418",13.5,"RHLR",4.385,"rhl_Pa","trial_1",4.11166666666667,0.20861634110917
"3419",13.5,"PA14",4.225,"rhl_Pa","trial_1",4.09433333333333,0.15006813267461
"3420",13.5,"KPPR1",4.062,"rhl_Pa","trial_1",4.19366666666667,0.0860251716576617
"3421",13.5,"RHLI",4.255,"rhl_Pa","trial_1",4.20733333333333,0.0437276927256756
"3422",13.75,"RHLR",4.363,"rhl_Pa","trial_1",4.08533333333333,0.210692772644067
"3423",13.75,"PA14",4.182,"rhl_Pa","trial_1",4.05366666666667,0.150868964483901
"3424",13.75,"KPPR1",4.073,"rhl_Pa","trial_1",4.20666666666667,0.0859722915865043
"3425",13.75,"RHLI",4.226,"rhl_Pa","trial_1",4.17966666666667,0.0390740038616184
"3426",14,"RHLR",4.365,"rhl_Pa","trial_1",4.06,0.222868421570516
"3427",14,"PA14",4.17,"rhl_Pa","trial_1",4.03433333333333,0.148342321825042
"3428",14,"KPPR1",4.099,"rhl_Pa","trial_1",4.22253333333333,0.0861040824576455
"3429",14,"RHLI",4.221,"rhl_Pa","trial_1",4.157,0.0408574758561187
"3430",14.25,"RHLR",4.323,"rhl_Pa","trial_1",4.04966666666667,0.211686350790766
"3431",14.25,"PA14",4.113,"rhl_Pa","trial_1",3.97966666666667,0.154287970295087
"3432",14.25,"KPPR1",4.104,"rhl_Pa","trial_1",4.23453333333333,0.0865572679497258
"3433",14.25,"RHLI",4.198,"rhl_Pa","trial_1",4.13233333333333,0.0393290958169366
"3434",14.5,"RHLR",4.308,"rhl_Pa","trial_1",4.036,0.216155036952647
"3435",14.5,"PA14",4.076,"rhl_Pa","trial_1",3.95933333333333,0.149810250353943
"3436",14.5,"KPPR1",4.111,"rhl_Pa","trial_1",4.2462,0.0857256532144703
"3437",14.5,"RHLI",4.178,"rhl_Pa","trial_1",4.10833333333333,0.0395656978258243
"3438",14.75,"RHLR",4.269,"rhl_Pa","trial_1",4.01266666666667,0.211543796358527
"3439",14.75,"PA14",4.025,"rhl_Pa","trial_1",3.922,0.157335098860151
"3440",14.75,"KPPR1",4.12,"rhl_Pa","trial_1",4.26093333333333,0.0866735784789644
"3441",14.75,"RHLI",4.159,"rhl_Pa","trial_1",4.09133333333333,0.0376223928590998
"3442",15,"RHLR",4.256,"rhl_Pa","trial_1",3.97433333333333,0.215490396795567
"3443",15,"PA14",3.996,"rhl_Pa","trial_1",3.901,0.155521702665577
"3444",15,"KPPR1",4.131,"rhl_Pa","trial_1",4.269,0.0853836719084593
"3445",15,"RHLI",4.134,"rhl_Pa","trial_1",4.06366666666667,0.0395909641767469
"3446",15.25,"RHLR",4.265,"rhl_Pa","trial_1",3.97533333333333,0.220292482345126
"3447",15.25,"PA14",4.009,"rhl_Pa","trial_1",3.88833333333333,0.161246533123799
"3448",15.25,"KPPR1",4.151,"rhl_Pa","trial_1",4.27986666666667,0.0857704503819944
"3449",15.25,"RHLI",4.113,"rhl_Pa","trial_1",4.04466666666667,0.0389800518784217
"3450",15.5,"RHLR",4.25,"rhl_Pa","trial_1",3.95933333333333,0.214818786681033
"3451",15.5,"PA14",3.983,"rhl_Pa","trial_1",3.85866666666667,0.173468857275433
"3452",15.5,"KPPR1",4.163,"rhl_Pa","trial_1",4.29033333333333,0.0860276625868605
"3453",15.5,"RHLI",4.091,"rhl_Pa","trial_1",4.02333333333333,0.0381415492314848
"3454",15.75,"RHLR",4.205,"rhl_Pa","trial_1",3.93166666666667,0.203005199714468
"3455",15.75,"PA14",3.935,"rhl_Pa","trial_1",3.831,0.175872112627329
"3456",15.75,"KPPR1",4.175,"rhl_Pa","trial_1",4.30346666666667,0.0859494240356705
"3457",15.75,"RHLI",4.057,"rhl_Pa","trial_1",3.99766666666667,0.0316298031047374
"3458",16,"RHLR",4.146,"rhl_Pa","trial_1",3.902,0.188549728188613
"3459",16,"PA14",3.89,"rhl_Pa","trial_1",3.8,0.181191427317446
"3460",16,"KPPR1",4.177,"rhl_Pa","trial_1",4.30906666666667,0.0858055646251158
"3461",16,"RHLI",4.022,"rhl_Pa","trial_1",3.97633333333333,0.0249688695067368
"3462",16.25,"RHLR",4.114,"rhl_Pa","trial_1",3.87,0.186358078261537
"3463",16.25,"PA14",3.862,"rhl_Pa","trial_1",3.774,0.178146943092867
"3464",16.25,"KPPR1",4.186,"rhl_Pa","trial_1",4.31766666666667,0.0860656264921836
"3465",16.25,"RHLI",3.992,"rhl_Pa","trial_1",3.95366666666667,0.0197849550023356
"3466",16.5,"RHLR",4.09,"rhl_Pa","trial_1",3.86066666666667,0.181194493416451
"3467",16.5,"PA14",3.844,"rhl_Pa","trial_1",3.76133333333333,0.186503202236435
"3468",16.5,"KPPR1",4.2,"rhl_Pa","trial_1",4.32853333333333,0.0859141247141401
"3469",16.5,"RHLI",3.965,"rhl_Pa","trial_1",3.927,0.0193132079158279
"3470",16.75,"RHLR",4.059,"rhl_Pa","trial_1",3.82633333333333,0.176541150380804
"3471",16.75,"PA14",3.811,"rhl_Pa","trial_1",3.74166666666667,0.182871843407101
"3472",16.75,"KPPR1",4.206,"rhl_Pa","trial_1",4.33673333333333,0.0860019638018678
"3473",16.75,"RHLI",3.933,"rhl_Pa","trial_1",3.895,0.0202237484161567
"3474",17,"RHLR",4.03,"rhl_Pa","trial_1",3.79666666666667,0.172891423860307
"3475",17,"PA14",3.789,"rhl_Pa","trial_1",3.722,0.188616895673037
"3476",17,"KPPR1",4.217,"rhl_Pa","trial_1",4.3456,0.0859542957180207
"3477",17,"RHLI",3.904,"rhl_Pa","trial_1",3.865,0.021221058723196
"3478",17.25,"RHLR",4.004,"rhl_Pa","trial_1",3.77666666666667,0.171745289438879
"3479",17.25,"PA14",3.76,"rhl_Pa","trial_1",3.701,0.190228809595182
"3480",17.25,"KPPR1",4.225,"rhl_Pa","trial_1",4.35493333333333,0.0851905129228806
"3481",17.25,"RHLI",3.88,"rhl_Pa","trial_1",3.84,0.0215715862498179
"3482",17.5,"RHLR",3.975,"rhl_Pa","trial_1",3.747,0.171966081927028
"3483",17.5,"PA14",3.739,"rhl_Pa","trial_1",3.68166666666667,0.18696286024532
"3484",17.5,"KPPR1",4.23,"rhl_Pa","trial_1",4.35993333333333,0.085218848053069
"3485",17.5,"RHLI",3.851,"rhl_Pa","trial_1",3.81233333333333,0.0214268782399842
"3486",17.75,"RHLR",3.961,"rhl_Pa","trial_1",3.72766666666667,0.163337414914989
"3487",17.75,"PA14",3.731,"rhl_Pa","trial_1",3.665,0.191087240111247
"3488",17.75,"KPPR1",4.244,"rhl_Pa","trial_1",4.3654,0.085261100380509
"3489",17.75,"RHLI",3.821,"rhl_Pa","trial_1",3.77633333333333,0.0225191276720728
"3490",18,"RHLR",3.923,"rhl_Pa","trial_1",3.71133333333333,0.156846350858979
"3491",18,"PA14",3.7,"rhl_Pa","trial_1",3.64933333333333,0.191630141447297
"3492",18,"KPPR1",4.247,"rhl_Pa","trial_1",4.37206666666667,0.0848038895484145
"3493",18,"RHLI",3.786,"rhl_Pa","trial_1",3.75166666666667,0.0180215919878843
"3494",18.25,"RHLR",3.903,"rhl_Pa","trial_1",3.68366666666667,0.158413313133012
"3495",18.25,"PA14",3.68,"rhl_Pa","trial_1",3.63266666666667,0.19542802028141
"3496",18.25,"KPPR1",4.258,"rhl_Pa","trial_1",4.37666666666667,0.0845040245120323
"3497",18.25,"RHLI",3.763,"rhl_Pa","trial_1",3.72333333333333,0.0199360087390742
"3498",18.5,"RHLR",3.882,"rhl_Pa","trial_1",3.658,0.157988396198371
"3499",18.5,"PA14",3.667,"rhl_Pa","trial_1",3.609,0.19500341877345
"3500",18.5,"KPPR1",4.268,"rhl_Pa","trial_1",4.38086666666667,0.0846940638087726
"3501",18.5,"RHLI",3.734,"rhl_Pa","trial_1",3.696,0.019
"3502",18.75,"RHLR",3.846,"rhl_Pa","trial_1",3.63066666666667,0.15084797350681
"3503",18.75,"PA14",3.636,"rhl_Pa","trial_1",3.586,0.192158788505756
"3504",18.75,"KPPR1",4.265,"rhl_Pa","trial_1",4.38386666666667,0.0839029976572531
"3505",18.75,"RHLI",3.707,"rhl_Pa","trial_1",3.672,0.0175023807904334
"3506",19,"RHLR",3.835,"rhl_Pa","trial_1",3.61166666666667,0.148289506634076
"3507",19,"PA14",3.628,"rhl_Pa","trial_1",3.56833333333333,0.182871843407101
"3508",19,"KPPR1",4.277,"rhl_Pa","trial_1",4.39006666666667,0.0835844293238688
"3509",19,"RHLI",3.68,"rhl_Pa","trial_1",3.64933333333333,0.0170717440364026
"3510",19.25,"RHLR",3.806,"rhl_Pa","trial_1",3.58733333333333,0.148478206406792
"3511",19.25,"PA14",3.605,"rhl_Pa","trial_1",3.54333333333333,0.190440133491983
"3512",19.25,"KPPR1",4.278,"rhl_Pa","trial_1",4.3918,0.083096169185669
"3513",19.25,"RHLI",3.657,"rhl_Pa","trial_1",3.62066666666667,0.019151443229631
"3514",19.5,"RHLR",3.782,"rhl_Pa","trial_1",3.55733333333333,0.15186104759871
"3515",19.5,"PA14",3.58,"rhl_Pa","trial_1",3.516,0.184659145454537
"3516",19.5,"KPPR1",4.272,"rhl_Pa","trial_1",4.39573333333333,0.083362174056895
"3517",19.5,"RHLI",3.63,"rhl_Pa","trial_1",3.59666666666667,0.0196412264835417
"3518",19.75,"RHLR",3.763,"rhl_Pa","trial_1",3.54266666666667,0.143956397719742
"3519",19.75,"PA14",3.565,"rhl_Pa","trial_1",3.49333333333333,0.178286598237532
"3520",19.75,"KPPR1",4.275,"rhl_Pa","trial_1",4.39706666666667,0.0829948057276947
"3521",19.75,"RHLI",3.608,"rhl_Pa","trial_1",3.57366666666667,0.0208513255640446
"3522",20,"RHLR",3.742,"rhl_Pa","trial_1",3.52466666666667,0.140405761198669
"3523",20,"PA14",3.547,"rhl_Pa","trial_1",3.476,0.179917573720116
"3524",20,"KPPR1",4.279,"rhl_Pa","trial_1",4.3998,0.0823168211705181
"3525",20,"RHLI",3.582,"rhl_Pa","trial_1",3.55266666666667,0.0197849550023355
"3526",20.25,"RHLR",3.725,"rhl_Pa","trial_1",3.508,0.135817279214882
"3527",20.25,"PA14",3.533,"rhl_Pa","trial_1",3.453,0.174390366706421
"3528",20.25,"KPPR1",4.285,"rhl_Pa","trial_1",4.40286666666667,0.0815382975555289
"3529",20.25,"RHLI",3.564,"rhl_Pa","trial_1",3.53133333333333,0.0221835775092998
"3530",20.5,"RHLR",3.7,"rhl_Pa","trial_1",3.49233333333333,0.129658954355048
"3531",20.5,"PA14",3.505,"rhl_Pa","trial_1",3.43766666666667,0.178147254945016
"3532",20.5,"KPPR1",4.289,"rhl_Pa","trial_1",4.4074,0.0815821992722386
"3533",20.5,"RHLI",3.544,"rhl_Pa","trial_1",3.512,0.0227449628123093
"3534",20.75,"RHLR",3.686,"rhl_Pa","trial_1",3.47,0.132515407909169
"3535",20.75,"PA14",3.497,"rhl_Pa","trial_1",3.41,0.173269539542683
"3536",20.75,"KPPR1",4.292,"rhl_Pa","trial_1",4.409,0.0825967830573841
"3537",20.75,"RHLI",3.523,"rhl_Pa","trial_1",3.48966666666667,0.0257509438877706
"3538",21,"RHLR",3.673,"rhl_Pa","trial_1",3.446,0.13687342084325
"3539",21,"PA14",3.475,"rhl_Pa","trial_1",3.392,0.166620326891209
"3540",21,"KPPR1",4.302,"rhl_Pa","trial_1",4.41066666666667,0.081657803211921
"3541",21,"RHLI",3.504,"rhl_Pa","trial_1",3.47033333333333,0.0274246442294356
"3542",21.25,"RHLR",3.65,"rhl_Pa","trial_1",3.43633333333333,0.135194099148019
"3543",21.25,"PA14",3.449,"rhl_Pa","trial_1",3.38066666666667,0.180226092573868
"3544",21.25,"KPPR1",4.302,"rhl_Pa","trial_1",4.41073333333333,0.0809521002796255
"3545",21.25,"RHLI",3.486,"rhl_Pa","trial_1",3.455,0.0256969518296108
"3546",21.5,"RHLR",3.633,"rhl_Pa","trial_1",3.41466666666667,0.131024594807404
"3547",21.5,"PA14",3.434,"rhl_Pa","trial_1",3.349,0.167989086947139
"3548",21.5,"KPPR1",4.307,"rhl_Pa","trial_1",4.4126,0.0808909789543338
"3549",21.5,"RHLI",3.467,"rhl_Pa","trial_1",3.434,0.0290918086982115
"3550",21.75,"RHLR",3.612,"rhl_Pa","trial_1",3.40366666666667,0.124943098159833
"3551",21.75,"PA14",3.41,"rhl_Pa","trial_1",3.32766666666667,0.164300875766923
"3552",21.75,"KPPR1",4.302,"rhl_Pa","trial_1",4.41213333333333,0.0804136843759856
"3553",21.75,"RHLI",3.45,"rhl_Pa","trial_1",3.41833333333333,0.0301790950457064
"3554",22,"RHLR",3.598,"rhl_Pa","trial_1",3.392,0.125107953384267
"3555",22,"PA14",3.392,"rhl_Pa","trial_1",3.317,0.172988438920062
"3556",22,"KPPR1",4.305,"rhl_Pa","trial_1",4.4162,0.0796890504517701
"3557",22,"RHLI",3.433,"rhl_Pa","trial_1",3.403,0.0285131548587665
"3558",22.25,"RHLR",3.584,"rhl_Pa","trial_1",3.37366666666667,0.124526213215442
"3559",22.25,"PA14",3.379,"rhl_Pa","trial_1",3.29966666666667,0.164211584379557
"3560",22.25,"KPPR1",4.317,"rhl_Pa","trial_1",4.41813333333333,0.0789243077207925
"3561",22.25,"RHLI",3.419,"rhl_Pa","trial_1",3.38933333333333,0.0311786964305937
"3562",22.5,"RHLR",3.577,"rhl_Pa","trial_1",3.353,0.130496487819915
"3563",22.5,"PA14",3.364,"rhl_Pa","trial_1",3.26933333333333,0.161807842139304
"3564",22.5,"KPPR1",4.32,"rhl_Pa","trial_1",4.41553333333333,0.0793596314955602
"3565",22.5,"RHLI",3.405,"rhl_Pa","trial_1",3.37133333333333,0.0321783225859342
"3566",22.75,"RHLR",3.562,"rhl_Pa","trial_1",3.35033333333333,0.121255011351192
"3567",22.75,"PA14",3.351,"rhl_Pa","trial_1",3.249,0.161821918581301
"3568",22.75,"KPPR1",4.32,"rhl_Pa","trial_1",4.41493333333333,0.0798186913702768
"3569",22.75,"RHLI",3.386,"rhl_Pa","trial_1",3.35466666666667,0.0303388273412873
"3570",23,"RHLR",3.544,"rhl_Pa","trial_1",3.33033333333333,0.12297741436721
"3571",23,"PA14",3.321,"rhl_Pa","trial_1",3.22733333333333,0.16138601068384
"3572",23,"KPPR1",4.319,"rhl_Pa","trial_1",4.4146,0.0787423042347027
"3573",23,"RHLI",3.374,"rhl_Pa","trial_1",3.342,0.0305122926047847
"3574",23.25,"RHLR",3.534,"rhl_Pa","trial_1",3.32166666666667,0.121546058942462
"3575",23.25,"PA14",3.322,"rhl_Pa","trial_1",3.218,0.158317192159706
"3576",23.25,"KPPR1",4.331,"rhl_Pa","trial_1",4.4174,0.0787103672000195
"3577",23.25,"RHLI",3.36,"rhl_Pa","trial_1",3.327,0.0310214979221399
"3578",23.5,"RHLR",3.507,"rhl_Pa","trial_1",3.31266666666667,0.108986747410459
"3579",23.5,"PA14",3.295,"rhl_Pa","trial_1",3.191,0.155593487438689
"3580",23.5,"KPPR1",4.33,"rhl_Pa","trial_1",4.41526666666667,0.0782261962374356
"3581",23.5,"RHLI",3.347,"rhl_Pa","trial_1",3.31633333333333,0.0301680478505175
"3582",23.75,"RHLR",3.479,"rhl_Pa","trial_1",3.28166666666667,0.113738491481312
"3583",23.75,"PA14",3.271,"rhl_Pa","trial_1",3.167,0.153418816751184
"3584",23.75,"KPPR1",4.325,"rhl_Pa","trial_1",4.414,0.0775701832751047
"3585",23.75,"RHLI",3.331,"rhl_Pa","trial_1",3.301,0.031005375877956
"3586",24,"RHLR",3.451,"rhl_Pa","trial_1",3.26566666666667,0.111692036918981
"3587",24,"PA14",3.256,"rhl_Pa","trial_1",3.15466666666667,0.152427396196062
"3588",24,"KPPR1",4.322,"rhl_Pa","trial_1",4.41273333333333,0.077760282839645
"3589",24,"RHLI",3.318,"rhl_Pa","trial_1",3.289,0.0280059517483932
"3590",0,"KPPR1",-0.013,"rhl_Pa","trial_2",0.00593333333333333,0.0022771466411711
"3591",0,"PA14",-0.018,"rhl_Pa","trial_2",0.00866666666666667,0.0165563012509169
"3592",0,"RHLR",-0.022,"rhl_Pa","trial_2",-0.000666666666666666,0.0114066257548458
"3593",0,"RHLI",-0.011,"rhl_Pa","trial_2",0.001,0.00665832811847939
"3594",0.25,"KPPR1",-0.014,"rhl_Pa","trial_2",0.0064,0.0024118753817606
"3595",0.25,"PA14",-0.018,"rhl_Pa","trial_2",0.0116666666666667,0.019341952101872
"3596",0.25,"RHLR",-0.024,"rhl_Pa","trial_2",-0.000666666666666668,0.0123468394516348
"3597",0.25,"RHLI",-0.014,"rhl_Pa","trial_2",-0.000333333333333334,0.00731057073315377
"3598",0.5,"KPPR1",-0.009,"rhl_Pa","trial_2",0.00813333333333333,0.00246473540870428
"3599",0.5,"PA14",-0.014,"rhl_Pa","trial_2",0.016,0.0192873015219859
"3600",0.5,"RHLR",-0.021,"rhl_Pa","trial_2",0.00366666666666667,0.0131698308434256
"3601",0.5,"RHLI",-0.012,"rhl_Pa","trial_2",0.001,0.00665832811847939
"3602",0.75,"KPPR1",-0.002,"rhl_Pa","trial_2",0.0116,0.00258898766757533
"3603",0.75,"PA14",-0.013,"rhl_Pa","trial_2",0.017,0.0196553639837408
"3604",0.75,"RHLR",-0.022,"rhl_Pa","trial_2",0.003,0.0136503968196288
"3605",0.75,"RHLI",-0.013,"rhl_Pa","trial_2",0.000333333333333333,0.00705533682950558
"3606",1,"KPPR1",0.009,"rhl_Pa","trial_2",0.0172,0.00284554790104522
"3607",1,"PA14",-0.011,"rhl_Pa","trial_2",0.02,0.0202237484161567
"3608",1,"RHLR",-0.021,"rhl_Pa","trial_2",0.005,0.0137961347243833
"3609",1,"RHLI",-0.012,"rhl_Pa","trial_2",0.00266666666666667,0.00768837506311386
"3610",1.25,"KPPR1",0.026,"rhl_Pa","trial_2",0.0281333333333333,0.00384567371850582
"3611",1.25,"PA14",-0.01,"rhl_Pa","trial_2",0.0236666666666667,0.0216204635575754
"3612",1.25,"RHLR",-0.022,"rhl_Pa","trial_2",0.00566666666666667,0.0146780259042027
"3613",1.25,"RHLI",-0.011,"rhl_Pa","trial_2",0.00433333333333333,0.00800694143297621
"3614",1.5,"KPPR1",0.061,"rhl_Pa","trial_2",0.0489333333333333,0.00595816100316889
"3615",1.5,"PA14",-0.007,"rhl_Pa","trial_2",0.029,0.0253837218179946
"3616",1.5,"RHLR",-0.021,"rhl_Pa","trial_2",0.007,0.0156204993518133
"3617",1.5,"RHLI",-0.008,"rhl_Pa","trial_2",0.006,0.00781024967590665
"3618",1.75,"KPPR1",0.12,"rhl_Pa","trial_2",0.0852,0.00965509981206576
"3619",1.75,"PA14",0.003,"rhl_Pa","trial_2",0.042,0.0317962261911693
"3620",1.75,"RHLR",-0.014,"rhl_Pa","trial_2",0.0126666666666667,0.0158989866902824
"3621",1.75,"RHLI",0.002,"rhl_Pa","trial_2",0.012,0.00642910050732864
"3622",2,"KPPR1",0.201,"rhl_Pa","trial_2",0.1438,0.0139632851912912
"3623",2,"PA14",0.034,"rhl_Pa","trial_2",0.073,0.0415250928154692
"3624",2,"RHLR",0.001,"rhl_Pa","trial_2",0.0233333333333333,0.0146780259042027
"3625",2,"RHLI",0.023,"rhl_Pa","trial_2",0.024,0.00378593889720018
"3626",2.25,"KPPR1",0.31,"rhl_Pa","trial_2",0.2272,0.020821737725386
"3627",2.25,"PA14",0.082,"rhl_Pa","trial_2",0.0993333333333333,0.0441600623993118
"3628",2.25,"RHLR",0.034,"rhl_Pa","trial_2",0.043,0.0148436293854749
"3629",2.25,"RHLI",0.066,"rhl_Pa","trial_2",0.0433333333333333,0.0118509258897541
"3630",2.5,"KPPR1",0.435,"rhl_Pa","trial_2",0.355533333333333,0.0316979594756608
"3631",2.5,"PA14",0.11,"rhl_Pa","trial_2",0.129333333333333,0.0562622826096173
"3632",2.5,"RHLR",0.057,"rhl_Pa","trial_2",0.0656666666666667,0.0201025150444195
"3633",2.5,"RHLI",0.092,"rhl_Pa","trial_2",0.0656666666666667,0.0142633952635564
"3634",2.75,"KPPR1",0.651,"rhl_Pa","trial_2",0.585533333333333,0.0649722920186654
"3635",2.75,"PA14",0.165,"rhl_Pa","trial_2",0.166333333333333,0.0629347104369106
"3636",2.75,"RHLR",0.159,"rhl_Pa","trial_2",0.125666666666667,0.0368887215524987
"3637",2.75,"RHLI",0.161,"rhl_Pa","trial_2",0.105,0.0293087017795057
"3638",3,"KPPR1",1.028,"rhl_Pa","trial_2",0.9096,0.0891258500260006
"3639",3,"PA14",0.237,"rhl_Pa","trial_2",0.225666666666667,0.078148007723237
"3640",3,"RHLR",0.165,"rhl_Pa","trial_2",0.153666666666667,0.0419536781595024
"3641",3,"RHLI",0.286,"rhl_Pa","trial_2",0.164333333333333,0.0619740088890317
"3642",3.25,"KPPR1",1.427,"rhl_Pa","trial_2",1.30306666666667,0.0845797153812204
"3643",3.25,"PA14",0.357,"rhl_Pa","trial_2",0.315666666666667,0.113896639302678
"3644",3.25,"RHLR",0.224,"rhl_Pa","trial_2",0.197666666666667,0.053883619444544
"3645",3.25,"RHLI",0.462,"rhl_Pa","trial_2",0.255333333333333,0.108102317787877
"3646",3.5,"KPPR1",1.767,"rhl_Pa","trial_2",1.6816,0.071117796312744
"3647",3.5,"PA14",0.547,"rhl_Pa","trial_2",0.433666666666667,0.132265305772569
"3648",3.5,"RHLR",0.367,"rhl_Pa","trial_2",0.294,0.0646864230989265
"3649",3.5,"RHLI",0.601,"rhl_Pa","trial_2",0.361333333333333,0.121205518759575
"3650",3.75,"KPPR1",2.004,"rhl_Pa","trial_2",1.97326666666667,0.0620333602006032
"3651",3.75,"PA14",0.727,"rhl_Pa","trial_2",0.573666666666667,0.161907724062539
"3652",3.75,"RHLR",0.57,"rhl_Pa","trial_2",0.443,0.109024462086879
"3653",3.75,"RHLI",0.744,"rhl_Pa","trial_2",0.469333333333333,0.139261544504496
"3654",4,"KPPR1",2.22,"rhl_Pa","trial_2",2.2096,0.0627907939870472
"3655",4,"PA14",0.85,"rhl_Pa","trial_2",0.716,0.165967868376181
"3656",4,"RHLR",0.706,"rhl_Pa","trial_2",0.574666666666667,0.103247814074251
"3657",4,"RHLI",0.904,"rhl_Pa","trial_2",0.625666666666667,0.141955783413162
"3658",4.25,"KPPR1",2.379,"rhl_Pa","trial_2",2.40013333333333,0.0628807538627616
"3659",4.25,"PA14",1.041,"rhl_Pa","trial_2",0.847,0.155270731305034
"3660",4.25,"RHLR",0.827,"rhl_Pa","trial_2",0.702333333333333,0.0923405532676612
"3661",4.25,"RHLI",1.111,"rhl_Pa","trial_2",0.774,0.16935859391638
"3662",4.5,"KPPR1",2.536,"rhl_Pa","trial_2",2.55193333333333,0.0656584573065269
"3663",4.5,"PA14",1.253,"rhl_Pa","trial_2",1.02,0.16876907299621
"3664",4.5,"RHLR",0.997,"rhl_Pa","trial_2",0.85,0.0954585424848574
"3665",4.5,"RHLI",1.276,"rhl_Pa","trial_2",0.919333333333333,0.178491207377594
"3666",4.75,"KPPR1",2.656,"rhl_Pa","trial_2",2.67953333333333,0.0671075800605811
"3667",4.75,"PA14",1.442,"rhl_Pa","trial_2",1.17,0.198736844428338
"3668",4.75,"RHLR",1.181,"rhl_Pa","trial_2",0.990666666666667,0.118915002324256
"3669",4.75,"RHLI",1.461,"rhl_Pa","trial_2",1.066,0.197547462651384
"3670",5,"KPPR1",2.77,"rhl_Pa","trial_2",2.7912,0.0681341953165117
"3671",5,"PA14",1.675,"rhl_Pa","trial_2",1.372,0.23207541877588
"3672",5,"RHLR",1.372,"rhl_Pa","trial_2",1.16466666666667,0.138469410982274
"3673",5,"RHLI",1.677,"rhl_Pa","trial_2",1.23666666666667,0.220166855917153
"3674",5.25,"KPPR1",2.858,"rhl_Pa","trial_2",2.883,0.0700222413645428
"3675",5.25,"PA14",1.968,"rhl_Pa","trial_2",1.62433333333333,0.266797259689409
"3676",5.25,"RHLR",1.628,"rhl_Pa","trial_2",1.35733333333333,0.164508696156498
"3677",5.25,"RHLI",1.956,"rhl_Pa","trial_2",1.44333333333333,0.256411994865902
"3678",5.5,"KPPR1",2.936,"rhl_Pa","trial_2",2.9648,0.0715650353574585
"3679",5.5,"PA14",2.228,"rhl_Pa","trial_2",1.87266666666667,0.300142928915172
"3680",5.5,"RHLR",1.919,"rhl_Pa","trial_2",1.597,0.19384873828151
"3681",5.5,"RHLI",2.168,"rhl_Pa","trial_2",1.637,0.265518988649274
"3682",5.75,"KPPR1",3.035,"rhl_Pa","trial_2",3.04846666666667,0.0734278308899721
"3683",5.75,"PA14",2.501,"rhl_Pa","trial_2",2.156,0.327655815351007
"3684",5.75,"RHLR",2.209,"rhl_Pa","trial_2",1.84366666666667,0.220204702745221
"3685",5.75,"RHLI",2.396,"rhl_Pa","trial_2",1.88966666666667,0.253174731054354
"3686",6,"KPPR1",3.078,"rhl_Pa","trial_2",3.11753333333333,0.0739235684220802
"3687",6,"PA14",2.763,"rhl_Pa","trial_2",2.43666666666667,0.334869294567962
"3688",6,"RHLR",2.494,"rhl_Pa","trial_2",2.119,0.238571442828628
"3689",6,"RHLI",2.623,"rhl_Pa","trial_2",2.13533333333333,0.243997495433412
"3690",6.25,"KPPR1",3.141,"rhl_Pa","trial_2",3.18466666666667,0.075419377746588
"3691",6.25,"PA14",2.993,"rhl_Pa","trial_2",2.67666666666667,0.329925412446174
"3692",6.25,"RHLR",2.743,"rhl_Pa","trial_2",2.38166666666667,0.225939765817746
"3693",6.25,"RHLI",2.779,"rhl_Pa","trial_2",2.36933333333333,0.204835164081865
"3694",6.5,"KPPR1",3.195,"rhl_Pa","trial_2",3.2474,0.0759300931621913
"3695",6.5,"PA14",3.17,"rhl_Pa","trial_2",2.906,0.298128048551849
"3696",6.5,"RHLR",2.952,"rhl_Pa","trial_2",2.62,0.207278395722597
"3697",6.5,"RHLI",2.95,"rhl_Pa","trial_2",2.582,0.184109568826102
"3698",6.75,"KPPR1",3.252,"rhl_Pa","trial_2",3.30606666666667,0.0776794675737397
"3699",6.75,"PA14",3.324,"rhl_Pa","trial_2",3.074,0.264632449509378
"3700",6.75,"RHLR",3.134,"rhl_Pa","trial_2",2.81566666666667,0.188372267362027
"3701",6.75,"RHLI",3.083,"rhl_Pa","trial_2",2.76133333333333,0.161311637659669
"3702",7,"KPPR1",3.31,"rhl_Pa","trial_2",3.35786666666667,0.0780905985846029
"3703",7,"PA14",3.467,"rhl_Pa","trial_2",3.30433333333333,0.289924894488977
"3704",7,"RHLR",3.302,"rhl_Pa","trial_2",2.999,0.176398223724995
"3705",7,"RHLI",3.218,"rhl_Pa","trial_2",2.91266666666667,0.15364605790944
"3706",7.25,"KPPR1",3.358,"rhl_Pa","trial_2",3.41266666666667,0.0788130800521182
"3707",7.25,"PA14",3.584,"rhl_Pa","trial_2",3.39033333333333,0.250685947840011
"3708",7.25,"RHLR",3.438,"rhl_Pa","trial_2",3.15366666666667,0.169385490655028
"3709",7.25,"RHLI",3.304,"rhl_Pa","trial_2",3.05,0.128597563481325
"3710",7.5,"KPPR1",3.407,"rhl_Pa","trial_2",3.46646666666667,0.0789987261299746
"3711",7.5,"PA14",3.689,"rhl_Pa","trial_2",3.52133333333333,0.242703065035812
"3712",7.5,"RHLR",3.563,"rhl_Pa","trial_2",3.28866666666667,0.159357390094648
"3713",7.5,"RHLI",3.416,"rhl_Pa","trial_2",3.16866666666667,0.124794942917483
"3714",7.75,"KPPR1",3.459,"rhl_Pa","trial_2",3.5172,0.079384429323688
"3715",7.75,"PA14",3.806,"rhl_Pa","trial_2",3.608,0.222432012084592
"3716",7.75,"RHLR",3.671,"rhl_Pa","trial_2",3.40666666666667,0.154473658308176
"3717",7.75,"RHLI",3.519,"rhl_Pa","trial_2",3.283,0.118810773922233
"3718",8,"KPPR1",3.495,"rhl_Pa","trial_2",3.55826666666667,0.0798513778195626
"3719",8,"PA14",3.862,"rhl_Pa","trial_2",3.71566666666667,0.209221042069015
"3720",8,"RHLR",3.759,"rhl_Pa","trial_2",3.55,0.135905604495669
"3721",8,"RHLI",3.605,"rhl_Pa","trial_2",3.37666666666667,0.114903341020954
"3722",8.25,"KPPR1",3.548,"rhl_Pa","trial_2",3.6082,0.0807083638788447
"3723",8.25,"PA14",3.975,"rhl_Pa","trial_2",3.841,0.198154821625247
"3724",8.25,"RHLR",3.837,"rhl_Pa","trial_2",3.66,0.131515525065801
"3725",8.25,"RHLI",3.682,"rhl_Pa","trial_2",3.463,0.111
"3726",8.5,"KPPR1",3.58,"rhl_Pa","trial_2",3.65086666666667,0.0807728069910062
"3727",8.5,"PA14",4.032,"rhl_Pa","trial_2",3.89133333333333,0.188546487047035
"3728",8.5,"RHLR",3.91,"rhl_Pa","trial_2",3.73866666666667,0.1066401008585
"3729",8.5,"RHLI",3.763,"rhl_Pa","trial_2",3.557,0.105815877825589
"3730",8.75,"KPPR1",3.613,"rhl_Pa","trial_2",3.69106666666667,0.0815741828128686
"3731",8.75,"PA14",4.057,"rhl_Pa","trial_2",3.94966666666667,0.174722955306712
"3732",8.75,"RHLR",3.985,"rhl_Pa","trial_2",3.82733333333333,0.110656123995818
"3733",8.75,"RHLI",3.833,"rhl_Pa","trial_2",3.62133333333333,0.108640589918215
"3734",9,"KPPR1",3.651,"rhl_Pa","trial_2",3.72766666666667,0.0821832833579437
"3735",9,"PA14",4.133,"rhl_Pa","trial_2",4.01966666666667,0.168037032955371
"3736",9,"RHLR",4.029,"rhl_Pa","trial_2",3.88,0.104328008383815
"3737",9,"RHLI",3.902,"rhl_Pa","trial_2",3.707,0.102996763703203
"3738",9.25,"KPPR1",3.695,"rhl_Pa","trial_2",3.7676,0.0828666053710075
"3739",9.25,"PA14",4.199,"rhl_Pa","trial_2",4.09433333333333,0.171566637523474
"3740",9.25,"RHLR",4.083,"rhl_Pa","trial_2",3.988,0.0749866654812709
"3741",9.25,"RHLI",3.979,"rhl_Pa","trial_2",3.793,0.098086696345631
"3742",9.5,"KPPR1",3.72,"rhl_Pa","trial_2",3.80186666666667,0.0835817174510281
"3743",9.5,"PA14",4.228,"rhl_Pa","trial_2",4.13333333333333,0.177329573894987
"3744",9.5,"RHLR",4.135,"rhl_Pa","trial_2",4.08066666666667,0.0704043874895435
"3745",9.5,"RHLI",4.043,"rhl_Pa","trial_2",3.867,0.0950017543697659
"3746",9.75,"KPPR1",3.759,"rhl_Pa","trial_2",3.83706666666667,0.0838254119139279
"3747",9.75,"PA14",4.265,"rhl_Pa","trial_2",4.194,0.142200562586792
"3748",9.75,"RHLR",4.165,"rhl_Pa","trial_2",4.12,0.0526782687642638
"3749",9.75,"RHLI",4.084,"rhl_Pa","trial_2",3.93666666666667,0.0821570312132673
"3750",10,"KPPR1",3.779,"rhl_Pa","trial_2",3.8674,0.0835222126143699
"3751",10,"PA14",4.302,"rhl_Pa","trial_2",4.23966666666667,0.138367064160675
"3752",10,"RHLR",4.18,"rhl_Pa","trial_2",4.17366666666667,0.0344979870588289
"3753",10,"RHLI",4.12,"rhl_Pa","trial_2",3.991,0.0772075125878304
"3754",10.25,"KPPR1",3.806,"rhl_Pa","trial_2",3.90066666666667,0.0840863879288475
"3755",10.25,"PA14",4.355,"rhl_Pa","trial_2",4.29133333333333,0.131225420978982
"3756",10.25,"RHLR",4.196,"rhl_Pa","trial_2",4.231,0.0199248588451713
"3757",10.25,"RHLI",4.157,"rhl_Pa","trial_2",4.05333333333333,0.0703949177458461
"3758",10.5,"KPPR1",3.838,"rhl_Pa","trial_2",3.92973333333333,0.0842330365381923
"3759",10.5,"PA14",4.361,"rhl_Pa","trial_2",4.31433333333333,0.120634894527984
"3760",10.5,"RHLR",4.181,"rhl_Pa","trial_2",4.26466666666667,0.0424512792635405
"3761",10.5,"RHLI",4.19,"rhl_Pa","trial_2",4.111,0.0554887375960206
"3762",10.75,"KPPR1",3.854,"rhl_Pa","trial_2",3.95946666666667,0.0855038215056117
"3763",10.75,"PA14",4.379,"rhl_Pa","trial_2",4.352,0.0993596162096721
"3764",10.75,"RHLR",4.159,"rhl_Pa","trial_2",4.26566666666667,0.0537101273297484
"3765",10.75,"RHLI",4.202,"rhl_Pa","trial_2",4.15933333333333,0.0556367184909789
"3766",11,"KPPR1",3.875,"rhl_Pa","trial_2",3.9826,0.085005646871252
"3767",11,"PA14",4.333,"rhl_Pa","trial_2",4.352,0.0942991693141214
"3768",11,"RHLR",4.113,"rhl_Pa","trial_2",4.26766666666667,0.0775485511004414
"3769",11,"RHLI",4.218,"rhl_Pa","trial_2",4.18833333333333,0.055426628177358
"3770",11.25,"KPPR1",3.91,"rhl_Pa","trial_2",4.01166666666667,0.0859724577528379
"3771",11.25,"PA14",4.286,"rhl_Pa","trial_2",4.356,0.0880814017448253
"3772",11.25,"RHLR",4.059,"rhl_Pa","trial_2",4.25666666666667,0.0989281445180176
"3773",11.25,"RHLI",4.218,"rhl_Pa","trial_2",4.216,0.0340783411176856
"3774",11.5,"KPPR1",3.925,"rhl_Pa","trial_2",4.03526666666667,0.0857657089132762
"3775",11.5,"PA14",4.219,"rhl_Pa","trial_2",4.32866666666667,0.0845622715977863
"3776",11.5,"RHLR",4.009,"rhl_Pa","trial_2",4.26233333333333,0.126714026234054
"3777",11.5,"RHLI",4.213,"rhl_Pa","trial_2",4.23733333333333,0.0238350815209663
"3778",11.75,"KPPR1",3.952,"rhl_Pa","trial_2",4.05986666666667,0.0859405590076053
"3779",11.75,"PA14",4.154,"rhl_Pa","trial_2",4.29066666666667,0.0925064562311433
"3780",11.75,"RHLR",3.962,"rhl_Pa","trial_2",4.232,0.136337815737234
"3781",11.75,"RHLI",4.212,"rhl_Pa","trial_2",4.21966666666667,0.0403085323198177
"3782",12,"KPPR1",3.976,"rhl_Pa","trial_2",4.0824,0.0862307977244237
"3783",12,"PA14",4.098,"rhl_Pa","trial_2",4.28133333333333,0.102906645935905
"3784",12,"RHLR",3.904,"rhl_Pa","trial_2",4.22333333333333,0.159871128656108
"3785",12,"RHLI",4.205,"rhl_Pa","trial_2",4.254,0.0359212100761282
"3786",12.25,"KPPR1",3.996,"rhl_Pa","trial_2",4.1036,0.0866267747018096
"3787",12.25,"PA14",4.052,"rhl_Pa","trial_2",4.26466666666667,0.110182172383336
"3788",12.25,"RHLR",3.871,"rhl_Pa","trial_2",4.21833333333333,0.175046977821511
"3789",12.25,"RHLI",4.193,"rhl_Pa","trial_2",4.266,0.0402781992315116
"3790",12.5,"KPPR1",4.019,"rhl_Pa","trial_2",4.12393333333333,0.0865870586759865
"3791",12.5,"PA14",4.008,"rhl_Pa","trial_2",4.24766666666667,0.120598968117937
"3792",12.5,"RHLR",3.809,"rhl_Pa","trial_2",4.19033333333333,0.191089275238332
"3793",12.5,"RHLI",4.196,"rhl_Pa","trial_2",4.27333333333333,0.0416906597586453
"3794",12.75,"KPPR1",4.033,"rhl_Pa","trial_2",4.14166666666667,0.086894334664726
"3795",12.75,"PA14",3.953,"rhl_Pa","trial_2",4.21166666666667,0.129365545816668
"3796",12.75,"RHLR",3.789,"rhl_Pa","trial_2",4.18333333333333,0.198229104265185
"3797",12.75,"RHLI",4.171,"rhl_Pa","trial_2",4.25533333333333,0.0442957233952793
"3798",13,"KPPR1",4.049,"rhl_Pa","trial_2",4.1592,0.0860654900144568
"3799",13,"PA14",3.908,"rhl_Pa","trial_2",4.17533333333333,0.13379129684367
"3800",13,"RHLR",3.744,"rhl_Pa","trial_2",4.15766666666667,0.208352532448679
"3801",13,"RHLI",4.155,"rhl_Pa","trial_2",4.253,0.0492172056636022
"3802",13.25,"KPPR1",4.057,"rhl_Pa","trial_2",4.1792,0.0853231504340996
"3803",13.25,"PA14",3.845,"rhl_Pa","trial_2",4.12633333333333,0.1406678514958
"3804",13.25,"RHLR",3.734,"rhl_Pa","trial_2",4.14033333333333,0.206050425327825
"3805",13.25,"RHLI",4.15,"rhl_Pa","trial_2",4.237,0.0435469095727047
"3806",13.5,"KPPR1",4.075,"rhl_Pa","trial_2",4.19366666666667,0.0860251716576617
"3807",13.5,"PA14",3.795,"rhl_Pa","trial_2",4.09433333333333,0.15006813267461
"3808",13.5,"RHLR",3.702,"rhl_Pa","trial_2",4.11166666666667,0.20861634110917
"3809",13.5,"RHLI",4.12,"rhl_Pa","trial_2",4.20733333333333,0.0437276927256756
"3810",13.75,"KPPR1",4.075,"rhl_Pa","trial_2",4.20666666666667,0.0859722915865043
"3811",13.75,"PA14",3.753,"rhl_Pa","trial_2",4.05366666666667,0.150868964483901
"3812",13.75,"RHLR",3.672,"rhl_Pa","trial_2",4.08533333333333,0.210692772644067
"3813",13.75,"RHLI",4.102,"rhl_Pa","trial_2",4.17966666666667,0.0390740038616184
"3814",14,"KPPR1",4.103,"rhl_Pa","trial_2",4.22253333333333,0.0861040824576455
"3815",14,"PA14",3.738,"rhl_Pa","trial_2",4.03433333333333,0.148342321825042
"3816",14,"RHLR",3.626,"rhl_Pa","trial_2",4.06,0.222868421570516
"3817",14,"RHLI",4.081,"rhl_Pa","trial_2",4.157,0.0408574758561187
"3818",14.25,"KPPR1",4.102,"rhl_Pa","trial_2",4.23453333333333,0.0865572679497258
"3819",14.25,"PA14",3.672,"rhl_Pa","trial_2",3.97966666666667,0.154287970295087
"3820",14.25,"RHLR",3.633,"rhl_Pa","trial_2",4.04966666666667,0.211686350790766
"3821",14.25,"RHLI",4.062,"rhl_Pa","trial_2",4.13233333333333,0.0393290958169366
"3822",14.5,"KPPR1",4.121,"rhl_Pa","trial_2",4.2462,0.0857256532144703
"3823",14.5,"PA14",3.662,"rhl_Pa","trial_2",3.95933333333333,0.149810250353943
"3824",14.5,"RHLR",3.609,"rhl_Pa","trial_2",4.036,0.216155036952647
"3825",14.5,"RHLI",4.041,"rhl_Pa","trial_2",4.10833333333333,0.0395656978258243
"3826",14.75,"KPPR1",4.121,"rhl_Pa","trial_2",4.26093333333333,0.0866735784789644
"3827",14.75,"PA14",3.613,"rhl_Pa","trial_2",3.922,0.157335098860151
"3828",14.75,"RHLR",3.593,"rhl_Pa","trial_2",4.01266666666667,0.211543796358527
"3829",14.75,"RHLI",4.029,"rhl_Pa","trial_2",4.09133333333333,0.0376223928590998
"3830",15,"KPPR1",4.146,"rhl_Pa","trial_2",4.269,0.0853836719084593
"3831",15,"PA14",3.597,"rhl_Pa","trial_2",3.901,0.155521702665577
"3832",15,"RHLR",3.551,"rhl_Pa","trial_2",3.97433333333333,0.215490396795567
"3833",15,"RHLI",3.997,"rhl_Pa","trial_2",4.06366666666667,0.0395909641767469
"3834",15.25,"KPPR1",4.143,"rhl_Pa","trial_2",4.27986666666667,0.0857704503819944
"3835",15.25,"PA14",3.569,"rhl_Pa","trial_2",3.88833333333333,0.161246533123799
"3836",15.25,"RHLR",3.543,"rhl_Pa","trial_2",3.97533333333333,0.220292482345126
"3837",15.25,"RHLI",3.978,"rhl_Pa","trial_2",4.04466666666667,0.0389800518784217
"3838",15.5,"KPPR1",4.142,"rhl_Pa","trial_2",4.29033333333333,0.0860276625868605
"3839",15.5,"PA14",3.516,"rhl_Pa","trial_2",3.85866666666667,0.173468857275433
"3840",15.5,"RHLR",3.54,"rhl_Pa","trial_2",3.95933333333333,0.214818786681033
"3841",15.5,"RHLI",3.959,"rhl_Pa","trial_2",4.02333333333333,0.0381415492314848
"3842",15.75,"KPPR1",4.152,"rhl_Pa","trial_2",4.30346666666667,0.0859494240356705
"3843",15.75,"PA14",3.488,"rhl_Pa","trial_2",3.831,0.175872112627329
"3844",15.75,"RHLR",3.535,"rhl_Pa","trial_2",3.93166666666667,0.203005199714468
"3845",15.75,"RHLI",3.949,"rhl_Pa","trial_2",3.99766666666667,0.0316298031047374
"3846",16,"KPPR1",4.155,"rhl_Pa","trial_2",4.30906666666667,0.0858055646251158
"3847",16,"PA14",3.451,"rhl_Pa","trial_2",3.8,0.181191427317446
"3848",16,"RHLR",3.531,"rhl_Pa","trial_2",3.902,0.188549728188613
"3849",16,"RHLI",3.936,"rhl_Pa","trial_2",3.97633333333333,0.0249688695067368
"3850",16.25,"KPPR1",4.168,"rhl_Pa","trial_2",4.31766666666667,0.0860656264921836
"3851",16.25,"PA14",3.431,"rhl_Pa","trial_2",3.774,0.178146943092867
"3852",16.25,"RHLR",3.504,"rhl_Pa","trial_2",3.87,0.186358078261537
"3853",16.25,"RHLI",3.926,"rhl_Pa","trial_2",3.95366666666667,0.0197849550023356
"3854",16.5,"KPPR1",4.172,"rhl_Pa","trial_2",4.32853333333333,0.0859141247141401
"3855",16.5,"PA14",3.405,"rhl_Pa","trial_2",3.76133333333333,0.186503202236435
"3856",16.5,"RHLR",3.503,"rhl_Pa","trial_2",3.86066666666667,0.181194493416451
"3857",16.5,"RHLI",3.902,"rhl_Pa","trial_2",3.927,0.0193132079158279
"3858",16.75,"KPPR1",4.164,"rhl_Pa","trial_2",4.33673333333333,0.0860019638018678
"3859",16.75,"PA14",3.396,"rhl_Pa","trial_2",3.74166666666667,0.182871843407101
"3860",16.75,"RHLR",3.48,"rhl_Pa","trial_2",3.82633333333333,0.176541150380804
"3861",16.75,"RHLI",3.864,"rhl_Pa","trial_2",3.895,0.0202237484161567
"3862",17,"KPPR1",4.173,"rhl_Pa","trial_2",4.3456,0.0859542957180207
"3863",17,"PA14",3.367,"rhl_Pa","trial_2",3.722,0.188616895673037
"3864",17,"RHLR",3.459,"rhl_Pa","trial_2",3.79666666666667,0.172891423860307
"3865",17,"RHLI",3.831,"rhl_Pa","trial_2",3.865,0.021221058723196
"3866",17.25,"KPPR1",4.171,"rhl_Pa","trial_2",4.35493333333333,0.0851905129228806
"3867",17.25,"PA14",3.346,"rhl_Pa","trial_2",3.701,0.190228809595182
"3868",17.25,"RHLR",3.44,"rhl_Pa","trial_2",3.77666666666667,0.171745289438879
"3869",17.25,"RHLI",3.806,"rhl_Pa","trial_2",3.84,0.0215715862498179
"3870",17.5,"KPPR1",4.178,"rhl_Pa","trial_2",4.35993333333333,0.085218848053069
"3871",17.5,"PA14",3.333,"rhl_Pa","trial_2",3.68166666666667,0.18696286024532
"3872",17.5,"RHLR",3.41,"rhl_Pa","trial_2",3.747,0.171966081927028
"3873",17.5,"RHLI",3.777,"rhl_Pa","trial_2",3.81233333333333,0.0214268782399842
"3874",17.75,"KPPR1",4.172,"rhl_Pa","trial_2",4.3654,0.085261100380509
"3875",17.75,"PA14",3.306,"rhl_Pa","trial_2",3.665,0.191087240111247
"3876",17.75,"RHLR",3.413,"rhl_Pa","trial_2",3.72766666666667,0.163337414914989
"3877",17.75,"RHLI",3.749,"rhl_Pa","trial_2",3.77633333333333,0.0225191276720728
"3878",18,"KPPR1",4.169,"rhl_Pa","trial_2",4.37206666666667,0.0848038895484145
"3879",18,"PA14",3.295,"rhl_Pa","trial_2",3.64933333333333,0.191630141447297
"3880",18,"RHLR",3.405,"rhl_Pa","trial_2",3.71133333333333,0.156846350858979
"3881",18,"RHLI",3.725,"rhl_Pa","trial_2",3.75166666666667,0.0180215919878843
"3882",18.25,"KPPR1",4.165,"rhl_Pa","trial_2",4.37666666666667,0.0845040245120323
"3883",18.25,"PA14",3.273,"rhl_Pa","trial_2",3.63266666666667,0.19542802028141
"3884",18.25,"RHLR",3.376,"rhl_Pa","trial_2",3.68366666666667,0.158413313133012
"3885",18.25,"RHLI",3.7,"rhl_Pa","trial_2",3.72333333333333,0.0199360087390742
"3886",18.5,"KPPR1",4.166,"rhl_Pa","trial_2",4.38086666666667,0.0846940638087726
"3887",18.5,"PA14",3.246,"rhl_Pa","trial_2",3.609,0.19500341877345
"3888",18.5,"RHLR",3.353,"rhl_Pa","trial_2",3.658,0.157988396198371
"3889",18.5,"RHLI",3.677,"rhl_Pa","trial_2",3.696,0.019
"3890",18.75,"KPPR1",4.158,"rhl_Pa","trial_2",4.38386666666667,0.0839029976572531
"3891",18.75,"PA14",3.231,"rhl_Pa","trial_2",3.586,0.192158788505756
"3892",18.75,"RHLR",3.34,"rhl_Pa","trial_2",3.63066666666667,0.15084797350681
"3893",18.75,"RHLI",3.654,"rhl_Pa","trial_2",3.672,0.0175023807904334
"3894",19,"KPPR1",4.171,"rhl_Pa","trial_2",4.39006666666667,0.0835844293238688
"3895",19,"PA14",3.226,"rhl_Pa","trial_2",3.56833333333333,0.182871843407101
"3896",19,"RHLR",3.331,"rhl_Pa","trial_2",3.61166666666667,0.148289506634076
"3897",19,"RHLI",3.647,"rhl_Pa","trial_2",3.64933333333333,0.0170717440364026
"3898",19.25,"KPPR1",4.155,"rhl_Pa","trial_2",4.3918,0.083096169185669
"3899",19.25,"PA14",3.187,"rhl_Pa","trial_2",3.54333333333333,0.190440133491983
"3900",19.25,"RHLR",3.304,"rhl_Pa","trial_2",3.58733333333333,0.148478206406792
"3901",19.25,"RHLI",3.613,"rhl_Pa","trial_2",3.62066666666667,0.019151443229631
"3902",19.5,"KPPR1",4.158,"rhl_Pa","trial_2",4.39573333333333,0.083362174056895
"3903",19.5,"PA14",3.169,"rhl_Pa","trial_2",3.516,0.184659145454537
"3904",19.5,"RHLR",3.268,"rhl_Pa","trial_2",3.55733333333333,0.15186104759871
"3905",19.5,"RHLI",3.598,"rhl_Pa","trial_2",3.59666666666667,0.0196412264835417
"3906",19.75,"KPPR1",4.149,"rhl_Pa","trial_2",4.39706666666667,0.0829948057276947
"3907",19.75,"PA14",3.155,"rhl_Pa","trial_2",3.49333333333333,0.178286598237532
"3908",19.75,"RHLR",3.272,"rhl_Pa","trial_2",3.54266666666667,0.143956397719742
"3909",19.75,"RHLI",3.577,"rhl_Pa","trial_2",3.57366666666667,0.0208513255640446
"3910",20,"KPPR1",4.154,"rhl_Pa","trial_2",4.3998,0.0823168211705181
"3911",20,"PA14",3.135,"rhl_Pa","trial_2",3.476,0.179917573720116
"3912",20,"RHLR",3.262,"rhl_Pa","trial_2",3.52466666666667,0.140405761198669
"3913",20,"RHLI",3.561,"rhl_Pa","trial_2",3.55266666666667,0.0197849550023355
"3914",20.25,"KPPR1",4.154,"rhl_Pa","trial_2",4.40286666666667,0.0815382975555289
"3915",20.25,"PA14",3.119,"rhl_Pa","trial_2",3.453,0.174390366706421
"3916",20.25,"RHLR",3.258,"rhl_Pa","trial_2",3.508,0.135817279214882
"3917",20.25,"RHLI",3.541,"rhl_Pa","trial_2",3.53133333333333,0.0221835775092998
"3918",20.5,"KPPR1",4.148,"rhl_Pa","trial_2",4.4074,0.0815821992722386
"3919",20.5,"PA14",3.101,"rhl_Pa","trial_2",3.43766666666667,0.178147254945016
"3920",20.5,"RHLR",3.254,"rhl_Pa","trial_2",3.49233333333333,0.129658954355048
"3921",20.5,"RHLI",3.524,"rhl_Pa","trial_2",3.512,0.0227449628123093
"3922",20.75,"KPPR1",4.144,"rhl_Pa","trial_2",4.409,0.0825967830573841
"3923",20.75,"PA14",3.076,"rhl_Pa","trial_2",3.41,0.173269539542683
"3924",20.75,"RHLR",3.229,"rhl_Pa","trial_2",3.47,0.132515407909169
"3925",20.75,"RHLI",3.507,"rhl_Pa","trial_2",3.48966666666667,0.0257509438877706
"3926",21,"KPPR1",4.147,"rhl_Pa","trial_2",4.41066666666667,0.081657803211921
"3927",21,"PA14",3.071,"rhl_Pa","trial_2",3.392,0.166620326891209
"3928",21,"RHLR",3.2,"rhl_Pa","trial_2",3.446,0.13687342084325
"3929",21,"RHLI",3.491,"rhl_Pa","trial_2",3.47033333333333,0.0274246442294356
"3930",21.25,"KPPR1",4.138,"rhl_Pa","trial_2",4.41073333333333,0.0809521002796255
"3931",21.25,"PA14",3.04,"rhl_Pa","trial_2",3.38066666666667,0.180226092573868
"3932",21.25,"RHLR",3.186,"rhl_Pa","trial_2",3.43633333333333,0.135194099148019
"3933",21.25,"RHLI",3.475,"rhl_Pa","trial_2",3.455,0.0256969518296108
"3934",21.5,"KPPR1",4.138,"rhl_Pa","trial_2",4.4126,0.0808909789543338
"3935",21.5,"PA14",3.025,"rhl_Pa","trial_2",3.349,0.167989086947139
"3936",21.5,"RHLR",3.18,"rhl_Pa","trial_2",3.41466666666667,0.131024594807404
"3937",21.5,"RHLI",3.459,"rhl_Pa","trial_2",3.434,0.0290918086982115
"3938",21.75,"KPPR1",4.14,"rhl_Pa","trial_2",4.41213333333333,0.0804136843759856
"3939",21.75,"PA14",3.011,"rhl_Pa","trial_2",3.32766666666667,0.164300875766923
"3940",21.75,"RHLR",3.18,"rhl_Pa","trial_2",3.40366666666667,0.124943098159833
"3941",21.75,"RHLI",3.447,"rhl_Pa","trial_2",3.41833333333333,0.0301790950457064
"3942",22,"KPPR1",4.136,"rhl_Pa","trial_2",4.4162,0.0796890504517701
"3943",22,"PA14",2.987,"rhl_Pa","trial_2",3.317,0.172988438920062
"3944",22,"RHLR",3.166,"rhl_Pa","trial_2",3.392,0.125107953384267
"3945",22,"RHLI",3.43,"rhl_Pa","trial_2",3.403,0.0285131548587665
"3946",22.25,"KPPR1",4.14,"rhl_Pa","trial_2",4.41813333333333,0.0789243077207925
"3947",22.25,"PA14",2.984,"rhl_Pa","trial_2",3.29966666666667,0.164211584379557
"3948",22.25,"RHLR",3.153,"rhl_Pa","trial_2",3.37366666666667,0.124526213215442
"3949",22.25,"RHLI",3.422,"rhl_Pa","trial_2",3.38933333333333,0.0311786964305937
"3950",22.5,"KPPR1",4.136,"rhl_Pa","trial_2",4.41553333333333,0.0793596314955602
"3951",22.5,"PA14",2.954,"rhl_Pa","trial_2",3.26933333333333,0.161807842139304
"3952",22.5,"RHLR",3.125,"rhl_Pa","trial_2",3.353,0.130496487819915
"3953",22.5,"RHLI",3.402,"rhl_Pa","trial_2",3.37133333333333,0.0321783225859342
"3954",22.75,"KPPR1",4.131,"rhl_Pa","trial_2",4.41493333333333,0.0798186913702768
"3955",22.75,"PA14",2.932,"rhl_Pa","trial_2",3.249,0.161821918581301
"3956",22.75,"RHLR",3.142,"rhl_Pa","trial_2",3.35033333333333,0.121255011351192
"3957",22.75,"RHLI",3.384,"rhl_Pa","trial_2",3.35466666666667,0.0303388273412873
"3958",23,"KPPR1",4.133,"rhl_Pa","trial_2",4.4146,0.0787423042347027
"3959",23,"PA14",2.913,"rhl_Pa","trial_2",3.22733333333333,0.16138601068384
"3960",23,"RHLR",3.118,"rhl_Pa","trial_2",3.33033333333333,0.12297741436721
"3961",23,"RHLI",3.371,"rhl_Pa","trial_2",3.342,0.0305122926047847
"3962",23.25,"KPPR1",4.135,"rhl_Pa","trial_2",4.4174,0.0787103672000195
"3963",23.25,"PA14",2.907,"rhl_Pa","trial_2",3.218,0.158317192159706
"3964",23.25,"RHLR",3.113,"rhl_Pa","trial_2",3.32166666666667,0.121546058942462
"3965",23.25,"RHLI",3.356,"rhl_Pa","trial_2",3.327,0.0310214979221399
"3966",23.5,"KPPR1",4.135,"rhl_Pa","trial_2",4.41526666666667,0.0782261962374356
"3967",23.5,"PA14",2.885,"rhl_Pa","trial_2",3.191,0.155593487438689
"3968",23.5,"RHLR",3.13,"rhl_Pa","trial_2",3.31266666666667,0.108986747410459
"3969",23.5,"RHLI",3.346,"rhl_Pa","trial_2",3.31633333333333,0.0301680478505175
"3970",23.75,"KPPR1",4.142,"rhl_Pa","trial_2",4.414,0.0775701832751047
"3971",23.75,"PA14",2.865,"rhl_Pa","trial_2",3.167,0.153418816751184
"3972",23.75,"RHLR",3.085,"rhl_Pa","trial_2",3.28166666666667,0.113738491481312
"3973",23.75,"RHLI",3.333,"rhl_Pa","trial_2",3.301,0.031005375877956
"3974",24,"KPPR1",4.137,"rhl_Pa","trial_2",4.41273333333333,0.077760282839645
"3975",24,"PA14",2.855,"rhl_Pa","trial_2",3.15466666666667,0.152427396196062
"3976",24,"RHLR",3.065,"rhl_Pa","trial_2",3.26566666666667,0.111692036918981
"3977",24,"RHLI",3.316,"rhl_Pa","trial_2",3.289,0.0280059517483932
"3978",0,"KPPR1",-0.002,"rhl_Pa","trial_3",0.00593333333333333,0.0022771466411711
"3979",0,"PA14",0.005,"rhl_Pa","trial_3",0.00866666666666667,0.0165563012509169
"3980",0,"RHLR",0.003,"rhl_Pa","trial_3",-0.000666666666666666,0.0114066257548458
"3981",0,"RHLI",0.002,"rhl_Pa","trial_3",0.001,0.00665832811847939
"3982",0.25,"KPPR1",-0.001,"rhl_Pa","trial_3",0.0064,0.0024118753817606
"3983",0.25,"PA14",0.005,"rhl_Pa","trial_3",0.0116666666666667,0.019341952101872
"3984",0.25,"RHLR",0.004,"rhl_Pa","trial_3",-0.000666666666666668,0.0123468394516348
"3985",0.25,"RHLI",0.002,"rhl_Pa","trial_3",-0.000333333333333334,0.00731057073315377
"3986",0.5,"KPPR1",0.006,"rhl_Pa","trial_3",0.00813333333333333,0.00246473540870428
"3987",0.5,"PA14",0.01,"rhl_Pa","trial_3",0.016,0.0192873015219859
"3988",0.5,"RHLR",0.008,"rhl_Pa","trial_3",0.00366666666666667,0.0131698308434256
"3989",0.5,"RHLI",0.005,"rhl_Pa","trial_3",0.001,0.00665832811847939
"3990",0.75,"KPPR1",0.005,"rhl_Pa","trial_3",0.0116,0.00258898766757533
"3991",0.75,"PA14",0.01,"rhl_Pa","trial_3",0.017,0.0196553639837408
"3992",0.75,"RHLR",0.006,"rhl_Pa","trial_3",0.003,0.0136503968196288
"3993",0.75,"RHLI",0.003,"rhl_Pa","trial_3",0.000333333333333333,0.00705533682950558
"3994",1,"KPPR1",0.01,"rhl_Pa","trial_3",0.0172,0.00284554790104522
"3995",1,"PA14",0.013,"rhl_Pa","trial_3",0.02,0.0202237484161567
"3996",1,"RHLR",0.01,"rhl_Pa","trial_3",0.005,0.0137961347243833
"3997",1,"RHLI",0.006,"rhl_Pa","trial_3",0.00266666666666667,0.00768837506311386
"3998",1.25,"KPPR1",0.017,"rhl_Pa","trial_3",0.0281333333333333,0.00384567371850582
"3999",1.25,"PA14",0.017,"rhl_Pa","trial_3",0.0236666666666667,0.0216204635575754
"4000",1.25,"RHLR",0.011,"rhl_Pa","trial_3",0.00566666666666667,0.0146780259042027
"4001",1.25,"RHLI",0.008,"rhl_Pa","trial_3",0.00433333333333333,0.00800694143297621
"4002",1.5,"KPPR1",0.025,"rhl_Pa","trial_3",0.0489333333333333,0.00595816100316889
"4003",1.5,"PA14",0.016,"rhl_Pa","trial_3",0.029,0.0253837218179946
"4004",1.5,"RHLR",0.009,"rhl_Pa","trial_3",0.007,0.0156204993518133
"4005",1.5,"RHLI",0.007,"rhl_Pa","trial_3",0.006,0.00781024967590665
"4006",1.75,"KPPR1",0.043,"rhl_Pa","trial_3",0.0852,0.00965509981206576
"4007",1.75,"PA14",0.018,"rhl_Pa","trial_3",0.042,0.0317962261911693
"4008",1.75,"RHLR",0.011,"rhl_Pa","trial_3",0.0126666666666667,0.0158989866902824
"4009",1.75,"RHLI",0.01,"rhl_Pa","trial_3",0.012,0.00642910050732864
"4010",2,"KPPR1",0.08,"rhl_Pa","trial_3",0.1438,0.0139632851912912
"4011",2,"PA14",0.029,"rhl_Pa","trial_3",0.073,0.0415250928154692
"4012",2,"RHLR",0.018,"rhl_Pa","trial_3",0.0233333333333333,0.0146780259042027
"4013",2,"RHLI",0.018,"rhl_Pa","trial_3",0.024,0.00378593889720018
"4014",2.25,"KPPR1",0.135,"rhl_Pa","trial_3",0.2272,0.020821737725386
"4015",2.25,"PA14",0.033,"rhl_Pa","trial_3",0.0993333333333333,0.0441600623993118
"4016",2.25,"RHLR",0.023,"rhl_Pa","trial_3",0.043,0.0148436293854749
"4017",2.25,"RHLI",0.026,"rhl_Pa","trial_3",0.0433333333333333,0.0118509258897541
"4018",2.5,"KPPR1",0.222,"rhl_Pa","trial_3",0.355533333333333,0.0316979594756608
"4019",2.5,"PA14",0.043,"rhl_Pa","trial_3",0.129333333333333,0.0562622826096173
"4020",2.5,"RHLR",0.036,"rhl_Pa","trial_3",0.0656666666666667,0.0201025150444195
"4021",2.5,"RHLI",0.043,"rhl_Pa","trial_3",0.0656666666666667,0.0142633952635564
"4022",2.75,"KPPR1",0.357,"rhl_Pa","trial_3",0.585533333333333,0.0649722920186654
"4023",2.75,"PA14",0.058,"rhl_Pa","trial_3",0.166333333333333,0.0629347104369106
"4024",2.75,"RHLR",0.052,"rhl_Pa","trial_3",0.125666666666667,0.0368887215524987
"4025",2.75,"RHLI",0.062,"rhl_Pa","trial_3",0.105,0.0293087017795057
"4026",3,"KPPR1",0.633,"rhl_Pa","trial_3",0.9096,0.0891258500260006
"4027",3,"PA14",0.085,"rhl_Pa","trial_3",0.225666666666667,0.078148007723237
"4028",3,"RHLR",0.076,"rhl_Pa","trial_3",0.153666666666667,0.0419536781595024
"4029",3,"RHLI",0.083,"rhl_Pa","trial_3",0.164333333333333,0.0619740088890317
"4030",3.25,"KPPR1",1.104,"rhl_Pa","trial_3",1.30306666666667,0.0845797153812204
"4031",3.25,"PA14",0.101,"rhl_Pa","trial_3",0.315666666666667,0.113896639302678
"4032",3.25,"RHLR",0.094,"rhl_Pa","trial_3",0.197666666666667,0.053883619444544
"4033",3.25,"RHLI",0.097,"rhl_Pa","trial_3",0.255333333333333,0.108102317787877
"4034",3.5,"KPPR1",1.52,"rhl_Pa","trial_3",1.6816,0.071117796312744
"4035",3.5,"PA14",0.17,"rhl_Pa","trial_3",0.433666666666667,0.132265305772569
"4036",3.5,"RHLR",0.165,"rhl_Pa","trial_3",0.294,0.0646864230989265
"4037",3.5,"RHLI",0.21,"rhl_Pa","trial_3",0.361333333333333,0.121205518759575
"4038",3.75,"KPPR1",1.86,"rhl_Pa","trial_3",1.97326666666667,0.0620333602006032
"4039",3.75,"PA14",0.25,"rhl_Pa","trial_3",0.573666666666667,0.161907724062539
"4040",3.75,"RHLR",0.226,"rhl_Pa","trial_3",0.443,0.109024462086879
"4041",3.75,"RHLI",0.292,"rhl_Pa","trial_3",0.469333333333333,0.139261544504496
"4042",4,"KPPR1",2.123,"rhl_Pa","trial_3",2.2096,0.0627907939870472
"4043",4,"PA14",0.386,"rhl_Pa","trial_3",0.716,0.165967868376181
"4044",4,"RHLR",0.371,"rhl_Pa","trial_3",0.574666666666667,0.103247814074251
"4045",4,"RHLI",0.438,"rhl_Pa","trial_3",0.625666666666667,0.141955783413162
"4046",4.25,"KPPR1",2.333,"rhl_Pa","trial_3",2.40013333333333,0.0628807538627616
"4047",4.25,"PA14",0.54,"rhl_Pa","trial_3",0.847,0.155270731305034
"4048",4.25,"RHLR",0.522,"rhl_Pa","trial_3",0.702333333333333,0.0923405532676612
"4049",4.25,"RHLI",0.576,"rhl_Pa","trial_3",0.774,0.16935859391638
"4050",4.5,"KPPR1",2.493,"rhl_Pa","trial_3",2.55193333333333,0.0656584573065269
"4051",4.5,"PA14",0.692,"rhl_Pa","trial_3",1.02,0.16876907299621
"4052",4.5,"RHLR",0.671,"rhl_Pa","trial_3",0.85,0.0954585424848574
"4053",4.5,"RHLI",0.728,"rhl_Pa","trial_3",0.919333333333333,0.178491207377594
"4054",4.75,"KPPR1",2.618,"rhl_Pa","trial_3",2.67953333333333,0.0671075800605811
"4055",4.75,"PA14",0.783,"rhl_Pa","trial_3",1.17,0.198736844428338
"4056",4.75,"RHLR",0.772,"rhl_Pa","trial_3",0.990666666666667,0.118915002324256
"4057",4.75,"RHLI",0.861,"rhl_Pa","trial_3",1.066,0.197547462651384
"4058",5,"KPPR1",2.738,"rhl_Pa","trial_3",2.7912,0.0681341953165117
"4059",5,"PA14",0.916,"rhl_Pa","trial_3",1.372,0.23207541877588
"4060",5,"RHLR",0.902,"rhl_Pa","trial_3",1.16466666666667,0.138469410982274
"4061",5,"RHLI",1.017,"rhl_Pa","trial_3",1.23666666666667,0.220166855917153
"4062",5.25,"KPPR1",2.829,"rhl_Pa","trial_3",2.883,0.0700222413645428
"4063",5.25,"PA14",1.099,"rhl_Pa","trial_3",1.62433333333333,0.266797259689409
"4064",5.25,"RHLR",1.06,"rhl_Pa","trial_3",1.35733333333333,0.164508696156498
"4065",5.25,"RHLI",1.198,"rhl_Pa","trial_3",1.44333333333333,0.256411994865902
"4066",5.5,"KPPR1",2.907,"rhl_Pa","trial_3",2.9648,0.0715650353574585
"4067",5.5,"PA14",1.276,"rhl_Pa","trial_3",1.87266666666667,0.300142928915172
"4068",5.5,"RHLR",1.249,"rhl_Pa","trial_3",1.597,0.19384873828151
"4069",5.5,"RHLI",1.377,"rhl_Pa","trial_3",1.637,0.265518988649274
"4070",5.75,"KPPR1",2.998,"rhl_Pa","trial_3",3.04846666666667,0.0734278308899721
"4071",5.75,"PA14",1.501,"rhl_Pa","trial_3",2.156,0.327655815351007
"4072",5.75,"RHLR",1.448,"rhl_Pa","trial_3",1.84366666666667,0.220204702745221
"4073",5.75,"RHLI",1.633,"rhl_Pa","trial_3",1.88966666666667,0.253174731054354
"4074",6,"KPPR1",3.059,"rhl_Pa","trial_3",3.11753333333333,0.0739235684220802
"4075",6,"PA14",1.767,"rhl_Pa","trial_3",2.43666666666667,0.334869294567962
"4076",6,"RHLR",1.676,"rhl_Pa","trial_3",2.119,0.238571442828628
"4077",6,"RHLI",1.907,"rhl_Pa","trial_3",2.13533333333333,0.243997495433412
"4078",6.25,"KPPR1",3.127,"rhl_Pa","trial_3",3.18466666666667,0.075419377746588
"4079",6.25,"PA14",2.017,"rhl_Pa","trial_3",2.67666666666667,0.329925412446174
"4080",6.25,"RHLR",1.966,"rhl_Pa","trial_3",2.38166666666667,0.225939765817746
"4081",6.25,"RHLI",2.163,"rhl_Pa","trial_3",2.36933333333333,0.204835164081865
"4082",6.5,"KPPR1",3.207,"rhl_Pa","trial_3",3.2474,0.0759300931621913
"4083",6.5,"PA14",2.311,"rhl_Pa","trial_3",2.906,0.298128048551849
"4084",6.5,"RHLR",2.239,"rhl_Pa","trial_3",2.62,0.207278395722597
"4085",6.5,"RHLI",2.387,"rhl_Pa","trial_3",2.582,0.184109568826102
"4086",6.75,"KPPR1",3.235,"rhl_Pa","trial_3",3.30606666666667,0.0776794675737397
"4087",6.75,"PA14",2.545,"rhl_Pa","trial_3",3.074,0.264632449509378
"4088",6.75,"RHLR",2.482,"rhl_Pa","trial_3",2.81566666666667,0.188372267362027
"4089",6.75,"RHLI",2.579,"rhl_Pa","trial_3",2.76133333333333,0.161311637659669
"4090",7,"KPPR1",3.297,"rhl_Pa","trial_3",3.35786666666667,0.0780905985846029
"4091",7,"PA14",2.741,"rhl_Pa","trial_3",3.30433333333333,0.289924894488977
"4092",7,"RHLR",2.691,"rhl_Pa","trial_3",2.999,0.176398223724995
"4093",7,"RHLI",2.73,"rhl_Pa","trial_3",2.91266666666667,0.15364605790944
"4094",7.25,"KPPR1",3.337,"rhl_Pa","trial_3",3.41266666666667,0.0788130800521182
"4095",7.25,"PA14",2.893,"rhl_Pa","trial_3",3.39033333333333,0.250685947840011
"4096",7.25,"RHLR",2.852,"rhl_Pa","trial_3",3.15366666666667,0.169385490655028
"4097",7.25,"RHLI",2.888,"rhl_Pa","trial_3",3.05,0.128597563481325
"4098",7.5,"KPPR1",3.386,"rhl_Pa","trial_3",3.46646666666667,0.0789987261299746
"4099",7.5,"PA14",3.043,"rhl_Pa","trial_3",3.52133333333333,0.242703065035812
"4100",7.5,"RHLR",3.011,"rhl_Pa","trial_3",3.28866666666667,0.159357390094648
"4101",7.5,"RHLI",3.016,"rhl_Pa","trial_3",3.16866666666667,0.124794942917483
"4102",7.75,"KPPR1",3.432,"rhl_Pa","trial_3",3.5172,0.079384429323688
"4103",7.75,"PA14",3.164,"rhl_Pa","trial_3",3.608,0.222432012084592
"4104",7.75,"RHLR",3.136,"rhl_Pa","trial_3",3.40666666666667,0.154473658308176
"4105",7.75,"RHLI",3.141,"rhl_Pa","trial_3",3.283,0.118810773922233
"4106",8,"KPPR1",3.474,"rhl_Pa","trial_3",3.55826666666667,0.0798513778195626
"4107",8,"PA14",3.303,"rhl_Pa","trial_3",3.71566666666667,0.209221042069015
"4108",8,"RHLR",3.295,"rhl_Pa","trial_3",3.55,0.135905604495669
"4109",8,"RHLI",3.24,"rhl_Pa","trial_3",3.37666666666667,0.114903341020954
"4110",8.25,"KPPR1",3.517,"rhl_Pa","trial_3",3.6082,0.0807083638788447
"4111",8.25,"PA14",3.451,"rhl_Pa","trial_3",3.841,0.198154821625247
"4112",8.25,"RHLR",3.403,"rhl_Pa","trial_3",3.66,0.131515525065801
"4113",8.25,"RHLI",3.322,"rhl_Pa","trial_3",3.463,0.111
"4114",8.5,"KPPR1",3.552,"rhl_Pa","trial_3",3.65086666666667,0.0807728069910062
"4115",8.5,"PA14",3.518,"rhl_Pa","trial_3",3.89133333333333,0.188546487047035
"4116",8.5,"RHLR",3.543,"rhl_Pa","trial_3",3.73866666666667,0.1066401008585
"4117",8.5,"RHLI",3.412,"rhl_Pa","trial_3",3.557,0.105815877825589
"4118",8.75,"KPPR1",3.594,"rhl_Pa","trial_3",3.69106666666667,0.0815741828128686
"4119",8.75,"PA14",3.608,"rhl_Pa","trial_3",3.94966666666667,0.174722955306712
"4120",8.75,"RHLR",3.614,"rhl_Pa","trial_3",3.82733333333333,0.110656123995818
"4121",8.75,"RHLI",3.473,"rhl_Pa","trial_3",3.62133333333333,0.108640589918215
"4122",9,"KPPR1",3.619,"rhl_Pa","trial_3",3.72766666666667,0.0821832833579437
"4123",9,"PA14",3.689,"rhl_Pa","trial_3",4.01966666666667,0.168037032955371
"4124",9,"RHLR",3.679,"rhl_Pa","trial_3",3.88,0.104328008383815
"4125",9,"RHLI",3.552,"rhl_Pa","trial_3",3.707,0.102996763703203
"4126",9.25,"KPPR1",3.662,"rhl_Pa","trial_3",3.7676,0.0828666053710075
"4127",9.25,"PA14",3.759,"rhl_Pa","trial_3",4.09433333333333,0.171566637523474
"4128",9.25,"RHLR",3.84,"rhl_Pa","trial_3",3.988,0.0749866654812709
"4129",9.25,"RHLI",3.646,"rhl_Pa","trial_3",3.793,0.098086696345631
"4130",9.5,"KPPR1",3.687,"rhl_Pa","trial_3",3.80186666666667,0.0835817174510281
"4131",9.5,"PA14",3.79,"rhl_Pa","trial_3",4.13333333333333,0.177329573894987
"4132",9.5,"RHLR",3.941,"rhl_Pa","trial_3",4.08066666666667,0.0704043874895435
"4133",9.5,"RHLI",3.717,"rhl_Pa","trial_3",3.867,0.0950017543697659
"4134",9.75,"KPPR1",3.713,"rhl_Pa","trial_3",3.83706666666667,0.0838254119139279
"4135",9.75,"PA14",3.92,"rhl_Pa","trial_3",4.194,0.142200562586792
"4136",9.75,"RHLR",4.015,"rhl_Pa","trial_3",4.12,0.0526782687642638
"4137",9.75,"RHLI",3.8,"rhl_Pa","trial_3",3.93666666666667,0.0821570312132673
"4138",10,"KPPR1",3.746,"rhl_Pa","trial_3",3.8674,0.0835222126143699
"4139",10,"PA14",3.975,"rhl_Pa","trial_3",4.23966666666667,0.138367064160675
"4140",10,"RHLR",4.111,"rhl_Pa","trial_3",4.17366666666667,0.0344979870588289
"4141",10,"RHLI",3.853,"rhl_Pa","trial_3",3.991,0.0772075125878304
"4142",10.25,"KPPR1",3.775,"rhl_Pa","trial_3",3.90066666666667,0.0840863879288475
"4143",10.25,"PA14",4.039,"rhl_Pa","trial_3",4.29133333333333,0.131225420978982
"4144",10.25,"RHLR",4.232,"rhl_Pa","trial_3",4.231,0.0199248588451713
"4145",10.25,"RHLI",3.919,"rhl_Pa","trial_3",4.05333333333333,0.0703949177458461
"4146",10.5,"KPPR1",3.801,"rhl_Pa","trial_3",3.92973333333333,0.0842330365381923
"4147",10.5,"PA14",4.086,"rhl_Pa","trial_3",4.31433333333333,0.120634894527984
"4148",10.5,"RHLR",4.319,"rhl_Pa","trial_3",4.26466666666667,0.0424512792635405
"4149",10.5,"RHLI",4.004,"rhl_Pa","trial_3",4.111,0.0554887375960206
"4150",10.75,"KPPR1",3.829,"rhl_Pa","trial_3",3.95946666666667,0.0855038215056117
"4151",10.75,"PA14",4.168,"rhl_Pa","trial_3",4.352,0.0993596162096721
"4152",10.75,"RHLR",4.308,"rhl_Pa","trial_3",4.26566666666667,0.0537101273297484
"4153",10.75,"RHLI",4.049,"rhl_Pa","trial_3",4.15933333333333,0.0556367184909789
"4154",11,"KPPR1",3.847,"rhl_Pa","trial_3",3.9826,0.085005646871252
"4155",11,"PA14",4.199,"rhl_Pa","trial_3",4.352,0.0942991693141214
"4156",11,"RHLR",4.335,"rhl_Pa","trial_3",4.26766666666667,0.0775485511004414
"4157",11,"RHLI",4.081,"rhl_Pa","trial_3",4.18833333333333,0.055426628177358
"4158",11.25,"KPPR1",3.872,"rhl_Pa","trial_3",4.01166666666667,0.0859724577528379
"4159",11.25,"PA14",4.251,"rhl_Pa","trial_3",4.356,0.0880814017448253
"4160",11.25,"RHLR",4.363,"rhl_Pa","trial_3",4.25666666666667,0.0989281445180176
"4161",11.25,"RHLI",4.156,"rhl_Pa","trial_3",4.216,0.0340783411176856
"4162",11.5,"KPPR1",3.892,"rhl_Pa","trial_3",4.03526666666667,0.0857657089132762
"4163",11.5,"PA14",4.272,"rhl_Pa","trial_3",4.32866666666667,0.0845622715977863
"4164",11.5,"RHLR",4.383,"rhl_Pa","trial_3",4.26233333333333,0.126714026234054
"4165",11.5,"RHLI",4.214,"rhl_Pa","trial_3",4.23733333333333,0.0238350815209663
"4166",11.75,"KPPR1",3.919,"rhl_Pa","trial_3",4.05986666666667,0.0859405590076053
"4167",11.75,"PA14",4.251,"rhl_Pa","trial_3",4.29066666666667,0.0925064562311433
"4168",11.75,"RHLR",4.334,"rhl_Pa","trial_3",4.232,0.136337815737234
"4169",11.75,"RHLI",4.154,"rhl_Pa","trial_3",4.21966666666667,0.0403085323198177
"4170",12,"KPPR1",3.936,"rhl_Pa","trial_3",4.0824,0.0862307977244237
"4171",12,"PA14",4.292,"rhl_Pa","trial_3",4.28133333333333,0.102906645935905
"4172",12,"RHLR",4.369,"rhl_Pa","trial_3",4.22333333333333,0.159871128656108
"4173",12,"RHLI",4.233,"rhl_Pa","trial_3",4.254,0.0359212100761282
"4174",12.25,"KPPR1",3.955,"rhl_Pa","trial_3",4.1036,0.0866267747018096
"4175",12.25,"PA14",4.321,"rhl_Pa","trial_3",4.26466666666667,0.110182172383336
"4176",12.25,"RHLR",4.354,"rhl_Pa","trial_3",4.21833333333333,0.175046977821511
"4177",12.25,"RHLI",4.273,"rhl_Pa","trial_3",4.266,0.0402781992315116
"4178",12.5,"KPPR1",3.971,"rhl_Pa","trial_3",4.12393333333333,0.0865870586759865
"4179",12.5,"PA14",4.344,"rhl_Pa","trial_3",4.24766666666667,0.120598968117937
"4180",12.5,"RHLR",4.359,"rhl_Pa","trial_3",4.19033333333333,0.191089275238332
"4181",12.5,"RHLI",4.285,"rhl_Pa","trial_3",4.27333333333333,0.0416906597586453
"4182",12.75,"KPPR1",3.976,"rhl_Pa","trial_3",4.14166666666667,0.086894334664726
"4183",12.75,"PA14",4.346,"rhl_Pa","trial_3",4.21166666666667,0.129365545816668
"4184",12.75,"RHLR",4.345,"rhl_Pa","trial_3",4.18333333333333,0.198229104265185
"4185",12.75,"RHLI",4.274,"rhl_Pa","trial_3",4.25533333333333,0.0442957233952793
"4186",13,"KPPR1",4,"rhl_Pa","trial_3",4.1592,0.0860654900144568
"4187",13,"PA14",4.299,"rhl_Pa","trial_3",4.17533333333333,0.13379129684367
"4188",13,"RHLR",4.321,"rhl_Pa","trial_3",4.15766666666667,0.208352532448679
"4189",13,"RHLI",4.294,"rhl_Pa","trial_3",4.253,0.0492172056636022
"4190",13.25,"KPPR1",4.02,"rhl_Pa","trial_3",4.1792,0.0853231504340996
"4191",13.25,"PA14",4.268,"rhl_Pa","trial_3",4.12633333333333,0.1406678514958
"4192",13.25,"RHLR",4.284,"rhl_Pa","trial_3",4.14033333333333,0.206050425327825
"4193",13.25,"RHLI",4.277,"rhl_Pa","trial_3",4.237,0.0435469095727047
"4194",13.5,"KPPR1",4.028,"rhl_Pa","trial_3",4.19366666666667,0.0860251716576617
"4195",13.5,"PA14",4.263,"rhl_Pa","trial_3",4.09433333333333,0.15006813267461
"4196",13.5,"RHLR",4.248,"rhl_Pa","trial_3",4.11166666666667,0.20861634110917
"4197",13.5,"RHLI",4.247,"rhl_Pa","trial_3",4.20733333333333,0.0437276927256756
"4198",13.75,"KPPR1",4.046,"rhl_Pa","trial_3",4.20666666666667,0.0859722915865043
"4199",13.75,"PA14",4.226,"rhl_Pa","trial_3",4.05366666666667,0.150868964483901
"4200",13.75,"RHLR",4.221,"rhl_Pa","trial_3",4.08533333333333,0.210692772644067
"4201",13.75,"RHLI",4.211,"rhl_Pa","trial_3",4.17966666666667,0.0390740038616184
"4202",14,"KPPR1",4.05,"rhl_Pa","trial_3",4.22253333333333,0.0861040824576455
"4203",14,"PA14",4.195,"rhl_Pa","trial_3",4.03433333333333,0.148342321825042
"4204",14,"RHLR",4.189,"rhl_Pa","trial_3",4.06,0.222868421570516
"4205",14,"RHLI",4.169,"rhl_Pa","trial_3",4.157,0.0408574758561187
"4206",14.25,"KPPR1",4.068,"rhl_Pa","trial_3",4.23453333333333,0.0865572679497258
"4207",14.25,"PA14",4.154,"rhl_Pa","trial_3",3.97966666666667,0.154287970295087
"4208",14.25,"RHLR",4.193,"rhl_Pa","trial_3",4.04966666666667,0.211686350790766
"4209",14.25,"RHLI",4.137,"rhl_Pa","trial_3",4.13233333333333,0.0393290958169366
"4210",14.5,"KPPR1",4.079,"rhl_Pa","trial_3",4.2462,0.0857256532144703
"4211",14.5,"PA14",4.14,"rhl_Pa","trial_3",3.95933333333333,0.149810250353943
"4212",14.5,"RHLR",4.191,"rhl_Pa","trial_3",4.036,0.216155036952647
"4213",14.5,"RHLI",4.106,"rhl_Pa","trial_3",4.10833333333333,0.0395656978258243
"4214",14.75,"KPPR1",4.092,"rhl_Pa","trial_3",4.26093333333333,0.0866735784789644
"4215",14.75,"PA14",4.128,"rhl_Pa","trial_3",3.922,0.157335098860151
"4216",14.75,"RHLR",4.176,"rhl_Pa","trial_3",4.01266666666667,0.211543796358527
"4217",14.75,"RHLI",4.086,"rhl_Pa","trial_3",4.09133333333333,0.0376223928590998
"4218",15,"KPPR1",4.092,"rhl_Pa","trial_3",4.269,0.0853836719084593
"4219",15,"PA14",4.11,"rhl_Pa","trial_3",3.901,0.155521702665577
"4220",15,"RHLR",4.116,"rhl_Pa","trial_3",3.97433333333333,0.215490396795567
"4221",15,"RHLI",4.06,"rhl_Pa","trial_3",4.06366666666667,0.0395909641767469
"4222",15.25,"KPPR1",4.11,"rhl_Pa","trial_3",4.27986666666667,0.0857704503819944
"4223",15.25,"PA14",4.087,"rhl_Pa","trial_3",3.88833333333333,0.161246533123799
"4224",15.25,"RHLR",4.118,"rhl_Pa","trial_3",3.97533333333333,0.220292482345126
"4225",15.25,"RHLI",4.043,"rhl_Pa","trial_3",4.04466666666667,0.0389800518784217
"4226",15.5,"KPPR1",4.117,"rhl_Pa","trial_3",4.29033333333333,0.0860276625868605
"4227",15.5,"PA14",4.077,"rhl_Pa","trial_3",3.85866666666667,0.173468857275433
"4228",15.5,"RHLR",4.088,"rhl_Pa","trial_3",3.95933333333333,0.214818786681033
"4229",15.5,"RHLI",4.02,"rhl_Pa","trial_3",4.02333333333333,0.0381415492314848
"4230",15.75,"KPPR1",4.125,"rhl_Pa","trial_3",4.30346666666667,0.0859494240356705
"4231",15.75,"PA14",4.07,"rhl_Pa","trial_3",3.831,0.175872112627329
"4232",15.75,"RHLR",4.055,"rhl_Pa","trial_3",3.93166666666667,0.203005199714468
"4233",15.75,"RHLI",3.987,"rhl_Pa","trial_3",3.99766666666667,0.0316298031047374
"4234",16,"KPPR1",4.131,"rhl_Pa","trial_3",4.30906666666667,0.0858055646251158
"4235",16,"PA14",4.059,"rhl_Pa","trial_3",3.8,0.181191427317446
"4236",16,"RHLR",4.029,"rhl_Pa","trial_3",3.902,0.188549728188613
"4237",16,"RHLI",3.971,"rhl_Pa","trial_3",3.97633333333333,0.0249688695067368
"4238",16.25,"KPPR1",4.135,"rhl_Pa","trial_3",4.31766666666667,0.0860656264921836
"4239",16.25,"PA14",4.029,"rhl_Pa","trial_3",3.774,0.178146943092867
"4240",16.25,"RHLR",3.992,"rhl_Pa","trial_3",3.87,0.186358078261537
"4241",16.25,"RHLI",3.943,"rhl_Pa","trial_3",3.95366666666667,0.0197849550023356
"4242",16.5,"KPPR1",4.148,"rhl_Pa","trial_3",4.32853333333333,0.0859141247141401
"4243",16.5,"PA14",4.035,"rhl_Pa","trial_3",3.76133333333333,0.186503202236435
"4244",16.5,"RHLR",3.989,"rhl_Pa","trial_3",3.86066666666667,0.181194493416451
"4245",16.5,"RHLI",3.914,"rhl_Pa","trial_3",3.927,0.0193132079158279
"4246",16.75,"KPPR1",4.158,"rhl_Pa","trial_3",4.33673333333333,0.0860019638018678
"4247",16.75,"PA14",4.018,"rhl_Pa","trial_3",3.74166666666667,0.182871843407101
"4248",16.75,"RHLR",3.94,"rhl_Pa","trial_3",3.82633333333333,0.176541150380804
"4249",16.75,"RHLI",3.888,"rhl_Pa","trial_3",3.895,0.0202237484161567
"4250",17,"KPPR1",4.165,"rhl_Pa","trial_3",4.3456,0.0859542957180207
"4251",17,"PA14",4.01,"rhl_Pa","trial_3",3.722,0.188616895673037
"4252",17,"RHLR",3.901,"rhl_Pa","trial_3",3.79666666666667,0.172891423860307
"4253",17,"RHLI",3.86,"rhl_Pa","trial_3",3.865,0.021221058723196
"4254",17.25,"KPPR1",4.173,"rhl_Pa","trial_3",4.35493333333333,0.0851905129228806
"4255",17.25,"PA14",3.997,"rhl_Pa","trial_3",3.701,0.190228809595182
"4256",17.25,"RHLR",3.886,"rhl_Pa","trial_3",3.77666666666667,0.171745289438879
"4257",17.25,"RHLI",3.834,"rhl_Pa","trial_3",3.84,0.0215715862498179
"4258",17.5,"KPPR1",4.181,"rhl_Pa","trial_3",4.35993333333333,0.085218848053069
"4259",17.5,"PA14",3.973,"rhl_Pa","trial_3",3.68166666666667,0.18696286024532
"4260",17.5,"RHLR",3.856,"rhl_Pa","trial_3",3.747,0.171966081927028
"4261",17.5,"RHLI",3.809,"rhl_Pa","trial_3",3.81233333333333,0.0214268782399842
"4262",17.75,"KPPR1",4.178,"rhl_Pa","trial_3",4.3654,0.085261100380509
"4263",17.75,"PA14",3.958,"rhl_Pa","trial_3",3.665,0.191087240111247
"4264",17.75,"RHLR",3.809,"rhl_Pa","trial_3",3.72766666666667,0.163337414914989
"4265",17.75,"RHLI",3.759,"rhl_Pa","trial_3",3.77633333333333,0.0225191276720728
"4266",18,"KPPR1",4.202,"rhl_Pa","trial_3",4.37206666666667,0.0848038895484145
"4267",18,"PA14",3.953,"rhl_Pa","trial_3",3.64933333333333,0.191630141447297
"4268",18,"RHLR",3.806,"rhl_Pa","trial_3",3.71133333333333,0.156846350858979
"4269",18,"RHLI",3.744,"rhl_Pa","trial_3",3.75166666666667,0.0180215919878843
"4270",18.25,"KPPR1",4.202,"rhl_Pa","trial_3",4.37666666666667,0.0845040245120323
"4271",18.25,"PA14",3.945,"rhl_Pa","trial_3",3.63266666666667,0.19542802028141
"4272",18.25,"RHLR",3.772,"rhl_Pa","trial_3",3.68366666666667,0.158413313133012
"4273",18.25,"RHLI",3.707,"rhl_Pa","trial_3",3.72333333333333,0.0199360087390742
"4274",18.5,"KPPR1",4.203,"rhl_Pa","trial_3",4.38086666666667,0.0846940638087726
"4275",18.5,"PA14",3.914,"rhl_Pa","trial_3",3.609,0.19500341877345
"4276",18.5,"RHLR",3.739,"rhl_Pa","trial_3",3.658,0.157988396198371
"4277",18.5,"RHLI",3.677,"rhl_Pa","trial_3",3.696,0.019
"4278",18.75,"KPPR1",4.213,"rhl_Pa","trial_3",4.38386666666667,0.0839029976572531
"4279",18.75,"PA14",3.891,"rhl_Pa","trial_3",3.586,0.192158788505756
"4280",18.75,"RHLR",3.706,"rhl_Pa","trial_3",3.63066666666667,0.15084797350681
"4281",18.75,"RHLI",3.655,"rhl_Pa","trial_3",3.672,0.0175023807904334
"4282",19,"KPPR1",4.214,"rhl_Pa","trial_3",4.39006666666667,0.0835844293238688
"4283",19,"PA14",3.851,"rhl_Pa","trial_3",3.56833333333333,0.182871843407101
"4284",19,"RHLR",3.669,"rhl_Pa","trial_3",3.61166666666667,0.148289506634076
"4285",19,"RHLI",3.621,"rhl_Pa","trial_3",3.64933333333333,0.0170717440364026
"4286",19.25,"KPPR1",4.222,"rhl_Pa","trial_3",4.3918,0.083096169185669
"4287",19.25,"PA14",3.838,"rhl_Pa","trial_3",3.54333333333333,0.190440133491983
"4288",19.25,"RHLR",3.652,"rhl_Pa","trial_3",3.58733333333333,0.148478206406792
"4289",19.25,"RHLI",3.592,"rhl_Pa","trial_3",3.62066666666667,0.019151443229631
"4290",19.5,"KPPR1",4.229,"rhl_Pa","trial_3",4.39573333333333,0.083362174056895
"4291",19.5,"PA14",3.799,"rhl_Pa","trial_3",3.516,0.184659145454537
"4292",19.5,"RHLR",3.622,"rhl_Pa","trial_3",3.55733333333333,0.15186104759871
"4293",19.5,"RHLI",3.562,"rhl_Pa","trial_3",3.59666666666667,0.0196412264835417
"4294",19.75,"KPPR1",4.228,"rhl_Pa","trial_3",4.39706666666667,0.0829948057276947
"4295",19.75,"PA14",3.76,"rhl_Pa","trial_3",3.49333333333333,0.178286598237532
"4296",19.75,"RHLR",3.593,"rhl_Pa","trial_3",3.54266666666667,0.143956397719742
"4297",19.75,"RHLI",3.536,"rhl_Pa","trial_3",3.57366666666667,0.0208513255640446
"4298",20,"KPPR1",4.236,"rhl_Pa","trial_3",4.3998,0.0823168211705181
"4299",20,"PA14",3.746,"rhl_Pa","trial_3",3.476,0.179917573720116
"4300",20,"RHLR",3.57,"rhl_Pa","trial_3",3.52466666666667,0.140405761198669
"4301",20,"RHLI",3.515,"rhl_Pa","trial_3",3.55266666666667,0.0197849550023355
"4302",20.25,"KPPR1",4.237,"rhl_Pa","trial_3",4.40286666666667,0.0815382975555289
"4303",20.25,"PA14",3.707,"rhl_Pa","trial_3",3.453,0.174390366706421
"4304",20.25,"RHLR",3.541,"rhl_Pa","trial_3",3.508,0.135817279214882
"4305",20.25,"RHLI",3.489,"rhl_Pa","trial_3",3.53133333333333,0.0221835775092998
"4306",20.5,"KPPR1",4.251,"rhl_Pa","trial_3",4.4074,0.0815821992722386
"4307",20.5,"PA14",3.707,"rhl_Pa","trial_3",3.43766666666667,0.178147254945016
"4308",20.5,"RHLR",3.523,"rhl_Pa","trial_3",3.49233333333333,0.129658954355048
"4309",20.5,"RHLI",3.468,"rhl_Pa","trial_3",3.512,0.0227449628123093
"4310",20.75,"KPPR1",4.242,"rhl_Pa","trial_3",4.409,0.0825967830573841
"4311",20.75,"PA14",3.657,"rhl_Pa","trial_3",3.41,0.173269539542683
"4312",20.75,"RHLR",3.495,"rhl_Pa","trial_3",3.47,0.132515407909169
"4313",20.75,"RHLI",3.439,"rhl_Pa","trial_3",3.48966666666667,0.0257509438877706
"4314",21,"KPPR1",4.242,"rhl_Pa","trial_3",4.41066666666667,0.081657803211921
"4315",21,"PA14",3.63,"rhl_Pa","trial_3",3.392,0.166620326891209
"4316",21,"RHLR",3.465,"rhl_Pa","trial_3",3.446,0.13687342084325
"4317",21,"RHLI",3.416,"rhl_Pa","trial_3",3.47033333333333,0.0274246442294356
"4318",21.25,"KPPR1",4.276,"rhl_Pa","trial_3",4.41073333333333,0.0809521002796255
"4319",21.25,"PA14",3.653,"rhl_Pa","trial_3",3.38066666666667,0.180226092573868
"4320",21.25,"RHLR",3.473,"rhl_Pa","trial_3",3.43633333333333,0.135194099148019
"4321",21.25,"RHLI",3.404,"rhl_Pa","trial_3",3.455,0.0256969518296108
"4322",21.5,"KPPR1",4.255,"rhl_Pa","trial_3",4.4126,0.0808909789543338
"4323",21.5,"PA14",3.588,"rhl_Pa","trial_3",3.349,0.167989086947139
"4324",21.5,"RHLR",3.431,"rhl_Pa","trial_3",3.41466666666667,0.131024594807404
"4325",21.5,"RHLI",3.376,"rhl_Pa","trial_3",3.434,0.0290918086982115
"4326",21.75,"KPPR1",4.255,"rhl_Pa","trial_3",4.41213333333333,0.0804136843759856
"4327",21.75,"PA14",3.562,"rhl_Pa","trial_3",3.32766666666667,0.164300875766923
"4328",21.75,"RHLR",3.419,"rhl_Pa","trial_3",3.40366666666667,0.124943098159833
"4329",21.75,"RHLI",3.358,"rhl_Pa","trial_3",3.41833333333333,0.0301790950457064
"4330",22,"KPPR1",4.275,"rhl_Pa","trial_3",4.4162,0.0796890504517701
"4331",22,"PA14",3.572,"rhl_Pa","trial_3",3.317,0.172988438920062
"4332",22,"RHLR",3.412,"rhl_Pa","trial_3",3.392,0.125107953384267
"4333",22,"RHLI",3.346,"rhl_Pa","trial_3",3.403,0.0285131548587665
"4334",22.25,"KPPR1",4.265,"rhl_Pa","trial_3",4.41813333333333,0.0789243077207925
"4335",22.25,"PA14",3.536,"rhl_Pa","trial_3",3.29966666666667,0.164211584379557
"4336",22.25,"RHLR",3.384,"rhl_Pa","trial_3",3.37366666666667,0.124526213215442
"4337",22.25,"RHLI",3.327,"rhl_Pa","trial_3",3.38933333333333,0.0311786964305937
"4338",22.5,"KPPR1",4.253,"rhl_Pa","trial_3",4.41553333333333,0.0793596314955602
"4339",22.5,"PA14",3.49,"rhl_Pa","trial_3",3.26933333333333,0.161807842139304
"4340",22.5,"RHLR",3.357,"rhl_Pa","trial_3",3.353,0.130496487819915
"4341",22.5,"RHLI",3.307,"rhl_Pa","trial_3",3.37133333333333,0.0321783225859342
"4342",22.75,"KPPR1",4.253,"rhl_Pa","trial_3",4.41493333333333,0.0798186913702768
"4343",22.75,"PA14",3.464,"rhl_Pa","trial_3",3.249,0.161821918581301
"4344",22.75,"RHLR",3.347,"rhl_Pa","trial_3",3.35033333333333,0.121255011351192
"4345",22.75,"RHLI",3.294,"rhl_Pa","trial_3",3.35466666666667,0.0303388273412873
"4346",23,"KPPR1",4.252,"rhl_Pa","trial_3",4.4146,0.0787423042347027
"4347",23,"PA14",3.448,"rhl_Pa","trial_3",3.22733333333333,0.16138601068384
"4348",23,"RHLR",3.329,"rhl_Pa","trial_3",3.33033333333333,0.12297741436721
"4349",23,"RHLI",3.281,"rhl_Pa","trial_3",3.342,0.0305122926047847
"4350",23.25,"KPPR1",4.251,"rhl_Pa","trial_3",4.4174,0.0787103672000195
"4351",23.25,"PA14",3.425,"rhl_Pa","trial_3",3.218,0.158317192159706
"4352",23.25,"RHLR",3.318,"rhl_Pa","trial_3",3.32166666666667,0.121546058942462
"4353",23.25,"RHLI",3.265,"rhl_Pa","trial_3",3.327,0.0310214979221399
"4354",23.5,"KPPR1",4.242,"rhl_Pa","trial_3",4.41526666666667,0.0782261962374356
"4355",23.5,"PA14",3.393,"rhl_Pa","trial_3",3.191,0.155593487438689
"4356",23.5,"RHLR",3.301,"rhl_Pa","trial_3",3.31266666666667,0.108986747410459
"4357",23.5,"RHLI",3.256,"rhl_Pa","trial_3",3.31633333333333,0.0301680478505175
"4358",23.75,"KPPR1",4.236,"rhl_Pa","trial_3",4.414,0.0775701832751047
"4359",23.75,"PA14",3.365,"rhl_Pa","trial_3",3.167,0.153418816751184
"4360",23.75,"RHLR",3.281,"rhl_Pa","trial_3",3.28166666666667,0.113738491481312
"4361",23.75,"RHLI",3.239,"rhl_Pa","trial_3",3.301,0.031005375877956
"4362",24,"KPPR1",4.241,"rhl_Pa","trial_3",4.41273333333333,0.077760282839645
"4363",24,"PA14",3.353,"rhl_Pa","trial_3",3.15466666666667,0.152427396196062
"4364",24,"RHLR",3.281,"rhl_Pa","trial_3",3.26566666666667,0.111692036918981
"4365",24,"RHLI",3.233,"rhl_Pa","trial_3",3.289,0.0280059517483932
