"","Time","strain","OD600","trial","mean_OD600","sem_OD600"
"1",0,"Pa14_51430",0.016,"trial_1",0.0035,0.00611691643450086
"2",0,"Pa14_16930",0.019,"trial_1",0.02525,0.0128281916106675
"3",0,"Pa14_09810",0.027,"trial_1",0.019,0.00860232526704263
"4",0,"Pa14_64590",0.016,"trial_1",0.00725,0.00525
"5",0,"Pa14_05300",0.021,"trial_1",0.015,0.00633771778061052
"6",0,"Pa14_18520",0.023,"trial_1",0.0075,0.00718215380880508
"7",0,"Pa14_01960",0.001,"trial_1",0.0045,0.00455521678957215
"8",0,"Pa14_09480",0.028,"trial_1",0.018,0.00863133825081603
"9",0,"Pa14_19120",0.033,"trial_1",0.01,0.00809320702811932
"10",0,"Pa14_48650",0.031,"trial_1",0.01225,0.00679920338471108
"11",0,"Pa14_58770",0.008,"trial_1",0.006,0.00279880927062444
"12",0,"Pa14_06570",0.01,"trial_1",0.00725,0.00495605690039975
"13",0,"Pa14_32750",0.019,"trial_1",0.005,0.00577350269189626
"14",0,"Pa14_62830",0.02,"trial_1",0.01325,0.00268871096748361
"15",0,"Pa14_17250",0.003,"trial_1",0.00675,0.00447911821679223
"16",0,"Pa14_20440",0.001,"trial_1",0.00675,0.00488833645868749
"17",0,"Pa14_68350",0.016,"trial_1",0.0115,0.00607590871118606
"18",0,"Pa14_72840",0.017,"trial_1",0.01675,0.00498957245997423
"19",0,"Pa14",0.006,"trial_1",0.0075,0.0075773786144462
"20",0.25,"Pa14_51430",0.016,"trial_1",0.0025,0.00646142399166004
"21",0.25,"Pa14_16930",0.019,"trial_1",0.023,0.0126688594593199
"22",0.25,"Pa14_09810",0.025,"trial_1",0.01775,0.00852813969554127
"23",0.25,"Pa14_64590",0.014,"trial_1",0.0065,0.00523609269080167
"24",0.25,"Pa14_05300",0.021,"trial_1",0.01475,0.00705189099934668
"25",0.25,"Pa14_18520",0.024,"trial_1",0.00675,0.00785679111766799
"26",0.25,"Pa14_01960",0,"trial_1",0.004,0.00474341649025257
"27",0.25,"Pa14_09480",0.027,"trial_1",0.01875,0.0100363921140351
"28",0.25,"Pa14_19120",0.033,"trial_1",0.00775,0.00891978138745564
"29",0.25,"Pa14_48650",0.03,"trial_1",0.013,0.00669576980886689
"30",0.25,"Pa14_58770",0.007,"trial_1",0.0055,0.00272335577306137
"31",0.25,"Pa14_06570",0.014,"trial_1",0.00825,0.00534438958160799
"32",0.25,"Pa14_32750",0.02,"trial_1",0.00525,0.00635577165522278
"33",0.25,"Pa14_62830",0.019,"trial_1",0.012,0.00302765035409749
"34",0.25,"Pa14_17250",0.002,"trial_1",0.006,0.00432049379893857
"35",0.25,"Pa14_20440",0.001,"trial_1",0.006,0.00456435464587638
"36",0.25,"Pa14_68350",0.016,"trial_1",0.01025,0.00652399417534994
"37",0.25,"Pa14_72840",0.016,"trial_1",0.01525,0.00512144185426982
"38",0.25,"Pa14",0.005,"trial_1",0.00625,0.00737535309889183
"39",0.5,"Pa14_51430",0.008,"trial_1",-0.000249999999999999,0.00545244593431853
"40",0.5,"Pa14_16930",0.012,"trial_1",0.01975,0.0127826379645726
"41",0.5,"Pa14_09810",0.019,"trial_1",0.01625,0.00784617741323761
"42",0.5,"Pa14_64590",0.009,"trial_1",0.006,0.00470814896394185
"43",0.5,"Pa14_05300",0.013,"trial_1",0.00925,0.00426956281914983
"44",0.5,"Pa14_18520",0.017,"trial_1",0.004,0.00601387285088957
"45",0.5,"Pa14_01960",-0.006,"trial_1",0.00075,0.00426956281914983
"46",0.5,"Pa14_09480",0.019,"trial_1",0.0165,0.00907836255426421
"47",0.5,"Pa14_19120",0.025,"trial_1",0.0045,0.00733143914930759
"48",0.5,"Pa14_48650",0.032,"trial_1",0.01425,0.00728440114216673
"49",0.5,"Pa14_58770",0.005,"trial_1",0.0045,0.00272335577306137
"50",0.5,"Pa14_06570",0.013,"trial_1",0.00675,0.00508879488025734
"51",0.5,"Pa14_32750",0.013,"trial_1",0.00475,0.00601906692658145
"52",0.5,"Pa14_62830",0.012,"trial_1",0.00975,0.00165201896679992
"53",0.5,"Pa14_17250",-0.005,"trial_1",0.00225,0.0039024564913227
"54",0.5,"Pa14_20440",-0.003,"trial_1",0.00175,0.00335099487714718
"55",0.5,"Pa14_68350",0.009,"trial_1",0.00775,0.00599131315600623
"56",0.5,"Pa14_72840",0.022,"trial_1",0.0195,0.00560505724026675
"57",0.5,"Pa14",0.007,"trial_1",0.00675,0.00736404553670513
"58",0.75,"Pa14_51430",0.003,"trial_1",-0.00325,0.00529740502510427
"59",0.75,"Pa14_16930",0.007,"trial_1",0.0195,0.0140860451038134
"60",0.75,"Pa14_09810",0.016,"trial_1",0.01625,0.00779289206050402
"61",0.75,"Pa14_64590",0.005,"trial_1",0.005,0.00441588043316392
"62",0.75,"Pa14_05300",0.005,"trial_1",0.00575,0.00286865241300975
"63",0.75,"Pa14_18520",0.01,"trial_1",0.00325,0.00481966458030708
"64",0.75,"Pa14_01960",-0.002,"trial_1",0.00275,0.0051861192941672
"65",0.75,"Pa14_09480",0.017,"trial_1",0.0165,0.00946484724300046
"66",0.75,"Pa14_19120",0.017,"trial_1",0.0015,0.00592311854797229
"67",0.75,"Pa14_48650",0.034,"trial_1",0.018,0.00639009650422694
"68",0.75,"Pa14_58770",0.009,"trial_1",0.0085,0.00409267638593622
"69",0.75,"Pa14_06570",0.01,"trial_1",0.00625,0.00471478171993854
"70",0.75,"Pa14_32750",0.006,"trial_1",-0.0025,0.00473462423711393
"71",0.75,"Pa14_62830",0.017,"trial_1",0.0125,0.0029011491975882
"72",0.75,"Pa14_17250",0.001,"trial_1",0.005,0.00432049379893857
"73",0.75,"Pa14_20440",-0.003,"trial_1",0.00225,0.00377215676591876
"74",0.75,"Pa14_68350",0.005,"trial_1",0.00625,0.00515388203202208
"75",0.75,"Pa14_72840",0.022,"trial_1",0.0235,0.00630476010645925
"76",0.75,"Pa14",0.01,"trial_1",0.00975,0.00719229912244108
"77",1,"Pa14_51430",0.003,"trial_1",-0.00175,0.00534438958160799
"78",1,"Pa14_16930",0.007,"trial_1",0.0215,0.0156764154065909
"79",1,"Pa14_09810",0.019,"trial_1",0.01875,0.00663795902367588
"80",1,"Pa14_64590",0.006,"trial_1",0.00675,0.00430842198490352
"81",1,"Pa14_05300",0.004,"trial_1",0.0065,0.00272335577306137
"82",1,"Pa14_18520",0.019,"trial_1",0.0085,0.00556027577253743
"83",1,"Pa14_01960",-0.001,"trial_1",0.00475,0.00480234317807464
"84",1,"Pa14_09480",0.016,"trial_1",0.0175,0.00921502396451939
"85",1,"Pa14_19120",0.018,"trial_1",0.0025,0.00619811799392902
"86",1,"Pa14_48650",0.035,"trial_1",0.02,0.00575905084772367
"87",1,"Pa14_58770",0.01,"trial_1",0.0095,0.003523729085311
"88",1,"Pa14_06570",0.011,"trial_1",0.0075,0.00409267638593622
"89",1,"Pa14_32750",0.007,"trial_1",-0.002,0.00525991127935317
"90",1,"Pa14_62830",0.019,"trial_1",0.0155,0.00232737334062816
"91",1,"Pa14_17250",0.009,"trial_1",0.00825,0.00375
"92",1,"Pa14_20440",-0.003,"trial_1",0.004,0.00348807492274272
"93",1,"Pa14_68350",0.006,"trial_1",0.00725,0.00411045415171284
"94",1,"Pa14_72840",0.023,"trial_1",0.026,0.0075608641481425
"95",1,"Pa14",0.01,"trial_1",0.0115,0.00710046946804693
"96",1.25,"Pa14_51430",0.004,"trial_1",0.000749999999999999,0.005528336096874
"97",1.25,"Pa14_16930",0.007,"trial_1",0.02475,0.0173703530956244
"98",1.25,"Pa14_09810",0.021,"trial_1",0.02325,0.00608789783094296
"99",1.25,"Pa14_64590",0.009,"trial_1",0.01,0.00430116263352131
"100",1.25,"Pa14_05300",0.005,"trial_1",0.0105,0.00375277674973257
"101",1.25,"Pa14_18520",0.024,"trial_1",0.0125,0.00539289656245448
"102",1.25,"Pa14_01960",0,"trial_1",0.00775,0.00457119605063416
"103",1.25,"Pa14_09480",0.019,"trial_1",0.01925,0.00802470144823677
"104",1.25,"Pa14_19120",0.019,"trial_1",0.005,0.00578791845139511
"105",1.25,"Pa14_48650",0.036,"trial_1",0.0215,0.00563471383479232
"106",1.25,"Pa14_58770",0.011,"trial_1",0.01075,0.00356779577143461
"107",1.25,"Pa14_06570",0.011,"trial_1",0.00925,0.00415080313513742
"108",1.25,"Pa14_32750",0.009,"trial_1",0.001,0.00535412613473634
"109",1.25,"Pa14_62830",0.02,"trial_1",0.0185,0.00170782512765993
"110",1.25,"Pa14_17250",0.01,"trial_1",0.01,0.00374165738677394
"111",1.25,"Pa14_20440",-0.002,"trial_1",0.00875,0.00543714079273289
"112",1.25,"Pa14_68350",0.008,"trial_1",0.01025,0.00356779577143461
"113",1.25,"Pa14_72840",0.024,"trial_1",0.028,0.00743863786814047
"114",1.25,"Pa14",0.01,"trial_1",0.0125,0.00678847061813877
"115",1.5,"Pa14_51430",0.006,"trial_1",0.004,0.00561248608016091
"116",1.5,"Pa14_16930",0.008,"trial_1",0.02925,0.0195592049940687
"117",1.5,"Pa14_09810",0.026,"trial_1",0.028,0.00581664278887172
"118",1.5,"Pa14_64590",0.014,"trial_1",0.01475,0.00375
"119",1.5,"Pa14_05300",0.008,"trial_1",0.01475,0.00381608438061844
"120",1.5,"Pa14_18520",0.03,"trial_1",0.0175,0.00510718448201485
"121",1.5,"Pa14_01960",0.002,"trial_1",0.01175,0.00458938993767145
"122",1.5,"Pa14_09480",0.02,"trial_1",0.022,0.00729154761807579
"123",1.5,"Pa14_19120",0.022,"trial_1",0.00875,0.0058647961033043
"124",1.5,"Pa14_48650",0.038,"trial_1",0.02425,0.00521815740148442
"125",1.5,"Pa14_58770",0.014,"trial_1",0.013,0.00291547594742265
"126",1.5,"Pa14_06570",0.013,"trial_1",0.01125,0.00335099487714718
"127",1.5,"Pa14_32750",0.013,"trial_1",0.00525,0.00539096466321196
"128",1.5,"Pa14_62830",0.021,"trial_1",0.0215,0.00202072594216369
"129",1.5,"Pa14_17250",0.005,"trial_1",0.01125,0.00372771154105751
"130",1.5,"Pa14_20440",0.001,"trial_1",0.012,0.00504975246918104
"131",1.5,"Pa14_68350",0.012,"trial_1",0.01425,0.00265753645318366
"132",1.5,"Pa14_72840",0.027,"trial_1",0.03175,0.00820949653348689
"133",1.5,"Pa14",0.011,"trial_1",0.0145,0.0068129778119899
"134",1.75,"Pa14_51430",0.008,"trial_1",0.00925,0.00620987117418711
"135",1.75,"Pa14_16930",0.01,"trial_1",0.036,0.0222523407008491
"136",1.75,"Pa14_09810",0.031,"trial_1",0.0355,0.00466368952654441
"137",1.75,"Pa14_64590",0.019,"trial_1",0.0205,0.00392640632979658
"138",1.75,"Pa14_05300",0.011,"trial_1",0.01875,0.00306526235962492
"139",1.75,"Pa14_18520",0.037,"trial_1",0.024,0.00456435464587638
"140",1.75,"Pa14_01960",0.005,"trial_1",0.019,0.006
"141",1.75,"Pa14_09480",0.021,"trial_1",0.02775,0.00826009483399959
"142",1.75,"Pa14_19120",0.026,"trial_1",0.01325,0.00618297393384985
"143",1.75,"Pa14_48650",0.039,"trial_1",0.027,0.00441588043316392
"144",1.75,"Pa14_58770",0.017,"trial_1",0.01575,0.00235849528301415
"145",1.75,"Pa14_06570",0.016,"trial_1",0.01525,0.00188745860881769
"146",1.75,"Pa14_32750",0.017,"trial_1",0.0085,0.00523609269080167
"147",1.75,"Pa14_62830",0.022,"trial_1",0.02425,0.00375
"148",1.75,"Pa14_17250",0.007,"trial_1",0.015,0.00374165738677394
"149",1.75,"Pa14_20440",0.004,"trial_1",0.01575,0.00498957245997423
"150",1.75,"Pa14_68350",0.016,"trial_1",0.0195,0.00217944947177034
"151",1.75,"Pa14_72840",0.03,"trial_1",0.0365,0.0102996763703203
"152",1.75,"Pa14",0.012,"trial_1",0.0165,0.00622494979899437
"153",2,"Pa14_51430",0.011,"trial_1",0.02,0.00922857879993809
"154",2,"Pa14_16930",0.011,"trial_1",0.047,0.0288905982400273
"155",2,"Pa14_09810",0.041,"trial_1",0.056,0.011202678251204
"156",2,"Pa14_64590",0.026,"trial_1",0.02975,0.00447911821679223
"157",2,"Pa14_05300",0.013,"trial_1",0.0245,0.00405174859371441
"158",2,"Pa14_18520",0.043,"trial_1",0.03225,0.00402854398842394
"159",2,"Pa14_01960",0.006,"trial_1",0.027,0.00944281031614353
"160",2,"Pa14_09480",0.021,"trial_1",0.03725,0.0140081821328346
"161",2,"Pa14_19120",0.028,"trial_1",0.01925,0.00672526331578673
"162",2,"Pa14_48650",0.041,"trial_1",0.03225,0.00314576434802948
"163",2,"Pa14_58770",0.022,"trial_1",0.02075,0.00131497781983829
"164",2,"Pa14_06570",0.019,"trial_1",0.01975,0.00125
"165",2,"Pa14_32750",0.024,"trial_1",0.01625,0.00597738794680977
"166",2,"Pa14_62830",0.023,"trial_1",0.0275,0.00533072853057316
"167",2,"Pa14_17250",0.009,"trial_1",0.02,0.00443471156521669
"168",2,"Pa14_20440",0.007,"trial_1",0.02125,0.005359959576962
"169",2,"Pa14_68350",0.02,"trial_1",0.02675,0.00319830684373258
"170",2,"Pa14_72840",0.035,"trial_1",0.042,0.0122133806403742
"171",2,"Pa14",0.013,"trial_1",0.019,0.00667083203206317
"172",2.25,"Pa14_51430",0.014,"trial_1",0.03475,0.0157447081056885
"173",2.25,"Pa14_16930",0.012,"trial_1",0.0785,0.053563824857205
"174",2.25,"Pa14_09810",0.047,"trial_1",0.07275,0.0173607555519146
"175",2.25,"Pa14_64590",0.036,"trial_1",0.04125,0.00665050123424293
"176",2.25,"Pa14_05300",0.017,"trial_1",0.0345,0.00775134396948899
"177",2.25,"Pa14_18520",0.054,"trial_1",0.04575,0.00634264666102934
"178",2.25,"Pa14_01960",0.012,"trial_1",0.04225,0.0159811086390567
"179",2.25,"Pa14_09480",0.022,"trial_1",0.05975,0.0320738081098373
"180",2.25,"Pa14_19120",0.034,"trial_1",0.029,0.0091469484893415
"181",2.25,"Pa14_48650",0.045,"trial_1",0.04,0.00234520787991171
"182",2.25,"Pa14_58770",0.027,"trial_1",0.02725,0.000853912563829967
"183",2.25,"Pa14_06570",0.023,"trial_1",0.0245,0.000645497224367903
"184",2.25,"Pa14_32750",0.032,"trial_1",0.024,0.00801040989379861
"185",2.25,"Pa14_62830",0.024,"trial_1",0.03175,0.00737535309889183
"186",2.25,"Pa14_17250",0.012,"trial_1",0.02825,0.00643395938231921
"187",2.25,"Pa14_20440",0.012,"trial_1",0.02675,0.00551324163567436
"188",2.25,"Pa14_68350",0.029,"trial_1",0.03575,0.00521815740148442
"189",2.25,"Pa14_72840",0.039,"trial_1",0.0495,0.0147732867026942
"190",2.25,"Pa14",0.015,"trial_1",0.024,0.00660807586719967
"191",2.5,"Pa14_51430",0.02,"trial_1",0.048,0.0215522620622523
"192",2.5,"Pa14_16930",0.014,"trial_1",0.08575,0.0506859201356748
"193",2.5,"Pa14_09810",0.071,"trial_1",0.09325,0.0143258216750966
"194",2.5,"Pa14_64590",0.047,"trial_1",0.055,0.00947804480540862
"195",2.5,"Pa14_05300",0.02,"trial_1",0.0485,0.0106026726190459
"196",2.5,"Pa14_18520",0.065,"trial_1",0.06475,0.0130152154547412
"197",2.5,"Pa14_01960",0.017,"trial_1",0.06,0.0240312296813958
"198",2.5,"Pa14_09480",0.022,"trial_1",0.05675,0.0267063506804405
"199",2.5,"Pa14_19120",0.041,"trial_1",0.03875,0.0120856319652718
"200",2.5,"Pa14_48650",0.05,"trial_1",0.04825,0.00154784796841723
"201",2.5,"Pa14_58770",0.038,"trial_1",0.037,0.00248327740429189
"202",2.5,"Pa14_06570",0.028,"trial_1",0.031,0.00238047614284762
"203",2.5,"Pa14_32750",0.041,"trial_1",0.03575,0.0107809631604355
"204",2.5,"Pa14_62830",0.024,"trial_1",0.035,0.00827647267862342
"205",2.5,"Pa14_17250",0.015,"trial_1",0.037,0.00901849950564579
"206",2.5,"Pa14_20440",0.018,"trial_1",0.03925,0.00745402575793779
"207",2.5,"Pa14_68350",0.037,"trial_1",0.05,0.0103842829956301
"208",2.5,"Pa14_72840",0.047,"trial_1",0.0705,0.027232027712481
"209",2.5,"Pa14",0.017,"trial_1",0.03025,0.00807645755679225
"210",2.75,"Pa14_51430",0.028,"trial_1",0.09625,0.0501603678216179
"211",2.75,"Pa14_16930",0.016,"trial_1",0.1145,0.0628351016550463
"212",2.75,"Pa14_09810",0.083,"trial_1",0.11025,0.0183365527476313
"213",2.75,"Pa14_64590",0.064,"trial_1",0.08925,0.0218684514007432
"214",2.75,"Pa14_05300",0.028,"trial_1",0.07,0.0209880918618154
"215",2.75,"Pa14_18520",0.087,"trial_1",0.0935,0.028321075779944
"216",2.75,"Pa14_01960",0.026,"trial_1",0.08825,0.0377853035804487
"217",2.75,"Pa14_09480",0.026,"trial_1",0.07625,0.0405922303731474
"218",2.75,"Pa14_19120",0.055,"trial_1",0.07125,0.0269764557840104
"219",2.75,"Pa14_48650",0.06,"trial_1",0.06925,0.0095076723404487
"220",2.75,"Pa14_58770",0.051,"trial_1",0.05125,0.00592135964116351
"221",2.75,"Pa14_06570",0.037,"trial_1",0.041,0.00470814896394185
"222",2.75,"Pa14_32750",0.059,"trial_1",0.049,0.0132224556468658
"223",2.75,"Pa14_62830",0.026,"trial_1",0.04925,0.0204016951910048
"224",2.75,"Pa14_17250",0.022,"trial_1",0.05025,0.0123043014159006
"225",2.75,"Pa14_20440",0.03,"trial_1",0.0495,0.00924211375534118
"226",2.75,"Pa14_68350",0.053,"trial_1",0.075,0.0234271921777522
"227",2.75,"Pa14_72840",0.061,"trial_1",0.0885,0.033036595869833
"228",2.75,"Pa14",0.024,"trial_1",0.04175,0.00986893273527251
"229",3,"Pa14_51430",0.041,"trial_1",0.13725,0.066163150620266
"230",3,"Pa14_16930",0.019,"trial_1",0.153,0.0779647356180985
"231",3,"Pa14_09810",0.095,"trial_1",0.135,0.021920310216783
"232",3,"Pa14_64590",0.118,"trial_1",0.14375,0.0370728449587206
"233",3,"Pa14_05300",0.036,"trial_1",0.1005,0.0314152298522017
"234",3,"Pa14_18520",0.124,"trial_1",0.1385,0.0348914984869763
"235",3,"Pa14_01960",0.039,"trial_1",0.138,0.0476042715170253
"236",3,"Pa14_09480",0.028,"trial_1",0.10675,0.065736056823228
"237",3,"Pa14_19120",0.075,"trial_1",0.117,0.0440056814513763
"238",3,"Pa14_48650",0.074,"trial_1",0.115,0.0274195793792198
"239",3,"Pa14_58770",0.076,"trial_1",0.06925,0.00733001819006383
"240",3,"Pa14_06570",0.048,"trial_1",0.05275,0.00826009483399959
"241",3,"Pa14_32750",0.082,"trial_1",0.0885,0.0278403184847683
"242",3,"Pa14_62830",0.027,"trial_1",0.06475,0.0335568547393822
"243",3,"Pa14_17250",0.031,"trial_1",0.08075,0.0280843224355986
"244",3,"Pa14_20440",0.047,"trial_1",0.076,0.0135462171841441
"245",3,"Pa14_68350",0.074,"trial_1",0.10025,0.03025
"246",3,"Pa14_72840",0.081,"trial_1",0.1195,0.040825849654355
"247",3,"Pa14",0.032,"trial_1",0.0555,0.0125996031683542
"248",3.25,"Pa14_51430",0.059,"trial_1",0.19675,0.0935382052069278
"249",3.25,"Pa14_16930",0.024,"trial_1",0.1925,0.0956769738930603
"250",3.25,"Pa14_09810",0.16,"trial_1",0.1725,0.0216198211525134
"251",3.25,"Pa14_64590",0.185,"trial_1",0.20925,0.0514107235895392
"252",3.25,"Pa14_05300",0.057,"trial_1",0.15625,0.0446530607386922
"253",3.25,"Pa14_18520",0.219,"trial_1",0.21275,0.0543083403662212
"254",3.25,"Pa14_01960",0.054,"trial_1",0.1965,0.0607515431902762
"255",3.25,"Pa14_09480",0.032,"trial_1",0.151,0.100341084971876
"256",3.25,"Pa14_19120",0.097,"trial_1",0.17275,0.0682512209902993
"257",3.25,"Pa14_48650",0.095,"trial_1",0.15,0.0366014571658925
"258",3.25,"Pa14_58770",0.091,"trial_1",0.10475,0.0227390083336983
"259",3.25,"Pa14_06570",0.064,"trial_1",0.08425,0.0237394713504745
"260",3.25,"Pa14_32750",0.085,"trial_1",0.12975,0.0471864652204422
"261",3.25,"Pa14_62830",0.028,"trial_1",0.0785,0.0436281636866218
"262",3.25,"Pa14_17250",0.043,"trial_1",0.10125,0.0344102092408634
"263",3.25,"Pa14_20440",0.066,"trial_1",0.10925,0.0269671868511839
"264",3.25,"Pa14_68350",0.091,"trial_1",0.13275,0.0459916206136147
"265",3.25,"Pa14_72840",0.1,"trial_1",0.167,0.0581649952004353
"266",3.25,"Pa14",0.037,"trial_1",0.0795,0.0261422391287867
"267",3.5,"Pa14_51430",0.081,"trial_1",0.29125,0.13000280445693
"268",3.5,"Pa14_16930",0.032,"trial_1",0.237,0.117758226888825
"269",3.5,"Pa14_09810",0.217,"trial_1",0.21225,0.0299565657800312
"270",3.5,"Pa14_64590",0.251,"trial_1",0.26425,0.0552982443964845
"271",3.5,"Pa14_05300",0.071,"trial_1",0.20675,0.0609102823831905
"272",3.5,"Pa14_18520",0.283,"trial_1",0.27725,0.0717732250448127
"273",3.5,"Pa14_01960",0.054,"trial_1",0.24825,0.0741196948635561
"274",3.5,"Pa14_09480",0.036,"trial_1",0.1825,0.122136876768103
"275",3.5,"Pa14_19120",0.105,"trial_1",0.228,0.0947056844474853
"276",3.5,"Pa14_48650",0.15,"trial_1",0.22975,0.0500022916141517
"277",3.5,"Pa14_58770",0.167,"trial_1",0.15925,0.031148501836632
"278",3.5,"Pa14_06570",0.085,"trial_1",0.115,0.0332590839721521
"279",3.5,"Pa14_32750",0.145,"trial_1",0.1885,0.06652631058461
"280",3.5,"Pa14_62830",0.03,"trial_1",0.0935,0.0540285418397844
"281",3.5,"Pa14_17250",0.061,"trial_1",0.15675,0.054455448151065
"282",3.5,"Pa14_20440",0.086,"trial_1",0.1625,0.0405883809318217
"283",3.5,"Pa14_68350",0.139,"trial_1",0.208,0.0638996609276346
"284",3.5,"Pa14_72840",0.109,"trial_1",0.221,0.0833496650663137
"285",3.5,"Pa14",0.053,"trial_1",0.1215,0.0413733005693285
"286",3.75,"Pa14_51430",0.103,"trial_1",0.3375,0.144288195405353
"287",3.75,"Pa14_16930",0.04,"trial_1",0.308,0.135040117495999
"288",3.75,"Pa14_09810",0.27,"trial_1",0.25325,0.0338116720477806
"289",3.75,"Pa14_64590",0.329,"trial_1",0.3435,0.0605426846668255
"290",3.75,"Pa14_05300",0.154,"trial_1",0.282,0.0607343944290767
"291",3.75,"Pa14_18520",0.391,"trial_1",0.36025,0.0750848131559683
"292",3.75,"Pa14_01960",0.178,"trial_1",0.3345,0.0629252201691288
"293",3.75,"Pa14_09480",0.042,"trial_1",0.2135,0.139818036509362
"294",3.75,"Pa14_19120",0.208,"trial_1",0.3135,0.113384669745664
"295",3.75,"Pa14_48650",0.227,"trial_1",0.2865,0.0570985989320228
"296",3.75,"Pa14_58770",0.239,"trial_1",0.2255,0.0557890371548628
"297",3.75,"Pa14_06570",0.095,"trial_1",0.145,0.0454441048615403
"298",3.75,"Pa14_32750",0.235,"trial_1",0.27325,0.0880041428949039
"299",3.75,"Pa14_62830",0.031,"trial_1",0.113,0.0689057327078089
"300",3.75,"Pa14_17250",0.083,"trial_1",0.21525,0.064870865314613
"301",3.75,"Pa14_20440",0.161,"trial_1",0.253,0.0440397547677096
"302",3.75,"Pa14_68350",0.227,"trial_1",0.277,0.0800197892190842
"303",3.75,"Pa14_72840",0.226,"trial_1",0.3165,0.102746046152638
"304",3.75,"Pa14",0.073,"trial_1",0.16925,0.0622098263942281
"305",4,"Pa14_51430",0.167,"trial_1",0.413,0.155538312536387
"306",4,"Pa14_16930",0.054,"trial_1",0.39125,0.16632867812457
"307",4,"Pa14_09810",0.275,"trial_1",0.2885,0.0352384732926953
"308",4,"Pa14_64590",0.419,"trial_1",0.433,0.0605364903728872
"309",4,"Pa14_05300",0.213,"trial_1",0.3515,0.0670727217279872
"310",4,"Pa14_18520",0.478,"trial_1",0.45275,0.0730380893780773
"311",4,"Pa14_01960",0.24,"trial_1",0.4065,0.0643072054024016
"312",4,"Pa14_09480",0.054,"trial_1",0.2725,0.185974236566968
"313",4,"Pa14_19120",0.311,"trial_1",0.3955,0.130692068109226
"314",4,"Pa14_48650",0.321,"trial_1",0.36625,0.0562944269000049
"315",4,"Pa14_58770",0.354,"trial_1",0.34925,0.056071940398028
"316",4,"Pa14_06570",0.184,"trial_1",0.23925,0.0663241723154789
"317",4,"Pa14_32750",0.312,"trial_1",0.36975,0.117540329958133
"318",4,"Pa14_62830",0.033,"trial_1",0.137,0.0856358569759187
"319",4,"Pa14_17250",0.096,"trial_1",0.299,0.0921312469614227
"320",4,"Pa14_20440",0.237,"trial_1",0.34425,0.0563136676719486
"321",4,"Pa14_68350",0.321,"trial_1",0.3815,0.0916846951968175
"322",4,"Pa14_72840",0.286,"trial_1",0.40375,0.125066898764888
"323",4,"Pa14",0.096,"trial_1",0.22525,0.0810117018296328
"324",4.25,"Pa14_51430",0.306,"trial_1",0.54225,0.154816221695273
"325",4.25,"Pa14_16930",0.073,"trial_1",0.4895,0.214818334102717
"326",4.25,"Pa14_09810",0.331,"trial_1",0.34,0.045
"327",4.25,"Pa14_64590",0.526,"trial_1",0.51775,0.0653355122935963
"328",4.25,"Pa14_05300",0.311,"trial_1",0.43925,0.0681522499017213
"329",4.25,"Pa14_18520",0.614,"trial_1",0.55225,0.0831247807014651
"330",4.25,"Pa14_01960",0.327,"trial_1",0.48675,0.0671644437183842
"331",4.25,"Pa14_09480",0.072,"trial_1",0.3145,0.217504597652555
"332",4.25,"Pa14_19120",0.452,"trial_1",0.502,0.159545186911629
"333",4.25,"Pa14_48650",0.415,"trial_1",0.45525,0.0611287916342755
"334",4.25,"Pa14_58770",0.489,"trial_1",0.4395,0.067715704726944
"335",4.25,"Pa14_06570",0.254,"trial_1",0.30625,0.087685398822533
"336",4.25,"Pa14_32750",0.462,"trial_1",0.4675,0.140204909566914
"337",4.25,"Pa14_62830",0.036,"trial_1",0.1565,0.0972561052068198
"338",4.25,"Pa14_17250",0.214,"trial_1",0.4025,0.0915364226232742
"339",4.25,"Pa14_20440",0.341,"trial_1",0.461,0.0572640084753649
"340",4.25,"Pa14_68350",0.454,"trial_1",0.51225,0.103969847391764
"341",4.25,"Pa14_72840",0.408,"trial_1",0.52075,0.129376308366975
"342",4.25,"Pa14",0.159,"trial_1",0.29975,0.100057795798229
"343",4.5,"Pa14_51430",0.351,"trial_1",0.631,0.178397029123245
"344",4.5,"Pa14_16930",0.099,"trial_1",0.62875,0.282136602552735
"345",4.5,"Pa14_09810",0.373,"trial_1",0.3935,0.0544403343119787
"346",4.5,"Pa14_64590",0.604,"trial_1",0.5965,0.0750294386668771
"347",4.5,"Pa14_05300",0.421,"trial_1",0.54025,0.0726961427220638
"348",4.5,"Pa14_18520",0.702,"trial_1",0.64125,0.0952009935172247
"349",4.5,"Pa14_01960",0.402,"trial_1",0.559,0.0714807666439022
"350",4.5,"Pa14_09480",0.09,"trial_1",0.4055,0.262187750794477
"351",4.5,"Pa14_19120",0.558,"trial_1",0.6225,0.185106500876297
"352",4.5,"Pa14_48650",0.489,"trial_1",0.534,0.0757374852148305
"353",4.5,"Pa14_58770",0.605,"trial_1",0.5515,0.0646148847660764
"354",4.5,"Pa14_06570",0.346,"trial_1",0.39175,0.0930872126914683
"355",4.5,"Pa14_32750",0.594,"trial_1",0.59125,0.148154972354401
"356",4.5,"Pa14_62830",0.041,"trial_1",0.182,0.113164334782062
"357",4.5,"Pa14_17250",0.29,"trial_1",0.49575,0.106361314239091
"358",4.5,"Pa14_20440",0.469,"trial_1",0.565,0.0586685605754905
"359",4.5,"Pa14_68350",0.568,"trial_1",0.63425,0.126976621864027
"360",4.5,"Pa14_72840",0.517,"trial_1",0.61925,0.146180467801504
"361",4.5,"Pa14",0.218,"trial_1",0.38,0.106421332447964
"362",4.75,"Pa14_51430",0.435,"trial_1",0.7395,0.18862506903025
"363",4.75,"Pa14_16930",0.151,"trial_1",0.80825,0.347900698236341
"364",4.75,"Pa14_09810",0.412,"trial_1",0.4485,0.0618513001749626
"365",4.75,"Pa14_64590",0.681,"trial_1",0.68575,0.0803081305555878
"366",4.75,"Pa14_05300",0.497,"trial_1",0.63575,0.0846624424799253
"367",4.75,"Pa14_18520",0.811,"trial_1",0.746,0.102103705450227
"368",4.75,"Pa14_01960",0.476,"trial_1",0.64325,0.0766108945690276
"369",4.75,"Pa14_09480",0.106,"trial_1",0.49225,0.316904921335511
"370",4.75,"Pa14_19120",0.686,"trial_1",0.75375,0.194947161644722
"371",4.75,"Pa14_48650",0.589,"trial_1",0.62475,0.0747901230109966
"372",4.75,"Pa14_58770",0.708,"trial_1",0.6575,0.070628724090604
"373",4.75,"Pa14_06570",0.456,"trial_1",0.504,0.096388104383615
"374",4.75,"Pa14_32750",0.695,"trial_1",0.722,0.173957370256815
"375",4.75,"Pa14_62830",0.045,"trial_1",0.20175,0.123045638551989
"376",4.75,"Pa14_17250",0.412,"trial_1",0.6205,0.112585152958402
"377",4.75,"Pa14_20440",0.581,"trial_1",0.67925,0.0600269036904842
"378",4.75,"Pa14_68350",0.678,"trial_1",0.7805,0.151065383195489
"379",4.75,"Pa14_72840",0.638,"trial_1",0.759,0.157561099259938
"380",4.75,"Pa14",0.315,"trial_1",0.482,0.115938201929591
"381",5,"Pa14_51430",0.553,"trial_1",0.8665,0.211553184802309
"382",5,"Pa14_16930",0.21,"trial_1",1.00075,0.409871397513903
"383",5,"Pa14_09810",0.461,"trial_1",0.50775,0.0739226791992823
"384",5,"Pa14_64590",0.778,"trial_1",0.78075,0.0965758553331698
"385",5,"Pa14_05300",0.584,"trial_1",0.733,0.0963241056710797
"386",5,"Pa14_18520",0.918,"trial_1",0.84925,0.11397468651708
"387",5,"Pa14_01960",0.528,"trial_1",0.717,0.089045868330129
"388",5,"Pa14_09480",0.133,"trial_1",0.61025,0.372314914868225
"389",5,"Pa14_19120",0.806,"trial_1",0.89025,0.215899040834677
"390",5,"Pa14_48650",0.654,"trial_1",0.704,0.0843198276405576
"391",5,"Pa14_58770",0.806,"trial_1",0.762,0.0765560796627762
"392",5,"Pa14_06570",0.557,"trial_1",0.614,0.108079446087897
"393",5,"Pa14_32750",0.77,"trial_1",0.8565,0.195776445638046
"394",5,"Pa14_62830",0.051,"trial_1",0.23325,0.142956505623214
"395",5,"Pa14_17250",0.518,"trial_1",0.74225,0.125780480070107
"396",5,"Pa14_20440",0.666,"trial_1",0.802,0.0738951960549534
"397",5,"Pa14_68350",0.8,"trial_1",0.93775,0.170852946028644
"398",5,"Pa14_72840",0.736,"trial_1",0.8895,0.18433371006592
"399",5,"Pa14",0.402,"trial_1",0.592,0.113656646674681
"400",5.25,"Pa14_51430",0.639,"trial_1",1.005,0.239635487077074
"401",5.25,"Pa14_16930",0.262,"trial_1",1.185,0.462631422769069
"402",5.25,"Pa14_09810",0.555,"trial_1",0.58625,0.0904363265876421
"403",5.25,"Pa14_64590",0.873,"trial_1",0.903,0.113477604251529
"404",5.25,"Pa14_05300",0.668,"trial_1",0.8595,0.135948826156511
"405",5.25,"Pa14_18520",1.057,"trial_1",0.9975,0.138886944430833
"406",5.25,"Pa14_01960",0.592,"trial_1",0.8255,0.116667976183127
"407",5.25,"Pa14_09480",0.255,"trial_1",0.7555,0.433571697262018
"408",5.25,"Pa14_19120",0.945,"trial_1",1.06425,0.252622701210059
"409",5.25,"Pa14_48650",0.765,"trial_1",0.81575,0.0937259969272133
"410",5.25,"Pa14_58770",0.938,"trial_1",0.894,0.0979421598019294
"411",5.25,"Pa14_06570",0.658,"trial_1",0.74825,0.134337494765981
"412",5.25,"Pa14_32750",0.899,"trial_1",1.025,0.226846864646616
"413",5.25,"Pa14_62830",0.058,"trial_1",0.25875,0.156560624572932
"414",5.25,"Pa14_17250",0.609,"trial_1",0.88725,0.156407254200905
"415",5.25,"Pa14_20440",0.767,"trial_1",0.9415,0.101157879903973
"416",5.25,"Pa14_68350",0.965,"trial_1",1.1105,0.196360425408652
"417",5.25,"Pa14_72840",0.867,"trial_1",1.05575,0.226462423299466
"418",5.25,"Pa14",0.494,"trial_1",0.721,0.129439174904663
"419",5.5,"Pa14_51430",0.815,"trial_1",1.21225,0.279553028660634
"420",5.5,"Pa14_16930",0.312,"trial_1",1.36125,0.49932410566685
"421",5.5,"Pa14_09810",1.007,"trial_1",0.76925,0.137599887960226
"422",5.5,"Pa14_64590",1.006,"trial_1",1.05525,0.156683531893644
"423",5.5,"Pa14_05300",0.755,"trial_1",1.0825,0.244738125350343
"424",5.5,"Pa14_18520",1.208,"trial_1",1.1575,0.17278237757364
"425",5.5,"Pa14_01960",0.68,"trial_1",0.95425,0.159138500998344
"426",5.5,"Pa14_09480",0.304,"trial_1",0.9105,0.521032708506226
"427",5.5,"Pa14_19120",1.093,"trial_1",1.245,0.291081889966838
"428",5.5,"Pa14_48650",0.847,"trial_1",0.91725,0.106841295855114
"429",5.5,"Pa14_58770",1.074,"trial_1",1.02475,0.116120178407258
"430",5.5,"Pa14_06570",0.769,"trial_1",0.86825,0.149984651992573
"431",5.5,"Pa14_32750",1.073,"trial_1",1.22025,0.266470565916763
"432",5.5,"Pa14_62830",0.068,"trial_1",0.3045,0.180768959356043
"433",5.5,"Pa14_17250",0.729,"trial_1",1.06425,0.197345456412522
"434",5.5,"Pa14_20440",0.928,"trial_1",1.104,0.117804216110177
"435",5.5,"Pa14_68350",1.158,"trial_1",1.2995,0.207758874660025
"436",5.5,"Pa14_72840",1.036,"trial_1",1.23925,0.272776885323274
"437",5.5,"Pa14",0.608,"trial_1",0.85575,0.148336540227507
"438",5.75,"Pa14_51430",0.911,"trial_1",1.428,0.341473522643655
"439",5.75,"Pa14_16930",0.401,"trial_1",1.56575,0.537825308534286
"440",5.75,"Pa14_09810",1.822,"trial_1",1.06675,0.288957140708906
"441",5.75,"Pa14_64590",1.223,"trial_1",1.268,0.214148313091651
"442",5.75,"Pa14_05300",0.863,"trial_1",1.35675,0.397192727148925
"443",5.75,"Pa14_18520",1.391,"trial_1",1.3415,0.216242340904828
"444",5.75,"Pa14_01960",0.779,"trial_1",1.09225,0.216247687848911
"445",5.75,"Pa14_09480",0.486,"trial_1",1.096,0.597064485629484
"446",5.75,"Pa14_19120",1.24,"trial_1",1.4355,0.334449174016023
"447",5.75,"Pa14_48650",0.971,"trial_1",1.06025,0.138252411069994
"448",5.75,"Pa14_58770",1.246,"trial_1",1.17125,0.151682989048432
"449",5.75,"Pa14_06570",0.902,"trial_1",1.00575,0.185049711789382
"450",5.75,"Pa14_32750",1.256,"trial_1",1.41625,0.317040842531894
"451",5.75,"Pa14_62830",0.077,"trial_1",0.3535,0.203088445428751
"452",5.75,"Pa14_17250",0.865,"trial_1",1.25575,0.24441814410282
"453",5.75,"Pa14_20440",1.072,"trial_1",1.288,0.153669016612545
"454",5.75,"Pa14_68350",1.355,"trial_1",1.48175,0.213244138254724
"455",5.75,"Pa14_72840",1.173,"trial_1",1.432,0.321391505799391
"456",5.75,"Pa14",0.719,"trial_1",0.9855,0.175607754194777
"457",6,"Pa14_51430",1.099,"trial_1",1.6475,0.390700759320139
"458",6,"Pa14_16930",0.497,"trial_1",1.72125,0.533028044134015
"459",6,"Pa14_09810",2.315,"trial_1",1.31025,0.381157311137191
"460",6,"Pa14_64590",1.428,"trial_1",1.48075,0.256620788648673
"461",6,"Pa14_05300",0.988,"trial_1",1.52025,0.403601778778703
"462",6,"Pa14_18520",1.625,"trial_1",1.5725,0.260715202216262
"463",6,"Pa14_01960",0.859,"trial_1",1.245,0.258891225549779
"464",6,"Pa14_09480",0.579,"trial_1",1.26175,0.630126227433837
"465",6,"Pa14_19120",1.414,"trial_1",1.655,0.384955192197741
"466",6,"Pa14_48650",1.1,"trial_1",1.24325,0.181891622951691
"467",6,"Pa14_58770",1.451,"trial_1",1.391,0.192627879602097
"468",6,"Pa14_06570",1.033,"trial_1",1.18525,0.236694027174325
"469",6,"Pa14_32750",1.457,"trial_1",1.638,0.359813145952173
"470",6,"Pa14_62830",0.09,"trial_1",0.3995,0.226107091146356
"471",6,"Pa14_17250",0.989,"trial_1",1.48475,0.290911892446264
"472",6,"Pa14_20440",1.225,"trial_1",1.516,0.189417968172681
"473",6,"Pa14_68350",1.529,"trial_1",1.65375,0.208477167015159
"474",6,"Pa14_72840",1.368,"trial_1",1.65625,0.353445982435789
"475",6,"Pa14",0.864,"trial_1",1.18925,0.224371111851177
"476",6.25,"Pa14_51430",1.246,"trial_1",1.86,0.436338553572032
"477",6.25,"Pa14_16930",0.63,"trial_1",1.93275,0.545003727051476
"478",6.25,"Pa14_09810",2.686,"trial_1",1.551,0.444140931086819
"479",6.25,"Pa14_64590",1.67,"trial_1",1.72125,0.30521259667102
"480",6.25,"Pa14_05300",1.138,"trial_1",1.824,0.469780799948231
"481",6.25,"Pa14_18520",1.925,"trial_1",1.8095,0.299149210261368
"482",6.25,"Pa14_01960",0.994,"trial_1",1.46275,0.3026195011892
"483",6.25,"Pa14_09480",0.655,"trial_1",1.391,0.673031326660703
"484",6.25,"Pa14_19120",1.634,"trial_1",1.86025,0.414804246000448
"485",6.25,"Pa14_48650",1.271,"trial_1",1.44725,0.231850661346192
"486",6.25,"Pa14_58770",1.716,"trial_1",1.6165,0.226087188196648
"487",6.25,"Pa14_06570",1.201,"trial_1",1.38675,0.280893329397478
"488",6.25,"Pa14_32750",1.747,"trial_1",1.8895,0.397276247297352
"489",6.25,"Pa14_62830",0.1,"trial_1",0.45,0.251422950424181
"490",6.25,"Pa14_17250",1.179,"trial_1",1.732,0.31104179783431
"491",6.25,"Pa14_20440",1.456,"trial_1",1.77075,0.206760479379724
"492",6.25,"Pa14_68350",1.753,"trial_1",1.84525,0.213414063500979
"493",6.25,"Pa14_72840",1.576,"trial_1",1.8685,0.382365553713546
"494",6.25,"Pa14",1.009,"trial_1",1.3985,0.270990928507456
"495",6.5,"Pa14_51430",1.474,"trial_1",2.074,0.465720409688044
"496",6.5,"Pa14_16930",0.77,"trial_1",2.149,0.558496642783106
"497",6.5,"Pa14_09810",3.059,"trial_1",1.79775,0.501242352393863
"498",6.5,"Pa14_64590",2.178,"trial_1",2.02925,0.338739667739106
"499",6.5,"Pa14_05300",1.318,"trial_1",2.10325,0.490570649855859
"500",6.5,"Pa14_18520",2.249,"trial_1",2.0325,0.32349201432699
"501",6.5,"Pa14_01960",1.108,"trial_1",1.67,0.339292155327332
"502",6.5,"Pa14_09480",0.773,"trial_1",1.545,0.713609136712809
"503",6.5,"Pa14_19120",1.95,"trial_1",2.07725,0.434556550788656
"504",6.5,"Pa14_48650",1.468,"trial_1",1.66925,0.266231533005891
"505",6.5,"Pa14_58770",2.012,"trial_1",1.8665,0.252327994219164
"506",6.5,"Pa14_06570",1.408,"trial_1",1.59925,0.332211121377155
"507",6.5,"Pa14_32750",2.006,"trial_1",2.09825,0.426081833884838
"508",6.5,"Pa14_62830",0.109,"trial_1",0.491,0.266951618587838
"509",6.5,"Pa14_17250",1.403,"trial_1",1.99175,0.31361132393458
"510",6.5,"Pa14_20440",1.753,"trial_1",2.0525,0.201714526001476
"511",6.5,"Pa14_68350",1.894,"trial_1",1.988,0.213338932218196
"512",6.5,"Pa14_72840",1.858,"trial_1",2.08875,0.394739022435499
"513",6.5,"Pa14",1.177,"trial_1",1.60875,0.322690867291489
"514",6.75,"Pa14_51430",1.751,"trial_1",2.28625,0.464768826945181
"515",6.75,"Pa14_16930",1.065,"trial_1",2.3785,0.535429811771191
"516",6.75,"Pa14_09810",3.307,"trial_1",2.018,0.524144064165569
"517",6.75,"Pa14_64590",2.649,"trial_1",2.3295,0.361695659360186
"518",6.75,"Pa14_05300",1.571,"trial_1",2.38675,0.496314479438188
"519",6.75,"Pa14_18520",2.534,"trial_1",2.2525,0.33210803964975
"520",6.75,"Pa14_01960",1.261,"trial_1",1.8795,0.338849647090466
"521",6.75,"Pa14_09480",0.888,"trial_1",1.702,0.755062138723253
"522",6.75,"Pa14_19120",2.248,"trial_1",2.27975,0.456294198772386
"523",6.75,"Pa14_48650",1.721,"trial_1",1.922,0.285695933934431
"524",6.75,"Pa14_58770",2.327,"trial_1",2.12375,0.257065612571317
"525",6.75,"Pa14_06570",1.635,"trial_1",1.82275,0.372447171869157
"526",6.75,"Pa14_32750",2.28,"trial_1",2.3025,0.44395880064108
"527",6.75,"Pa14_62830",0.189,"trial_1",0.58225,0.27198111913636
"528",6.75,"Pa14_17250",1.671,"trial_1",2.253,0.302226184614548
"529",6.75,"Pa14_20440",2.076,"trial_1",2.33975,0.180812229951406
"530",6.75,"Pa14_68350",2.054,"trial_1",2.136,0.216752931544958
"531",6.75,"Pa14_72840",2.182,"trial_1",2.3165,0.389075935176327
"532",6.75,"Pa14",1.369,"trial_1",1.8165,0.354791135740452
"533",7,"Pa14_51430",2.047,"trial_1",2.50425,0.458632273722642
"534",7,"Pa14_16930",1.384,"trial_1",2.5955,0.479714932711779
"535",7,"Pa14_09810",3.506,"trial_1",2.23125,0.534849414165645
"536",7,"Pa14_64590",3.099,"trial_1",2.626,0.378816138339784
"537",7,"Pa14_05300",1.912,"trial_1",2.6595,0.412445652985538
"538",7,"Pa14_18520",2.781,"trial_1",2.48325,0.327702195852678
"539",7,"Pa14_01960",1.528,"trial_1",2.21725,0.367353003481211
"540",7,"Pa14_09480",1.055,"trial_1",1.872,0.78197325188696
"541",7,"Pa14_19120",2.54,"trial_1",2.4815,0.47267580503625
"542",7,"Pa14_48650",2.064,"trial_1",2.1895,0.284842792899288
"543",7,"Pa14_58770",2.608,"trial_1",2.38475,0.238236358476199
"544",7,"Pa14_06570",1.949,"trial_1",2.0635,0.390847903068871
"545",7,"Pa14_32750",2.505,"trial_1",2.5125,0.456407073418748
"546",7,"Pa14_62830",0.217,"trial_1",0.65325,0.29016844964032
"547",7,"Pa14_17250",2.023,"trial_1",2.53075,0.26041933331968
"548",7,"Pa14_20440",2.428,"trial_1",2.61775,0.151334274042597
"549",7,"Pa14_68350",2.217,"trial_1",2.30575,0.219364755221374
"550",7,"Pa14_72840",2.489,"trial_1",2.57175,0.385439008361461
"551",7,"Pa14",1.639,"trial_1",2.05075,0.368629528343385
"552",7.25,"Pa14_51430",2.348,"trial_1",2.71325,0.432758857987525
"553",7.25,"Pa14_16930",1.727,"trial_1",2.76675,0.427335616543563
"554",7.25,"Pa14_09810",3.667,"trial_1",2.45775,0.530794903109164
"555",7.25,"Pa14_64590",3.24,"trial_1",2.83125,0.358674266105985
"556",7.25,"Pa14_05300",2.488,"trial_1",2.9975,0.341233668717884
"557",7.25,"Pa14_18520",2.981,"trial_1",2.67225,0.304252465068075
"558",7.25,"Pa14_01960",1.802,"trial_1",2.482,0.328121166644275
"559",7.25,"Pa14_09480",1.202,"trial_1",2.00775,0.775230328676581
"560",7.25,"Pa14_19120",2.796,"trial_1",2.68275,0.47006974216599
"561",7.25,"Pa14_48650",2.414,"trial_1",2.44025,0.284410318319618
"562",7.25,"Pa14_58770",2.841,"trial_1",2.624,0.206408171672861
"563",7.25,"Pa14_06570",2.261,"trial_1",2.3105,0.397743950299687
"564",7.25,"Pa14_32750",2.706,"trial_1",2.68775,0.426437251148005
"565",7.25,"Pa14_62830",0.254,"trial_1",0.722,0.328903481282883
"566",7.25,"Pa14_17250",2.354,"trial_1",2.785,0.225475423642282
"567",7.25,"Pa14_20440",2.708,"trial_1",2.85425,0.124566163811312
"568",7.25,"Pa14_68350",2.388,"trial_1",2.4635,0.212587432993267
"569",7.25,"Pa14_72840",2.717,"trial_1",2.769,0.35399034826767
"570",7.25,"Pa14",1.933,"trial_1",2.28775,0.351218681877829
"571",7.5,"Pa14_51430",2.625,"trial_1",2.92925,0.409972839547532
"572",7.5,"Pa14_16930",2.101,"trial_1",2.9295,0.371304569502361
"573",7.5,"Pa14_09810",3.796,"trial_1",2.68775,0.498964490219494
"574",7.5,"Pa14_64590",3.433,"trial_1",3.0485,0.338325656727361
"575",7.5,"Pa14_05300",2.966,"trial_1",3.28175,0.235504202014883
"576",7.5,"Pa14_18520",3.157,"trial_1",2.852,0.285807044466484
"577",7.5,"Pa14_01960",2.161,"trial_1",2.73075,0.281867100776235
"578",7.5,"Pa14_09480",1.358,"trial_1",2.1735,0.790863083388437
"579",7.5,"Pa14_19120",3.013,"trial_1",2.86675,0.443444542755912
"580",7.5,"Pa14_48650",2.766,"trial_1",2.6935,0.276241591123905
"581",7.5,"Pa14_58770",3.042,"trial_1",2.81625,0.185781401562876
"582",7.5,"Pa14_06570",2.535,"trial_1",2.5325,0.398866414563406
"583",7.5,"Pa14_32750",2.885,"trial_1",2.8805,0.409476393295959
"584",7.5,"Pa14_62830",0.314,"trial_1",0.802,0.360170561447397
"585",7.5,"Pa14_17250",2.646,"trial_1",2.9875,0.190632499852465
"586",7.5,"Pa14_20440",2.933,"trial_1",3.0405,0.104084500927532
"587",7.5,"Pa14_68350",2.541,"trial_1",2.613,0.22661751918155
"588",7.5,"Pa14_72840",2.946,"trial_1",2.96775,0.327845587383248
"589",7.5,"Pa14",2.261,"trial_1",2.516,0.315584642634376
"590",7.75,"Pa14_51430",2.862,"trial_1",3.0955,0.385921084333745
"591",7.75,"Pa14_16930",2.497,"trial_1",3.07275,0.322243793578713
"592",7.75,"Pa14_09810",3.916,"trial_1",2.9245,0.477910992410372
"593",7.75,"Pa14_64590",3.649,"trial_1",3.25325,0.32110444173197
"594",7.75,"Pa14_05300",3.411,"trial_1",3.51075,0.170868553279999
"595",7.75,"Pa14_18520",3.296,"trial_1",3.033,0.280694080213079
"596",7.75,"Pa14_01960",2.528,"trial_1",3.023,0.240011805265213
"597",7.75,"Pa14_09480",1.541,"trial_1",2.323,0.792182112900815
"598",7.75,"Pa14_19120",3.204,"trial_1",3.0675,0.420894780992431
"599",7.75,"Pa14_48650",2.997,"trial_1",2.9015,0.273828565590468
"600",7.75,"Pa14_58770",3.208,"trial_1",3.0285,0.178316432220926
"601",7.75,"Pa14_06570",2.769,"trial_1",2.777,0.402818197205638
"602",7.75,"Pa14_32750",3.026,"trial_1",3.06425,0.379950956264972
"603",7.75,"Pa14_62830",0.385,"trial_1",0.9135,0.408885578941917
"604",7.75,"Pa14_17250",2.885,"trial_1",3.20975,0.199173866675994
"605",7.75,"Pa14_20440",3.115,"trial_1",3.201,0.0921421004029464
"606",7.75,"Pa14_68350",2.672,"trial_1",2.7465,0.226517659355733
"607",7.75,"Pa14_72840",3.111,"trial_1",3.1385,0.316102435928608
"608",7.75,"Pa14",2.514,"trial_1",2.72675,0.288801943379888
"609",8,"Pa14_51430",3.091,"trial_1",3.27025,0.362289335338483
"610",8,"Pa14_16930",2.78,"trial_1",3.1705,0.296131305335995
"611",8,"Pa14_09810",4.017,"trial_1",3.139,0.449618171340972
"612",8,"Pa14_64590",3.803,"trial_1",3.423,0.297859866380149
"613",8,"Pa14_05300",3.651,"trial_1",3.64825,0.170562977127707
"614",8,"Pa14_18520",3.4,"trial_1",3.1405,0.258564144201524
"615",8,"Pa14_01960",2.781,"trial_1",3.16825,0.194927924714068
"616",8,"Pa14_09480",1.762,"trial_1",2.471,0.784926960508641
"617",8,"Pa14_19120",3.425,"trial_1",3.22925,0.382997035454149
"618",8,"Pa14_48650",3.31,"trial_1",3.117,0.274868756560896
"619",8,"Pa14_58770",3.356,"trial_1",3.1895,0.163142320280995
"620",8,"Pa14_06570",2.961,"trial_1",2.9305,0.360377695388232
"621",8,"Pa14_32750",3.184,"trial_1",3.19825,0.339168192052262
"622",8,"Pa14_62830",0.48,"trial_1",1.0185,0.442001602561197
"623",8,"Pa14_17250",3.087,"trial_1",3.34275,0.168058707500286
"624",8,"Pa14_20440",3.267,"trial_1",3.335,0.0914631073165569
"625",8,"Pa14_68350",2.8,"trial_1",2.8565,0.216280874481926
"626",8,"Pa14_72840",3.264,"trial_1",3.2695,0.291563743745114
"627",8,"Pa14",2.753,"trial_1",2.912,0.251589281700685
"628",8.25,"Pa14_51430",3.235,"trial_1",3.40175,0.350798939327549
"629",8.25,"Pa14_16930",2.999,"trial_1",3.25275,0.288080826331778
"630",8.25,"Pa14_09810",4.111,"trial_1",3.31825,0.416173916970618
"631",8.25,"Pa14_64590",3.913,"trial_1",3.56275,0.27134430004455
"632",8.25,"Pa14_05300",3.948,"trial_1",3.8015,0.159691629920502
"633",8.25,"Pa14_18520",3.525,"trial_1",3.287,0.264465498695009
"634",8.25,"Pa14_01960",3.017,"trial_1",3.4,0.161632814325145
"635",8.25,"Pa14_09480",2.02,"trial_1",2.60375,0.761881702869065
"636",8.25,"Pa14_19120",3.501,"trial_1",3.36775,0.373033370937954
"637",8.25,"Pa14_48650",3.493,"trial_1",3.293,0.264970753103055
"638",8.25,"Pa14_58770",3.485,"trial_1",3.32075,0.158805108545034
"639",8.25,"Pa14_06570",3.165,"trial_1",3.1215,0.349497138757959
"640",8.25,"Pa14_32750",3.318,"trial_1",3.33675,0.335500465722479
"641",8.25,"Pa14_62830",0.565,"trial_1",1.13325,0.480258502440786
"642",8.25,"Pa14_17250",3.242,"trial_1",3.49075,0.1553455154379
"643",8.25,"Pa14_20440",3.473,"trial_1",3.4585,0.0900004629617722
"644",8.25,"Pa14_68350",2.938,"trial_1",2.9715,0.229464775800848
"645",8.25,"Pa14_72840",3.425,"trial_1",3.38825,0.275755741856206
"646",8.25,"Pa14",2.937,"trial_1",3.082,0.24864868120838
"647",8.5,"Pa14_51430",3.373,"trial_1",3.52175,0.347455602679441
"648",8.5,"Pa14_16930",3.189,"trial_1",3.32825,0.284916179194279
"649",8.5,"Pa14_09810",4.196,"trial_1",3.50125,0.378342299820326
"650",8.5,"Pa14_64590",4.013,"trial_1",3.688,0.237179608454577
"651",8.5,"Pa14_05300",3.997,"trial_1",3.88375,0.144707391541229
"652",8.5,"Pa14_18520",3.631,"trial_1",3.3705,0.242653559627713
"653",8.5,"Pa14_01960",3.276,"trial_1",3.5375,0.116187707324542
"654",8.5,"Pa14_09480",2.32,"trial_1",2.75225,0.743759859878621
"655",8.5,"Pa14_19120",3.657,"trial_1",3.5025,0.344102092408634
"656",8.5,"Pa14_48650",3.754,"trial_1",3.491,0.262206979312146
"657",8.5,"Pa14_58770",3.592,"trial_1",3.44475,0.143694916982706
"658",8.5,"Pa14_06570",3.307,"trial_1",3.27825,0.315292555943418
"659",8.5,"Pa14_32750",3.444,"trial_1",3.46575,0.309390900264805
"660",8.5,"Pa14_62830",0.653,"trial_1",1.2385,0.507709644711752
"661",8.5,"Pa14_17250",3.366,"trial_1",3.6,0.129106545147796
"662",8.5,"Pa14_20440",3.586,"trial_1",3.577,0.073587816020498
"663",8.5,"Pa14_68350",3.066,"trial_1",3.09125,0.215557175323238
"664",8.5,"Pa14_72840",3.527,"trial_1",3.47225,0.258444505648698
"665",8.5,"Pa14",3.122,"trial_1",3.22225,0.222483847728324
"666",8.75,"Pa14_51430",3.512,"trial_1",3.6365,0.340463532065722
"667",8.75,"Pa14_16930",3.295,"trial_1",3.383,0.283808327338482
"668",8.75,"Pa14_09810",4.263,"trial_1",3.6715,0.350110815790277
"669",8.75,"Pa14_64590",4.102,"trial_1",3.80425,0.210292009279161
"670",8.75,"Pa14_05300",4.131,"trial_1",3.97725,0.135575547819902
"671",8.75,"Pa14_18520",3.735,"trial_1",3.49,0.243921435439091
"672",8.75,"Pa14_01960",3.522,"trial_1",3.667,0.0777753174214031
"673",8.75,"Pa14_09480",2.58,"trial_1",2.88675,0.725686270023073
"674",8.75,"Pa14_19120",3.801,"trial_1",3.6465,0.329936988933746
"675",8.75,"Pa14_48650",3.888,"trial_1",3.65025,0.247699540774706
"676",8.75,"Pa14_58770",3.706,"trial_1",3.563,0.137213337544132
"677",8.75,"Pa14_06570",3.442,"trial_1",3.4145,0.287085498298562
"678",8.75,"Pa14_32750",3.545,"trial_1",3.5795,0.30343601741828
"679",8.75,"Pa14_62830",0.755,"trial_1",1.3385,0.521191343622154
"680",8.75,"Pa14_17250",3.485,"trial_1",3.7105,0.135169338239114
"681",8.75,"Pa14_20440",3.708,"trial_1",3.683,0.0685456052566465
"682",8.75,"Pa14_68350",3.196,"trial_1",3.211,0.214220680607639
"683",8.75,"Pa14_72840",3.64,"trial_1",3.59425,0.251560256201173
"684",8.75,"Pa14",3.285,"trial_1",3.3585,0.210971364565589
"685",9,"Pa14_51430",3.684,"trial_1",3.766,0.325877021794009
"686",9,"Pa14_16930",3.357,"trial_1",3.41025,0.287907211615131
"687",9,"Pa14_09810",4.33,"trial_1",3.84725,0.328984643765227
"688",9,"Pa14_64590",4.188,"trial_1",3.909,0.187454438908943
"689",9,"Pa14_05300",4.207,"trial_1",4.0535,0.117253642445199
"690",9,"Pa14_18520",3.802,"trial_1",3.574,0.239788795957331
"691",9,"Pa14_01960",3.793,"trial_1",3.7995,0.0505049502524258
"692",9,"Pa14_09480",2.853,"trial_1",3.01225,0.708705554161952
"693",9,"Pa14_19120",3.975,"trial_1",3.74225,0.312398350134354
"694",9,"Pa14_48650",4.046,"trial_1",3.79525,0.232436147145834
"695",9,"Pa14_58770",3.857,"trial_1",3.674,0.135827709495032
"696",9,"Pa14_06570",3.567,"trial_1",3.52475,0.272836756749037
"697",9,"Pa14_32750",3.68,"trial_1",3.669,0.289498128951927
"698",9,"Pa14_62830",0.853,"trial_1",1.4265,0.534134892450712
"699",9,"Pa14_17250",3.594,"trial_1",3.77325,0.108329262744037
"700",9,"Pa14_20440",3.782,"trial_1",3.75725,0.0714158887550009
"701",9,"Pa14_68350",3.376,"trial_1",3.31575,0.206569348726604
"702",9,"Pa14_72840",3.728,"trial_1",3.66175,0.241270033710502
"703",9,"Pa14",3.386,"trial_1",3.4555,0.198376955986996
"704",9.25,"Pa14_51430",3.821,"trial_1",3.87,0.323447831960581
"705",9.25,"Pa14_16930",3.418,"trial_1",3.4285,0.293662079040973
"706",9.25,"Pa14_09810",4.385,"trial_1",3.964,0.298662853398276
"707",9.25,"Pa14_64590",4.258,"trial_1",4.00825,0.162888701777216
"708",9.25,"Pa14_05300",4.293,"trial_1",4.117,0.112400326215422
"709",9.25,"Pa14_18520",3.941,"trial_1",3.683,0.241808119521795
"710",9.25,"Pa14_01960",3.913,"trial_1",3.88975,0.0389623215427419
"711",9.25,"Pa14_09480",3.077,"trial_1",3.125,0.682796577808257
"712",9.25,"Pa14_19120",4.145,"trial_1",3.857,0.297702032240292
"713",9.25,"Pa14_48650",4.224,"trial_1",3.94025,0.228079070718907
"714",9.25,"Pa14_58770",3.918,"trial_1",3.765,0.120628216710132
"715",9.25,"Pa14_06570",3.683,"trial_1",3.6305,0.24487020371345
"716",9.25,"Pa14_32750",3.77,"trial_1",3.76475,0.286935060887767
"717",9.25,"Pa14_62830",0.958,"trial_1",1.5135,0.534856133304399
"718",9.25,"Pa14_17250",3.691,"trial_1",3.85325,0.0819963159741542
"719",9.25,"Pa14_20440",3.906,"trial_1",3.85525,0.0639353514627602
"720",9.25,"Pa14_68350",3.506,"trial_1",3.4375,0.212900015656802
"721",9.25,"Pa14_72840",3.832,"trial_1",3.7465,0.232773316053767
"722",9.25,"Pa14",3.529,"trial_1",3.5635,0.191215628719691
"723",9.5,"Pa14_51430",3.931,"trial_1",3.966,0.317109339713187
"724",9.5,"Pa14_16930",3.52,"trial_1",3.4625,0.298196383836782
"725",9.5,"Pa14_09810",4.434,"trial_1",4.09725,0.269950419830506
"726",9.5,"Pa14_64590",4.31,"trial_1",4.0905,0.137759149726373
"727",9.5,"Pa14_05300",4.383,"trial_1",4.181,0.107300201925874
"728",9.5,"Pa14_18520",3.983,"trial_1",3.76025,0.234123320424657
"729",9.5,"Pa14_01960",4.015,"trial_1",3.96625,0.0340107213488139
"730",9.5,"Pa14_09480",3.241,"trial_1",3.25325,0.667329550646955
"731",9.5,"Pa14_19120",4.195,"trial_1",3.921,0.277447592648894
"732",9.5,"Pa14_48650",4.381,"trial_1",4.059,0.210873184639489
"733",9.5,"Pa14_58770",3.979,"trial_1",3.85475,0.110693552206079
"734",9.5,"Pa14_06570",3.782,"trial_1",3.721,0.220153734164712
"735",9.5,"Pa14_32750",3.817,"trial_1",3.82725,0.279431379471478
"736",9.5,"Pa14_62830",1.072,"trial_1",1.608,0.537595107864646
"737",9.5,"Pa14_17250",3.788,"trial_1",3.92825,0.0684913315683087
"738",9.5,"Pa14_20440",4.003,"trial_1",3.94275,0.0584983974139463
"739",9.5,"Pa14_68350",3.717,"trial_1",3.55925,0.205882804446284
"740",9.5,"Pa14_72840",3.957,"trial_1",3.83275,0.22509419324659
"741",9.5,"Pa14",3.681,"trial_1",3.68675,0.184974040971519
"742",9.75,"Pa14_51430",4.015,"trial_1",4.0565,0.308000405843888
"743",9.75,"Pa14_16930",3.649,"trial_1",3.5015,0.305837783800498
"744",9.75,"Pa14_09810",4.472,"trial_1",4.1645,0.218988013370595
"745",9.75,"Pa14_64590",4.347,"trial_1",4.15875,0.118965243523756
"746",9.75,"Pa14_05300",4.459,"trial_1",4.23425,0.106938748044539
"747",9.75,"Pa14_18520",4.044,"trial_1",3.83425,0.231575176778514
"748",9.75,"Pa14_01960",4.094,"trial_1",4.02975,0.0314573123454628
"749",9.75,"Pa14_09480",3.365,"trial_1",3.358,0.641648268134498
"750",9.75,"Pa14_19120",4.269,"trial_1",3.981,0.267000936327946
"751",9.75,"Pa14_48650",4.508,"trial_1",4.1495,0.194354701512467
"752",9.75,"Pa14_58770",4.048,"trial_1",3.916,0.100005833163204
"753",9.75,"Pa14_06570",3.881,"trial_1",3.82475,0.202789864556064
"754",9.75,"Pa14_32750",3.9,"trial_1",3.9015,0.261781874850036
"755",9.75,"Pa14_62830",1.185,"trial_1",1.70025,0.53588639576562
"756",9.75,"Pa14_17250",3.868,"trial_1",4.00375,0.0614469622248869
"757",9.75,"Pa14_20440",4.081,"trial_1",4.00975,0.059960229875032
"758",9.75,"Pa14_68350",3.76,"trial_1",3.63725,0.198355898576271
"759",9.75,"Pa14_72840",3.997,"trial_1",3.905,0.218282309559585
"760",9.75,"Pa14",3.776,"trial_1",3.77175,0.174619765490623
"761",10,"Pa14_51430",4.142,"trial_1",4.15275,0.304086439191227
"762",10,"Pa14_16930",3.779,"trial_1",3.53525,0.311753207681974
"763",10,"Pa14_09810",4.512,"trial_1",4.2475,0.167378065070267
"764",10,"Pa14_64590",4.393,"trial_1",4.229,0.103196414666402
"765",10,"Pa14_05300",4.535,"trial_1",4.283,0.105485386033643
"766",10,"Pa14_18520",4.147,"trial_1",3.90675,0.222066196962377
"767",10,"Pa14_01960",4.164,"trial_1",4.0885,0.0301012181370344
"768",10,"Pa14_09480",3.51,"trial_1",3.47225,0.611248909337814
"769",10,"Pa14_19120",4.433,"trial_1",4.09125,0.2578185327577
"770",10,"Pa14_48650",4.599,"trial_1",4.23675,0.177649174404686
"771",10,"Pa14_58770",4.154,"trial_1",4.038,0.0675067897819668
"772",10,"Pa14_06570",3.983,"trial_1",3.9345,0.159399132159913
"773",10,"Pa14_32750",3.987,"trial_1",3.96625,0.248577410813345
"774",10,"Pa14_62830",1.279,"trial_1",1.798,0.531822338756093
"775",10,"Pa14_17250",3.965,"trial_1",4.077,0.0475832603618822
"776",10,"Pa14_20440",4.177,"trial_1",4.1115,0.0452483885532586
"777",10,"Pa14_68350",3.933,"trial_1",3.747,0.192174833593441
"778",10,"Pa14_72840",4.048,"trial_1",3.97325,0.213161275016516
"779",10,"Pa14",3.857,"trial_1",3.856,0.167875449862887
"780",10.25,"Pa14_51430",4.236,"trial_1",4.23175,0.300364882268217
"781",10.25,"Pa14_16930",3.961,"trial_1",3.5745,0.324725140182688
"782",10.25,"Pa14_09810",4.544,"trial_1",4.349,0.111423366789317
"783",10.25,"Pa14_64590",4.422,"trial_1",4.28475,0.0842361511862138
"784",10.25,"Pa14_05300",4.585,"trial_1",4.31575,0.103844735864013
"785",10.25,"Pa14_18520",4.248,"trial_1",3.9895,0.230580607741993
"786",10.25,"Pa14_01960",4.23,"trial_1",4.14075,0.0319018677614128
"787",10.25,"Pa14_09480",3.764,"trial_1",3.621,0.566708331801583
"788",10.25,"Pa14_19120",4.541,"trial_1",4.16975,0.258149625540435
"789",10.25,"Pa14_48650",4.678,"trial_1",4.305,0.165883995611391
"790",10.25,"Pa14_58770",4.182,"trial_1",4.09875,0.0840846547633197
"791",10.25,"Pa14_06570",4.073,"trial_1",4.0045,0.163946383512009
"792",10.25,"Pa14_32750",4.039,"trial_1",4.02675,0.245068145284803
"793",10.25,"Pa14_62830",1.371,"trial_1",1.8985,0.53345204408019
"794",10.25,"Pa14_17250",3.997,"trial_1",4.12275,0.0508582589163256
"795",10.25,"Pa14_20440",4.222,"trial_1",4.15975,0.0446399951463558
"796",10.25,"Pa14_68350",4.076,"trial_1",3.866,0.185386533131904
"797",10.25,"Pa14_72840",4.101,"trial_1",4.04675,0.212122753376435
"798",10.25,"Pa14",3.922,"trial_1",3.91875,0.163446410687622
"799",10.5,"Pa14_51430",4.348,"trial_1",4.30275,0.300464744188066
"800",10.5,"Pa14_16930",4.017,"trial_1",3.58225,0.329812415119059
"801",10.5,"Pa14_09810",4.577,"trial_1",4.44325,0.0660156231508876
"802",10.5,"Pa14_64590",4.45,"trial_1",4.33275,0.066640046768691
"803",10.5,"Pa14_05300",4.639,"trial_1",4.33625,0.110128996333088
"804",10.5,"Pa14_18520",4.313,"trial_1",4.06175,0.224531131842929
"805",10.5,"Pa14_01960",4.296,"trial_1",4.18275,0.0395376929861451
"806",10.5,"Pa14_09480",3.803,"trial_1",3.7155,0.513654634295587
"807",10.5,"Pa14_19120",4.606,"trial_1",4.243,0.253590549245564
"808",10.5,"Pa14_48650",4.719,"trial_1",4.35075,0.156683531893644
"809",10.5,"Pa14_58770",4.33,"trial_1",4.21075,0.0883151317725337
"810",10.5,"Pa14_06570",4.18,"trial_1",4.08525,0.158244207371602
"811",10.5,"Pa14_32750",4.13,"trial_1",4.08725,0.238833754942638
"812",10.5,"Pa14_62830",1.479,"trial_1",2.014,0.52796606582873
"813",10.5,"Pa14_17250",4.118,"trial_1",4.221,0.0380460247594936
"814",10.5,"Pa14_20440",4.308,"trial_1",4.22,0.0479791621435806
"815",10.5,"Pa14_68350",4.184,"trial_1",3.9445,0.187826826270016
"816",10.5,"Pa14_72840",4.227,"trial_1",4.14825,0.218717997659086
"817",10.5,"Pa14",4.035,"trial_1",4.0075,0.162781294994235
"818",10.75,"Pa14_51430",4.464,"trial_1",4.40375,0.295294873812601
"819",10.75,"Pa14_16930",4.01,"trial_1",3.57925,0.327520578233898
"820",10.75,"Pa14_09810",4.597,"trial_1",4.4705,0.0658185637440786
"821",10.75,"Pa14_64590",4.471,"trial_1",4.37125,0.0548275706191694
"822",10.75,"Pa14_05300",4.685,"trial_1",4.358,0.114531655012926
"823",10.75,"Pa14_18520",4.315,"trial_1",4.097,0.194200926877294
"824",10.75,"Pa14_01960",4.365,"trial_1",4.22525,0.0473803317140492
"825",10.75,"Pa14_09480",3.866,"trial_1",3.8255,0.459172534747742
"826",10.75,"Pa14_19120",4.75,"trial_1",4.31125,0.244385411116676
"827",10.75,"Pa14_48650",4.76,"trial_1",4.39675,0.148140347306195
"828",10.75,"Pa14_58770",4.443,"trial_1",4.271,0.0830030119935415
"829",10.75,"Pa14_06570",4.26,"trial_1",4.147,0.131819320789228
"830",10.75,"Pa14_32750",4.217,"trial_1",4.139,0.223745763460823
"831",10.75,"Pa14_62830",1.585,"trial_1",2.1195,0.521822686998818
"832",10.75,"Pa14_17250",4.206,"trial_1",4.28175,0.0342013035813939
"833",10.75,"Pa14_20440",4.386,"trial_1",4.256,0.0614261073702923
"834",10.75,"Pa14_68350",4.249,"trial_1",4.0085,0.173536499522915
"835",10.75,"Pa14_72840",4.283,"trial_1",4.20575,0.217310214133314
"836",10.75,"Pa14",4.105,"trial_1",4.084,0.150900629554684
"837",11,"Pa14_51430",4.575,"trial_1",4.467,0.286729838000861
"838",11,"Pa14_16930",4.032,"trial_1",3.575,0.336685065503852
"839",11,"Pa14_09810",4.612,"trial_1",4.503,0.0652750590450391
"840",11,"Pa14_64590",4.484,"trial_1",4.391,0.0480780615249824
"841",11,"Pa14_05300",4.725,"trial_1",4.3745,0.12399630370835
"842",11,"Pa14_18520",4.403,"trial_1",4.1925,0.170208940227396
"843",11,"Pa14_01960",4.426,"trial_1",4.26975,0.0539697060087108
"844",11,"Pa14_09480",4.05,"trial_1",3.9495,0.408042175107754
"845",11,"Pa14_19120",4.799,"trial_1",4.3615,0.224864588882584
"846",11,"Pa14_48650",4.802,"trial_1",4.43575,0.150271074506484
"847",11,"Pa14_58770",4.491,"trial_1",4.32325,0.0634998359577933
"848",11,"Pa14_06570",4.335,"trial_1",4.2235,0.112272362286243
"849",11,"Pa14_32750",4.274,"trial_1",4.183,0.213260794959286
"850",11,"Pa14_62830",1.724,"trial_1",2.2315,0.517336850288733
"851",11,"Pa14_17250",4.293,"trial_1",4.30925,0.0270073292521371
"852",11,"Pa14_20440",4.466,"trial_1",4.3035,0.0685729538520837
"853",11,"Pa14_68350",4.336,"trial_1",4.0785,0.173352002199763
"854",11,"Pa14_72840",4.362,"trial_1",4.26125,0.20210120195915
"855",11,"Pa14",4.188,"trial_1",4.13875,0.127529980135391
"856",11.25,"Pa14_51430",4.649,"trial_1",4.55325,0.281862370374858
"857",11.25,"Pa14_16930",4.106,"trial_1",3.59075,0.340727499868541
"858",11.25,"Pa14_09810",4.615,"trial_1",4.52175,0.064712666199645
"859",11.25,"Pa14_64590",4.475,"trial_1",4.39325,0.0486678795510961
"860",11.25,"Pa14_05300",4.736,"trial_1",4.36875,0.126093467316907
"861",11.25,"Pa14_18520",4.457,"trial_1",4.232,0.164903507138771
"862",11.25,"Pa14_01960",4.467,"trial_1",4.30175,0.0580393185693974
"863",11.25,"Pa14_09480",4.175,"trial_1",4.03,0.374487872522818
"864",11.25,"Pa14_19120",4.768,"trial_1",4.3805,0.209931933413349
"865",11.25,"Pa14_48650",4.845,"trial_1",4.46675,0.151372815150762
"866",11.25,"Pa14_58770",4.461,"trial_1",4.3495,0.0534797469453002
"867",11.25,"Pa14_06570",4.415,"trial_1",4.28,0.108102574745779
"868",11.25,"Pa14_32750",4.296,"trial_1",4.20075,0.195714662625636
"869",11.25,"Pa14_62830",1.922,"trial_1",2.3655,0.516417547468454
"870",11.25,"Pa14_17250",4.294,"trial_1",4.364,0.0350689796448848
"871",11.25,"Pa14_20440",4.493,"trial_1",4.3345,0.0683892048011478
"872",11.25,"Pa14_68350",4.4,"trial_1",4.1485,0.15120929204252
"873",11.25,"Pa14_72840",4.376,"trial_1",4.2965,0.196253450075831
"874",11.25,"Pa14",4.267,"trial_1",4.177,0.143766013600804
"875",11.5,"Pa14_51430",4.704,"trial_1",4.59525,0.276738557426801
"876",11.5,"Pa14_16930",4.194,"trial_1",3.604,0.354639018345885
"877",11.5,"Pa14_09810",4.612,"trial_1",4.53725,0.0649581596106294
"878",11.5,"Pa14_64590",4.462,"trial_1",4.3805,0.0617933383680366
"879",11.5,"Pa14_05300",4.75,"trial_1",4.3585,0.134742037488924
"880",11.5,"Pa14_18520",4.522,"trial_1",4.278,0.168943777630311
"881",11.5,"Pa14_01960",4.493,"trial_1",4.3205,0.0629159492232826
"882",11.5,"Pa14_09480",4.279,"trial_1",4.09975,0.347895428493487
"883",11.5,"Pa14_19120",4.76,"trial_1",4.4035,0.19096356546036
"884",11.5,"Pa14_48650",4.879,"trial_1",4.49125,0.150238906967092
"885",11.5,"Pa14_58770",4.495,"trial_1",4.40325,0.0388552334527367
"886",11.5,"Pa14_06570",4.439,"trial_1",4.3225,0.105016268580952
"887",11.5,"Pa14_32750",4.347,"trial_1",4.2335,0.180586313619462
"888",11.5,"Pa14_62830",2.121,"trial_1",2.5,0.502650143406591
"889",11.5,"Pa14_17250",4.381,"trial_1",4.429,0.0372983467015182
"890",11.5,"Pa14_20440",4.539,"trial_1",4.37025,0.0708535755390415
"891",11.5,"Pa14_68350",4.456,"trial_1",4.2025,0.15217013504627
"892",11.5,"Pa14_72840",4.403,"trial_1",4.339,0.192014322382472
"893",11.5,"Pa14",4.334,"trial_1",4.239,0.132469493343436
"894",11.75,"Pa14_51430",4.793,"trial_1",4.633,0.268157602912914
"895",11.75,"Pa14_16930",4.218,"trial_1",3.6015,0.36158182568634
"896",11.75,"Pa14_09810",4.6,"trial_1",4.5565,0.063975906923362
"897",11.75,"Pa14_64590",4.441,"trial_1",4.3645,0.0690718225231293
"898",11.75,"Pa14_05300",4.762,"trial_1",4.34475,0.144077163931924
"899",11.75,"Pa14_18520",4.65,"trial_1",4.34,0.176251241130382
"900",11.75,"Pa14_01960",4.52,"trial_1",4.3345,0.0691550190996044
"901",11.75,"Pa14_09480",4.395,"trial_1",4.159,0.319482133042418
"902",11.75,"Pa14_19120",4.757,"trial_1",4.42275,0.170964116605405
"903",11.75,"Pa14_48650",4.913,"trial_1",4.51275,0.150721804991846
"904",11.75,"Pa14_58770",4.494,"trial_1",4.4345,0.0311086804606046
"905",11.75,"Pa14_06570",4.537,"trial_1",4.39375,0.0904188171787267
"906",11.75,"Pa14_32750",4.378,"trial_1",4.253,0.169250307729902
"907",11.75,"Pa14_62830",2.341,"trial_1",2.632,0.490029761000969
"908",11.75,"Pa14_17250",4.426,"trial_1",4.467,0.0303809150619267
"909",11.75,"Pa14_20440",4.504,"trial_1",4.383,0.058373795490785
"910",11.75,"Pa14_68350",4.463,"trial_1",4.23025,0.137669516717875
"911",11.75,"Pa14_72840",4.426,"trial_1",4.3635,0.168055794306534
"912",11.75,"Pa14",4.393,"trial_1",4.3045,0.102129411369432
"913",12,"Pa14_51430",4.876,"trial_1",4.68775,0.268614151712079
"914",12,"Pa14_16930",4.252,"trial_1",3.60225,0.370620285242637
"915",12,"Pa14_09810",4.589,"trial_1",4.5655,0.0672712172230195
"916",12,"Pa14_64590",4.426,"trial_1",4.35175,0.0764671770543849
"917",12,"Pa14_05300",4.763,"trial_1",4.32775,0.151349141061322
"918",12,"Pa14_18520",4.693,"trial_1",4.36975,0.173678522467997
"919",12,"Pa14_01960",4.546,"trial_1",4.34725,0.0760409703164463
"920",12,"Pa14_09480",4.574,"trial_1",4.2445,0.305374223972271
"921",12,"Pa14_19120",4.775,"trial_1",4.44125,0.156756911065084
"922",12,"Pa14_48650",4.946,"trial_1",4.53325,0.153010007842624
"923",12,"Pa14_58770",4.541,"trial_1",4.45575,0.0357010153917225
"924",12,"Pa14_06570",4.547,"trial_1",4.43275,0.0774148726021041
"925",12,"Pa14_32750",4.426,"trial_1",4.286,0.165525929489411
"926",12,"Pa14_62830",2.545,"trial_1",2.7535,0.474732468519551
"927",12,"Pa14_17250",4.479,"trial_1",4.49525,0.0374196361108265
"928",12,"Pa14_20440",4.558,"trial_1",4.41225,0.0637787516863309
"929",12,"Pa14_68350",4.534,"trial_1",4.26675,0.136576825144922
"930",12,"Pa14_72840",4.459,"trial_1",4.39175,0.152741270890789
"931",12,"Pa14",4.468,"trial_1",4.34175,0.103086027989571
"932",12.25,"Pa14_51430",5.042,"trial_1",4.744,0.274654935024538
"933",12.25,"Pa14_16930",4.264,"trial_1",3.59375,0.377153013819767
"934",12.25,"Pa14_09810",4.57,"trial_1",4.57375,0.0686638854614758
"935",12.25,"Pa14_64590",4.403,"trial_1",4.3305,0.0809531757664062
"936",12.25,"Pa14_05300",4.757,"trial_1",4.3065,0.157317354414572
"937",12.25,"Pa14_18520",4.755,"trial_1",4.4215,0.159976300328101
"938",12.25,"Pa14_01960",4.566,"trial_1",4.34775,0.082284440611009
"939",12.25,"Pa14_09480",4.567,"trial_1",4.27225,0.274331118358818
"940",12.25,"Pa14_19120",4.788,"trial_1",4.45075,0.143624147807161
"941",12.25,"Pa14_48650",4.956,"trial_1",4.54175,0.150465043005566
"942",12.25,"Pa14_58770",4.567,"trial_1",4.49,0.0407492331216184
"943",12.25,"Pa14_06570",4.594,"trial_1",4.47275,0.0685339028024331
"944",12.25,"Pa14_32750",4.45,"trial_1",4.2995,0.149935819602922
"945",12.25,"Pa14_62830",2.773,"trial_1",2.88675,0.457405067564116
"946",12.25,"Pa14_17250",4.494,"trial_1",4.5105,0.0460588391806249
"947",12.25,"Pa14_20440",4.609,"trial_1",4.4355,0.0716804250359422
"948",12.25,"Pa14_68350",4.519,"trial_1",4.27975,0.127884958067788
"949",12.25,"Pa14_72840",4.484,"trial_1",4.421,0.143351549230089
"950",12.25,"Pa14",4.506,"trial_1",4.36725,0.0944046035247575
"951",12.5,"Pa14_51430",5.01,"trial_1",4.7575,0.2655856735594
"952",12.5,"Pa14_16930",4.324,"trial_1",3.605,0.388182731884525
"953",12.5,"Pa14_09810",4.538,"trial_1",4.578,0.0734540672801719
"954",12.5,"Pa14_64590",4.368,"trial_1",4.29975,0.0794212135809234
"955",12.5,"Pa14_05300",4.739,"trial_1",4.28,0.161996913550845
"956",12.5,"Pa14_18520",4.797,"trial_1",4.44075,0.167809601930283
"957",12.5,"Pa14_01960",4.568,"trial_1",4.34325,0.0863571797825751
"958",12.5,"Pa14_09480",4.512,"trial_1",4.28375,0.240776651345876
"959",12.5,"Pa14_19120",4.827,"trial_1",4.46725,0.139791734972661
"960",12.5,"Pa14_48650",4.959,"trial_1",4.543,0.149527589427503
"961",12.5,"Pa14_58770",4.608,"trial_1",4.5125,0.0474385567515146
"962",12.5,"Pa14_06570",4.617,"trial_1",4.4755,0.0802335133635981
"963",12.5,"Pa14_32750",4.493,"trial_1",4.32175,0.143801584947223
"964",12.5,"Pa14_62830",2.981,"trial_1",3.005,0.43617427709575
"965",12.5,"Pa14_17250",4.564,"trial_1",4.53525,0.0528951399783885
"966",12.5,"Pa14_20440",4.73,"trial_1",4.4865,0.0959118518918979
"967",12.5,"Pa14_68350",4.567,"trial_1",4.29275,0.136932693320478
"968",12.5,"Pa14_72840",4.515,"trial_1",4.45375,0.132128330926162
"969",12.5,"Pa14",4.568,"trial_1",4.392,0.0960407899453839
"970",12.75,"Pa14_51430",5.025,"trial_1",4.8035,0.260735338354176
"971",12.75,"Pa14_16930",4.382,"trial_1",3.62175,0.393980620293266
"972",12.75,"Pa14_09810",4.5,"trial_1",4.57525,0.0805516138882394
"973",12.75,"Pa14_64590",4.336,"trial_1",4.278,0.0769837645221381
"974",12.75,"Pa14_05300",4.72,"trial_1",4.25475,0.164268771124236
"975",12.75,"Pa14_18520",4.813,"trial_1",4.496,0.139960113365678
"976",12.75,"Pa14_01960",4.571,"trial_1",4.33425,0.0905275050283981
"977",12.75,"Pa14_09480",4.536,"trial_1",4.317,0.213673036826518
"978",12.75,"Pa14_19120",4.855,"trial_1",4.50125,0.127621429104468
"979",12.75,"Pa14_48650",4.954,"trial_1",4.53925,0.148274168912412
"980",12.75,"Pa14_58770",4.644,"trial_1",4.53325,0.0532155600678348
"981",12.75,"Pa14_06570",4.648,"trial_1",4.51,0.0759385716659634
"982",12.75,"Pa14_32750",4.522,"trial_1",4.35575,0.135506073049636
"983",12.75,"Pa14_62830",3.148,"trial_1",3.10375,0.4174999750499
"984",12.75,"Pa14_17250",4.625,"trial_1",4.55225,0.0573605192328893
"985",12.75,"Pa14_20440",4.747,"trial_1",4.5065,0.103065108871367
"986",12.75,"Pa14_68350",4.629,"trial_1",4.35325,0.134675149279046
"987",12.75,"Pa14_72840",4.543,"trial_1",4.46475,0.110553437305224
"988",12.75,"Pa14",4.635,"trial_1",4.4215,0.0917146843931403
"989",13,"Pa14_51430",5.111,"trial_1",4.8375,0.258258430001165
"990",13,"Pa14_16930",4.366,"trial_1",3.5905,0.403828862267174
"991",13,"Pa14_09810",4.459,"trial_1",4.58,0.0959956596241032
"992",13,"Pa14_64590",4.303,"trial_1",4.25075,0.0763592114067889
"993",13,"Pa14_05300",4.692,"trial_1",4.21725,0.168908937497892
"994",13,"Pa14_18520",4.816,"trial_1",4.5075,0.128393600567422
"995",13,"Pa14_01960",4.559,"trial_1",4.31675,0.0924755598342972
"996",13,"Pa14_09480",4.561,"trial_1",4.339,0.19347135877609
"997",13,"Pa14_19120",4.872,"trial_1",4.4905,0.135635848260456
"998",13,"Pa14_48650",4.946,"trial_1",4.53325,0.146838559309195
"999",13,"Pa14_58770",4.637,"trial_1",4.55225,0.0555088206203902
"1000",13,"Pa14_06570",4.685,"trial_1",4.52575,0.0723663998920308
"1001",13,"Pa14_32750",4.551,"trial_1",4.36125,0.125244011832902
"1002",13,"Pa14_62830",3.291,"trial_1",3.2185,0.380509417316663
"1003",13,"Pa14_17250",4.627,"trial_1",4.546,0.0459365504437008
"1004",13,"Pa14_20440",4.784,"trial_1",4.52325,0.116961086833756
"1005",13,"Pa14_68350",4.571,"trial_1",4.35375,0.11656141085282
"1006",13,"Pa14_72840",4.561,"trial_1",4.47325,0.101517137305317
"1007",13,"Pa14",4.671,"trial_1",4.45025,0.0891219903652667
"1008",13.25,"Pa14_51430",5.103,"trial_1",4.854,0.255997070295736
"1009",13.25,"Pa14_16930",4.386,"trial_1",3.59725,0.411719033443925
"1010",13.25,"Pa14_09810",4.412,"trial_1",4.576,0.111236235103495
"1011",13.25,"Pa14_64590",4.259,"trial_1",4.22375,0.0789729647833148
"1012",13.25,"Pa14_05300",4.673,"trial_1",4.18275,0.175022081940156
"1013",13.25,"Pa14_18520",4.833,"trial_1",4.52575,0.119641391249016
"1014",13.25,"Pa14_01960",4.543,"trial_1",4.29825,0.0943993070242926
"1015",13.25,"Pa14_09480",4.573,"trial_1",4.35325,0.169819696050448
"1016",13.25,"Pa14_19120",4.877,"trial_1",4.49275,0.138520982165158
"1017",13.25,"Pa14_48650",4.939,"trial_1",4.5205,0.147842540111656
"1018",13.25,"Pa14_58770",4.658,"trial_1",4.56625,0.061533696730599
"1019",13.25,"Pa14_06570",4.741,"trial_1",4.564,0.066375196170457
"1020",13.25,"Pa14_32750",4.574,"trial_1",4.37425,0.116259318622925
"1021",13.25,"Pa14_62830",3.431,"trial_1",3.3075,0.354443342910166
"1022",13.25,"Pa14_17250",4.7,"trial_1",4.555,0.062392574344495
"1023",13.25,"Pa14_20440",4.776,"trial_1",4.52125,0.124292246339022
"1024",13.25,"Pa14_68350",4.627,"trial_1",4.37325,0.115561942264744
"1025",13.25,"Pa14_72840",4.586,"trial_1",4.49125,0.0762947955848455
"1026",13.25,"Pa14",4.687,"trial_1",4.45875,0.0846653953316624
"1027",13.5,"Pa14_51430",5.223,"trial_1",4.907,0.263211258624449
"1028",13.5,"Pa14_16930",4.406,"trial_1",3.594,0.419562271897748
"1029",13.5,"Pa14_09810",4.373,"trial_1",4.578,0.128952833754568
"1030",13.5,"Pa14_64590",4.217,"trial_1",4.19025,0.0781380989018801
"1031",13.5,"Pa14_05300",4.65,"trial_1",4.15125,0.178276645974732
"1032",13.5,"Pa14_18520",4.849,"trial_1",4.52775,0.122484948054853
"1033",13.5,"Pa14_01960",4.526,"trial_1",4.279,0.0957226897518729
"1034",13.5,"Pa14_09480",4.631,"trial_1",4.38225,0.158020766040416
"1035",13.5,"Pa14_19120",4.904,"trial_1",4.50575,0.148327551385439
"1036",13.5,"Pa14_48650",4.917,"trial_1",4.50675,0.144288123211857
"1037",13.5,"Pa14_58770",4.656,"trial_1",4.5795,0.0661469324055671
"1038",13.5,"Pa14_06570",4.788,"trial_1",4.59425,0.0692078692539127
"1039",13.5,"Pa14_32750",4.618,"trial_1",4.37625,0.111255243322131
"1040",13.5,"Pa14_62830",3.542,"trial_1",3.4075,0.319105128967451
"1041",13.5,"Pa14_17250",4.723,"trial_1",4.552,0.070694177035076
"1042",13.5,"Pa14_20440",4.726,"trial_1",4.49475,0.120748619729861
"1043",13.5,"Pa14_68350",4.657,"trial_1",4.397,0.112859056644412
"1044",13.5,"Pa14_72840",4.59,"trial_1",4.493,0.0676325858345419
"1045",13.5,"Pa14",4.757,"trial_1",4.49125,0.096623302054939
"1046",13.75,"Pa14_51430",5.248,"trial_1",4.93875,0.255407313586227
"1047",13.75,"Pa14_16930",4.392,"trial_1",3.5875,0.422731100504012
"1048",13.75,"Pa14_09810",4.323,"trial_1",4.57325,0.148360133346754
"1049",13.75,"Pa14_64590",4.168,"trial_1",4.1535,0.0787130865866661
"1050",13.75,"Pa14_05300",4.615,"trial_1",4.11475,0.179782449551303
"1051",13.75,"Pa14_18520",4.827,"trial_1",4.5345,0.111818677628859
"1052",13.75,"Pa14_01960",4.511,"trial_1",4.2565,0.0988943038467502
"1053",13.75,"Pa14_09480",4.649,"trial_1",4.39075,0.136862080821046
"1054",13.75,"Pa14_19120",4.884,"trial_1",4.50125,0.150588498343444
"1055",13.75,"Pa14_48650",4.903,"trial_1",4.49525,0.143109733538056
"1056",13.75,"Pa14_58770",4.682,"trial_1",4.5945,0.0729663164297976
"1057",13.75,"Pa14_06570",4.804,"trial_1",4.61375,0.0713913801986393
"1058",13.75,"Pa14_32750",4.654,"trial_1",4.387,0.109641081108619
"1059",13.75,"Pa14_62830",3.661,"trial_1",3.488,0.290941861317114
"1060",13.75,"Pa14_17250",4.736,"trial_1",4.5485,0.0766251699291209
"1061",13.75,"Pa14_20440",4.785,"trial_1",4.49775,0.135735880174207
"1062",13.75,"Pa14_68350",4.662,"trial_1",4.402,0.104937282856635
"1063",13.75,"Pa14_72840",4.597,"trial_1",4.489,0.0602840498528979
"1064",13.75,"Pa14",4.783,"trial_1",4.492,0.104921399151937
"1065",14,"Pa14_51430",5.154,"trial_1",4.93475,0.242533975283189
"1066",14,"Pa14_16930",4.37,"trial_1",3.5855,0.426592018209436
"1067",14,"Pa14_09810",4.27,"trial_1",4.5925,0.183162268676348
"1068",14,"Pa14_64590",4.113,"trial_1",4.11975,0.0718556133274685
"1069",14,"Pa14_05300",4.566,"trial_1",4.07375,0.178116242474776
"1070",14,"Pa14_18520",4.772,"trial_1",4.535,0.0933898638325738
"1071",14,"Pa14_01960",4.487,"trial_1",4.229,0.100876987795367
"1072",14,"Pa14_09480",4.688,"trial_1",4.413,0.127690380739245
"1073",14,"Pa14_19120",4.842,"trial_1",4.48025,0.148217956064709
"1074",14,"Pa14_48650",4.87,"trial_1",4.47275,0.139963909038485
"1075",14,"Pa14_58770",4.709,"trial_1",4.5975,0.0796978669727114
"1076",14,"Pa14_06570",4.846,"trial_1",4.6245,0.0830567075356752
"1077",14,"Pa14_32750",4.652,"trial_1",4.37575,0.103270175591342
"1078",14,"Pa14_62830",3.745,"trial_1",3.5615,0.270870664093893
"1079",14,"Pa14_17250",4.748,"trial_1",4.55,0.0815475321515005
"1080",14,"Pa14_20440",4.724,"trial_1",4.47025,0.129150025809779
"1081",14,"Pa14_68350",4.603,"trial_1",4.38225,0.0874484371882463
"1082",14,"Pa14_72840",4.626,"trial_1",4.49075,0.05736633013653
"1083",14,"Pa14",4.762,"trial_1",4.49875,0.100591065706652
"1084",14.25,"Pa14_51430",5.229,"trial_1",4.97175,0.243108472017465
"1085",14.25,"Pa14_16930",4.356,"trial_1",3.5785,0.428439513428286
"1086",14.25,"Pa14_09810",4.22,"trial_1",4.5765,0.201159348113214
"1087",14.25,"Pa14_64590",4.07,"trial_1",4.09075,0.0667125363031567
"1088",14.25,"Pa14_05300",4.538,"trial_1",4.04,0.17989580317506
"1089",14.25,"Pa14_18520",4.805,"trial_1",4.55325,0.0909618738813135
"1090",14.25,"Pa14_01960",4.47,"trial_1",4.20225,0.103325033268807
"1091",14.25,"Pa14_09480",4.728,"trial_1",4.4195,0.122519046138413
"1092",14.25,"Pa14_19120",4.837,"trial_1",4.471,0.155003763395172
"1093",14.25,"Pa14_48650",4.859,"trial_1",4.4595,0.139717870486682
"1094",14.25,"Pa14_58770",4.732,"trial_1",4.60875,0.0878913865707746
"1095",14.25,"Pa14_06570",4.868,"trial_1",4.62925,0.0912919994669121
"1096",14.25,"Pa14_32750",4.663,"trial_1",4.37525,0.102892642270151
"1097",14.25,"Pa14_62830",3.839,"trial_1",3.62975,0.252246366012806
"1098",14.25,"Pa14_17250",4.798,"trial_1",4.554,0.0953563492030465
"1099",14.25,"Pa14_20440",4.716,"trial_1",4.454,0.134161594107007
"1100",14.25,"Pa14_68350",4.628,"trial_1",4.3875,0.0878687468140218
"1101",14.25,"Pa14_72840",4.64,"trial_1",4.491,0.0570043857961823
"1102",14.25,"Pa14",4.808,"trial_1",4.51025,0.112956020202555
"1103",14.5,"Pa14_51430",5.217,"trial_1",4.98275,0.23936004087288
"1104",14.5,"Pa14_16930",4.321,"trial_1",3.58025,0.430054526581611
"1105",14.5,"Pa14_09810",4.175,"trial_1",4.56525,0.21502107454852
"1106",14.5,"Pa14_64590",4.024,"trial_1",4.051,0.0625393209642276
"1107",14.5,"Pa14_05300",4.505,"trial_1",4.00425,0.18087950639399
"1108",14.5,"Pa14_18520",4.783,"trial_1",4.566,0.0785100842779662
"1109",14.5,"Pa14_01960",4.446,"trial_1",4.176,0.105395287687195
"1110",14.5,"Pa14_09480",4.763,"trial_1",4.42775,0.121565740102492
"1111",14.5,"Pa14_19120",4.824,"trial_1",4.44775,0.158310020213504
"1112",14.5,"Pa14_48650",4.832,"trial_1",4.43825,0.137155857208749
"1113",14.5,"Pa14_58770",4.757,"trial_1",4.6,0.0896679058154773
"1114",14.5,"Pa14_06570",4.865,"trial_1",4.62675,0.0968180208776583
"1115",14.5,"Pa14_32750",4.672,"trial_1",4.375,0.101995914950878
"1116",14.5,"Pa14_62830",3.923,"trial_1",3.6885,0.239189429811046
"1117",14.5,"Pa14_17250",4.8,"trial_1",4.541,0.101716108196621
"1118",14.5,"Pa14_20440",4.732,"trial_1",4.45925,0.14762981575549
"1119",14.5,"Pa14_68350",4.616,"trial_1",4.38125,0.0828345489515093
"1120",14.5,"Pa14_72840",4.656,"trial_1",4.4975,0.0671224006324762
"1121",14.5,"Pa14",4.838,"trial_1",4.53825,0.124325764961786
"1122",14.75,"Pa14_51430",5.209,"trial_1",4.99325,0.233950983113985
"1123",14.75,"Pa14_16930",4.328,"trial_1",3.602,0.45098632647417
"1124",14.75,"Pa14_09810",4.125,"trial_1",4.58375,0.249708621864231
"1125",14.75,"Pa14_64590",3.98,"trial_1",4.01375,0.067872889776896
"1126",14.75,"Pa14_05300",4.466,"trial_1",3.96675,0.180495325424234
"1127",14.75,"Pa14_18520",4.782,"trial_1",4.5515,0.0841372886022204
"1128",14.75,"Pa14_01960",4.424,"trial_1",4.14875,0.108005690436507
"1129",14.75,"Pa14_09480",4.781,"trial_1",4.42325,0.124051316666397
"1130",14.75,"Pa14_19120",4.81,"trial_1",4.429,0.162108502758698
"1131",14.75,"Pa14_48650",4.802,"trial_1",4.41275,0.136160062059328
"1132",14.75,"Pa14_58770",4.765,"trial_1",4.60675,0.0986039003623419
"1133",14.75,"Pa14_06570",4.867,"trial_1",4.619,0.102121659472089
"1134",14.75,"Pa14_32750",4.677,"trial_1",4.36775,0.103729114363647
"1135",14.75,"Pa14_62830",3.97,"trial_1",3.74225,0.213909005186785
"1136",14.75,"Pa14_17250",4.806,"trial_1",4.5305,0.10695910433432
"1137",14.75,"Pa14_20440",4.754,"trial_1",4.437,0.152557093137837
"1138",14.75,"Pa14_68350",4.601,"trial_1",4.36425,0.0795753050051752
"1139",14.75,"Pa14_72840",4.663,"trial_1",4.48725,0.069830001909399
"1140",14.75,"Pa14",4.884,"trial_1",4.54575,0.13735378589613
"1141",15,"Pa14_51430",5.249,"trial_1",5.0165,0.231374696110011
"1142",15,"Pa14_16930",4.335,"trial_1",3.59425,0.451042011162301
"1143",15,"Pa14_09810",4.086,"trial_1",4.571,0.273493753737326
"1144",15,"Pa14_64590",3.94,"trial_1",3.9815,0.0666264462006892
"1145",15,"Pa14_05300",4.428,"trial_1",3.9285,0.180590005260535
"1146",15,"Pa14_18520",4.785,"trial_1",4.54425,0.085447230304245
"1147",15,"Pa14_01960",4.397,"trial_1",4.11825,0.109964672357383
"1148",15,"Pa14_09480",4.799,"trial_1",4.42025,0.130746175852298
"1149",15,"Pa14_19120",4.799,"trial_1",4.4055,0.170042396674084
"1150",15,"Pa14_48650",4.78,"trial_1",4.3925,0.135192147207841
"1151",15,"Pa14_58770",4.777,"trial_1",4.61025,0.104657676100068
"1152",15,"Pa14_06570",4.871,"trial_1",4.61675,0.106384816429163
"1153",15,"Pa14_32750",4.678,"trial_1",4.363,0.105010316953463
"1154",15,"Pa14_62830",4.028,"trial_1",3.78775,0.202242583300352
"1155",15,"Pa14_17250",4.84,"trial_1",4.51975,0.120358751932158
"1156",15,"Pa14_20440",4.777,"trial_1",4.43425,0.164291090750533
"1157",15,"Pa14_68350",4.604,"trial_1",4.3565,0.0829301915267695
"1158",15,"Pa14_72840",4.673,"trial_1",4.474,0.079911409281362
"1159",15,"Pa14",4.864,"trial_1",4.536,0.140206989840022
"1160",15.25,"Pa14_51430",5.247,"trial_1",5.02775,0.221061218896486
"1161",15.25,"Pa14_16930",4.333,"trial_1",3.577,0.445085572296684
"1162",15.25,"Pa14_09810",4.041,"trial_1",4.54125,0.277737698497461
"1163",15.25,"Pa14_64590",3.901,"trial_1",3.94175,0.0699206395375023
"1164",15.25,"Pa14_05300",4.389,"trial_1",3.89175,0.179767152635476
"1165",15.25,"Pa14_18520",4.8,"trial_1",4.552,0.0852330139480393
"1166",15.25,"Pa14_01960",4.374,"trial_1",4.0895,0.112214452426295
"1167",15.25,"Pa14_09480",4.812,"trial_1",4.412,0.139751565286404
"1168",15.25,"Pa14_19120",4.793,"trial_1",4.39475,0.176127971940859
"1169",15.25,"Pa14_48650",4.745,"trial_1",4.365,0.132899084521552
"1170",15.25,"Pa14_58770",4.825,"trial_1",4.61025,0.114561755544044
"1171",15.25,"Pa14_06570",4.864,"trial_1",4.60975,0.110547406874457
"1172",15.25,"Pa14_32750",4.65,"trial_1",4.348,0.101701360200671
"1173",15.25,"Pa14_62830",4.072,"trial_1",3.827,0.188614686596776
"1174",15.25,"Pa14_17250",4.85,"trial_1",4.50375,0.127858238556092
"1175",15.25,"Pa14_20440",4.754,"trial_1",4.4205,0.17078568441178
"1176",15.25,"Pa14_68350",4.577,"trial_1",4.33175,0.0828958935452574
"1177",15.25,"Pa14_72840",4.665,"trial_1",4.46625,0.0810127304810793
"1178",15.25,"Pa14",4.873,"trial_1",4.5565,0.151937212909368
"1179",15.5,"Pa14_51430",5.222,"trial_1",5.03125,0.214138341187809
"1180",15.5,"Pa14_16930",4.32,"trial_1",3.5825,0.449960090822879
"1181",15.5,"Pa14_09810",3.992,"trial_1",4.55375,0.308281898863145
"1182",15.5,"Pa14_64590",3.854,"trial_1",3.901,0.0694922057979646
"1183",15.5,"Pa14_05300",4.352,"trial_1",3.85525,0.179374549941363
"1184",15.5,"Pa14_18520",4.786,"trial_1",4.55,0.0818769401805741
"1185",15.5,"Pa14_01960",4.344,"trial_1",4.05975,0.11277734332155
"1186",15.5,"Pa14_09480",4.811,"trial_1",4.404,0.145946908154986
"1187",15.5,"Pa14_19120",4.771,"trial_1",4.37725,0.180089040477204
"1188",15.5,"Pa14_48650",4.712,"trial_1",4.33825,0.130569505755874
"1189",15.5,"Pa14_58770",4.833,"trial_1",4.6105,0.116594382368963
"1190",15.5,"Pa14_06570",4.849,"trial_1",4.60225,0.113289728131018
"1191",15.5,"Pa14_32750",4.646,"trial_1",4.34325,0.103267754728505
"1192",15.5,"Pa14_62830",4.117,"trial_1",3.8655,0.17890104341041
"1193",15.5,"Pa14_17250",4.843,"trial_1",4.4915,0.128347510039476
"1194",15.5,"Pa14_20440",4.78,"trial_1",4.4165,0.181309358096413
"1195",15.5,"Pa14_68350",4.576,"trial_1",4.32725,0.0855836579026626
"1196",15.5,"Pa14_72840",4.657,"trial_1",4.45575,0.083477916241363
"1197",15.5,"Pa14",4.873,"trial_1",4.553,0.15366684743301
"1198",15.75,"Pa14_51430",5.226,"trial_1",5.0375,0.205483373212206
"1199",15.75,"Pa14_16930",4.309,"trial_1",3.57275,0.447950215797842
"1200",15.75,"Pa14_09810",3.945,"trial_1",4.551,0.330959463781694
"1201",15.75,"Pa14_64590",3.811,"trial_1",3.8675,0.0689184300459608
"1202",15.75,"Pa14_05300",4.305,"trial_1",3.8175,0.176977164251964
"1203",15.75,"Pa14_18520",4.783,"trial_1",4.54875,0.0828798075528655
"1204",15.75,"Pa14_01960",4.31,"trial_1",4.03075,0.112553228148582
"1205",15.75,"Pa14_09480",4.813,"trial_1",4.40375,0.156054143915929
"1206",15.75,"Pa14_19120",4.754,"trial_1",4.3525,0.186059802214234
"1207",15.75,"Pa14_48650",4.683,"trial_1",4.31025,0.131060021237091
"1208",15.75,"Pa14_58770",4.824,"trial_1",4.605,0.119286070715179
"1209",15.75,"Pa14_06570",4.828,"trial_1",4.587,0.113637581811652
"1210",15.75,"Pa14_32750",4.633,"trial_1",4.33,0.105115016370958
"1211",15.75,"Pa14_62830",4.145,"trial_1",3.912,0.177413828848449
"1212",15.75,"Pa14_17250",4.856,"trial_1",4.47525,0.13773850526753
"1213",15.75,"Pa14_20440",4.781,"trial_1",4.40275,0.190477634295123
"1214",15.75,"Pa14_68350",4.544,"trial_1",4.3065,0.0835608560671003
"1215",15.75,"Pa14_72840",4.642,"trial_1",4.4445,0.0877596148578604
"1216",15.75,"Pa14",4.878,"trial_1",4.55575,0.15375433598222
"1217",16,"Pa14_51430",5.285,"trial_1",5.05725,0.203517556572728
"1218",16,"Pa14_16930",4.292,"trial_1",3.567,0.452338184695183
"1219",16,"Pa14_09810",3.901,"trial_1",4.539,0.349215072221499
"1220",16,"Pa14_64590",3.771,"trial_1",3.83475,0.0692536100142079
"1221",16,"Pa14_05300",4.271,"trial_1",3.783,0.1770889606949
"1222",16,"Pa14_18520",4.789,"trial_1",4.548,0.0861423240921673
"1223",16,"Pa14_01960",4.279,"trial_1",3.99625,0.112797292372941
"1224",16,"Pa14_09480",4.788,"trial_1",4.39425,0.160326424833837
"1225",16,"Pa14_19120",4.755,"trial_1",4.3405,0.195190718700113
"1226",16,"Pa14_48650",4.65,"trial_1",4.2815,0.129518660174252
"1227",16,"Pa14_58770",4.808,"trial_1",4.6015,0.119898220726303
"1228",16,"Pa14_06570",4.817,"trial_1",4.5865,0.120996212061921
"1229",16,"Pa14_32750",4.631,"trial_1",4.3195,0.110708701856117
"1230",16,"Pa14_62830",4.169,"trial_1",3.9345,0.163949433261194
"1231",16,"Pa14_17250",4.853,"trial_1",4.4565,0.142310985755375
"1232",16,"Pa14_20440",4.779,"trial_1",4.38525,0.19485523472568
"1233",16,"Pa14_68350",4.541,"trial_1",4.28925,0.0909701187203799
"1234",16,"Pa14_72840",4.631,"trial_1",4.43675,0.086041051248808
"1235",16,"Pa14",4.888,"trial_1",4.546,0.158520240558317
"1236",16.25,"Pa14_51430",5.241,"trial_1",5.048,0.193561790306524
"1237",16.25,"Pa14_16930",4.276,"trial_1",3.5555,0.449955831165682
"1238",16.25,"Pa14_09810",3.855,"trial_1",4.53625,0.374685507014438
"1239",16.25,"Pa14_64590",3.731,"trial_1",3.798,0.0670795547590074
"1240",16.25,"Pa14_05300",4.237,"trial_1",3.74925,0.177249529853631
"1241",16.25,"Pa14_18520",4.773,"trial_1",4.53925,0.0859363863564205
"1242",16.25,"Pa14_01960",4.246,"trial_1",3.9655,0.112795907136149
"1243",16.25,"Pa14_09480",4.79,"trial_1",4.381,0.176086153156156
"1244",16.25,"Pa14_19120",4.722,"trial_1",4.31925,0.195213291470296
"1245",16.25,"Pa14_48650",4.619,"trial_1",4.255,0.128475678632183
"1246",16.25,"Pa14_58770",4.805,"trial_1",4.59975,0.122880277099297
"1247",16.25,"Pa14_06570",4.815,"trial_1",4.5835,0.125938146193545
"1248",16.25,"Pa14_32750",4.61,"trial_1",4.3105,0.109740223558487
"1249",16.25,"Pa14_62830",4.188,"trial_1",3.96025,0.153159162855726
"1250",16.25,"Pa14_17250",4.851,"trial_1",4.4455,0.143564445459173
"1251",16.25,"Pa14_20440",4.804,"trial_1",4.37625,0.203460223385309
"1252",16.25,"Pa14_68350",4.519,"trial_1",4.2585,0.0976093404000526
"1253",16.25,"Pa14_72840",4.622,"trial_1",4.409,0.0999408158194972
"1254",16.25,"Pa14",4.867,"trial_1",4.54075,0.159313305052236
"1255",16.5,"Pa14_51430",5.282,"trial_1",5.0575,0.190570415682323
"1256",16.5,"Pa14_16930",4.256,"trial_1",3.5445,0.447185550601388
"1257",16.5,"Pa14_09810",3.807,"trial_1",4.513,0.389132154072795
"1258",16.5,"Pa14_64590",3.693,"trial_1",3.767,0.0726727826172449
"1259",16.5,"Pa14_05300",4.195,"trial_1",3.7125,0.175410233452898
"1260",16.5,"Pa14_18520",4.762,"trial_1",4.53125,0.0847047568518635
"1261",16.5,"Pa14_01960",4.2,"trial_1",3.93025,0.109534146121959
"1262",16.5,"Pa14_09480",4.786,"trial_1",4.37125,0.183900958398808
"1263",16.5,"Pa14_19120",4.706,"trial_1",4.2925,0.20118917300226
"1264",16.5,"Pa14_48650",4.577,"trial_1",4.2235,0.124783479141538
"1265",16.5,"Pa14_58770",4.79,"trial_1",4.58725,0.123858370057632
"1266",16.5,"Pa14_06570",4.801,"trial_1",4.567,0.128335497817245
"1267",16.5,"Pa14_32750",4.603,"trial_1",4.29125,0.11721943453768
"1268",16.5,"Pa14_62830",4.195,"trial_1",3.96825,0.144691266149689
"1269",16.5,"Pa14_17250",4.849,"trial_1",4.4245,0.149551830480272
"1270",16.5,"Pa14_20440",4.79,"trial_1",4.36375,0.210165956250451
"1271",16.5,"Pa14_68350",4.5,"trial_1",4.2325,0.101415399882529
"1272",16.5,"Pa14_72840",4.621,"trial_1",4.40325,0.102456799839412
"1273",16.5,"Pa14",4.839,"trial_1",4.53625,0.155512794221783
"1274",16.75,"Pa14_51430",5.278,"trial_1",5.06275,0.184088916468827
"1275",16.75,"Pa14_16930",4.247,"trial_1",3.53875,0.446479072857844
"1276",16.75,"Pa14_09810",3.766,"trial_1",4.50175,0.408859669283566
"1277",16.75,"Pa14_64590",3.65,"trial_1",3.7335,0.0726458303460472
"1278",16.75,"Pa14_05300",4.16,"trial_1",3.67825,0.175577321523406
"1279",16.75,"Pa14_18520",4.755,"trial_1",4.51525,0.0887978744114971
"1280",16.75,"Pa14_01960",4.176,"trial_1",3.90075,0.110592627089995
"1281",16.75,"Pa14_09480",4.761,"trial_1",4.3455,0.189302447598193
"1282",16.75,"Pa14_19120",4.69,"trial_1",4.26925,0.207689020332483
"1283",16.75,"Pa14_48650",4.549,"trial_1",4.1965,0.125185528982653
"1284",16.75,"Pa14_58770",4.777,"trial_1",4.5805,0.123696200426691
"1285",16.75,"Pa14_06570",4.79,"trial_1",4.561,0.131748497777647
"1286",16.75,"Pa14_32750",4.589,"trial_1",4.28025,0.12071410784715
"1287",16.75,"Pa14_62830",4.233,"trial_1",4.004,0.143765433954063
"1288",16.75,"Pa14_17250",4.868,"trial_1",4.4085,0.160580976457363
"1289",16.75,"Pa14_20440",4.774,"trial_1",4.3425,0.213918013890057
"1290",16.75,"Pa14_68350",4.472,"trial_1",4.21325,0.0991525550183488
"1291",16.75,"Pa14_72840",4.602,"trial_1",4.38575,0.102905599944804
"1292",16.75,"Pa14",4.839,"trial_1",4.53375,0.157271196239701
"1293",17,"Pa14_51430",5.266,"trial_1",5.06575,0.176985110013997
"1294",17,"Pa14_16930",4.238,"trial_1",3.531,0.438452011817333
"1295",17,"Pa14_09810",3.72,"trial_1",4.49475,0.429842485685164
"1296",17,"Pa14_64590",3.608,"trial_1",3.69625,0.0690125290557205
"1297",17,"Pa14_05300",4.122,"trial_1",3.64625,0.173550364928071
"1298",17,"Pa14_18520",4.733,"trial_1",4.51025,0.0822874787963919
"1299",17,"Pa14_01960",4.136,"trial_1",3.86975,0.107715965235738
"1300",17,"Pa14_09480",4.75,"trial_1",4.3415,0.196852525172187
"1301",17,"Pa14_19120",4.649,"trial_1",4.24525,0.203609665373069
"1302",17,"Pa14_48650",4.518,"trial_1",4.16775,0.124848157775756
"1303",17,"Pa14_58770",4.772,"trial_1",4.577,0.127228796530765
"1304",17,"Pa14_06570",4.772,"trial_1",4.55075,0.137699779108997
"1305",17,"Pa14_32750",4.576,"trial_1",4.26875,0.124971580102571
"1306",17,"Pa14_62830",4.246,"trial_1",3.9955,0.130047747641652
"1307",17,"Pa14_17250",4.852,"trial_1",4.3855,0.162275742693314
"1308",17,"Pa14_20440",4.75,"trial_1",4.32975,0.220399022608238
"1309",17,"Pa14_68350",4.427,"trial_1",4.184,0.0979396072417419
"1310",17,"Pa14_72840",4.585,"trial_1",4.3695,0.103422676430269
"1311",17,"Pa14",4.833,"trial_1",4.526,0.159502873537334
"1312",17.25,"Pa14_51430",5.232,"trial_1",5.052,0.166735319193825
"1313",17.25,"Pa14_16930",4.239,"trial_1",3.52575,0.441551502281066
"1314",17.25,"Pa14_09810",3.671,"trial_1",4.47625,0.442524834519676
"1315",17.25,"Pa14_64590",3.574,"trial_1",3.658,0.0655146294095195
"1316",17.25,"Pa14_05300",4.088,"trial_1",3.61425,0.173010295936398
"1317",17.25,"Pa14_18520",4.729,"trial_1",4.4965,0.0870914270560924
"1318",17.25,"Pa14_01960",4.102,"trial_1",3.83875,0.106799949282135
"1319",17.25,"Pa14_09480",4.732,"trial_1",4.328,0.205374860519328
"1320",17.25,"Pa14_19120",4.615,"trial_1",4.22175,0.20560535620455
"1321",17.25,"Pa14_48650",4.488,"trial_1",4.14075,0.124155396580254
"1322",17.25,"Pa14_58770",4.756,"trial_1",4.56475,0.126515068272518
"1323",17.25,"Pa14_06570",4.754,"trial_1",4.535,0.137960139170704
"1324",17.25,"Pa14_32750",4.557,"trial_1",4.24975,0.128814708658083
"1325",17.25,"Pa14_62830",4.276,"trial_1",4.02575,0.134180459953502
"1326",17.25,"Pa14_17250",4.82,"trial_1",4.35425,0.162114350074261
"1327",17.25,"Pa14_20440",4.744,"trial_1",4.31825,0.225317692381224
"1328",17.25,"Pa14_68350",4.377,"trial_1",4.154,0.0944007415225113
"1329",17.25,"Pa14_72840",4.568,"trial_1",4.35875,0.102010926702323
"1330",17.25,"Pa14",4.815,"trial_1",4.51475,0.15794322555906
"1331",17.5,"Pa14_51430",5.26,"trial_1",5.05225,0.16621591129211
"1332",17.5,"Pa14_16930",4.226,"trial_1",3.5165,0.432415020553172
"1333",17.5,"Pa14_09810",3.623,"trial_1",4.447,0.452917394970282
"1334",17.5,"Pa14_64590",3.537,"trial_1",3.641,0.0742439672072194
"1335",17.5,"Pa14_05300",4.058,"trial_1",3.58225,0.17351146696016
"1336",17.5,"Pa14_18520",4.703,"trial_1",4.48175,0.0828083882627037
"1337",17.5,"Pa14_01960",4.072,"trial_1",3.80775,0.106921602899819
"1338",17.5,"Pa14_09480",4.729,"trial_1",4.319,0.215171636916517
"1339",17.5,"Pa14_19120",4.598,"trial_1",4.1975,0.210340002535577
"1340",17.5,"Pa14_48650",4.453,"trial_1",4.111,0.123325450198516
"1341",17.5,"Pa14_58770",4.743,"trial_1",4.55775,0.126939207891022
"1342",17.5,"Pa14_06570",4.738,"trial_1",4.52525,0.140876053678402
"1343",17.5,"Pa14_32750",4.543,"trial_1",4.23475,0.133126740990181
"1344",17.5,"Pa14_62830",4.277,"trial_1",4.041,0.126640567486621
"1345",17.5,"Pa14_17250",4.815,"trial_1",4.33425,0.16676499182982
"1346",17.5,"Pa14_20440",4.704,"trial_1",4.2945,0.224464733681411
"1347",17.5,"Pa14_68350",4.334,"trial_1",4.1195,0.0945643519867114
"1348",17.5,"Pa14_72840",4.554,"trial_1",4.34625,0.102157863949217
"1349",17.5,"Pa14",4.789,"trial_1",4.5025,0.157450785961836
"1350",17.75,"Pa14_51430",5.235,"trial_1",5.044,0.156691310118547
"1351",17.75,"Pa14_16930",4.215,"trial_1",3.51075,0.431682440188
"1352",17.75,"Pa14_09810",3.583,"trial_1",4.46175,0.466957952246952
"1353",17.75,"Pa14_64590",3.501,"trial_1",3.602,0.063562305391377
"1354",17.75,"Pa14_05300",4.024,"trial_1",3.552,0.17247173681505
"1355",17.75,"Pa14_18520",4.677,"trial_1",4.4655,0.0831068589227145
"1356",17.75,"Pa14_01960",4.035,"trial_1",3.77725,0.10497569163065
"1357",17.75,"Pa14_09480",4.709,"trial_1",4.30625,0.223247760347108
"1358",17.75,"Pa14_19120",4.556,"trial_1",4.1705,0.209302213716594
"1359",17.75,"Pa14_48650",4.421,"trial_1",4.085,0.121632643644706
"1360",17.75,"Pa14_58770",4.72,"trial_1",4.54775,0.127128789684582
"1361",17.75,"Pa14_06570",4.721,"trial_1",4.5145,0.147987893648996
"1362",17.75,"Pa14_32750",4.533,"trial_1",4.21875,0.138371104281205
"1363",17.75,"Pa14_62830",4.285,"trial_1",4.0335,0.116597955956926
"1364",17.75,"Pa14_17250",4.797,"trial_1",4.31125,0.16755913135368
"1365",17.75,"Pa14_20440",4.684,"trial_1",4.28425,0.231554664172415
"1366",17.75,"Pa14_68350",4.305,"trial_1",4.10025,0.0955339163159694
"1367",17.75,"Pa14_72840",4.542,"trial_1",4.333,0.102309171957683
"1368",17.75,"Pa14",4.761,"trial_1",4.48775,0.155355171032916
"1369",18,"Pa14_51430",5.249,"trial_1",5.03975,0.154522584649192
"1370",18,"Pa14_16930",4.205,"trial_1",3.5075,0.433736575200509
"1371",18,"Pa14_09810",3.537,"trial_1",4.47575,0.473890172754546
"1372",18,"Pa14_64590",3.464,"trial_1",3.5785,0.0577732637125513
"1373",18,"Pa14_05300",3.987,"trial_1",3.51975,0.170918779444117
"1374",18,"Pa14_18520",4.66,"trial_1",4.455,0.0792012205293159
"1375",18,"Pa14_01960",4.004,"trial_1",3.7495,0.103767769562615
"1376",18,"Pa14_09480",4.707,"trial_1",4.29725,0.233222488552598
"1377",18,"Pa14_19120",4.533,"trial_1",4.14625,0.209567560705373
"1378",18,"Pa14_48650",4.392,"trial_1",4.05625,0.122091751700651
"1379",18,"Pa14_58770",4.71,"trial_1",4.537,0.127670800629327
"1380",18,"Pa14_06570",4.713,"trial_1",4.495,0.150728785129672
"1381",18,"Pa14_32750",4.523,"trial_1",4.206,0.142258567404568
"1382",18,"Pa14_62830",4.286,"trial_1",4.0385,0.111320483290363
"1383",18,"Pa14_17250",4.786,"trial_1",4.29075,0.170502871432321
"1384",18,"Pa14_20440",4.658,"trial_1",4.24225,0.219906940545313
"1385",18,"Pa14_68350",4.283,"trial_1",4.067,0.0990479681770405
"1386",18,"Pa14_72840",4.524,"trial_1",4.315,0.107614280341102
"1387",18,"Pa14",4.73,"trial_1",4.4685,0.154864187811988
"1388",18.25,"Pa14_51430",5.223,"trial_1",5.023,0.147934670265853
"1389",18.25,"Pa14_16930",4.197,"trial_1",3.497,0.429762919138758
"1390",18.25,"Pa14_09810",3.494,"trial_1",4.48425,0.477803895442471
"1391",18.25,"Pa14_64590",3.427,"trial_1",3.5675,0.0723676953711622
"1392",18.25,"Pa14_05300",3.955,"trial_1",3.4885,0.170822763900678
"1393",18.25,"Pa14_18520",4.627,"trial_1",4.4325,0.0778957636845548
"1394",18.25,"Pa14_01960",3.967,"trial_1",3.7195,0.102241951598484
"1395",18.25,"Pa14_09480",4.678,"trial_1",4.27875,0.239405992336589
"1396",18.25,"Pa14_19120",4.492,"trial_1",4.1175,0.210102554323676
"1397",18.25,"Pa14_48650",4.359,"trial_1",4.02825,0.120167504620287
"1398",18.25,"Pa14_58770",4.673,"trial_1",4.51725,0.123696789907149
"1399",18.25,"Pa14_06570",4.697,"trial_1",4.4765,0.154831359872604
"1400",18.25,"Pa14_32750",4.51,"trial_1",4.19375,0.147013817377823
"1401",18.25,"Pa14_62830",4.301,"trial_1",4.052,0.110070431996972
"1402",18.25,"Pa14_17250",4.751,"trial_1",4.264,0.167798986886095
"1403",18.25,"Pa14_20440",4.635,"trial_1",4.23175,0.230623565939534
"1404",18.25,"Pa14_68350",4.25,"trial_1",4.04525,0.0956071606453547
"1405",18.25,"Pa14_72840",4.506,"trial_1",4.2975,0.109812339925894
"1406",18.25,"Pa14",4.717,"trial_1",4.46,0.15182939987587
"1407",18.5,"Pa14_51430",5.225,"trial_1",5.019,0.145865234606011
"1408",18.5,"Pa14_16930",4.192,"trial_1",3.48725,0.423720107106881
"1409",18.5,"Pa14_09810",3.449,"trial_1",4.499,0.472660731039365
"1410",18.5,"Pa14_64590",3.388,"trial_1",3.53325,0.0628588034142129
"1411",18.5,"Pa14_05300",3.922,"trial_1",3.45875,0.169592342103056
"1412",18.5,"Pa14_18520",4.611,"trial_1",4.416,0.0792916557190392
"1413",18.5,"Pa14_01960",3.94,"trial_1",3.69175,0.102032980779092
"1414",18.5,"Pa14_09480",4.663,"trial_1",4.263,0.247129183491819
"1415",18.5,"Pa14_19120",4.465,"trial_1",4.096,0.208467023771147
"1416",18.5,"Pa14_48650",4.331,"trial_1",4.0015,0.120306899220286
"1417",18.5,"Pa14_58770",4.651,"trial_1",4.5015,0.123974123644143
"1418",18.5,"Pa14_06570",4.69,"trial_1",4.462,0.160954962644834
"1419",18.5,"Pa14_32750",4.49,"trial_1",4.16775,0.151290215039396
"1420",18.5,"Pa14_62830",4.298,"trial_1",4.08325,0.104212423283727
"1421",18.5,"Pa14_17250",4.733,"trial_1",4.2425,0.168814740667593
"1422",18.5,"Pa14_20440",4.619,"trial_1",4.201,0.227575994633295
"1423",18.5,"Pa14_68350",4.221,"trial_1",4.002,0.100507047845744
"1424",18.5,"Pa14_72840",4.491,"trial_1",4.27475,0.115112535517785
"1425",18.5,"Pa14",4.692,"trial_1",4.4365,0.151449936722778
"1426",18.75,"Pa14_51430",5.222,"trial_1",5.0115,0.143709487044755
"1427",18.75,"Pa14_16930",4.19,"trial_1",3.4865,0.423959215805797
"1428",18.75,"Pa14_09810",3.414,"trial_1",4.52125,0.473351415441002
"1429",18.75,"Pa14_64590",3.357,"trial_1",3.50925,0.0678507860431009
"1430",18.75,"Pa14_05300",3.893,"trial_1",3.43075,0.169499446901752
"1431",18.75,"Pa14_18520",4.597,"trial_1",4.401,0.0798028821534662
"1432",18.75,"Pa14_01960",3.91,"trial_1",3.6645,0.101502463024303
"1433",18.75,"Pa14_09480",4.65,"trial_1",4.25025,0.255068740734728
"1434",18.75,"Pa14_19120",4.437,"trial_1",4.07225,0.208094279514519
"1435",18.75,"Pa14_48650",4.299,"trial_1",3.97675,0.118214053733048
"1436",18.75,"Pa14_58770",4.642,"trial_1",4.487,0.125019331838454
"1437",18.75,"Pa14_06570",4.68,"trial_1",4.45025,0.165315544237881
"1438",18.75,"Pa14_32750",4.474,"trial_1",4.15625,0.153563979608935
"1439",18.75,"Pa14_62830",4.292,"trial_1",4.0655,0.0991375307338245
"1440",18.75,"Pa14_17250",4.703,"trial_1",4.22175,0.165712288319243
"1441",18.75,"Pa14_20440",4.612,"trial_1",4.20725,0.245277861142555
"1442",18.75,"Pa14_68350",4.195,"trial_1",3.975,0.0971322123019273
"1443",18.75,"Pa14_72840",4.474,"trial_1",4.253,0.118966381805954
"1444",18.75,"Pa14",4.659,"trial_1",4.4185,0.150375363673708
"1445",19,"Pa14_51430",5.245,"trial_1",5.00475,0.145777441670514
"1446",19,"Pa14_16930",4.184,"trial_1",3.4875,0.422191208656299
"1447",19,"Pa14_09810",3.374,"trial_1",4.539,0.476886254781997
"1448",19,"Pa14_64590",3.329,"trial_1",3.4885,0.0669608094335784
"1449",19,"Pa14_05300",3.862,"trial_1",3.4025,0.168923306069155
"1450",19,"Pa14_18520",4.581,"trial_1",4.38175,0.0814569160149503
"1451",19,"Pa14_01960",3.881,"trial_1",3.63675,0.101472800132186
"1452",19,"Pa14_09480",4.639,"trial_1",4.23475,0.26397391758783
"1453",19,"Pa14_19120",4.415,"trial_1",4.05175,0.208865736379458
"1454",19,"Pa14_48650",4.272,"trial_1",3.9525,0.117944549118078
"1455",19,"Pa14_58770",4.612,"trial_1",4.46575,0.124946905390517
"1456",19,"Pa14_06570",4.679,"trial_1",4.432,0.172966759812399
"1457",19,"Pa14_32750",4.456,"trial_1",4.13525,0.158071384190814
"1458",19,"Pa14_62830",4.303,"trial_1",4.07525,0.0968756720406797
"1459",19,"Pa14_17250",4.681,"trial_1",4.19975,0.165864590856518
"1460",19,"Pa14_20440",4.604,"trial_1",4.17675,0.243143090586593
"1461",19,"Pa14_68350",4.17,"trial_1",3.94175,0.100356344260507
"1462",19,"Pa14_72840",4.447,"trial_1",4.2405,0.113631348374176
"1463",19,"Pa14",4.63,"trial_1",4.398,0.147585568400166
"1464",19.25,"Pa14_51430",5.218,"trial_1",4.9855,0.142310985755375
"1465",19.25,"Pa14_16930",4.179,"trial_1",3.48575,0.417428112573491
"1466",19.25,"Pa14_09810",3.337,"trial_1",4.5595,0.485432710750591
"1467",19.25,"Pa14_64590",3.292,"trial_1",3.4645,0.0710240569572498
"1468",19.25,"Pa14_05300",3.833,"trial_1",3.374,0.168734011588259
"1469",19.25,"Pa14_18520",4.554,"trial_1",4.3585,0.0817491080481413
"1470",19.25,"Pa14_01960",3.853,"trial_1",3.6115,0.101323327356866
"1471",19.25,"Pa14_09480",4.613,"trial_1",4.215,0.271383799565609
"1472",19.25,"Pa14_19120",4.382,"trial_1",4.0235,0.210084308473209
"1473",19.25,"Pa14_48650",4.245,"trial_1",3.93025,0.116478449365823
"1474",19.25,"Pa14_58770",4.585,"trial_1",4.44225,0.125986358388518
"1475",19.25,"Pa14_06570",4.666,"trial_1",4.41375,0.178154602803296
"1476",19.25,"Pa14_32750",4.436,"trial_1",4.1175,0.160453783584765
"1477",19.25,"Pa14_62830",4.298,"trial_1",4.08525,0.0889347841585807
"1478",19.25,"Pa14_17250",4.65,"trial_1",4.175,0.164170135327146
"1479",19.25,"Pa14_20440",4.577,"trial_1",4.14775,0.241591381951702
"1480",19.25,"Pa14_68350",4.131,"trial_1",3.9035,0.10123281747207
"1481",19.25,"Pa14_72840",4.424,"trial_1",4.2155,0.119209549393774
"1482",19.25,"Pa14",4.608,"trial_1",4.38775,0.144322771938457
"1483",19.5,"Pa14_51430",5.206,"trial_1",4.973,0.143100780337961
"1484",19.5,"Pa14_16930",4.17,"trial_1",3.47475,0.41633707797889
"1485",19.5,"Pa14_09810",3.3,"trial_1",4.53675,0.486595892399433
"1486",19.5,"Pa14_64590",3.26,"trial_1",3.43675,0.0723456690710187
"1487",19.5,"Pa14_05300",3.801,"trial_1",3.34725,0.167003181107427
"1488",19.5,"Pa14_18520",4.535,"trial_1",4.3405,0.0807944923865483
"1489",19.5,"Pa14_01960",3.827,"trial_1",3.5865,0.100996287060466
"1490",19.5,"Pa14_09480",4.571,"trial_1",4.19175,0.276175178404336
"1491",19.5,"Pa14_19120",4.341,"trial_1",3.99925,0.205025354123175
"1492",19.5,"Pa14_48650",4.219,"trial_1",3.9075,0.115968745789545
"1493",19.5,"Pa14_58770",4.571,"trial_1",4.425,0.124426015500511
"1494",19.5,"Pa14_06570",4.642,"trial_1",4.3875,0.179718529929443
"1495",19.5,"Pa14_32750",4.413,"trial_1",4.097,0.161919218542251
"1496",19.5,"Pa14_62830",4.289,"trial_1",4.08475,0.084357745149255
"1497",19.5,"Pa14_17250",4.619,"trial_1",4.15625,0.160325385284635
"1498",19.5,"Pa14_20440",4.558,"trial_1",4.14075,0.253787764020779
"1499",19.5,"Pa14_68350",4.104,"trial_1",3.86475,0.105153360225276
"1500",19.5,"Pa14_72840",4.412,"trial_1",4.1935,0.123352138206032
"1501",19.5,"Pa14",4.589,"trial_1",4.36725,0.142856206842172
"1502",19.75,"Pa14_51430",5.203,"trial_1",4.96225,0.146194148879723
"1503",19.75,"Pa14_16930",4.155,"trial_1",3.46775,0.408425712339466
"1504",19.75,"Pa14_09810",3.263,"trial_1",4.52125,0.494139719613795
"1505",19.75,"Pa14_64590",3.232,"trial_1",3.4085,0.0721173811689433
"1506",19.75,"Pa14_05300",3.776,"trial_1",3.3225,0.16671657586055
"1507",19.75,"Pa14_18520",4.506,"trial_1",4.32275,0.0781423647368487
"1508",19.75,"Pa14_01960",3.8,"trial_1",3.56125,0.0997792354818041
"1509",19.75,"Pa14_09480",4.539,"trial_1",4.1725,0.281555352757973
"1510",19.75,"Pa14_19120",4.317,"trial_1",3.9815,0.205345846480192
"1511",19.75,"Pa14_48650",4.195,"trial_1",3.886,0.11629989968468
"1512",19.75,"Pa14_58770",4.555,"trial_1",4.40675,0.125524483003649
"1513",19.75,"Pa14_06570",4.643,"trial_1",4.37625,0.186543728117565
"1514",19.75,"Pa14_32750",4.399,"trial_1",4.08175,0.164665000835029
"1515",19.75,"Pa14_62830",4.272,"trial_1",4.09225,0.0773965707681334
"1516",19.75,"Pa14_17250",4.596,"trial_1",4.1355,0.159556938635293
"1517",19.75,"Pa14_20440",4.527,"trial_1",4.11225,0.250926740636917
"1518",19.75,"Pa14_68350",4.073,"trial_1",3.842,0.0976882797473679
"1519",19.75,"Pa14_72840",4.403,"trial_1",4.17875,0.12649201226428
"1520",19.75,"Pa14",4.567,"trial_1",4.347,0.143663959757948
"1521",20,"Pa14_51430",5.202,"trial_1",4.9525,0.149823507278842
"1522",20,"Pa14_16930",4.136,"trial_1",3.45975,0.405924536295438
"1523",20,"Pa14_09810",3.228,"trial_1",4.50625,0.502433805756208
"1524",20,"Pa14_64590",3.2,"trial_1",3.39125,0.0790857920235992
"1525",20,"Pa14_05300",3.754,"trial_1",3.29925,0.167508395311996
"1526",20,"Pa14_18520",4.495,"trial_1",4.31175,0.0794065226120206
"1527",20,"Pa14_01960",3.777,"trial_1",3.53625,0.100911987229797
"1528",20,"Pa14_09480",4.533,"trial_1",4.158,0.290277740563528
"1529",20,"Pa14_19120",4.301,"trial_1",3.96025,0.202329506416308
"1530",20,"Pa14_48650",4.169,"trial_1",3.86425,0.115421239379934
"1531",20,"Pa14_58770",4.535,"trial_1",4.389,0.124446106139699
"1532",20,"Pa14_06570",4.621,"trial_1",4.3535,0.192955305705752
"1533",20,"Pa14_32750",4.381,"trial_1",4.0655,0.16582395283352
"1534",20,"Pa14_62830",4.254,"trial_1",4.0865,0.0708925242885312
"1535",20,"Pa14_17250",4.571,"trial_1",4.1165,0.157561892600971
"1536",20,"Pa14_20440",4.516,"trial_1",4.08975,0.251207210286648
"1537",20,"Pa14_68350",4.039,"trial_1",3.80525,0.101324869438192
"1538",20,"Pa14_72840",4.383,"trial_1",4.152,0.132435518901338
"1539",20,"Pa14",4.543,"trial_1",4.3225,0.145645974884306
"1540",20.25,"Pa14_51430",5.196,"trial_1",4.9385,0.152880399877377
"1541",20.25,"Pa14_16930",4.128,"trial_1",3.458,0.402611682228257
"1542",20.25,"Pa14_09810",3.195,"trial_1",4.49125,0.505993803486433
"1543",20.25,"Pa14_64590",3.167,"trial_1",3.38425,0.0930137758614282
"1544",20.25,"Pa14_05300",3.721,"trial_1",3.27225,0.165416834592694
"1545",20.25,"Pa14_18520",4.48,"trial_1",4.29425,0.0794338036774438
"1546",20.25,"Pa14_01960",3.749,"trial_1",3.512,0.09945099295633
"1547",20.25,"Pa14_09480",4.494,"trial_1",4.1305,0.294265611310598
"1548",20.25,"Pa14_19120",4.273,"trial_1",3.93775,0.201564454124894
"1549",20.25,"Pa14_48650",4.147,"trial_1",3.8425,0.115636283233248
"1550",20.25,"Pa14_58770",4.519,"trial_1",4.3665,0.125854744315289
"1551",20.25,"Pa14_06570",4.6,"trial_1",4.33425,0.197432003062658
"1552",20.25,"Pa14_32750",4.364,"trial_1",4.0425,0.170005146980908
"1553",20.25,"Pa14_62830",4.22,"trial_1",4.0695,0.0609432796404437
"1554",20.25,"Pa14_17250",4.538,"trial_1",4.09325,0.154294294018498
"1555",20.25,"Pa14_20440",4.474,"trial_1",4.06975,0.253024825857069
"1556",20.25,"Pa14_68350",3.989,"trial_1",3.77,0.0969750827102852
"1557",20.25,"Pa14_72840",4.366,"trial_1",4.1355,0.133837276820274
"1558",20.25,"Pa14",4.515,"trial_1",4.30175,0.146820397651916
"1559",20.5,"Pa14_51430",5.193,"trial_1",4.933,0.15833929813326
"1560",20.5,"Pa14_16930",4.116,"trial_1",3.45475,0.397590110331398
"1561",20.5,"Pa14_09810",3.156,"trial_1",4.473,0.516431182895327
"1562",20.5,"Pa14_64590",3.139,"trial_1",3.38275,0.108543674005751
"1563",20.5,"Pa14_05300",3.696,"trial_1",3.249,0.164948982011611
"1564",20.5,"Pa14_18520",4.462,"trial_1",4.27425,0.078871599239946
"1565",20.5,"Pa14_01960",3.725,"trial_1",3.487,0.100049987506246
"1566",20.5,"Pa14_09480",4.47,"trial_1",4.10975,0.296698043752679
"1567",20.5,"Pa14_19120",4.252,"trial_1",3.9165,0.200529507388148
"1568",20.5,"Pa14_48650",4.124,"trial_1",3.823,0.114552026026023
"1569",20.5,"Pa14_58770",4.495,"trial_1",4.3445,0.127602573119301
"1570",20.5,"Pa14_06570",4.591,"trial_1",4.31375,0.19909184438344
"1571",20.5,"Pa14_32750",4.348,"trial_1",4.02475,0.170171176074759
"1572",20.5,"Pa14_62830",4.198,"trial_1",4.06075,0.0545441335067302
"1573",20.5,"Pa14_17250",4.521,"trial_1",4.07475,0.154882953118368
"1574",20.5,"Pa14_20440",4.457,"trial_1",4.05025,0.255860109890802
"1575",20.5,"Pa14_68350",3.944,"trial_1",3.725,0.097873217310287
"1576",20.5,"Pa14_72840",4.359,"trial_1",4.118,0.132761063569105
"1577",20.5,"Pa14",4.493,"trial_1",4.276,0.146819049626856
"1578",20.75,"Pa14_51430",5.188,"trial_1",4.9085,0.160541531490556
"1579",20.75,"Pa14_16930",4.104,"trial_1",3.44675,0.394466174088476
"1580",20.75,"Pa14_09810",3.128,"trial_1",4.446,0.517557887261576
"1581",20.75,"Pa14_64590",3.109,"trial_1",3.39625,0.137435666768128
"1582",20.75,"Pa14_05300",3.668,"trial_1",3.22525,0.163649205619826
"1583",20.75,"Pa14_18520",4.442,"trial_1",4.25225,0.0820318789658428
"1584",20.75,"Pa14_01960",3.699,"trial_1",3.463,0.0996636008447083
"1585",20.75,"Pa14_09480",4.441,"trial_1",4.08675,0.303329956483035
"1586",20.75,"Pa14_19120",4.218,"trial_1",3.89,0.197217730778278
"1587",20.75,"Pa14_48650",4.099,"trial_1",3.8015,0.114840831879026
"1588",20.75,"Pa14_58770",4.471,"trial_1",4.3205,0.129432414796294
"1589",20.75,"Pa14_06570",4.585,"trial_1",4.29775,0.206899885210215
"1590",20.75,"Pa14_32750",4.326,"trial_1",4.003,0.172186429972477
"1591",20.75,"Pa14_62830",4.171,"trial_1",4.07125,0.047478723304936
"1592",20.75,"Pa14_17250",4.492,"trial_1",4.05425,0.152433797105498
"1593",20.75,"Pa14_20440",4.435,"trial_1",4.03,0.257823583095108
"1594",20.75,"Pa14_68350",3.903,"trial_1",3.68425,0.101253292127548
"1595",20.75,"Pa14_72840",4.336,"trial_1",4.09975,0.133374394719026
"1596",20.75,"Pa14",4.469,"trial_1",4.252,0.150136049412969
"1597",21,"Pa14_51430",5.182,"trial_1",4.89625,0.164630077750088
"1598",21,"Pa14_16930",4.097,"trial_1",3.44225,0.391404814950796
"1599",21,"Pa14_09810",3.1,"trial_1",4.4305,0.522108625351724
"1600",21,"Pa14_64590",3.085,"trial_1",3.431,0.18226217380466
"1601",21,"Pa14_05300",3.645,"trial_1",3.203,0.163444689931079
"1602",21,"Pa14_18520",4.432,"trial_1",4.2365,0.0836923931230711
"1603",21,"Pa14_01960",3.671,"trial_1",3.4375,0.0989178952465124
"1604",21,"Pa14_09480",4.42,"trial_1",4.0665,0.306681294940964
"1605",21,"Pa14_19120",4.2,"trial_1",3.8715,0.194666167236802
"1606",21,"Pa14_48650",4.08,"trial_1",3.782,0.115678433599353
"1607",21,"Pa14_58770",4.456,"trial_1",4.304,0.129728562776283
"1608",21,"Pa14_06570",4.569,"trial_1",4.28175,0.205398951230688
"1609",21,"Pa14_32750",4.314,"trial_1",3.98525,0.175709691916335
"1610",21,"Pa14_62830",4.149,"trial_1",4.06625,0.042613329291823
"1611",21,"Pa14_17250",4.467,"trial_1",4.035,0.150526298920377
"1612",21,"Pa14_20440",4.409,"trial_1",4.00525,0.255906354942584
"1613",21,"Pa14_68350",3.862,"trial_1",3.65175,0.0948932514284692
"1614",21,"Pa14_72840",4.32,"trial_1",4.07525,0.133901316274337
"1615",21,"Pa14",4.445,"trial_1",4.23,0.151794268666508
"1616",21.25,"Pa14_51430",5.183,"trial_1",4.88,0.171354894881938
"1617",21.25,"Pa14_16930",4.078,"trial_1",3.43625,0.383549730586965
"1618",21.25,"Pa14_09810",3.066,"trial_1",4.409,0.527602912551981
"1619",21.25,"Pa14_64590",3.058,"trial_1",3.42825,0.196838078548503
"1620",21.25,"Pa14_05300",3.623,"trial_1",3.181,0.163444689931079
"1621",21.25,"Pa14_18520",4.41,"trial_1",4.2165,0.0835758138857569
"1622",21.25,"Pa14_01960",3.65,"trial_1",3.41575,0.0994102400828673
"1623",21.25,"Pa14_09480",4.406,"trial_1",4.045,0.309201929705061
"1624",21.25,"Pa14_19120",4.192,"trial_1",3.854,0.192947747676238
"1625",21.25,"Pa14_48650",4.059,"trial_1",3.7625,0.114700697469545
"1626",21.25,"Pa14_58770",4.441,"trial_1",4.283,0.13203787335458
"1627",21.25,"Pa14_06570",4.561,"trial_1",4.26375,0.21276331724869
"1628",21.25,"Pa14_32750",4.296,"trial_1",3.96275,0.17691493954252
"1629",21.25,"Pa14_62830",4.12,"trial_1",4.0615,0.0376485944846108
"1630",21.25,"Pa14_17250",4.442,"trial_1",4.0145,0.149004753839153
"1631",21.25,"Pa14_20440",4.389,"trial_1",3.9895,0.261357194914036
"1632",21.25,"Pa14_68350",3.822,"trial_1",3.61575,0.0926753967710237
"1633",21.25,"Pa14_72840",4.292,"trial_1",4.05575,0.132514386011482
"1634",21.25,"Pa14",4.419,"trial_1",4.20475,0.152626109059579
"1635",21.5,"Pa14_51430",5.173,"trial_1",4.862,0.175887274506524
"1636",21.5,"Pa14_16930",4.07,"trial_1",3.43525,0.38088370381697
"1637",21.5,"Pa14_09810",3.036,"trial_1",4.39725,0.537519515149605
"1638",21.5,"Pa14_64590",3.032,"trial_1",3.45425,0.228831224195184
"1639",21.5,"Pa14_05300",3.595,"trial_1",3.16025,0.161229326840167
"1640",21.5,"Pa14_18520",4.392,"trial_1",4.20125,0.0819139538377519
"1641",21.5,"Pa14_01960",3.626,"trial_1",3.3925,0.0988454180357728
"1642",21.5,"Pa14_09480",4.381,"trial_1",4.0255,0.311541998238868
"1643",21.5,"Pa14_19120",4.166,"trial_1",3.8345,0.19016549809749
"1644",21.5,"Pa14_48650",4.037,"trial_1",3.74325,0.114410354280837
"1645",21.5,"Pa14_58770",4.427,"trial_1",4.26375,0.13326876040543
"1646",21.5,"Pa14_06570",4.544,"trial_1",4.24725,0.216396385906358
"1647",21.5,"Pa14_32750",4.283,"trial_1",3.94475,0.178940574400181
"1648",21.5,"Pa14_62830",4.111,"trial_1",4.053,0.0326981141148334
"1649",21.5,"Pa14_17250",4.418,"trial_1",3.99525,0.14768343114017
"1650",21.5,"Pa14_20440",4.361,"trial_1",3.96875,0.263078370769371
"1651",21.5,"Pa14_68350",3.784,"trial_1",3.57425,0.0961425807503279
"1652",21.5,"Pa14_72840",4.276,"trial_1",4.037,0.132747253581132
"1653",21.5,"Pa14",4.396,"trial_1",4.182,0.155189668900134
"1654",21.75,"Pa14_51430",5.171,"trial_1",4.84625,0.179267200476458
"1655",21.75,"Pa14_16930",4.057,"trial_1",3.42525,0.377169805923009
"1656",21.75,"Pa14_09810",3.008,"trial_1",4.37975,0.542968442146196
"1657",21.75,"Pa14_64590",3.006,"trial_1",3.488,0.270890199158257
"1658",21.75,"Pa14_05300",3.58,"trial_1",3.14225,0.162458392109077
"1659",21.75,"Pa14_18520",4.376,"trial_1",4.18525,0.0831809022552654
"1660",21.75,"Pa14_01960",3.602,"trial_1",3.37025,0.0989750599898782
"1661",21.75,"Pa14_09480",4.368,"trial_1",4.0045,0.313512493105671
"1662",21.75,"Pa14_19120",4.151,"trial_1",3.81975,0.188766776296395
"1663",21.75,"Pa14_48650",4.021,"trial_1",3.72675,0.115074160870284
"1664",21.75,"Pa14_58770",4.412,"trial_1",4.247,0.133620731924354
"1665",21.75,"Pa14_06570",4.528,"trial_1",4.23,0.218717092762927
"1666",21.75,"Pa14_32750",4.266,"trial_1",3.9075,0.175541305680458
"1667",21.75,"Pa14_62830",4.093,"trial_1",4.043,0.0317568890164008
"1668",21.75,"Pa14_17250",4.396,"trial_1",3.97625,0.146408318866563
"1669",21.75,"Pa14_20440",4.335,"trial_1",3.946,0.258906353726594
"1670",21.75,"Pa14_68350",3.745,"trial_1",3.536,0.0943071223892095
"1671",21.75,"Pa14_72840",4.249,"trial_1",4.012,0.132406570833928
"1672",21.75,"Pa14",4.368,"trial_1",4.157,0.15605394366479
"1673",22,"Pa14_51430",5.16,"trial_1",4.8255,0.182868577581461
"1674",22,"Pa14_16930",4.048,"trial_1",3.41825,0.374357755585037
"1675",22,"Pa14_09810",2.98,"trial_1",4.376,0.555110349390101
"1676",22,"Pa14_64590",2.979,"trial_1",3.53325,0.322729859944815
"1677",22,"Pa14_05300",3.558,"trial_1",3.1215,0.161878812696412
"1678",22,"Pa14_18520",4.352,"trial_1",4.1625,0.0817215801772499
"1679",22,"Pa14_01960",3.578,"trial_1",3.34675,0.0983152878922364
"1680",22,"Pa14_09480",4.343,"trial_1",3.9785,0.314999074072713
"1681",22,"Pa14_19120",4.117,"trial_1",3.79575,0.184500846881525
"1682",22,"Pa14_48650",4.003,"trial_1",3.7095,0.1147900256991
"1683",22,"Pa14_58770",4.386,"trial_1",4.2225,0.135539354678509
"1684",22,"Pa14_06570",4.508,"trial_1",4.2075,0.22000776501448
"1685",22,"Pa14_32750",4.246,"trial_1",3.9015,0.182055623368244
"1686",22,"Pa14_62830",4.09,"trial_1",4.03625,0.0299454364915035
"1687",22,"Pa14_17250",4.362,"trial_1",3.95725,0.14097303229105
"1688",22,"Pa14_20440",4.303,"trial_1",3.93075,0.264118147489591
"1689",22,"Pa14_68350",3.693,"trial_1",3.49625,0.092998543895411
"1690",22,"Pa14_72840",4.234,"trial_1",3.99375,0.132016018598754
"1691",22,"Pa14",4.346,"trial_1",4.1315,0.157652835897952
"1692",22.25,"Pa14_51430",5.145,"trial_1",4.8025,0.185632477402707
"1693",22.25,"Pa14_16930",4.034,"trial_1",3.41175,0.370233344212358
"1694",22.25,"Pa14_09810",2.95,"trial_1",4.349,0.556947484059314
"1695",22.25,"Pa14_64590",2.955,"trial_1",3.557,0.34765020734449
"1696",22.25,"Pa14_05300",3.533,"trial_1",3.1015,0.160463131798761
"1697",22.25,"Pa14_18520",4.336,"trial_1",4.14925,0.0810137591194649
"1698",22.25,"Pa14_01960",3.557,"trial_1",3.325,0.0984547273285206
"1699",22.25,"Pa14_09480",4.312,"trial_1",3.95425,0.312573291405392
"1700",22.25,"Pa14_19120",4.104,"trial_1",3.7805,0.182708556632323
"1701",22.25,"Pa14_48650",3.98,"trial_1",3.69,0.114965936984251
"1702",22.25,"Pa14_58770",4.364,"trial_1",4.1995,0.134901507280929
"1703",22.25,"Pa14_06570",4.493,"trial_1",4.18975,0.221551865635717
"1704",22.25,"Pa14_32750",4.227,"trial_1",3.8755,0.180583544839132
"1705",22.25,"Pa14_62830",4.095,"trial_1",4.02525,0.0260588276789267
"1706",22.25,"Pa14_17250",4.336,"trial_1",3.936,0.139494324854693
"1707",22.25,"Pa14_20440",4.285,"trial_1",3.90925,0.260472127427613
"1708",22.25,"Pa14_68350",3.659,"trial_1",3.4615,0.0920366774715385
"1709",22.25,"Pa14_72840",4.202,"trial_1",3.97,0.130917913212822
"1710",22.25,"Pa14",4.318,"trial_1",4.10825,0.15787937114561
"1711",22.5,"Pa14_51430",5.146,"trial_1",4.78375,0.193714297785854
"1712",22.5,"Pa14_16930",4.03,"trial_1",3.4115,0.365692607709444
"1713",22.5,"Pa14_09810",2.931,"trial_1",4.34,0.559530011110515
"1714",22.5,"Pa14_64590",2.93,"trial_1",3.58575,0.380227645628247
"1715",22.5,"Pa14_05300",3.512,"trial_1",3.0805,0.160296860023312
"1716",22.5,"Pa14_18520",4.313,"trial_1",4.12525,0.07951244661477
"1717",22.5,"Pa14_01960",3.537,"trial_1",3.30375,0.0990011574006419
"1718",22.5,"Pa14_09480",4.292,"trial_1",3.92775,0.313551796624843
"1719",22.5,"Pa14_19120",4.092,"trial_1",3.76425,0.181996508666146
"1720",22.5,"Pa14_48650",3.962,"trial_1",3.673,0.114739560164168
"1721",22.5,"Pa14_58770",4.344,"trial_1",4.1765,0.135589146566629
"1722",22.5,"Pa14_06570",4.472,"trial_1",4.1685,0.222995702499697
"1723",22.5,"Pa14_32750",4.209,"trial_1",3.853,0.184246212082275
"1724",22.5,"Pa14_62830",4.088,"trial_1",4.0185,0.0265251453027752
"1725",22.5,"Pa14_17250",4.313,"trial_1",3.91625,0.137935597895056
"1726",22.5,"Pa14_20440",4.26,"trial_1",3.89075,0.261827670742927
"1727",22.5,"Pa14_68350",3.612,"trial_1",3.42425,0.0880533692332857
"1728",22.5,"Pa14_72840",4.184,"trial_1",3.952,0.131907164324005
"1729",22.5,"Pa14",4.295,"trial_1",4.084,0.159940092951496
"1730",22.75,"Pa14_51430",5.124,"trial_1",4.74825,0.195571544879787
"1731",22.75,"Pa14_16930",4.026,"trial_1",3.41075,0.362379491463484
"1732",22.75,"Pa14_09810",2.897,"trial_1",4.33275,0.569162597594044
"1733",22.75,"Pa14_64590",2.907,"trial_1",3.605,0.400839327744505
"1734",22.75,"Pa14_05300",3.49,"trial_1",3.0615,0.159614379051513
"1735",22.75,"Pa14_18520",4.288,"trial_1",4.105,0.0784038689521549
"1736",22.75,"Pa14_01960",3.512,"trial_1",3.28,0.0984547273285205
"1737",22.75,"Pa14_09480",4.262,"trial_1",3.902,0.313174073000943
"1738",22.75,"Pa14_19120",4.07,"trial_1",3.746,0.179919889580521
"1739",22.75,"Pa14_48650",3.937,"trial_1",3.65475,0.113016499532885
"1740",22.75,"Pa14_58770",4.31,"trial_1",4.14975,0.136948515265166
"1741",22.75,"Pa14_06570",4.454,"trial_1",4.15075,0.221764279885949
"1742",22.75,"Pa14_32750",4.184,"trial_1",3.8335,0.18684507842952
"1743",22.75,"Pa14_62830",4.097,"trial_1",4.015,0.0311849322590254
"1744",22.75,"Pa14_17250",4.288,"trial_1",3.8945,0.137378734404808
"1745",22.75,"Pa14_20440",4.23,"trial_1",3.87025,0.259634478642572
"1746",22.75,"Pa14_68350",3.569,"trial_1",3.383,0.0862940708662343
"1747",22.75,"Pa14_72840",4.15,"trial_1",3.92475,0.128976338269209
"1748",22.75,"Pa14",4.264,"trial_1",4.056,0.15913306800704
"1749",23,"Pa14_51430",5.113,"trial_1",4.7215,0.198441217156786
"1750",23,"Pa14_16930",4.012,"trial_1",3.402,0.361066937469125
"1751",23,"Pa14_09810",2.872,"trial_1",4.32825,0.574831188987979
"1752",23,"Pa14_64590",2.881,"trial_1",3.6205,0.41915917819686
"1753",23,"Pa14_05300",3.475,"trial_1",3.045,0.160206117236515
"1754",23,"Pa14_18520",4.267,"trial_1",4.08925,0.076017952923416
"1755",23,"Pa14_01960",3.497,"trial_1",3.26075,0.0997383034078014
"1756",23,"Pa14_09480",4.24,"trial_1",3.8785,0.311296348624051
"1757",23,"Pa14_19120",4.062,"trial_1",3.73625,0.178369641942419
"1758",23,"Pa14_48650",3.923,"trial_1",3.63925,0.113374287943372
"1759",23,"Pa14_58770",4.296,"trial_1",4.1345,0.135375096183407
"1760",23,"Pa14_06570",4.431,"trial_1",4.13175,0.220958659406385
"1761",23,"Pa14_32750",4.169,"trial_1",3.8135,0.188167257158802
"1762",23,"Pa14_62830",4.093,"trial_1",4.007,0.0310134379476596
"1763",23,"Pa14_17250",4.265,"trial_1",3.87975,0.134783391039104
"1764",23,"Pa14_20440",4.206,"trial_1",3.84675,0.256402474962054
"1765",23,"Pa14_68350",3.536,"trial_1",3.3475,0.0824717123220643
"1766",23,"Pa14_72840",4.148,"trial_1",3.91,0.129868523258461
"1767",23,"Pa14",4.246,"trial_1",4.035,0.158540741346402
"1768",23.25,"Pa14_51430",5.108,"trial_1",4.70425,0.193829123628692
"1769",23.25,"Pa14_16930",3.988,"trial_1",3.40075,0.358396748264639
"1770",23.25,"Pa14_09810",2.85,"trial_1",4.31725,0.573599653504079
"1771",23.25,"Pa14_64590",2.862,"trial_1",3.64475,0.43920142968043
"1772",23.25,"Pa14_05300",3.447,"trial_1",3.02475,0.157793311539706
"1773",23.25,"Pa14_18520",4.259,"trial_1",4.0695,0.0799796849206097
"1774",23.25,"Pa14_01960",3.465,"trial_1",3.23925,0.0969315695048144
"1775",23.25,"Pa14_09480",4.216,"trial_1",3.855,0.310079828431325
"1776",23.25,"Pa14_19120",4.045,"trial_1",3.7185,0.177242066112986
"1777",23.25,"Pa14_48650",3.91,"trial_1",3.622,0.115291659137453
"1778",23.25,"Pa14_58770",4.271,"trial_1",4.1075,0.137621764267139
"1779",23.25,"Pa14_06570",4.425,"trial_1",4.118,0.223631765781757
"1780",23.25,"Pa14_32750",4.155,"trial_1",3.7825,0.18745732847771
"1781",23.25,"Pa14_62830",4.084,"trial_1",4.00525,0.0279325825276981
"1782",23.25,"Pa14_17250",4.245,"trial_1",3.861,0.134425320035575
"1783",23.25,"Pa14_20440",4.179,"trial_1",3.825,0.253152128175925
"1784",23.25,"Pa14_68350",3.496,"trial_1",3.307,0.0833216658498857
"1785",23.25,"Pa14_72840",4.118,"trial_1",3.88575,0.130699002164005
"1786",23.25,"Pa14",4.222,"trial_1",4.01525,0.160612045521706
"1787",23.5,"Pa14_51430",5.092,"trial_1",4.67075,0.206914384468553
"1788",23.5,"Pa14_16930",3.984,"trial_1",3.39775,0.35770061387516
"1789",23.5,"Pa14_09810",2.819,"trial_1",4.3085,0.575208585355492
"1790",23.5,"Pa14_64590",2.834,"trial_1",3.6675,0.460966828163011
"1791",23.5,"Pa14_05300",3.433,"trial_1",3.00775,0.158831868653617
"1792",23.5,"Pa14_18520",4.228,"trial_1",4.04925,0.076085888967666
"1793",23.5,"Pa14_01960",3.451,"trial_1",3.2185,0.0986454087460064
"1794",23.5,"Pa14_09480",4.187,"trial_1",3.83125,0.308931593021281
"1795",23.5,"Pa14_19120",4.03,"trial_1",3.70325,0.176045152825442
"1796",23.5,"Pa14_48650",3.893,"trial_1",3.6045,0.11514157951554
"1797",23.5,"Pa14_58770",4.246,"trial_1",4.085,0.13721941067745
"1798",23.5,"Pa14_06570",4.399,"trial_1",4.09525,0.223566684682669
"1799",23.5,"Pa14_32750",4.143,"trial_1",3.77625,0.192305041968916
"1800",23.5,"Pa14_62830",4.086,"trial_1",3.9855,0.0345964834436489
"1801",23.5,"Pa14_17250",4.225,"trial_1",3.8465,0.132459742311894
"1802",23.5,"Pa14_20440",4.16,"trial_1",3.80725,0.251537729111691
"1803",23.5,"Pa14_68350",3.464,"trial_1",3.27025,0.0842302152832739
"1804",23.5,"Pa14_72840",4.094,"trial_1",3.85875,0.133453721691579
"1805",23.5,"Pa14",4.2,"trial_1",3.9895,0.161057701875239
"1806",23.75,"Pa14_51430",5.069,"trial_1",4.653,0.195659994207639
"1807",23.75,"Pa14_16930",3.974,"trial_1",3.393,0.35651157063972
"1808",23.75,"Pa14_09810",2.797,"trial_1",4.305,0.572426560063967
"1809",23.75,"Pa14_64590",2.816,"trial_1",3.68525,0.477095618473558
"1810",23.75,"Pa14_05300",3.411,"trial_1",2.9895,0.158336403479006
"1811",23.75,"Pa14_18520",4.216,"trial_1",4.0345,0.0777072497690316
"1812",23.75,"Pa14_01960",3.435,"trial_1",3.19875,0.0995626896315415
"1813",23.75,"Pa14_09480",4.161,"trial_1",3.80975,0.307223418974965
"1814",23.75,"Pa14_19120",4.014,"trial_1",3.691,0.17390275060121
"1815",23.75,"Pa14_48650",3.874,"trial_1",3.587,0.11541591455832
"1816",23.75,"Pa14_58770",4.231,"trial_1",4.06525,0.139709445516997
"1817",23.75,"Pa14_06570",4.382,"trial_1",4.07825,0.22441641911114
"1818",23.75,"Pa14_32750",4.128,"trial_1",3.74725,0.188586573841653
"1819",23.75,"Pa14_62830",4.083,"trial_1",3.97375,0.0367636029246319
"1820",23.75,"Pa14_17250",4.2,"trial_1",3.8285,0.130248800378353
"1821",23.75,"Pa14_20440",4.133,"trial_1",3.785,0.251976520070158
"1822",23.75,"Pa14_68350",3.433,"trial_1",3.24025,0.0838226053440637
"1823",23.75,"Pa14_72840",4.074,"trial_1",3.839,0.134997530841617
"1824",23.75,"Pa14",4.177,"trial_1",3.9655,0.162290634357008
"1825",24,"Pa14_51430",5.049,"trial_1",4.62725,0.194271019883735
"1826",24,"Pa14_16930",3.972,"trial_1",3.39,0.347337252057228
"1827",24,"Pa14_09810",2.774,"trial_1",4.312,0.57174775906863
"1828",24,"Pa14_64590",2.796,"trial_1",3.69675,0.491211491281166
"1829",24,"Pa14_05300",3.394,"trial_1",2.9725,0.15752380772442
"1830",24,"Pa14_18520",4.206,"trial_1",4.01875,0.0785550496997701
"1831",24,"Pa14_01960",3.413,"trial_1",3.17825,0.0995877962737737
"1832",24,"Pa14_09480",4.136,"trial_1",3.78175,0.304445500048859
"1833",24,"Pa14_19120",4.004,"trial_1",3.67325,0.1736540502455
"1834",24,"Pa14_48650",3.865,"trial_1",3.57325,0.116330259032922
"1835",24,"Pa14_58770",4.213,"trial_1",4.044,0.139821910538609
"1836",24,"Pa14_06570",4.367,"trial_1",4.06475,0.224325052472225
"1837",24,"Pa14_32750",4.107,"trial_1",3.72775,0.188586573841653
"1838",24,"Pa14_62830",4.08,"trial_1",3.967,0.0379868398264452
"1839",24,"Pa14_17250",4.181,"trial_1",3.81425,0.128907832060999
"1840",24,"Pa14_20440",4.12,"trial_1",3.76675,0.254865119556731
"1841",24,"Pa14_68350",3.388,"trial_1",3.20525,0.0793508821627082
"1842",24,"Pa14_72840",4.055,"trial_1",3.81825,0.135938328541536
"1843",24,"Pa14",4.156,"trial_1",3.9445,0.163323043893587
"1844",0,"Pa14_51430",-0.013,"trial_2",0.0035,0.00611691643450086
"1845",0,"Pa14_16930",-0.008,"trial_2",0.02525,0.0128281916106675
"1846",0,"Pa14_09810",0.001,"trial_2",0.019,0.00860232526704263
"1847",0,"Pa14_64590",-0.008,"trial_2",0.00725,0.00525
"1848",0,"Pa14_05300",0,"trial_2",0.015,0.00633771778061052
"1849",0,"Pa14_18520",-0.011,"trial_2",0.0075,0.00718215380880508
"1850",0,"Pa14_01960",-0.002,"trial_2",0.0045,0.00455521678957215
"1851",0,"Pa14_09480",0.001,"trial_2",0.018,0.00863133825081603
"1852",0,"Pa14_19120",-0.005,"trial_2",0.01,0.00809320702811932
"1853",0,"Pa14_48650",0,"trial_2",0.01225,0.00679920338471108
"1854",0,"Pa14_58770",-0.002,"trial_2",0.006,0.00279880927062444
"1855",0,"Pa14_06570",-0.007,"trial_2",0.00725,0.00495605690039975
"1856",0,"Pa14_32750",-0.009,"trial_2",0.005,0.00577350269189626
"1857",0,"Pa14_62830",0.008,"trial_2",0.01325,0.00268871096748361
"1858",0,"Pa14_17250",-0.002,"trial_2",0.00675,0.00447911821679223
"1859",0,"Pa14_20440",-0.004,"trial_2",0.00675,0.00488833645868749
"1860",0,"Pa14_68350",-0.002,"trial_2",0.0115,0.00607590871118606
"1861",0,"Pa14_72840",0.03,"trial_2",0.01675,0.00498957245997423
"1862",0,"Pa14",-0.011,"trial_2",0.0075,0.0075773786144462
"1863",0.25,"Pa14_51430",-0.015,"trial_2",0.0025,0.00646142399166004
"1864",0.25,"Pa14_16930",-0.011,"trial_2",0.023,0.0126688594593199
"1865",0.25,"Pa14_09810",0,"trial_2",0.01775,0.00852813969554127
"1866",0.25,"Pa14_64590",-0.009,"trial_2",0.0065,0.00523609269080167
"1867",0.25,"Pa14_05300",-0.001,"trial_2",0.01475,0.00705189099934668
"1868",0.25,"Pa14_18520",-0.013,"trial_2",0.00675,0.00785679111766799
"1869",0.25,"Pa14_01960",-0.003,"trial_2",0.004,0.00474341649025257
"1870",0.25,"Pa14_09480",-0.001,"trial_2",0.01875,0.0100363921140351
"1871",0.25,"Pa14_19120",-0.009,"trial_2",0.00775,0.00891978138745564
"1872",0.25,"Pa14_48650",0,"trial_2",0.013,0.00669576980886689
"1873",0.25,"Pa14_58770",-0.002,"trial_2",0.0055,0.00272335577306137
"1874",0.25,"Pa14_06570",-0.007,"trial_2",0.00825,0.00534438958160799
"1875",0.25,"Pa14_32750",-0.011,"trial_2",0.00525,0.00635577165522278
"1876",0.25,"Pa14_62830",0.006,"trial_2",0.012,0.00302765035409749
"1877",0.25,"Pa14_17250",-0.002,"trial_2",0.006,0.00432049379893857
"1878",0.25,"Pa14_20440",-0.004,"trial_2",0.006,0.00456435464587638
"1879",0.25,"Pa14_68350",-0.005,"trial_2",0.01025,0.00652399417534994
"1880",0.25,"Pa14_72840",0.028,"trial_2",0.01525,0.00512144185426982
"1881",0.25,"Pa14",-0.012,"trial_2",0.00625,0.00737535309889183
"1882",0.5,"Pa14_51430",-0.015,"trial_2",-0.000249999999999999,0.00545244593431853
"1883",0.5,"Pa14_16930",-0.012,"trial_2",0.01975,0.0127826379645726
"1884",0.5,"Pa14_09810",0.001,"trial_2",0.01625,0.00784617741323761
"1885",0.5,"Pa14_64590",-0.008,"trial_2",0.006,0.00470814896394185
"1886",0.5,"Pa14_05300",-0.002,"trial_2",0.00925,0.00426956281914983
"1887",0.5,"Pa14_18520",-0.012,"trial_2",0.004,0.00601387285088957
"1888",0.5,"Pa14_01960",-0.004,"trial_2",0.00075,0.00426956281914983
"1889",0.5,"Pa14_09480",0,"trial_2",0.0165,0.00907836255426421
"1890",0.5,"Pa14_19120",-0.009,"trial_2",0.0045,0.00733143914930759
"1891",0.5,"Pa14_48650",0,"trial_2",0.01425,0.00728440114216673
"1892",0.5,"Pa14_58770",-0.003,"trial_2",0.0045,0.00272335577306137
"1893",0.5,"Pa14_06570",-0.008,"trial_2",0.00675,0.00508879488025734
"1894",0.5,"Pa14_32750",-0.012,"trial_2",0.00475,0.00601906692658145
"1895",0.5,"Pa14_62830",0.006,"trial_2",0.00975,0.00165201896679992
"1896",0.5,"Pa14_17250",-0.003,"trial_2",0.00225,0.0039024564913227
"1897",0.5,"Pa14_20440",-0.005,"trial_2",0.00175,0.00335099487714718
"1898",0.5,"Pa14_68350",-0.006,"trial_2",0.00775,0.00599131315600623
"1899",0.5,"Pa14_72840",0.033,"trial_2",0.0195,0.00560505724026675
"1900",0.5,"Pa14",-0.012,"trial_2",0.00675,0.00736404553670513
"1901",0.75,"Pa14_51430",-0.015,"trial_2",-0.00325,0.00529740502510427
"1902",0.75,"Pa14_16930",-0.012,"trial_2",0.0195,0.0140860451038134
"1903",0.75,"Pa14_09810",0.002,"trial_2",0.01625,0.00779289206050402
"1904",0.75,"Pa14_64590",-0.007,"trial_2",0.005,0.00441588043316392
"1905",0.75,"Pa14_05300",-0.002,"trial_2",0.00575,0.00286865241300975
"1906",0.75,"Pa14_18520",-0.011,"trial_2",0.00325,0.00481966458030708
"1907",0.75,"Pa14_01960",-0.005,"trial_2",0.00275,0.0051861192941672
"1908",0.75,"Pa14_09480",0.001,"trial_2",0.0165,0.00946484724300046
"1909",0.75,"Pa14_19120",-0.01,"trial_2",0.0015,0.00592311854797229
"1910",0.75,"Pa14_48650",0.005,"trial_2",0.018,0.00639009650422694
"1911",0.75,"Pa14_58770",-0.002,"trial_2",0.0085,0.00409267638593622
"1912",0.75,"Pa14_06570",-0.007,"trial_2",0.00625,0.00471478171993854
"1913",0.75,"Pa14_32750",-0.013,"trial_2",-0.0025,0.00473462423711393
"1914",0.75,"Pa14_62830",0.007,"trial_2",0.0125,0.0029011491975882
"1915",0.75,"Pa14_17250",-0.003,"trial_2",0.005,0.00432049379893857
"1916",0.75,"Pa14_20440",-0.005,"trial_2",0.00225,0.00377215676591876
"1917",0.75,"Pa14_68350",-0.005,"trial_2",0.00625,0.00515388203202208
"1918",0.75,"Pa14_72840",0.041,"trial_2",0.0235,0.00630476010645925
"1919",0.75,"Pa14",-0.009,"trial_2",0.00975,0.00719229912244108
"1920",1,"Pa14_51430",-0.012,"trial_2",-0.00175,0.00534438958160799
"1921",1,"Pa14_16930",-0.011,"trial_2",0.0215,0.0156764154065909
"1922",1,"Pa14_09810",0.006,"trial_2",0.01875,0.00663795902367588
"1923",1,"Pa14_64590",-0.004,"trial_2",0.00675,0.00430842198490352
"1924",1,"Pa14_05300",0,"trial_2",0.0065,0.00272335577306137
"1925",1,"Pa14_18520",-0.007,"trial_2",0.0085,0.00556027577253743
"1926",1,"Pa14_01960",-0.001,"trial_2",0.00475,0.00480234317807464
"1927",1,"Pa14_09480",0.004,"trial_2",0.0175,0.00921502396451939
"1928",1,"Pa14_19120",-0.008,"trial_2",0.0025,0.00619811799392902
"1929",1,"Pa14_48650",0.008,"trial_2",0.02,0.00575905084772367
"1930",1,"Pa14_58770",0,"trial_2",0.0095,0.003523729085311
"1931",1,"Pa14_06570",-0.004,"trial_2",0.0075,0.00409267638593622
"1932",1,"Pa14_32750",-0.013,"trial_2",-0.002,0.00525991127935317
"1933",1,"Pa14_62830",0.012,"trial_2",0.0155,0.00232737334062816
"1934",1,"Pa14_17250",0,"trial_2",0.00825,0.00375
"1935",1,"Pa14_20440",-0.001,"trial_2",0.004,0.00348807492274272
"1936",1,"Pa14_68350",-0.002,"trial_2",0.00725,0.00411045415171284
"1937",1,"Pa14_72840",0.048,"trial_2",0.026,0.0075608641481425
"1938",1,"Pa14",-0.007,"trial_2",0.0115,0.00710046946804693
"1939",1.25,"Pa14_51430",-0.008,"trial_2",0.000749999999999999,0.005528336096874
"1940",1.25,"Pa14_16930",-0.009,"trial_2",0.02475,0.0173703530956244
"1941",1.25,"Pa14_09810",0.014,"trial_2",0.02325,0.00608789783094296
"1942",1.25,"Pa14_64590",0,"trial_2",0.01,0.00430116263352131
"1943",1.25,"Pa14_05300",0.004,"trial_2",0.0105,0.00375277674973257
"1944",1.25,"Pa14_18520",-0.002,"trial_2",0.0125,0.00539289656245448
"1945",1.25,"Pa14_01960",0.005,"trial_2",0.00775,0.00457119605063416
"1946",1.25,"Pa14_09480",0.009,"trial_2",0.01925,0.00802470144823677
"1947",1.25,"Pa14_19120",-0.004,"trial_2",0.005,0.00578791845139511
"1948",1.25,"Pa14_48650",0.009,"trial_2",0.0215,0.00563471383479232
"1949",1.25,"Pa14_58770",0.001,"trial_2",0.01075,0.00356779577143461
"1950",1.25,"Pa14_06570",-0.002,"trial_2",0.00925,0.00415080313513742
"1951",1.25,"Pa14_32750",-0.011,"trial_2",0.001,0.00535412613473634
"1952",1.25,"Pa14_62830",0.018,"trial_2",0.0185,0.00170782512765993
"1953",1.25,"Pa14_17250",0.002,"trial_2",0.01,0.00374165738677394
"1954",1.25,"Pa14_20440",0.001,"trial_2",0.00875,0.00543714079273289
"1955",1.25,"Pa14_68350",0.003,"trial_2",0.01025,0.00356779577143461
"1956",1.25,"Pa14_72840",0.05,"trial_2",0.028,0.00743863786814047
"1957",1.25,"Pa14",-0.005,"trial_2",0.0125,0.00678847061813877
"1958",1.5,"Pa14_51430",-0.003,"trial_2",0.004,0.00561248608016091
"1959",1.5,"Pa14_16930",-0.006,"trial_2",0.02925,0.0195592049940687
"1960",1.5,"Pa14_09810",0.02,"trial_2",0.028,0.00581664278887172
"1961",1.5,"Pa14_64590",0.007,"trial_2",0.01475,0.00375
"1962",1.5,"Pa14_05300",0.01,"trial_2",0.01475,0.00381608438061844
"1963",1.5,"Pa14_18520",0.005,"trial_2",0.0175,0.00510718448201485
"1964",1.5,"Pa14_01960",0.012,"trial_2",0.01175,0.00458938993767145
"1965",1.5,"Pa14_09480",0.019,"trial_2",0.022,0.00729154761807579
"1966",1.5,"Pa14_19120",0.001,"trial_2",0.00875,0.0058647961033043
"1967",1.5,"Pa14_48650",0.013,"trial_2",0.02425,0.00521815740148442
"1968",1.5,"Pa14_58770",0.005,"trial_2",0.013,0.00291547594742265
"1969",1.5,"Pa14_06570",0.002,"trial_2",0.01125,0.00335099487714718
"1970",1.5,"Pa14_32750",-0.005,"trial_2",0.00525,0.00539096466321196
"1971",1.5,"Pa14_62830",0.025,"trial_2",0.0215,0.00202072594216369
"1972",1.5,"Pa14_17250",0.008,"trial_2",0.01125,0.00372771154105751
"1973",1.5,"Pa14_20440",0.006,"trial_2",0.012,0.00504975246918104
"1974",1.5,"Pa14_68350",0.01,"trial_2",0.01425,0.00265753645318366
"1975",1.5,"Pa14_72840",0.056,"trial_2",0.03175,0.00820949653348689
"1976",1.5,"Pa14",-0.003,"trial_2",0.0145,0.0068129778119899
"1977",1.75,"Pa14_51430",0.007,"trial_2",0.00925,0.00620987117418711
"1978",1.75,"Pa14_16930",0,"trial_2",0.036,0.0222523407008491
"1979",1.75,"Pa14_09810",0.034,"trial_2",0.0355,0.00466368952654441
"1980",1.75,"Pa14_64590",0.016,"trial_2",0.0205,0.00392640632979658
"1981",1.75,"Pa14_05300",0.019,"trial_2",0.01875,0.00306526235962492
"1982",1.75,"Pa14_18520",0.016,"trial_2",0.024,0.00456435464587638
"1983",1.75,"Pa14_01960",0.029,"trial_2",0.019,0.006
"1984",1.75,"Pa14_09480",0.037,"trial_2",0.02775,0.00826009483399959
"1985",1.75,"Pa14_19120",0.009,"trial_2",0.01325,0.00618297393384985
"1986",1.75,"Pa14_48650",0.018,"trial_2",0.027,0.00441588043316392
"1987",1.75,"Pa14_58770",0.009,"trial_2",0.01575,0.00235849528301415
"1988",1.75,"Pa14_06570",0.01,"trial_2",0.01525,0.00188745860881769
"1989",1.75,"Pa14_32750",0.001,"trial_2",0.0085,0.00523609269080167
"1990",1.75,"Pa14_62830",0.034,"trial_2",0.02425,0.00375
"1991",1.75,"Pa14_17250",0.015,"trial_2",0.015,0.00374165738677394
"1992",1.75,"Pa14_20440",0.011,"trial_2",0.01575,0.00498957245997423
"1993",1.75,"Pa14_68350",0.021,"trial_2",0.0195,0.00217944947177034
"1994",1.75,"Pa14_72840",0.067,"trial_2",0.0365,0.0102996763703203
"1995",1.75,"Pa14",0.001,"trial_2",0.0165,0.00622494979899437
"1996",2,"Pa14_51430",0.03,"trial_2",0.02,0.00922857879993809
"1997",2,"Pa14_16930",0.007,"trial_2",0.047,0.0288905982400273
"1998",2,"Pa14_09810",0.088,"trial_2",0.056,0.011202678251204
"1999",2,"Pa14_64590",0.03,"trial_2",0.02975,0.00447911821679223
"2000",2,"Pa14_05300",0.032,"trial_2",0.0245,0.00405174859371441
"2001",2,"Pa14_18520",0.033,"trial_2",0.03225,0.00402854398842394
"2002",2,"Pa14_01960",0.049,"trial_2",0.027,0.00944281031614353
"2003",2,"Pa14_09480",0.07,"trial_2",0.03725,0.0140081821328346
"2004",2,"Pa14_19120",0.02,"trial_2",0.01925,0.00672526331578673
"2005",2,"Pa14_48650",0.026,"trial_2",0.03225,0.00314576434802948
"2006",2,"Pa14_58770",0.017,"trial_2",0.02075,0.00131497781983829
"2007",2,"Pa14_06570",0.017,"trial_2",0.01975,0.00125
"2008",2,"Pa14_32750",0.011,"trial_2",0.01625,0.00597738794680977
"2009",2,"Pa14_62830",0.042,"trial_2",0.0275,0.00533072853057316
"2010",2,"Pa14_17250",0.025,"trial_2",0.02,0.00443471156521669
"2011",2,"Pa14_20440",0.019,"trial_2",0.02125,0.005359959576962
"2012",2,"Pa14_68350",0.034,"trial_2",0.02675,0.00319830684373258
"2013",2,"Pa14_72840",0.078,"trial_2",0.042,0.0122133806403742
"2014",2,"Pa14",0.003,"trial_2",0.019,0.00667083203206317
"2015",2.25,"Pa14_51430",0.057,"trial_2",0.03475,0.0157447081056885
"2016",2.25,"Pa14_16930",0.021,"trial_2",0.0785,0.053563824857205
"2017",2.25,"Pa14_09810",0.124,"trial_2",0.07275,0.0173607555519146
"2018",2.25,"Pa14_64590",0.05,"trial_2",0.04125,0.00665050123424293
"2019",2.25,"Pa14_05300",0.053,"trial_2",0.0345,0.00775134396948899
"2020",2.25,"Pa14_18520",0.057,"trial_2",0.04575,0.00634264666102934
"2021",2.25,"Pa14_01960",0.086,"trial_2",0.04225,0.0159811086390567
"2022",2.25,"Pa14_09480",0.152,"trial_2",0.05975,0.0320738081098373
"2023",2.25,"Pa14_19120",0.038,"trial_2",0.029,0.0091469484893415
"2024",2.25,"Pa14_48650",0.036,"trial_2",0.04,0.00234520787991171
"2025",2.25,"Pa14_58770",0.028,"trial_2",0.02725,0.000853912563829967
"2026",2.25,"Pa14_06570",0.026,"trial_2",0.0245,0.000645497224367903
"2027",2.25,"Pa14_32750",0.021,"trial_2",0.024,0.00801040989379861
"2028",2.25,"Pa14_62830",0.053,"trial_2",0.03175,0.00737535309889183
"2029",2.25,"Pa14_17250",0.042,"trial_2",0.02825,0.00643395938231921
"2030",2.25,"Pa14_20440",0.033,"trial_2",0.02675,0.00551324163567436
"2031",2.25,"Pa14_68350",0.051,"trial_2",0.03575,0.00521815740148442
"2032",2.25,"Pa14_72840",0.093,"trial_2",0.0495,0.0147732867026942
"2033",2.25,"Pa14",0.011,"trial_2",0.024,0.00660807586719967
"2034",2.5,"Pa14_51430",0.069,"trial_2",0.048,0.0215522620622523
"2035",2.5,"Pa14_16930",0.043,"trial_2",0.08575,0.0506859201356748
"2036",2.5,"Pa14_09810",0.13,"trial_2",0.09325,0.0143258216750966
"2037",2.5,"Pa14_64590",0.072,"trial_2",0.055,0.00947804480540862
"2038",2.5,"Pa14_05300",0.071,"trial_2",0.0485,0.0106026726190459
"2039",2.5,"Pa14_18520",0.099,"trial_2",0.06475,0.0130152154547412
"2040",2.5,"Pa14_01960",0.128,"trial_2",0.06,0.0240312296813958
"2041",2.5,"Pa14_09480",0.131,"trial_2",0.05675,0.0267063506804405
"2042",2.5,"Pa14_19120",0.047,"trial_2",0.03875,0.0120856319652718
"2043",2.5,"Pa14_48650",0.048,"trial_2",0.04825,0.00154784796841723
"2044",2.5,"Pa14_58770",0.043,"trial_2",0.037,0.00248327740429189
"2045",2.5,"Pa14_06570",0.038,"trial_2",0.031,0.00238047614284762
"2046",2.5,"Pa14_32750",0.036,"trial_2",0.03575,0.0107809631604355
"2047",2.5,"Pa14_62830",0.059,"trial_2",0.035,0.00827647267862342
"2048",2.5,"Pa14_17250",0.059,"trial_2",0.037,0.00901849950564579
"2049",2.5,"Pa14_20440",0.051,"trial_2",0.03925,0.00745402575793779
"2050",2.5,"Pa14_68350",0.081,"trial_2",0.05,0.0103842829956301
"2051",2.5,"Pa14_72840",0.151,"trial_2",0.0705,0.027232027712481
"2052",2.5,"Pa14",0.019,"trial_2",0.03025,0.00807645755679225
"2053",2.75,"Pa14_51430",0.229,"trial_2",0.09625,0.0501603678216179
"2054",2.75,"Pa14_16930",0.086,"trial_2",0.1145,0.0628351016550463
"2055",2.75,"Pa14_09810",0.159,"trial_2",0.11025,0.0183365527476313
"2056",2.75,"Pa14_64590",0.132,"trial_2",0.08925,0.0218684514007432
"2057",2.75,"Pa14_05300",0.117,"trial_2",0.07,0.0209880918618154
"2058",2.75,"Pa14_18520",0.174,"trial_2",0.0935,0.028321075779944
"2059",2.75,"Pa14_01960",0.198,"trial_2",0.08825,0.0377853035804487
"2060",2.75,"Pa14_09480",0.194,"trial_2",0.07625,0.0405922303731474
"2061",2.75,"Pa14_19120",0.138,"trial_2",0.07125,0.0269764557840104
"2062",2.75,"Pa14_48650",0.095,"trial_2",0.06925,0.0095076723404487
"2063",2.75,"Pa14_58770",0.066,"trial_2",0.05125,0.00592135964116351
"2064",2.75,"Pa14_06570",0.054,"trial_2",0.041,0.00470814896394185
"2065",2.75,"Pa14_32750",0.054,"trial_2",0.049,0.0132224556468658
"2066",2.75,"Pa14_62830",0.11,"trial_2",0.04925,0.0204016951910048
"2067",2.75,"Pa14_17250",0.082,"trial_2",0.05025,0.0123043014159006
"2068",2.75,"Pa14_20440",0.071,"trial_2",0.0495,0.00924211375534118
"2069",2.75,"Pa14_68350",0.145,"trial_2",0.075,0.0234271921777522
"2070",2.75,"Pa14_72840",0.185,"trial_2",0.0885,0.033036595869833
"2071",2.75,"Pa14",0.036,"trial_2",0.04175,0.00986893273527251
"2072",3,"Pa14_51430",0.302,"trial_2",0.13725,0.066163150620266
"2073",3,"Pa14_16930",0.148,"trial_2",0.153,0.0779647356180985
"2074",3,"Pa14_09810",0.189,"trial_2",0.135,0.021920310216783
"2075",3,"Pa14_64590",0.225,"trial_2",0.14375,0.0370728449587206
"2076",3,"Pa14_05300",0.176,"trial_2",0.1005,0.0314152298522017
"2077",3,"Pa14_18520",0.225,"trial_2",0.1385,0.0348914984869763
"2078",3,"Pa14_01960",0.268,"trial_2",0.138,0.0476042715170253
"2079",3,"Pa14_09480",0.301,"trial_2",0.10675,0.065736056823228
"2080",3,"Pa14_19120",0.19,"trial_2",0.117,0.0440056814513763
"2081",3,"Pa14_48650",0.174,"trial_2",0.115,0.0274195793792198
"2082",3,"Pa14_58770",0.083,"trial_2",0.06925,0.00733001819006383
"2083",3,"Pa14_06570",0.076,"trial_2",0.05275,0.00826009483399959
"2084",3,"Pa14_32750",0.104,"trial_2",0.0885,0.0278403184847683
"2085",3,"Pa14_62830",0.165,"trial_2",0.06475,0.0335568547393822
"2086",3,"Pa14_17250",0.161,"trial_2",0.08075,0.0280843224355986
"2087",3,"Pa14_20440",0.112,"trial_2",0.076,0.0135462171841441
"2088",3,"Pa14_68350",0.19,"trial_2",0.10025,0.03025
"2089",3,"Pa14_72840",0.234,"trial_2",0.1195,0.040825849654355
"2090",3,"Pa14",0.06,"trial_2",0.0555,0.0125996031683542
"2091",3.25,"Pa14_51430",0.429,"trial_2",0.19675,0.0935382052069278
"2092",3.25,"Pa14_16930",0.193,"trial_2",0.1925,0.0956769738930603
"2093",3.25,"Pa14_09810",0.212,"trial_2",0.1725,0.0216198211525134
"2094",3.25,"Pa14_64590",0.305,"trial_2",0.20925,0.0514107235895392
"2095",3.25,"Pa14_05300",0.255,"trial_2",0.15625,0.0446530607386922
"2096",3.25,"Pa14_18520",0.337,"trial_2",0.21275,0.0543083403662212
"2097",3.25,"Pa14_01960",0.351,"trial_2",0.1965,0.0607515431902762
"2098",3.25,"Pa14_09480",0.45,"trial_2",0.151,0.100341084971876
"2099",3.25,"Pa14_19120",0.306,"trial_2",0.17275,0.0682512209902993
"2100",3.25,"Pa14_48650",0.219,"trial_2",0.15,0.0366014571658925
"2101",3.25,"Pa14_58770",0.169,"trial_2",0.10475,0.0227390083336983
"2102",3.25,"Pa14_06570",0.153,"trial_2",0.08425,0.0237394713504745
"2103",3.25,"Pa14_32750",0.163,"trial_2",0.12975,0.0471864652204422
"2104",3.25,"Pa14_62830",0.209,"trial_2",0.0785,0.0436281636866218
"2105",3.25,"Pa14_17250",0.201,"trial_2",0.10125,0.0344102092408634
"2106",3.25,"Pa14_20440",0.188,"trial_2",0.10925,0.0269671868511839
"2107",3.25,"Pa14_68350",0.27,"trial_2",0.13275,0.0459916206136147
"2108",3.25,"Pa14_72840",0.323,"trial_2",0.167,0.0581649952004353
"2109",3.25,"Pa14",0.08,"trial_2",0.0795,0.0261422391287867
"2110",3.5,"Pa14_51430",0.529,"trial_2",0.29125,0.13000280445693
"2111",3.5,"Pa14_16930",0.24,"trial_2",0.237,0.117758226888825
"2112",3.5,"Pa14_09810",0.28,"trial_2",0.21225,0.0299565657800312
"2113",3.5,"Pa14_64590",0.363,"trial_2",0.26425,0.0552982443964845
"2114",3.5,"Pa14_05300",0.337,"trial_2",0.20675,0.0609102823831905
"2115",3.5,"Pa14_18520",0.441,"trial_2",0.27725,0.0717732250448127
"2116",3.5,"Pa14_01960",0.415,"trial_2",0.24825,0.0741196948635561
"2117",3.5,"Pa14_09480",0.547,"trial_2",0.1825,0.122136876768103
"2118",3.5,"Pa14_19120",0.412,"trial_2",0.228,0.0947056844474853
"2119",3.5,"Pa14_48650",0.325,"trial_2",0.22975,0.0500022916141517
"2120",3.5,"Pa14_58770",0.234,"trial_2",0.15925,0.031148501836632
"2121",3.5,"Pa14_06570",0.208,"trial_2",0.115,0.0332590839721521
"2122",3.5,"Pa14_32750",0.207,"trial_2",0.1885,0.06652631058461
"2123",3.5,"Pa14_62830",0.255,"trial_2",0.0935,0.0540285418397844
"2124",3.5,"Pa14_17250",0.299,"trial_2",0.15675,0.054455448151065
"2125",3.5,"Pa14_20440",0.275,"trial_2",0.1625,0.0405883809318217
"2126",3.5,"Pa14_68350",0.386,"trial_2",0.208,0.0638996609276346
"2127",3.5,"Pa14_72840",0.443,"trial_2",0.221,0.0833496650663137
"2128",3.5,"Pa14",0.146,"trial_2",0.1215,0.0413733005693285
"2129",3.75,"Pa14_51430",0.613,"trial_2",0.3375,0.144288195405353
"2130",3.75,"Pa14_16930",0.349,"trial_2",0.308,0.135040117495999
"2131",3.75,"Pa14_09810",0.326,"trial_2",0.25325,0.0338116720477806
"2132",3.75,"Pa14_64590",0.457,"trial_2",0.3435,0.0605426846668255
"2133",3.75,"Pa14_05300",0.402,"trial_2",0.282,0.0607343944290767
"2134",3.75,"Pa14_18520",0.49,"trial_2",0.36025,0.0750848131559683
"2135",3.75,"Pa14_01960",0.484,"trial_2",0.3345,0.0629252201691288
"2136",3.75,"Pa14_09480",0.631,"trial_2",0.2135,0.139818036509362
"2137",3.75,"Pa14_19120",0.511,"trial_2",0.3135,0.113384669745664
"2138",3.75,"Pa14_48650",0.377,"trial_2",0.2865,0.0570985989320228
"2139",3.75,"Pa14_58770",0.332,"trial_2",0.2255,0.0557890371548628
"2140",3.75,"Pa14_06570",0.274,"trial_2",0.145,0.0454441048615403
"2141",3.75,"Pa14_32750",0.322,"trial_2",0.27325,0.0880041428949039
"2142",3.75,"Pa14_62830",0.319,"trial_2",0.113,0.0689057327078089
"2143",3.75,"Pa14_17250",0.382,"trial_2",0.21525,0.064870865314613
"2144",3.75,"Pa14_20440",0.373,"trial_2",0.253,0.0440397547677096
"2145",3.75,"Pa14_68350",0.48,"trial_2",0.277,0.0800197892190842
"2146",3.75,"Pa14_72840",0.573,"trial_2",0.3165,0.102746046152638
"2147",3.75,"Pa14",0.197,"trial_2",0.16925,0.0622098263942281
"2148",4,"Pa14_51430",0.703,"trial_2",0.413,0.155538312536387
"2149",4,"Pa14_16930",0.466,"trial_2",0.39125,0.16632867812457
"2150",4,"Pa14_09810",0.381,"trial_2",0.2885,0.0352384732926953
"2151",4,"Pa14_64590",0.559,"trial_2",0.433,0.0605364903728872
"2152",4,"Pa14_05300",0.506,"trial_2",0.3515,0.0670727217279872
"2153",4,"Pa14_18520",0.583,"trial_2",0.45275,0.0730380893780773
"2154",4,"Pa14_01960",0.552,"trial_2",0.4065,0.0643072054024016
"2155",4,"Pa14_09480",0.829,"trial_2",0.2725,0.185974236566968
"2156",4,"Pa14_19120",0.63,"trial_2",0.3955,0.130692068109226
"2157",4,"Pa14_48650",0.462,"trial_2",0.36625,0.0562944269000049
"2158",4,"Pa14_58770",0.461,"trial_2",0.34925,0.056071940398028
"2159",4,"Pa14_06570",0.391,"trial_2",0.23925,0.0663241723154789
"2160",4,"Pa14_32750",0.464,"trial_2",0.36975,0.117540329958133
"2161",4,"Pa14_62830",0.393,"trial_2",0.137,0.0856358569759187
"2162",4,"Pa14_17250",0.511,"trial_2",0.299,0.0921312469614227
"2163",4,"Pa14_20440",0.503,"trial_2",0.34425,0.0563136676719486
"2164",4,"Pa14_68350",0.604,"trial_2",0.3815,0.0916846951968175
"2165",4,"Pa14_72840",0.705,"trial_2",0.40375,0.125066898764888
"2166",4,"Pa14",0.284,"trial_2",0.22525,0.0810117018296328
"2167",4.25,"Pa14_51430",0.808,"trial_2",0.54225,0.154816221695273
"2168",4.25,"Pa14_16930",0.545,"trial_2",0.4895,0.214818334102717
"2169",4.25,"Pa14_09810",0.463,"trial_2",0.34,0.045
"2170",4.25,"Pa14_64590",0.649,"trial_2",0.51775,0.0653355122935963
"2171",4.25,"Pa14_05300",0.611,"trial_2",0.43925,0.0681522499017213
"2172",4.25,"Pa14_18520",0.703,"trial_2",0.55225,0.0831247807014651
"2173",4.25,"Pa14_01960",0.651,"trial_2",0.48675,0.0671644437183842
"2174",4.25,"Pa14_09480",0.966,"trial_2",0.3145,0.217504597652555
"2175",4.25,"Pa14_19120",0.804,"trial_2",0.502,0.159545186911629
"2176",4.25,"Pa14_48650",0.579,"trial_2",0.45525,0.0611287916342755
"2177",4.25,"Pa14_58770",0.558,"trial_2",0.4395,0.067715704726944
"2178",4.25,"Pa14_06570",0.49,"trial_2",0.30625,0.087685398822533
"2179",4.25,"Pa14_32750",0.577,"trial_2",0.4675,0.140204909566914
"2180",4.25,"Pa14_62830",0.447,"trial_2",0.1565,0.0972561052068198
"2181",4.25,"Pa14_17250",0.626,"trial_2",0.4025,0.0915364226232742
"2182",4.25,"Pa14_20440",0.616,"trial_2",0.461,0.0572640084753649
"2183",4.25,"Pa14_68350",0.776,"trial_2",0.51225,0.103969847391764
"2184",4.25,"Pa14_72840",0.826,"trial_2",0.52075,0.129376308366975
"2185",4.25,"Pa14",0.405,"trial_2",0.29975,0.100057795798229
"2186",4.5,"Pa14_51430",0.918,"trial_2",0.631,0.178397029123245
"2187",4.5,"Pa14_16930",0.709,"trial_2",0.62875,0.282136602552735
"2188",4.5,"Pa14_09810",0.542,"trial_2",0.3935,0.0544403343119787
"2189",4.5,"Pa14_64590",0.751,"trial_2",0.5965,0.0750294386668771
"2190",4.5,"Pa14_05300",0.726,"trial_2",0.54025,0.0726961427220638
"2191",4.5,"Pa14_18520",0.823,"trial_2",0.64125,0.0952009935172247
"2192",4.5,"Pa14_01960",0.747,"trial_2",0.559,0.0714807666439022
"2193",4.5,"Pa14_09480",1.189,"trial_2",0.4055,0.262187750794477
"2194",4.5,"Pa14_19120",0.983,"trial_2",0.6225,0.185106500876297
"2195",4.5,"Pa14_48650",0.683,"trial_2",0.534,0.0757374852148305
"2196",4.5,"Pa14_58770",0.674,"trial_2",0.5515,0.0646148847660764
"2197",4.5,"Pa14_06570",0.581,"trial_2",0.39175,0.0930872126914683
"2198",4.5,"Pa14_32750",0.713,"trial_2",0.59125,0.148154972354401
"2199",4.5,"Pa14_62830",0.52,"trial_2",0.182,0.113164334782062
"2200",4.5,"Pa14_17250",0.772,"trial_2",0.49575,0.106361314239091
"2201",4.5,"Pa14_20440",0.735,"trial_2",0.565,0.0586685605754905
"2202",4.5,"Pa14_68350",0.97,"trial_2",0.63425,0.126976621864027
"2203",4.5,"Pa14_72840",0.98,"trial_2",0.61925,0.146180467801504
"2204",4.5,"Pa14",0.511,"trial_2",0.38,0.106421332447964
"2205",4.75,"Pa14_51430",1.044,"trial_2",0.7395,0.18862506903025
"2206",4.75,"Pa14_16930",0.949,"trial_2",0.80825,0.347900698236341
"2207",4.75,"Pa14_09810",0.616,"trial_2",0.4485,0.0618513001749626
"2208",4.75,"Pa14_64590",0.848,"trial_2",0.68575,0.0803081305555878
"2209",4.75,"Pa14_05300",0.846,"trial_2",0.63575,0.0846624424799253
"2210",4.75,"Pa14_18520",0.932,"trial_2",0.746,0.102103705450227
"2211",4.75,"Pa14_01960",0.841,"trial_2",0.64325,0.0766108945690276
"2212",4.75,"Pa14_09480",1.437,"trial_2",0.49225,0.316904921335511
"2213",4.75,"Pa14_19120",1.154,"trial_2",0.75375,0.194947161644722
"2214",4.75,"Pa14_48650",0.766,"trial_2",0.62475,0.0747901230109966
"2215",4.75,"Pa14_58770",0.797,"trial_2",0.6575,0.070628724090604
"2216",4.75,"Pa14_06570",0.696,"trial_2",0.504,0.096388104383615
"2217",4.75,"Pa14_32750",0.88,"trial_2",0.722,0.173957370256815
"2218",4.75,"Pa14_62830",0.569,"trial_2",0.20175,0.123045638551989
"2219",4.75,"Pa14_17250",0.92,"trial_2",0.6205,0.112585152958402
"2220",4.75,"Pa14_20440",0.852,"trial_2",0.67925,0.0600269036904842
"2221",4.75,"Pa14_68350",1.185,"trial_2",0.7805,0.151065383195489
"2222",4.75,"Pa14_72840",1.151,"trial_2",0.759,0.157561099259938
"2223",4.75,"Pa14",0.601,"trial_2",0.482,0.115938201929591
"2224",5,"Pa14_51430",1.188,"trial_2",0.8665,0.211553184802309
"2225",5,"Pa14_16930",1.203,"trial_2",1.00075,0.409871397513903
"2226",5,"Pa14_09810",0.701,"trial_2",0.50775,0.0739226791992823
"2227",5,"Pa14_64590",0.989,"trial_2",0.78075,0.0965758553331698
"2228",5,"Pa14_05300",0.98,"trial_2",0.733,0.0963241056710797
"2229",5,"Pa14_18520",1.036,"trial_2",0.84925,0.11397468651708
"2230",5,"Pa14_01960",0.956,"trial_2",0.717,0.089045868330129
"2231",5,"Pa14_09480",1.708,"trial_2",0.61025,0.372314914868225
"2232",5,"Pa14_19120",1.33,"trial_2",0.89025,0.215899040834677
"2233",5,"Pa14_48650",0.844,"trial_2",0.704,0.0843198276405576
"2234",5,"Pa14_58770",0.919,"trial_2",0.762,0.0765560796627762
"2235",5,"Pa14_06570",0.828,"trial_2",0.614,0.108079446087897
"2236",5,"Pa14_32750",1.032,"trial_2",0.8565,0.195776445638046
"2237",5,"Pa14_62830",0.66,"trial_2",0.23325,0.142956505623214
"2238",5,"Pa14_17250",1.087,"trial_2",0.74225,0.125780480070107
"2239",5,"Pa14_20440",1.011,"trial_2",0.802,0.0738951960549534
"2240",5,"Pa14_68350",1.392,"trial_2",0.93775,0.170852946028644
"2241",5,"Pa14_72840",1.35,"trial_2",0.8895,0.18433371006592
"2242",5,"Pa14",0.719,"trial_2",0.592,0.113656646674681
"2243",5.25,"Pa14_51430",1.341,"trial_2",1.005,0.239635487077074
"2244",5.25,"Pa14_16930",1.535,"trial_2",1.185,0.462631422769069
"2245",5.25,"Pa14_09810",0.814,"trial_2",0.58625,0.0904363265876421
"2246",5.25,"Pa14_64590",1.164,"trial_2",0.903,0.113477604251529
"2247",5.25,"Pa14_05300",1.219,"trial_2",0.8595,0.135948826156511
"2248",5.25,"Pa14_18520",1.273,"trial_2",0.9975,0.138886944430833
"2249",5.25,"Pa14_01960",1.149,"trial_2",0.8255,0.116667976183127
"2250",5.25,"Pa14_09480",2.033,"trial_2",0.7555,0.433571697262018
"2251",5.25,"Pa14_19120",1.599,"trial_2",1.06425,0.252622701210059
"2252",5.25,"Pa14_48650",0.983,"trial_2",0.81575,0.0937259969272133
"2253",5.25,"Pa14_58770",1.122,"trial_2",0.894,0.0979421598019294
"2254",5.25,"Pa14_06570",1.051,"trial_2",0.74825,0.134337494765981
"2255",5.25,"Pa14_32750",1.263,"trial_2",1.025,0.226846864646616
"2256",5.25,"Pa14_62830",0.726,"trial_2",0.25875,0.156560624572932
"2257",5.25,"Pa14_17250",1.32,"trial_2",0.88725,0.156407254200905
"2258",5.25,"Pa14_20440",1.231,"trial_2",0.9415,0.101157879903973
"2259",5.25,"Pa14_68350",1.63,"trial_2",1.1105,0.196360425408652
"2260",5.25,"Pa14_72840",1.633,"trial_2",1.05575,0.226462423299466
"2261",5.25,"Pa14",0.889,"trial_2",0.721,0.129439174904663
"2262",5.5,"Pa14_51430",1.613,"trial_2",1.21225,0.279553028660634
"2263",5.5,"Pa14_16930",1.938,"trial_2",1.36125,0.49932410566685
"2264",5.5,"Pa14_09810",0.968,"trial_2",0.76925,0.137599887960226
"2265",5.5,"Pa14_64590",1.431,"trial_2",1.05525,0.156683531893644
"2266",5.5,"Pa14_05300",1.786,"trial_2",1.0825,0.244738125350343
"2267",5.5,"Pa14_18520",1.547,"trial_2",1.1575,0.17278237757364
"2268",5.5,"Pa14_01960",1.414,"trial_2",0.95425,0.159138500998344
"2269",5.5,"Pa14_09480",2.441,"trial_2",0.9105,0.521032708506226
"2270",5.5,"Pa14_19120",1.899,"trial_2",1.245,0.291081889966838
"2271",5.5,"Pa14_48650",1.137,"trial_2",0.91725,0.106841295855114
"2272",5.5,"Pa14_58770",1.286,"trial_2",1.02475,0.116120178407258
"2273",5.5,"Pa14_06570",1.2,"trial_2",0.86825,0.149984651992573
"2274",5.5,"Pa14_32750",1.497,"trial_2",1.22025,0.266470565916763
"2275",5.5,"Pa14_62830",0.843,"trial_2",0.3045,0.180768959356043
"2276",5.5,"Pa14_17250",1.617,"trial_2",1.06425,0.197345456412522
"2277",5.5,"Pa14_20440",1.442,"trial_2",1.104,0.117804216110177
"2278",5.5,"Pa14_68350",1.836,"trial_2",1.2995,0.207758874660025
"2279",5.5,"Pa14_72840",1.93,"trial_2",1.23925,0.272776885323274
"2280",5.5,"Pa14",1.048,"trial_2",0.85575,0.148336540227507
"2281",5.75,"Pa14_51430",1.917,"trial_2",1.428,0.341473522643655
"2282",5.75,"Pa14_16930",2.3,"trial_2",1.56575,0.537825308534286
"2283",5.75,"Pa14_09810",1.172,"trial_2",1.06675,0.288957140708906
"2284",5.75,"Pa14_64590",1.784,"trial_2",1.268,0.214148313091651
"2285",5.75,"Pa14_05300",2.516,"trial_2",1.35675,0.397192727148925
"2286",5.75,"Pa14_18520",1.846,"trial_2",1.3415,0.216242340904828
"2287",5.75,"Pa14_01960",1.732,"trial_2",1.09225,0.216247687848911
"2288",5.75,"Pa14_09480",2.856,"trial_2",1.096,0.597064485629484
"2289",5.75,"Pa14_19120",2.176,"trial_2",1.4355,0.334449174016023
"2290",5.75,"Pa14_48650",1.372,"trial_2",1.06025,0.138252411069994
"2291",5.75,"Pa14_58770",1.535,"trial_2",1.17125,0.151682989048432
"2292",5.75,"Pa14_06570",1.432,"trial_2",1.00575,0.185049711789382
"2293",5.75,"Pa14_32750",1.773,"trial_2",1.41625,0.317040842531894
"2294",5.75,"Pa14_62830",0.955,"trial_2",0.3535,0.203088445428751
"2295",5.75,"Pa14_17250",1.952,"trial_2",1.25575,0.24441814410282
"2296",5.75,"Pa14_20440",1.735,"trial_2",1.288,0.153669016612545
"2297",5.75,"Pa14_68350",2.008,"trial_2",1.48175,0.213244138254724
"2298",5.75,"Pa14_72840",2.229,"trial_2",1.432,0.321391505799391
"2299",5.75,"Pa14",1.223,"trial_2",0.9855,0.175607754194777
"2300",6,"Pa14_51430",2.212,"trial_2",1.6475,0.390700759320139
"2301",6,"Pa14_16930",2.552,"trial_2",1.72125,0.533028044134015
"2302",6,"Pa14_09810",1.435,"trial_2",1.31025,0.381157311137191
"2303",6,"Pa14_64590",2.077,"trial_2",1.48075,0.256620788648673
"2304",6,"Pa14_05300",2.66,"trial_2",1.52025,0.403601778778703
"2305",6,"Pa14_18520",2.143,"trial_2",1.5725,0.260715202216262
"2306",6,"Pa14_01960",2.009,"trial_2",1.245,0.258891225549779
"2307",6,"Pa14_09480",3.12,"trial_2",1.26175,0.630126227433837
"2308",6,"Pa14_19120",2.459,"trial_2",1.655,0.384955192197741
"2309",6,"Pa14_48650",1.658,"trial_2",1.24325,0.181891622951691
"2310",6,"Pa14_58770",1.867,"trial_2",1.391,0.192627879602097
"2311",6,"Pa14_06570",1.745,"trial_2",1.18525,0.236694027174325
"2312",6,"Pa14_32750",2.043,"trial_2",1.638,0.359813145952173
"2313",6,"Pa14_62830",1.067,"trial_2",0.3995,0.226107091146356
"2314",6,"Pa14_17250",2.301,"trial_2",1.48475,0.290911892446264
"2315",6,"Pa14_20440",2.058,"trial_2",1.516,0.189417968172681
"2316",6,"Pa14_68350",2.148,"trial_2",1.65375,0.208477167015159
"2317",6,"Pa14_72840",2.481,"trial_2",1.65625,0.353445982435789
"2318",6,"Pa14",1.485,"trial_2",1.18925,0.224371111851177
"2319",6.25,"Pa14_51430",2.456,"trial_2",1.86,0.436338553572032
"2320",6.25,"Pa14_16930",2.727,"trial_2",1.93275,0.545003727051476
"2321",6.25,"Pa14_09810",1.754,"trial_2",1.551,0.444140931086819
"2322",6.25,"Pa14_64590",2.407,"trial_2",1.72125,0.30521259667102
"2323",6.25,"Pa14_05300",3.046,"trial_2",1.824,0.469780799948231
"2324",6.25,"Pa14_18520",2.407,"trial_2",1.8095,0.299149210261368
"2325",6.25,"Pa14_01960",2.352,"trial_2",1.46275,0.3026195011892
"2326",6.25,"Pa14_09480",3.356,"trial_2",1.391,0.673031326660703
"2327",6.25,"Pa14_19120",2.675,"trial_2",1.86025,0.414804246000448
"2328",6.25,"Pa14_48650",1.939,"trial_2",1.44725,0.231850661346192
"2329",6.25,"Pa14_58770",2.155,"trial_2",1.6165,0.226087188196648
"2330",6.25,"Pa14_06570",2.047,"trial_2",1.38675,0.280893329397478
"2331",6.25,"Pa14_32750",2.35,"trial_2",1.8895,0.397276247297352
"2332",6.25,"Pa14_62830",1.189,"trial_2",0.45,0.251422950424181
"2333",6.25,"Pa14_17250",2.589,"trial_2",1.732,0.31104179783431
"2334",6.25,"Pa14_20440",2.36,"trial_2",1.77075,0.206760479379724
"2335",6.25,"Pa14_68350",2.336,"trial_2",1.84525,0.213414063500979
"2336",6.25,"Pa14_72840",2.703,"trial_2",1.8685,0.382365553713546
"2337",6.25,"Pa14",1.788,"trial_2",1.3985,0.270990928507456
"2338",6.5,"Pa14_51430",2.678,"trial_2",2.074,0.465720409688044
"2339",6.5,"Pa14_16930",2.83,"trial_2",2.149,0.558496642783106
"2340",6.5,"Pa14_09810",2.041,"trial_2",1.79775,0.501242352393863
"2341",6.5,"Pa14_64590",2.679,"trial_2",2.02925,0.338739667739106
"2342",6.5,"Pa14_05300",3.17,"trial_2",2.10325,0.490570649855859
"2343",6.5,"Pa14_18520",2.602,"trial_2",2.0325,0.32349201432699
"2344",6.5,"Pa14_01960",2.657,"trial_2",1.67,0.339292155327332
"2345",6.5,"Pa14_09480",3.605,"trial_2",1.545,0.713609136712809
"2346",6.5,"Pa14_19120",2.865,"trial_2",2.07725,0.434556550788656
"2347",6.5,"Pa14_48650",2.222,"trial_2",1.66925,0.266231533005891
"2348",6.5,"Pa14_58770",2.429,"trial_2",1.8665,0.252327994219164
"2349",6.5,"Pa14_06570",2.383,"trial_2",1.59925,0.332211121377155
"2350",6.5,"Pa14_32750",2.584,"trial_2",2.09825,0.426081833884838
"2351",6.5,"Pa14_62830",1.271,"trial_2",0.491,0.266951618587838
"2352",6.5,"Pa14_17250",2.836,"trial_2",1.99175,0.31361132393458
"2353",6.5,"Pa14_20440",2.629,"trial_2",2.0525,0.201714526001476
"2354",6.5,"Pa14_68350",2.483,"trial_2",1.988,0.213338932218196
"2355",6.5,"Pa14_72840",2.873,"trial_2",2.08875,0.394739022435499
"2356",6.5,"Pa14",2.087,"trial_2",1.60875,0.322690867291489
"2357",6.75,"Pa14_51430",2.846,"trial_2",2.28625,0.464768826945181
"2358",6.75,"Pa14_16930",2.87,"trial_2",2.3785,0.535429811771191
"2359",6.75,"Pa14_09810",2.297,"trial_2",2.018,0.524144064165569
"2360",6.75,"Pa14_64590",2.918,"trial_2",2.3295,0.361695659360186
"2361",6.75,"Pa14_05300",3.343,"trial_2",2.38675,0.496314479438188
"2362",6.75,"Pa14_18520",2.795,"trial_2",2.2525,0.33210803964975
"2363",6.75,"Pa14_01960",2.843,"trial_2",1.8795,0.338849647090466
"2364",6.75,"Pa14_09480",3.863,"trial_2",1.702,0.755062138723253
"2365",6.75,"Pa14_19120",3.081,"trial_2",2.27975,0.456294198772386
"2366",6.75,"Pa14_48650",2.472,"trial_2",1.922,0.285695933934431
"2367",6.75,"Pa14_58770",2.65,"trial_2",2.12375,0.257065612571317
"2368",6.75,"Pa14_06570",2.678,"trial_2",1.82275,0.372447171869157
"2369",6.75,"Pa14_32750",2.807,"trial_2",2.3025,0.44395880064108
"2370",6.75,"Pa14_62830",1.378,"trial_2",0.58225,0.27198111913636
"2371",6.75,"Pa14_17250",3.063,"trial_2",2.253,0.302226184614548
"2372",6.75,"Pa14_20440",2.849,"trial_2",2.33975,0.180812229951406
"2373",6.75,"Pa14_68350",2.635,"trial_2",2.136,0.216752931544958
"2374",6.75,"Pa14_72840",3.046,"trial_2",2.3165,0.389075935176327
"2375",6.75,"Pa14",2.37,"trial_2",1.8165,0.354791135740452
"2376",7,"Pa14_51430",3.039,"trial_2",2.50425,0.458632273722642
"2377",7,"Pa14_16930",2.945,"trial_2",2.5955,0.479714932711779
"2378",7,"Pa14_09810",2.558,"trial_2",2.23125,0.534849414165645
"2379",7,"Pa14_64590",3.145,"trial_2",2.626,0.378816138339784
"2380",7,"Pa14_05300",3.501,"trial_2",2.6595,0.412445652985538
"2381",7,"Pa14_18520",2.964,"trial_2",2.48325,0.327702195852678
"2382",7,"Pa14_01960",3.245,"trial_2",2.21725,0.367353003481211
"2383",7,"Pa14_09480",4.077,"trial_2",1.872,0.78197325188696
"2384",7,"Pa14_19120",3.258,"trial_2",2.4815,0.47267580503625
"2385",7,"Pa14_48650",2.656,"trial_2",2.1895,0.284842792899288
"2386",7,"Pa14_58770",2.81,"trial_2",2.38475,0.238236358476199
"2387",7,"Pa14_06570",2.877,"trial_2",2.0635,0.390847903068871
"2388",7,"Pa14_32750",2.966,"trial_2",2.5125,0.456407073418748
"2389",7,"Pa14_62830",1.5,"trial_2",0.65325,0.29016844964032
"2390",7,"Pa14_17250",3.216,"trial_2",2.53075,0.26041933331968
"2391",7,"Pa14_20440",3.038,"trial_2",2.61775,0.151334274042597
"2392",7,"Pa14_68350",2.793,"trial_2",2.30575,0.219364755221374
"2393",7,"Pa14_72840",3.282,"trial_2",2.57175,0.385439008361461
"2394",7,"Pa14",2.597,"trial_2",2.05075,0.368629528343385
"2395",7.25,"Pa14_51430",3.156,"trial_2",2.71325,0.432758857987525
"2396",7.25,"Pa14_16930",2.956,"trial_2",2.76675,0.427335616543563
"2397",7.25,"Pa14_09810",2.843,"trial_2",2.45775,0.530794903109164
"2398",7.25,"Pa14_64590",3.333,"trial_2",2.83125,0.358674266105985
"2399",7.25,"Pa14_05300",3.617,"trial_2",2.9975,0.341233668717884
"2400",7.25,"Pa14_18520",3.095,"trial_2",2.67225,0.304252465068075
"2401",7.25,"Pa14_01960",3.341,"trial_2",2.482,0.328121166644275
"2402",7.25,"Pa14_09480",4.151,"trial_2",2.00775,0.775230328676581
"2403",7.25,"Pa14_19120",3.424,"trial_2",2.68275,0.47006974216599
"2404",7.25,"Pa14_48650",2.859,"trial_2",2.44025,0.284410318319618
"2405",7.25,"Pa14_58770",2.965,"trial_2",2.624,0.206408171672861
"2406",7.25,"Pa14_06570",3.091,"trial_2",2.3105,0.397743950299687
"2407",7.25,"Pa14_32750",3.136,"trial_2",2.68775,0.426437251148005
"2408",7.25,"Pa14_62830",1.683,"trial_2",0.722,0.328903481282883
"2409",7.25,"Pa14_17250",3.391,"trial_2",2.785,0.225475423642282
"2410",7.25,"Pa14_20440",3.198,"trial_2",2.85425,0.124566163811312
"2411",7.25,"Pa14_68350",2.941,"trial_2",2.4635,0.212587432993267
"2412",7.25,"Pa14_72840",3.396,"trial_2",2.769,0.35399034826767
"2413",7.25,"Pa14",2.803,"trial_2",2.28775,0.351218681877829
"2414",7.5,"Pa14_51430",3.323,"trial_2",2.92925,0.409972839547532
"2415",7.5,"Pa14_16930",3.023,"trial_2",2.9295,0.371304569502361
"2416",7.5,"Pa14_09810",3.049,"trial_2",2.68775,0.498964490219494
"2417",7.5,"Pa14_64590",3.509,"trial_2",3.0485,0.338325656727361
"2418",7.5,"Pa14_05300",3.725,"trial_2",3.28175,0.235504202014883
"2419",7.5,"Pa14_18520",3.239,"trial_2",2.852,0.285807044466484
"2420",7.5,"Pa14_01960",3.469,"trial_2",2.73075,0.281867100776235
"2421",7.5,"Pa14_09480",4.308,"trial_2",2.1735,0.790863083388437
"2422",7.5,"Pa14_19120",3.496,"trial_2",2.86675,0.443444542755912
"2423",7.5,"Pa14_48650",3.058,"trial_2",2.6935,0.276241591123905
"2424",7.5,"Pa14_58770",3.1,"trial_2",2.81625,0.185781401562876
"2425",7.5,"Pa14_06570",3.293,"trial_2",2.5325,0.398866414563406
"2426",7.5,"Pa14_32750",3.283,"trial_2",2.8805,0.409476393295959
"2427",7.5,"Pa14_62830",1.853,"trial_2",0.802,0.360170561447397
"2428",7.5,"Pa14_17250",3.517,"trial_2",2.9875,0.190632499852465
"2429",7.5,"Pa14_20440",3.323,"trial_2",3.0405,0.104084500927532
"2430",7.5,"Pa14_68350",3.144,"trial_2",2.613,0.22661751918155
"2431",7.5,"Pa14_72840",3.491,"trial_2",2.96775,0.327845587383248
"2432",7.5,"Pa14",2.943,"trial_2",2.516,0.315584642634376
"2433",7.75,"Pa14_51430",3.407,"trial_2",3.0955,0.385921084333745
"2434",7.75,"Pa14_16930",3.033,"trial_2",3.07275,0.322243793578713
"2435",7.75,"Pa14_09810",3.352,"trial_2",2.9245,0.477910992410372
"2436",7.75,"Pa14_64590",3.674,"trial_2",3.25325,0.32110444173197
"2437",7.75,"Pa14_05300",3.826,"trial_2",3.51075,0.170868553279999
"2438",7.75,"Pa14_18520",3.487,"trial_2",3.033,0.280694080213079
"2439",7.75,"Pa14_01960",3.568,"trial_2",3.023,0.240011805265213
"2440",7.75,"Pa14_09480",4.394,"trial_2",2.323,0.792182112900815
"2441",7.75,"Pa14_19120",3.679,"trial_2",3.0675,0.420894780992431
"2442",7.75,"Pa14_48650",3.228,"trial_2",2.9015,0.273828565590468
"2443",7.75,"Pa14_58770",3.355,"trial_2",3.0285,0.178316432220926
"2444",7.75,"Pa14_06570",3.603,"trial_2",2.777,0.402818197205638
"2445",7.75,"Pa14_32750",3.482,"trial_2",3.06425,0.379950956264972
"2446",7.75,"Pa14_62830",2.109,"trial_2",0.9135,0.408885578941917
"2447",7.75,"Pa14_17250",3.777,"trial_2",3.20975,0.199173866675994
"2448",7.75,"Pa14_20440",3.444,"trial_2",3.201,0.0921421004029464
"2449",7.75,"Pa14_68350",3.29,"trial_2",2.7465,0.226517659355733
"2450",7.75,"Pa14_72840",3.674,"trial_2",3.1385,0.316102435928608
"2451",7.75,"Pa14",3.105,"trial_2",2.72675,0.288801943379888
"2452",8,"Pa14_51430",3.521,"trial_2",3.27025,0.362289335338483
"2453",8,"Pa14_16930",3.041,"trial_2",3.1705,0.296131305335995
"2454",8,"Pa14_09810",3.6,"trial_2",3.139,0.449618171340972
"2455",8,"Pa14_64590",3.789,"trial_2",3.423,0.297859866380149
"2456",8,"Pa14_05300",3.916,"trial_2",3.64825,0.170562977127707
"2457",8,"Pa14_18520",3.512,"trial_2",3.1405,0.258564144201524
"2458",8,"Pa14_01960",3.663,"trial_2",3.16825,0.194927924714068
"2459",8,"Pa14_09480",4.438,"trial_2",2.471,0.784926960508641
"2460",8,"Pa14_19120",3.759,"trial_2",3.22925,0.382997035454149
"2461",8,"Pa14_48650",3.416,"trial_2",3.117,0.274868756560896
"2462",8,"Pa14_58770",3.464,"trial_2",3.1895,0.163142320280995
"2463",8,"Pa14_06570",3.629,"trial_2",2.9305,0.360377695388232
"2464",8,"Pa14_32750",3.533,"trial_2",3.19825,0.339168192052262
"2465",8,"Pa14_62830",2.309,"trial_2",1.0185,0.442001602561197
"2466",8,"Pa14_17250",3.829,"trial_2",3.34275,0.168058707500286
"2467",8,"Pa14_20440",3.572,"trial_2",3.335,0.0914631073165569
"2468",8,"Pa14_68350",3.363,"trial_2",2.8565,0.216280874481926
"2469",8,"Pa14_72840",3.736,"trial_2",3.2695,0.291563743745114
"2470",8,"Pa14",3.22,"trial_2",2.912,0.251589281700685
"2471",8.25,"Pa14_51430",3.621,"trial_2",3.40175,0.350798939327549
"2472",8.25,"Pa14_16930",3.062,"trial_2",3.25275,0.288080826331778
"2473",8.25,"Pa14_09810",3.74,"trial_2",3.31825,0.416173916970618
"2474",8.25,"Pa14_64590",3.867,"trial_2",3.56275,0.27134430004455
"2475",8.25,"Pa14_05300",3.983,"trial_2",3.8015,0.159691629920502
"2476",8.25,"Pa14_18520",3.675,"trial_2",3.287,0.264465498695009
"2477",8.25,"Pa14_01960",3.736,"trial_2",3.4,0.161632814325145
"2478",8.25,"Pa14_09480",4.424,"trial_2",2.60375,0.761881702869065
"2479",8.25,"Pa14_19120",3.917,"trial_2",3.36775,0.373033370937954
"2480",8.25,"Pa14_48650",3.586,"trial_2",3.293,0.264970753103055
"2481",8.25,"Pa14_58770",3.538,"trial_2",3.32075,0.158805108545034
"2482",8.25,"Pa14_06570",3.821,"trial_2",3.1215,0.349497138757959
"2483",8.25,"Pa14_32750",3.671,"trial_2",3.33675,0.335500465722479
"2484",8.25,"Pa14_62830",2.534,"trial_2",1.13325,0.480258502440786
"2485",8.25,"Pa14_17250",3.934,"trial_2",3.49075,0.1553455154379
"2486",8.25,"Pa14_20440",3.654,"trial_2",3.4585,0.0900004629617722
"2487",8.25,"Pa14_68350",3.502,"trial_2",2.9715,0.229464775800848
"2488",8.25,"Pa14_72840",3.815,"trial_2",3.38825,0.275755741856206
"2489",8.25,"Pa14",3.346,"trial_2",3.082,0.24864868120838
"2490",8.5,"Pa14_51430",3.744,"trial_2",3.52175,0.347455602679441
"2491",8.5,"Pa14_16930",3.077,"trial_2",3.32825,0.284916179194279
"2492",8.5,"Pa14_09810",3.87,"trial_2",3.50125,0.378342299820326
"2493",8.5,"Pa14_64590",3.943,"trial_2",3.688,0.237179608454577
"2494",8.5,"Pa14_05300",4.052,"trial_2",3.88375,0.144707391541229
"2495",8.5,"Pa14_18520",3.658,"trial_2",3.3705,0.242653559627713
"2496",8.5,"Pa14_01960",3.808,"trial_2",3.5375,0.116187707324542
"2497",8.5,"Pa14_09480",4.46,"trial_2",2.75225,0.743759859878621
"2498",8.5,"Pa14_19120",3.953,"trial_2",3.5025,0.344102092408634
"2499",8.5,"Pa14_48650",3.727,"trial_2",3.491,0.262206979312146
"2500",8.5,"Pa14_58770",3.6,"trial_2",3.44475,0.143694916982706
"2501",8.5,"Pa14_06570",3.92,"trial_2",3.27825,0.315292555943418
"2502",8.5,"Pa14_32750",3.764,"trial_2",3.46575,0.309390900264805
"2503",8.5,"Pa14_62830",2.718,"trial_2",1.2385,0.507709644711752
"2504",8.5,"Pa14_17250",3.931,"trial_2",3.6,0.129106545147796
"2505",8.5,"Pa14_20440",3.745,"trial_2",3.577,0.073587816020498
"2506",8.5,"Pa14_68350",3.598,"trial_2",3.09125,0.215557175323238
"2507",8.5,"Pa14_72840",3.832,"trial_2",3.47225,0.258444505648698
"2508",8.5,"Pa14",3.458,"trial_2",3.22225,0.222483847728324
"2509",8.75,"Pa14_51430",3.835,"trial_2",3.6365,0.340463532065722
"2510",8.75,"Pa14_16930",3.072,"trial_2",3.383,0.283808327338482
"2511",8.75,"Pa14_09810",3.959,"trial_2",3.6715,0.350110815790277
"2512",8.75,"Pa14_64590",4.017,"trial_2",3.80425,0.210292009279161
"2513",8.75,"Pa14_05300",4.106,"trial_2",3.97725,0.135575547819902
"2514",8.75,"Pa14_18520",3.811,"trial_2",3.49,0.243921435439091
"2515",8.75,"Pa14_01960",3.882,"trial_2",3.667,0.0777753174214031
"2516",8.75,"Pa14_09480",4.485,"trial_2",2.88675,0.725686270023073
"2517",8.75,"Pa14_19120",4.088,"trial_2",3.6465,0.329936988933746
"2518",8.75,"Pa14_48650",3.86,"trial_2",3.65025,0.247699540774706
"2519",8.75,"Pa14_58770",3.715,"trial_2",3.563,0.137213337544132
"2520",8.75,"Pa14_06570",4.003,"trial_2",3.4145,0.287085498298562
"2521",8.75,"Pa14_32750",3.852,"trial_2",3.5795,0.30343601741828
"2522",8.75,"Pa14_62830",2.858,"trial_2",1.3385,0.521191343622154
"2523",8.75,"Pa14_17250",4.094,"trial_2",3.7105,0.135169338239114
"2524",8.75,"Pa14_20440",3.837,"trial_2",3.683,0.0685456052566465
"2525",8.75,"Pa14_68350",3.72,"trial_2",3.211,0.214220680607639
"2526",8.75,"Pa14_72840",3.949,"trial_2",3.59425,0.251560256201173
"2527",8.75,"Pa14",3.577,"trial_2",3.3585,0.210971364565589
"2528",9,"Pa14_51430",3.945,"trial_2",3.766,0.325877021794009
"2529",9,"Pa14_16930",3.069,"trial_2",3.41025,0.287907211615131
"2530",9,"Pa14_09810",4.074,"trial_2",3.84725,0.328984643765227
"2531",9,"Pa14_64590",4.076,"trial_2",3.909,0.187454438908943
"2532",9,"Pa14_05300",4.146,"trial_2",4.0535,0.117253642445199
"2533",9,"Pa14_18520",3.874,"trial_2",3.574,0.239788795957331
"2534",9,"Pa14_01960",3.942,"trial_2",3.7995,0.0505049502524258
"2535",9,"Pa14_09480",4.501,"trial_2",3.01225,0.708705554161952
"2536",9,"Pa14_19120",4.052,"trial_2",3.74225,0.312398350134354
"2537",9,"Pa14_48650",3.977,"trial_2",3.79525,0.232436147145834
"2538",9,"Pa14_58770",3.773,"trial_2",3.674,0.135827709495032
"2539",9,"Pa14_06570",4.084,"trial_2",3.52475,0.272836756749037
"2540",9,"Pa14_32750",3.868,"trial_2",3.669,0.289498128951927
"2541",9,"Pa14_62830",2.978,"trial_2",1.4265,0.534134892450712
"2542",9,"Pa14_17250",4.083,"trial_2",3.77325,0.108329262744037
"2543",9,"Pa14_20440",3.917,"trial_2",3.75725,0.0714158887550009
"2544",9,"Pa14_68350",3.761,"trial_2",3.31575,0.206569348726604
"2545",9,"Pa14_72840",3.949,"trial_2",3.66175,0.241270033710502
"2546",9,"Pa14",3.649,"trial_2",3.4555,0.198376955986996
"2547",9.25,"Pa14_51430",4.022,"trial_2",3.87,0.323447831960581
"2548",9.25,"Pa14_16930",3.043,"trial_2",3.4285,0.293662079040973
"2549",9.25,"Pa14_09810",4.148,"trial_2",3.964,0.298662853398276
"2550",9.25,"Pa14_64590",4.124,"trial_2",4.00825,0.162888701777216
"2551",9.25,"Pa14_05300",4.175,"trial_2",4.117,0.112400326215422
"2552",9.25,"Pa14_18520",3.978,"trial_2",3.683,0.241808119521795
"2553",9.25,"Pa14_01960",3.99,"trial_2",3.88975,0.0389623215427419
"2554",9.25,"Pa14_09480",4.492,"trial_2",3.125,0.682796577808257
"2555",9.25,"Pa14_19120",4.152,"trial_2",3.857,0.297702032240292
"2556",9.25,"Pa14_48650",4.068,"trial_2",3.94025,0.228079070718907
"2557",9.25,"Pa14_58770",3.859,"trial_2",3.765,0.120628216710132
"2558",9.25,"Pa14_06570",4.122,"trial_2",3.6305,0.24487020371345
"2559",9.25,"Pa14_32750",3.981,"trial_2",3.76475,0.286935060887767
"2560",9.25,"Pa14_62830",3.065,"trial_2",1.5135,0.534856133304399
"2561",9.25,"Pa14_17250",4.051,"trial_2",3.85325,0.0819963159741542
"2562",9.25,"Pa14_20440",3.991,"trial_2",3.85525,0.0639353514627602
"2563",9.25,"Pa14_68350",3.895,"trial_2",3.4375,0.212900015656802
"2564",9.25,"Pa14_72840",4.024,"trial_2",3.7465,0.232773316053767
"2565",9.25,"Pa14",3.713,"trial_2",3.5635,0.191215628719691
"2566",9.5,"Pa14_51430",4.091,"trial_2",3.966,0.317109339713187
"2567",9.5,"Pa14_16930",3.027,"trial_2",3.4625,0.298196383836782
"2568",9.5,"Pa14_09810",4.218,"trial_2",4.09725,0.269950419830506
"2569",9.5,"Pa14_64590",4.162,"trial_2",4.0905,0.137759149726373
"2570",9.5,"Pa14_05300",4.207,"trial_2",4.181,0.107300201925874
"2571",9.5,"Pa14_18520",4.004,"trial_2",3.76025,0.234123320424657
"2572",9.5,"Pa14_01960",4.034,"trial_2",3.96625,0.0340107213488139
"2573",9.5,"Pa14_09480",4.547,"trial_2",3.25325,0.667329550646955
"2574",9.5,"Pa14_19120",4.161,"trial_2",3.921,0.277447592648894
"2575",9.5,"Pa14_48650",4.153,"trial_2",4.059,0.210873184639489
"2576",9.5,"Pa14_58770",3.961,"trial_2",3.85475,0.110693552206079
"2577",9.5,"Pa14_06570",4.15,"trial_2",3.721,0.220153734164712
"2578",9.5,"Pa14_32750",3.992,"trial_2",3.82725,0.279431379471478
"2579",9.5,"Pa14_62830",3.166,"trial_2",1.608,0.537595107864646
"2580",9.5,"Pa14_17250",4.087,"trial_2",3.92825,0.0684913315683087
"2581",9.5,"Pa14_20440",4.066,"trial_2",3.94275,0.0584983974139463
"2582",9.5,"Pa14_68350",3.913,"trial_2",3.55925,0.205882804446284
"2583",9.5,"Pa14_72840",4.055,"trial_2",3.83275,0.22509419324659
"2584",9.5,"Pa14",3.801,"trial_2",3.68675,0.184974040971519
"2585",9.75,"Pa14_51430",4.177,"trial_2",4.0565,0.308000405843888
"2586",9.75,"Pa14_16930",3.013,"trial_2",3.5015,0.305837783800498
"2587",9.75,"Pa14_09810",4.249,"trial_2",4.1645,0.218988013370595
"2588",9.75,"Pa14_64590",4.191,"trial_2",4.15875,0.118965243523756
"2589",9.75,"Pa14_05300",4.227,"trial_2",4.23425,0.106938748044539
"2590",9.75,"Pa14_18520",4.108,"trial_2",3.83425,0.231575176778514
"2591",9.75,"Pa14_01960",4.073,"trial_2",4.02975,0.0314573123454628
"2592",9.75,"Pa14_09480",4.589,"trial_2",3.358,0.641648268134498
"2593",9.75,"Pa14_19120",4.21,"trial_2",3.981,0.267000936327946
"2594",9.75,"Pa14_48650",4.205,"trial_2",4.1495,0.194354701512467
"2595",9.75,"Pa14_58770",4.001,"trial_2",3.916,0.100005833163204
"2596",9.75,"Pa14_06570",4.235,"trial_2",3.82475,0.202789864556064
"2597",9.75,"Pa14_32750",4.065,"trial_2",3.9015,0.261781874850036
"2598",9.75,"Pa14_62830",3.248,"trial_2",1.70025,0.53588639576562
"2599",9.75,"Pa14_17250",4.136,"trial_2",4.00375,0.0614469622248869
"2600",9.75,"Pa14_20440",4.133,"trial_2",4.00975,0.059960229875032
"2601",9.75,"Pa14_68350",3.997,"trial_2",3.63725,0.198355898576271
"2602",9.75,"Pa14_72840",4.118,"trial_2",3.905,0.218282309559585
"2603",9.75,"Pa14",3.875,"trial_2",3.77175,0.174619765490623
"2604",10,"Pa14_51430",4.268,"trial_2",4.15275,0.304086439191227
"2605",10,"Pa14_16930",3.009,"trial_2",3.53525,0.311753207681974
"2606",10,"Pa14_09810",4.309,"trial_2",4.2475,0.167378065070267
"2607",10,"Pa14_64590",4.232,"trial_2",4.229,0.103196414666402
"2608",10,"Pa14_05300",4.241,"trial_2",4.283,0.105485386033643
"2609",10,"Pa14_18520",4.151,"trial_2",3.90675,0.222066196962377
"2610",10,"Pa14_01960",4.109,"trial_2",4.0885,0.0301012181370344
"2611",10,"Pa14_09480",4.637,"trial_2",3.47225,0.611248909337814
"2612",10,"Pa14_19120",4.261,"trial_2",4.09125,0.2578185327577
"2613",10,"Pa14_48650",4.248,"trial_2",4.23675,0.177649174404686
"2614",10,"Pa14_58770",4.071,"trial_2",4.038,0.0675067897819668
"2615",10,"Pa14_06570",4.271,"trial_2",3.9345,0.159399132159913
"2616",10,"Pa14_32750",4.084,"trial_2",3.96625,0.248577410813345
"2617",10,"Pa14_62830",3.327,"trial_2",1.798,0.531822338756093
"2618",10,"Pa14_17250",4.194,"trial_2",4.077,0.0475832603618822
"2619",10,"Pa14_20440",4.197,"trial_2",4.1115,0.0452483885532586
"2620",10,"Pa14_68350",4.043,"trial_2",3.747,0.192174833593441
"2621",10,"Pa14_72840",4.211,"trial_2",3.97325,0.213161275016516
"2622",10,"Pa14",3.931,"trial_2",3.856,0.167875449862887
"2623",10.25,"Pa14_51430",4.345,"trial_2",4.23175,0.300364882268217
"2624",10.25,"Pa14_16930",2.978,"trial_2",3.5745,0.324725140182688
"2625",10.25,"Pa14_09810",4.339,"trial_2",4.349,0.111423366789317
"2626",10.25,"Pa14_64590",4.263,"trial_2",4.28475,0.0842361511862138
"2627",10.25,"Pa14_05300",4.244,"trial_2",4.31575,0.103844735864013
"2628",10.25,"Pa14_18520",4.253,"trial_2",3.9895,0.230580607741993
"2629",10.25,"Pa14_01960",4.141,"trial_2",4.14075,0.0319018677614128
"2630",10.25,"Pa14_09480",4.672,"trial_2",3.621,0.566708331801583
"2631",10.25,"Pa14_19120",4.324,"trial_2",4.16975,0.258149625540435
"2632",10.25,"Pa14_48650",4.276,"trial_2",4.305,0.165883995611391
"2633",10.25,"Pa14_58770",4.17,"trial_2",4.09875,0.0840846547633197
"2634",10.25,"Pa14_06570",4.342,"trial_2",4.0045,0.163946383512009
"2635",10.25,"Pa14_32750",4.153,"trial_2",4.02675,0.245068145284803
"2636",10.25,"Pa14_62830",3.408,"trial_2",1.8985,0.53345204408019
"2637",10.25,"Pa14_17250",4.246,"trial_2",4.12275,0.0508582589163256
"2638",10.25,"Pa14_20440",4.247,"trial_2",4.15975,0.0446399951463558
"2639",10.25,"Pa14_68350",4.113,"trial_2",3.866,0.185386533131904
"2640",10.25,"Pa14_72840",4.317,"trial_2",4.04675,0.212122753376435
"2641",10.25,"Pa14",3.993,"trial_2",3.91875,0.163446410687622
"2642",10.5,"Pa14_51430",4.405,"trial_2",4.30275,0.300464744188066
"2643",10.5,"Pa14_16930",2.947,"trial_2",3.58225,0.329812415119059
"2644",10.5,"Pa14_09810",4.372,"trial_2",4.44325,0.0660156231508876
"2645",10.5,"Pa14_64590",4.285,"trial_2",4.33275,0.066640046768691
"2646",10.5,"Pa14_05300",4.234,"trial_2",4.33625,0.110128996333088
"2647",10.5,"Pa14_18520",4.287,"trial_2",4.06175,0.224531131842929
"2648",10.5,"Pa14_01960",4.165,"trial_2",4.18275,0.0395376929861451
"2649",10.5,"Pa14_09480",4.7,"trial_2",3.7155,0.513654634295587
"2650",10.5,"Pa14_19120",4.371,"trial_2",4.243,0.253590549245564
"2651",10.5,"Pa14_48650",4.307,"trial_2",4.35075,0.156683531893644
"2652",10.5,"Pa14_58770",4.208,"trial_2",4.21075,0.0883151317725337
"2653",10.5,"Pa14_06570",4.404,"trial_2",4.08525,0.158244207371602
"2654",10.5,"Pa14_32750",4.194,"trial_2",4.08725,0.238833754942638
"2655",10.5,"Pa14_62830",3.472,"trial_2",2.014,0.52796606582873
"2656",10.5,"Pa14_17250",4.299,"trial_2",4.221,0.0380460247594936
"2657",10.5,"Pa14_20440",4.284,"trial_2",4.22,0.0479791621435806
"2658",10.5,"Pa14_68350",4.158,"trial_2",3.9445,0.187826826270016
"2659",10.5,"Pa14_72840",4.417,"trial_2",4.14825,0.218717997659086
"2660",10.5,"Pa14",4.06,"trial_2",4.0075,0.162781294994235
"2661",10.75,"Pa14_51430",4.542,"trial_2",4.40375,0.295294873812601
"2662",10.75,"Pa14_16930",2.941,"trial_2",3.57925,0.327520578233898
"2663",10.75,"Pa14_09810",4.38,"trial_2",4.4705,0.0658185637440786
"2664",10.75,"Pa14_64590",4.284,"trial_2",4.37125,0.0548275706191694
"2665",10.75,"Pa14_05300",4.227,"trial_2",4.358,0.114531655012926
"2666",10.75,"Pa14_18520",4.273,"trial_2",4.097,0.194200926877294
"2667",10.75,"Pa14_01960",4.182,"trial_2",4.22525,0.0473803317140492
"2668",10.75,"Pa14_09480",4.743,"trial_2",3.8255,0.459172534747742
"2669",10.75,"Pa14_19120",4.384,"trial_2",4.31125,0.244385411116676
"2670",10.75,"Pa14_48650",4.34,"trial_2",4.39675,0.148140347306195
"2671",10.75,"Pa14_58770",4.211,"trial_2",4.271,0.0830030119935415
"2672",10.75,"Pa14_06570",4.394,"trial_2",4.147,0.131819320789228
"2673",10.75,"Pa14_32750",4.229,"trial_2",4.139,0.223745763460823
"2674",10.75,"Pa14_62830",3.531,"trial_2",2.1195,0.521822686998818
"2675",10.75,"Pa14_17250",4.363,"trial_2",4.28175,0.0342013035813939
"2676",10.75,"Pa14_20440",4.331,"trial_2",4.256,0.0614261073702923
"2677",10.75,"Pa14_68350",4.181,"trial_2",4.0085,0.173536499522915
"2678",10.75,"Pa14_72840",4.502,"trial_2",4.20575,0.217310214133314
"2679",10.75,"Pa14",4.155,"trial_2",4.084,0.150900629554684
"2680",11,"Pa14_51430",4.543,"trial_2",4.467,0.286729838000861
"2681",11,"Pa14_16930",2.886,"trial_2",3.575,0.336685065503852
"2682",11,"Pa14_09810",4.406,"trial_2",4.503,0.0652750590450391
"2683",11,"Pa14_64590",4.269,"trial_2",4.391,0.0480780615249824
"2684",11,"Pa14_05300",4.194,"trial_2",4.3745,0.12399630370835
"2685",11,"Pa14_18520",4.37,"trial_2",4.1925,0.170208940227396
"2686",11,"Pa14_01960",4.185,"trial_2",4.26975,0.0539697060087108
"2687",11,"Pa14_09480",4.74,"trial_2",3.9495,0.408042175107754
"2688",11,"Pa14_19120",4.406,"trial_2",4.3615,0.224864588882584
"2689",11,"Pa14_48650",4.362,"trial_2",4.43575,0.150271074506484
"2690",11,"Pa14_58770",4.294,"trial_2",4.32325,0.0634998359577933
"2691",11,"Pa14_06570",4.436,"trial_2",4.2235,0.112272362286243
"2692",11,"Pa14_32750",4.264,"trial_2",4.183,0.213260794959286
"2693",11,"Pa14_62830",3.592,"trial_2",2.2315,0.517336850288733
"2694",11,"Pa14_17250",4.389,"trial_2",4.30925,0.0270073292521371
"2695",11,"Pa14_20440",4.362,"trial_2",4.3035,0.0685729538520837
"2696",11,"Pa14_68350",4.25,"trial_2",4.0785,0.173352002199763
"2697",11,"Pa14_72840",4.513,"trial_2",4.26125,0.20210120195915
"2698",11,"Pa14",4.218,"trial_2",4.13875,0.127529980135391
"2699",11.25,"Pa14_51430",4.699,"trial_2",4.55325,0.281862370374858
"2700",11.25,"Pa14_16930",2.881,"trial_2",3.59075,0.340727499868541
"2701",11.25,"Pa14_09810",4.428,"trial_2",4.52175,0.064712666199645
"2702",11.25,"Pa14_64590",4.252,"trial_2",4.39325,0.0486678795510961
"2703",11.25,"Pa14_05300",4.178,"trial_2",4.36875,0.126093467316907
"2704",11.25,"Pa14_18520",4.325,"trial_2",4.232,0.164903507138771
"2705",11.25,"Pa14_01960",4.196,"trial_2",4.30175,0.0580393185693974
"2706",11.25,"Pa14_09480",4.747,"trial_2",4.03,0.374487872522818
"2707",11.25,"Pa14_19120",4.403,"trial_2",4.3805,0.209931933413349
"2708",11.25,"Pa14_48650",4.391,"trial_2",4.46675,0.151372815150762
"2709",11.25,"Pa14_58770",4.289,"trial_2",4.3495,0.0534797469453002
"2710",11.25,"Pa14_06570",4.469,"trial_2",4.28,0.108102574745779
"2711",11.25,"Pa14_32750",4.281,"trial_2",4.20075,0.195714662625636
"2712",11.25,"Pa14_62830",3.64,"trial_2",2.3655,0.516417547468454
"2713",11.25,"Pa14_17250",4.461,"trial_2",4.364,0.0350689796448848
"2714",11.25,"Pa14_20440",4.395,"trial_2",4.3345,0.0683892048011478
"2715",11.25,"Pa14_68350",4.268,"trial_2",4.1485,0.15120929204252
"2716",11.25,"Pa14_72840",4.543,"trial_2",4.2965,0.196253450075831
"2717",11.25,"Pa14",4.229,"trial_2",4.177,0.143766013600804
"2718",11.5,"Pa14_51430",4.699,"trial_2",4.59525,0.276738557426801
"2719",11.5,"Pa14_16930",2.846,"trial_2",3.604,0.354639018345885
"2720",11.5,"Pa14_09810",4.444,"trial_2",4.53725,0.0649581596106294
"2721",11.5,"Pa14_64590",4.205,"trial_2",4.3805,0.0617933383680366
"2722",11.5,"Pa14_05300",4.138,"trial_2",4.3585,0.134742037488924
"2723",11.5,"Pa14_18520",4.396,"trial_2",4.278,0.168943777630311
"2724",11.5,"Pa14_01960",4.191,"trial_2",4.3205,0.0629159492232826
"2725",11.5,"Pa14_09480",4.749,"trial_2",4.09975,0.347895428493487
"2726",11.5,"Pa14_19120",4.407,"trial_2",4.4035,0.19096356546036
"2727",11.5,"Pa14_48650",4.398,"trial_2",4.49125,0.150238906967092
"2728",11.5,"Pa14_58770",4.367,"trial_2",4.40325,0.0388552334527367
"2729",11.5,"Pa14_06570",4.522,"trial_2",4.3225,0.105016268580952
"2730",11.5,"Pa14_32750",4.315,"trial_2",4.2335,0.180586313619462
"2731",11.5,"Pa14_62830",3.68,"trial_2",2.5,0.502650143406591
"2732",11.5,"Pa14_17250",4.534,"trial_2",4.429,0.0372983467015182
"2733",11.5,"Pa14_20440",4.418,"trial_2",4.37025,0.0708535755390415
"2734",11.5,"Pa14_68350",4.319,"trial_2",4.2025,0.15217013504627
"2735",11.5,"Pa14_72840",4.58,"trial_2",4.339,0.192014322382472
"2736",11.5,"Pa14",4.284,"trial_2",4.239,0.132469493343436
"2737",11.75,"Pa14_51430",4.654,"trial_2",4.633,0.268157602912914
"2738",11.75,"Pa14_16930",2.813,"trial_2",3.6015,0.36158182568634
"2739",11.75,"Pa14_09810",4.462,"trial_2",4.5565,0.063975906923362
"2740",11.75,"Pa14_64590",4.177,"trial_2",4.3645,0.0690718225231293
"2741",11.75,"Pa14_05300",4.1,"trial_2",4.34475,0.144077163931924
"2742",11.75,"Pa14_18520",4.449,"trial_2",4.34,0.176251241130382
"2743",11.75,"Pa14_01960",4.186,"trial_2",4.3345,0.0691550190996044
"2744",11.75,"Pa14_09480",4.719,"trial_2",4.159,0.319482133042418
"2745",11.75,"Pa14_19120",4.377,"trial_2",4.42275,0.170964116605405
"2746",11.75,"Pa14_48650",4.398,"trial_2",4.51275,0.150721804991846
"2747",11.75,"Pa14_58770",4.364,"trial_2",4.4345,0.0311086804606046
"2748",11.75,"Pa14_06570",4.542,"trial_2",4.39375,0.0904188171787267
"2749",11.75,"Pa14_32750",4.308,"trial_2",4.253,0.169250307729902
"2750",11.75,"Pa14_62830",3.73,"trial_2",2.632,0.490029761000969
"2751",11.75,"Pa14_17250",4.516,"trial_2",4.467,0.0303809150619267
"2752",11.75,"Pa14_20440",4.435,"trial_2",4.383,0.058373795490785
"2753",11.75,"Pa14_68350",4.314,"trial_2",4.23025,0.137669516717875
"2754",11.75,"Pa14_72840",4.579,"trial_2",4.3635,0.168055794306534
"2755",11.75,"Pa14",4.276,"trial_2",4.3045,0.102129411369432
"2756",12,"Pa14_51430",4.705,"trial_2",4.68775,0.268614151712079
"2757",12,"Pa14_16930",2.786,"trial_2",3.60225,0.370620285242637
"2758",12,"Pa14_09810",4.477,"trial_2",4.5655,0.0672712172230195
"2759",12,"Pa14_64590",4.139,"trial_2",4.35175,0.0764671770543849
"2760",12,"Pa14_05300",4.061,"trial_2",4.32775,0.151349141061322
"2761",12,"Pa14_18520",4.467,"trial_2",4.36975,0.173678522467997
"2762",12,"Pa14_01960",4.176,"trial_2",4.34725,0.0760409703164463
"2763",12,"Pa14_09480",4.717,"trial_2",4.2445,0.305374223972271
"2764",12,"Pa14_19120",4.357,"trial_2",4.44125,0.156756911065084
"2765",12,"Pa14_48650",4.397,"trial_2",4.53325,0.153010007842624
"2766",12,"Pa14_58770",4.367,"trial_2",4.45575,0.0357010153917225
"2767",12,"Pa14_06570",4.574,"trial_2",4.43275,0.0774148726021041
"2768",12,"Pa14_32750",4.33,"trial_2",4.286,0.165525929489411
"2769",12,"Pa14_62830",3.765,"trial_2",2.7535,0.474732468519551
"2770",12,"Pa14_17250",4.556,"trial_2",4.49525,0.0374196361108265
"2771",12,"Pa14_20440",4.436,"trial_2",4.41225,0.0637787516863309
"2772",12,"Pa14_68350",4.316,"trial_2",4.26675,0.136576825144922
"2773",12,"Pa14_72840",4.585,"trial_2",4.39175,0.152741270890789
"2774",12,"Pa14",4.302,"trial_2",4.34175,0.103086027989571
"2775",12.25,"Pa14_51430",4.664,"trial_2",4.744,0.274654935024538
"2776",12.25,"Pa14_16930",2.746,"trial_2",3.59375,0.377153013819767
"2777",12.25,"Pa14_09810",4.497,"trial_2",4.57375,0.0686638854614758
"2778",12.25,"Pa14_64590",4.104,"trial_2",4.3305,0.0809531757664062
"2779",12.25,"Pa14_05300",4.025,"trial_2",4.3065,0.157317354414572
"2780",12.25,"Pa14_18520",4.478,"trial_2",4.4215,0.159976300328101
"2781",12.25,"Pa14_01960",4.167,"trial_2",4.34775,0.082284440611009
"2782",12.25,"Pa14_09480",4.701,"trial_2",4.27225,0.274331118358818
"2783",12.25,"Pa14_19120",4.322,"trial_2",4.45075,0.143624147807161
"2784",12.25,"Pa14_48650",4.391,"trial_2",4.54175,0.150465043005566
"2785",12.25,"Pa14_58770",4.375,"trial_2",4.49,0.0407492331216184
"2786",12.25,"Pa14_06570",4.585,"trial_2",4.47275,0.0685339028024331
"2787",12.25,"Pa14_32750",4.327,"trial_2",4.2995,0.149935819602922
"2788",12.25,"Pa14_62830",3.809,"trial_2",2.88675,0.457405067564116
"2789",12.25,"Pa14_17250",4.518,"trial_2",4.5105,0.0460588391806249
"2790",12.25,"Pa14_20440",4.433,"trial_2",4.4355,0.0716804250359422
"2791",12.25,"Pa14_68350",4.323,"trial_2",4.27975,0.127884958067788
"2792",12.25,"Pa14_72840",4.556,"trial_2",4.421,0.143351549230089
"2793",12.25,"Pa14",4.314,"trial_2",4.36725,0.0944046035247575
"2794",12.5,"Pa14_51430",4.668,"trial_2",4.7575,0.2655856735594
"2795",12.5,"Pa14_16930",2.733,"trial_2",3.605,0.388182731884525
"2796",12.5,"Pa14_09810",4.529,"trial_2",4.578,0.0734540672801719
"2797",12.5,"Pa14_64590",4.081,"trial_2",4.29975,0.0794212135809234
"2798",12.5,"Pa14_05300",3.979,"trial_2",4.28,0.161996913550845
"2799",12.5,"Pa14_18520",4.476,"trial_2",4.44075,0.167809601930283
"2800",12.5,"Pa14_01960",4.148,"trial_2",4.34325,0.0863571797825751
"2801",12.5,"Pa14_09480",4.671,"trial_2",4.28375,0.240776651345876
"2802",12.5,"Pa14_19120",4.297,"trial_2",4.46725,0.139791734972661
"2803",12.5,"Pa14_48650",4.374,"trial_2",4.543,0.149527589427503
"2804",12.5,"Pa14_58770",4.382,"trial_2",4.5125,0.0474385567515146
"2805",12.5,"Pa14_06570",4.594,"trial_2",4.4755,0.0802335133635981
"2806",12.5,"Pa14_32750",4.338,"trial_2",4.32175,0.143801584947223
"2807",12.5,"Pa14_62830",3.833,"trial_2",3.005,0.43617427709575
"2808",12.5,"Pa14_17250",4.508,"trial_2",4.53525,0.0528951399783885
"2809",12.5,"Pa14_20440",4.435,"trial_2",4.4865,0.0959118518918979
"2810",12.5,"Pa14_68350",4.324,"trial_2",4.29275,0.136932693320478
"2811",12.5,"Pa14_72840",4.553,"trial_2",4.45375,0.132128330926162
"2812",12.5,"Pa14",4.322,"trial_2",4.392,0.0960407899453839
"2813",12.75,"Pa14_51430",4.759,"trial_2",4.8035,0.260735338354176
"2814",12.75,"Pa14_16930",2.746,"trial_2",3.62175,0.393980620293266
"2815",12.75,"Pa14_09810",4.546,"trial_2",4.57525,0.0805516138882394
"2816",12.75,"Pa14_64590",4.066,"trial_2",4.278,0.0769837645221381
"2817",12.75,"Pa14_05300",3.951,"trial_2",4.25475,0.164268771124236
"2818",12.75,"Pa14_18520",4.51,"trial_2",4.496,0.139960113365678
"2819",12.75,"Pa14_01960",4.131,"trial_2",4.33425,0.0905275050283981
"2820",12.75,"Pa14_09480",4.65,"trial_2",4.317,0.213673036826518
"2821",12.75,"Pa14_19120",4.332,"trial_2",4.50125,0.127621429104468
"2822",12.75,"Pa14_48650",4.37,"trial_2",4.53925,0.148274168912412
"2823",12.75,"Pa14_58770",4.388,"trial_2",4.53325,0.0532155600678348
"2824",12.75,"Pa14_06570",4.624,"trial_2",4.51,0.0759385716659634
"2825",12.75,"Pa14_32750",4.425,"trial_2",4.35575,0.135506073049636
"2826",12.75,"Pa14_62830",3.865,"trial_2",3.10375,0.4174999750499
"2827",12.75,"Pa14_17250",4.5,"trial_2",4.55225,0.0573605192328893
"2828",12.75,"Pa14_20440",4.418,"trial_2",4.5065,0.103065108871367
"2829",12.75,"Pa14_68350",4.406,"trial_2",4.35325,0.134675149279046
"2830",12.75,"Pa14_72840",4.504,"trial_2",4.46475,0.110553437305224
"2831",12.75,"Pa14",4.325,"trial_2",4.4215,0.0917146843931403
"2832",13,"Pa14_51430",4.722,"trial_2",4.8375,0.258258430001165
"2833",13,"Pa14_16930",2.683,"trial_2",3.5905,0.403828862267174
"2834",13,"Pa14_09810",4.58,"trial_2",4.58,0.0959956596241032
"2835",13,"Pa14_64590",4.034,"trial_2",4.25075,0.0763592114067889
"2836",13,"Pa14_05300",3.898,"trial_2",4.21725,0.168908937497892
"2837",13,"Pa14_18520",4.482,"trial_2",4.5075,0.128393600567422
"2838",13,"Pa14_01960",4.109,"trial_2",4.31675,0.0924755598342972
"2839",13,"Pa14_09480",4.615,"trial_2",4.339,0.19347135877609
"2840",13,"Pa14_19120",4.25,"trial_2",4.4905,0.135635848260456
"2841",13,"Pa14_48650",4.349,"trial_2",4.53325,0.146838559309195
"2842",13,"Pa14_58770",4.389,"trial_2",4.55225,0.0555088206203902
"2843",13,"Pa14_06570",4.601,"trial_2",4.52575,0.0723663998920308
"2844",13,"Pa14_32750",4.402,"trial_2",4.36125,0.125244011832902
"2845",13,"Pa14_62830",3.899,"trial_2",3.2185,0.380509417316663
"2846",13,"Pa14_17250",4.49,"trial_2",4.546,0.0459365504437008
"2847",13,"Pa14_20440",4.396,"trial_2",4.52325,0.116961086833756
"2848",13,"Pa14_68350",4.412,"trial_2",4.35375,0.11656141085282
"2849",13,"Pa14_72840",4.513,"trial_2",4.47325,0.101517137305317
"2850",13,"Pa14",4.34,"trial_2",4.45025,0.0891219903652667
"2851",13.25,"Pa14_51430",4.738,"trial_2",4.854,0.255997070295736
"2852",13.25,"Pa14_16930",2.667,"trial_2",3.59725,0.411719033443925
"2853",13.25,"Pa14_09810",4.597,"trial_2",4.576,0.111236235103495
"2854",13.25,"Pa14_64590",3.996,"trial_2",4.22375,0.0789729647833148
"2855",13.25,"Pa14_05300",3.849,"trial_2",4.18275,0.175022081940156
"2856",13.25,"Pa14_18520",4.47,"trial_2",4.52575,0.119641391249016
"2857",13.25,"Pa14_01960",4.083,"trial_2",4.29825,0.0943993070242926
"2858",13.25,"Pa14_09480",4.573,"trial_2",4.35325,0.169819696050448
"2859",13.25,"Pa14_19120",4.217,"trial_2",4.49275,0.138520982165158
"2860",13.25,"Pa14_48650",4.33,"trial_2",4.5205,0.147842540111656
"2861",13.25,"Pa14_58770",4.386,"trial_2",4.56625,0.061533696730599
"2862",13.25,"Pa14_06570",4.591,"trial_2",4.564,0.066375196170457
"2863",13.25,"Pa14_32750",4.423,"trial_2",4.37425,0.116259318622925
"2864",13.25,"Pa14_62830",3.916,"trial_2",3.3075,0.354443342910166
"2865",13.25,"Pa14_17250",4.466,"trial_2",4.555,0.062392574344495
"2866",13.25,"Pa14_20440",4.371,"trial_2",4.52125,0.124292246339022
"2867",13.25,"Pa14_68350",4.396,"trial_2",4.37325,0.115561942264744
"2868",13.25,"Pa14_72840",4.467,"trial_2",4.49125,0.0762947955848455
"2869",13.25,"Pa14",4.308,"trial_2",4.45875,0.0846653953316624
"2870",13.5,"Pa14_51430",4.778,"trial_2",4.907,0.263211258624449
"2871",13.5,"Pa14_16930",2.648,"trial_2",3.594,0.419562271897748
"2872",13.5,"Pa14_09810",4.63,"trial_2",4.578,0.128952833754568
"2873",13.5,"Pa14_64590",3.965,"trial_2",4.19025,0.0781380989018801
"2874",13.5,"Pa14_05300",3.81,"trial_2",4.15125,0.178276645974732
"2875",13.5,"Pa14_18520",4.465,"trial_2",4.52775,0.122484948054853
"2876",13.5,"Pa14_01960",4.059,"trial_2",4.279,0.0957226897518729
"2877",13.5,"Pa14_09480",4.536,"trial_2",4.38225,0.158020766040416
"2878",13.5,"Pa14_19120",4.187,"trial_2",4.50575,0.148327551385439
"2879",13.5,"Pa14_48650",4.311,"trial_2",4.50675,0.144288123211857
"2880",13.5,"Pa14_58770",4.385,"trial_2",4.5795,0.0661469324055671
"2881",13.5,"Pa14_06570",4.586,"trial_2",4.59425,0.0692078692539127
"2882",13.5,"Pa14_32750",4.383,"trial_2",4.37625,0.111255243322131
"2883",13.5,"Pa14_62830",3.951,"trial_2",3.4075,0.319105128967451
"2884",13.5,"Pa14_17250",4.429,"trial_2",4.552,0.070694177035076
"2885",13.5,"Pa14_20440",4.34,"trial_2",4.49475,0.120748619729861
"2886",13.5,"Pa14_68350",4.419,"trial_2",4.397,0.112859056644412
"2887",13.5,"Pa14_72840",4.459,"trial_2",4.493,0.0676325858345419
"2888",13.5,"Pa14",4.295,"trial_2",4.49125,0.096623302054939
"2889",13.75,"Pa14_51430",4.811,"trial_2",4.93875,0.255407313586227
"2890",13.75,"Pa14_16930",2.636,"trial_2",3.5875,0.422731100504012
"2891",13.75,"Pa14_09810",4.661,"trial_2",4.57325,0.148360133346754
"2892",13.75,"Pa14_64590",3.927,"trial_2",4.1535,0.0787130865866661
"2893",13.75,"Pa14_05300",3.765,"trial_2",4.11475,0.179782449551303
"2894",13.75,"Pa14_18520",4.475,"trial_2",4.5345,0.111818677628859
"2895",13.75,"Pa14_01960",4.028,"trial_2",4.2565,0.0988943038467502
"2896",13.75,"Pa14_09480",4.486,"trial_2",4.39075,0.136862080821046
"2897",13.75,"Pa14_19120",4.156,"trial_2",4.50125,0.150588498343444
"2898",13.75,"Pa14_48650",4.293,"trial_2",4.49525,0.143109733538056
"2899",13.75,"Pa14_58770",4.385,"trial_2",4.5945,0.0729663164297976
"2900",13.75,"Pa14_06570",4.589,"trial_2",4.61375,0.0713913801986393
"2901",13.75,"Pa14_32750",4.394,"trial_2",4.387,0.109641081108619
"2902",13.75,"Pa14_62830",3.965,"trial_2",3.488,0.290941861317114
"2903",13.75,"Pa14_17250",4.415,"trial_2",4.5485,0.0766251699291209
"2904",13.75,"Pa14_20440",4.314,"trial_2",4.49775,0.135735880174207
"2905",13.75,"Pa14_68350",4.401,"trial_2",4.402,0.104937282856635
"2906",13.75,"Pa14_72840",4.418,"trial_2",4.489,0.0602840498528979
"2907",13.75,"Pa14",4.282,"trial_2",4.492,0.104921399151937
"2908",14,"Pa14_51430",4.835,"trial_2",4.93475,0.242533975283189
"2909",14,"Pa14_16930",2.623,"trial_2",3.5855,0.426592018209436
"2910",14,"Pa14_09810",4.727,"trial_2",4.5925,0.183162268676348
"2911",14,"Pa14_64590",3.919,"trial_2",4.11975,0.0718556133274685
"2912",14,"Pa14_05300",3.721,"trial_2",4.07375,0.178116242474776
"2913",14,"Pa14_18520",4.456,"trial_2",4.535,0.0933898638325738
"2914",14,"Pa14_01960",3.994,"trial_2",4.229,0.100876987795367
"2915",14,"Pa14_09480",4.441,"trial_2",4.413,0.127690380739245
"2916",14,"Pa14_19120",4.127,"trial_2",4.48025,0.148217956064709
"2917",14,"Pa14_48650",4.266,"trial_2",4.47275,0.139963909038485
"2918",14,"Pa14_58770",4.374,"trial_2",4.5975,0.0796978669727114
"2919",14,"Pa14_06570",4.571,"trial_2",4.6245,0.0830567075356752
"2920",14,"Pa14_32750",4.339,"trial_2",4.37575,0.103270175591342
"2921",14,"Pa14_62830",3.995,"trial_2",3.5615,0.270870664093893
"2922",14,"Pa14_17250",4.386,"trial_2",4.55,0.0815475321515005
"2923",14,"Pa14_20440",4.294,"trial_2",4.47025,0.129150025809779
"2924",14,"Pa14_68350",4.361,"trial_2",4.38225,0.0874484371882463
"2925",14,"Pa14_72840",4.395,"trial_2",4.49075,0.05736633013653
"2926",14,"Pa14",4.272,"trial_2",4.49875,0.100591065706652
"2927",14.25,"Pa14_51430",4.868,"trial_2",4.97175,0.243108472017465
"2928",14.25,"Pa14_16930",2.611,"trial_2",3.5785,0.428439513428286
"2929",14.25,"Pa14_09810",4.729,"trial_2",4.5765,0.201159348113214
"2930",14.25,"Pa14_64590",3.91,"trial_2",4.09075,0.0667125363031567
"2931",14.25,"Pa14_05300",3.684,"trial_2",4.04,0.17989580317506
"2932",14.25,"Pa14_18520",4.451,"trial_2",4.55325,0.0909618738813135
"2933",14.25,"Pa14_01960",3.966,"trial_2",4.20225,0.103325033268807
"2934",14.25,"Pa14_09480",4.388,"trial_2",4.4195,0.122519046138413
"2935",14.25,"Pa14_19120",4.097,"trial_2",4.471,0.155003763395172
"2936",14.25,"Pa14_48650",4.249,"trial_2",4.4595,0.139717870486682
"2937",14.25,"Pa14_58770",4.364,"trial_2",4.60875,0.0878913865707746
"2938",14.25,"Pa14_06570",4.554,"trial_2",4.62925,0.0912919994669121
"2939",14.25,"Pa14_32750",4.332,"trial_2",4.37525,0.102892642270151
"2940",14.25,"Pa14_62830",4.01,"trial_2",3.62975,0.252246366012806
"2941",14.25,"Pa14_17250",4.369,"trial_2",4.554,0.0953563492030465
"2942",14.25,"Pa14_20440",4.27,"trial_2",4.454,0.134161594107007
"2943",14.25,"Pa14_68350",4.35,"trial_2",4.3875,0.0878687468140218
"2944",14.25,"Pa14_72840",4.367,"trial_2",4.491,0.0570043857961823
"2945",14.25,"Pa14",4.261,"trial_2",4.51025,0.112956020202555
"2946",14.5,"Pa14_51430",4.886,"trial_2",4.98275,0.23936004087288
"2947",14.5,"Pa14_16930",2.601,"trial_2",3.58025,0.430054526581611
"2948",14.5,"Pa14_09810",4.761,"trial_2",4.56525,0.21502107454852
"2949",14.5,"Pa14_64590",3.885,"trial_2",4.051,0.0625393209642276
"2950",14.5,"Pa14_05300",3.646,"trial_2",4.00425,0.18087950639399
"2951",14.5,"Pa14_18520",4.45,"trial_2",4.566,0.0785100842779662
"2952",14.5,"Pa14_01960",3.931,"trial_2",4.176,0.105395287687195
"2953",14.5,"Pa14_09480",4.331,"trial_2",4.42775,0.121565740102492
"2954",14.5,"Pa14_19120",4.068,"trial_2",4.44775,0.158310020213504
"2955",14.5,"Pa14_48650",4.228,"trial_2",4.43825,0.137155857208749
"2956",14.5,"Pa14_58770",4.355,"trial_2",4.6,0.0896679058154773
"2957",14.5,"Pa14_06570",4.527,"trial_2",4.62675,0.0968180208776583
"2958",14.5,"Pa14_32750",4.304,"trial_2",4.375,0.101995914950878
"2959",14.5,"Pa14_62830",4.031,"trial_2",3.6885,0.239189429811046
"2960",14.5,"Pa14_17250",4.337,"trial_2",4.541,0.101716108196621
"2961",14.5,"Pa14_20440",4.252,"trial_2",4.45925,0.14762981575549
"2962",14.5,"Pa14_68350",4.322,"trial_2",4.38125,0.0828345489515093
"2963",14.5,"Pa14_72840",4.352,"trial_2",4.4975,0.0671224006324762
"2964",14.5,"Pa14",4.243,"trial_2",4.53825,0.124325764961786
"2965",14.75,"Pa14_51430",4.9,"trial_2",4.99325,0.233950983113985
"2966",14.75,"Pa14_16930",2.584,"trial_2",3.602,0.45098632647417
"2967",14.75,"Pa14_09810",4.858,"trial_2",4.58375,0.249708621864231
"2968",14.75,"Pa14_64590",3.836,"trial_2",4.01375,0.067872889776896
"2969",14.75,"Pa14_05300",3.608,"trial_2",3.96675,0.180495325424234
"2970",14.75,"Pa14_18520",4.447,"trial_2",4.5515,0.0841372886022204
"2971",14.75,"Pa14_01960",3.896,"trial_2",4.14875,0.108005690436507
"2972",14.75,"Pa14_09480",4.272,"trial_2",4.42325,0.124051316666397
"2973",14.75,"Pa14_19120",4.042,"trial_2",4.429,0.162108502758698
"2974",14.75,"Pa14_48650",4.201,"trial_2",4.41275,0.136160062059328
"2975",14.75,"Pa14_58770",4.339,"trial_2",4.60675,0.0986039003623419
"2976",14.75,"Pa14_06570",4.506,"trial_2",4.619,0.102121659472089
"2977",14.75,"Pa14_32750",4.28,"trial_2",4.36775,0.103729114363647
"2978",14.75,"Pa14_62830",4.033,"trial_2",3.74225,0.213909005186785
"2979",14.75,"Pa14_17250",4.31,"trial_2",4.5305,0.10695910433432
"2980",14.75,"Pa14_20440",4.224,"trial_2",4.437,0.152557093137837
"2981",14.75,"Pa14_68350",4.284,"trial_2",4.36425,0.0795753050051752
"2982",14.75,"Pa14_72840",4.338,"trial_2",4.48725,0.069830001909399
"2983",14.75,"Pa14",4.228,"trial_2",4.54575,0.13735378589613
"2984",15,"Pa14_51430",4.935,"trial_2",5.0165,0.231374696110011
"2985",15,"Pa14_16930",2.573,"trial_2",3.59425,0.451042011162301
"2986",15,"Pa14_09810",4.807,"trial_2",4.571,0.273493753737326
"2987",15,"Pa14_64590",3.813,"trial_2",3.9815,0.0666264462006892
"2988",15,"Pa14_05300",3.569,"trial_2",3.9285,0.180590005260535
"2989",15,"Pa14_18520",4.422,"trial_2",4.54425,0.085447230304245
"2990",15,"Pa14_01960",3.859,"trial_2",4.11825,0.109964672357383
"2991",15,"Pa14_09480",4.218,"trial_2",4.42025,0.130746175852298
"2992",15,"Pa14_19120",4.006,"trial_2",4.4055,0.170042396674084
"2993",15,"Pa14_48650",4.178,"trial_2",4.3925,0.135192147207841
"2994",15,"Pa14_58770",4.328,"trial_2",4.61025,0.104657676100068
"2995",15,"Pa14_06570",4.503,"trial_2",4.61675,0.106384816429163
"2996",15,"Pa14_32750",4.261,"trial_2",4.363,0.105010316953463
"2997",15,"Pa14_62830",4.048,"trial_2",3.78775,0.202242583300352
"2998",15,"Pa14_17250",4.293,"trial_2",4.51975,0.120358751932158
"2999",15,"Pa14_20440",4.205,"trial_2",4.43425,0.164291090750533
"3000",15,"Pa14_68350",4.255,"trial_2",4.3565,0.0829301915267695
"3001",15,"Pa14_72840",4.302,"trial_2",4.474,0.079911409281362
"3002",15,"Pa14",4.212,"trial_2",4.536,0.140206989840022
"3003",15.25,"Pa14_51430",4.962,"trial_2",5.02775,0.221061218896486
"3004",15.25,"Pa14_16930",2.563,"trial_2",3.577,0.445085572296684
"3005",15.25,"Pa14_09810",4.834,"trial_2",4.54125,0.277737698497461
"3006",15.25,"Pa14_64590",3.765,"trial_2",3.94175,0.0699206395375023
"3007",15.25,"Pa14_05300",3.533,"trial_2",3.89175,0.179767152635476
"3008",15.25,"Pa14_18520",4.438,"trial_2",4.552,0.0852330139480393
"3009",15.25,"Pa14_01960",3.825,"trial_2",4.0895,0.112214452426295
"3010",15.25,"Pa14_09480",4.161,"trial_2",4.412,0.139751565286404
"3011",15.25,"Pa14_19120",3.981,"trial_2",4.39475,0.176127971940859
"3012",15.25,"Pa14_48650",4.149,"trial_2",4.365,0.132899084521552
"3013",15.25,"Pa14_58770",4.316,"trial_2",4.61025,0.114561755544044
"3014",15.25,"Pa14_06570",4.492,"trial_2",4.60975,0.110547406874457
"3015",15.25,"Pa14_32750",4.231,"trial_2",4.348,0.101701360200671
"3016",15.25,"Pa14_62830",4.051,"trial_2",3.827,0.188614686596776
"3017",15.25,"Pa14_17250",4.272,"trial_2",4.50375,0.127858238556092
"3018",15.25,"Pa14_20440",4.181,"trial_2",4.4205,0.17078568441178
"3019",15.25,"Pa14_68350",4.224,"trial_2",4.33175,0.0828958935452574
"3020",15.25,"Pa14_72840",4.29,"trial_2",4.46625,0.0810127304810793
"3021",15.25,"Pa14",4.203,"trial_2",4.5565,0.151937212909368
"3022",15.5,"Pa14_51430",4.99,"trial_2",5.03125,0.214138341187809
"3023",15.5,"Pa14_16930",2.557,"trial_2",3.5825,0.449960090822879
"3024",15.5,"Pa14_09810",4.92,"trial_2",4.55375,0.308281898863145
"3025",15.5,"Pa14_64590",3.73,"trial_2",3.901,0.0694922057979646
"3026",15.5,"Pa14_05300",3.498,"trial_2",3.85525,0.179374549941363
"3027",15.5,"Pa14_18520",4.425,"trial_2",4.55,0.0818769401805741
"3028",15.5,"Pa14_01960",3.792,"trial_2",4.05975,0.11277734332155
"3029",15.5,"Pa14_09480",4.118,"trial_2",4.404,0.145946908154986
"3030",15.5,"Pa14_19120",3.955,"trial_2",4.37725,0.180089040477204
"3031",15.5,"Pa14_48650",4.128,"trial_2",4.33825,0.130569505755874
"3032",15.5,"Pa14_58770",4.309,"trial_2",4.6105,0.116594382368963
"3033",15.5,"Pa14_06570",4.479,"trial_2",4.60225,0.113289728131018
"3034",15.5,"Pa14_32750",4.227,"trial_2",4.34325,0.103267754728505
"3035",15.5,"Pa14_62830",4.067,"trial_2",3.8655,0.17890104341041
"3036",15.5,"Pa14_17250",4.258,"trial_2",4.4915,0.128347510039476
"3037",15.5,"Pa14_20440",4.165,"trial_2",4.4165,0.181309358096413
"3038",15.5,"Pa14_68350",4.189,"trial_2",4.32725,0.0855836579026626
"3039",15.5,"Pa14_72840",4.278,"trial_2",4.45575,0.083477916241363
"3040",15.5,"Pa14",4.193,"trial_2",4.553,0.15366684743301
"3041",15.75,"Pa14_51430",5.005,"trial_2",5.0375,0.205483373212206
"3042",15.75,"Pa14_16930",2.541,"trial_2",3.57275,0.447950215797842
"3043",15.75,"Pa14_09810",4.944,"trial_2",4.551,0.330959463781694
"3044",15.75,"Pa14_64590",3.706,"trial_2",3.8675,0.0689184300459608
"3045",15.75,"Pa14_05300",3.459,"trial_2",3.8175,0.176977164251964
"3046",15.75,"Pa14_18520",4.401,"trial_2",4.54875,0.0828798075528655
"3047",15.75,"Pa14_01960",3.759,"trial_2",4.03075,0.112553228148582
"3048",15.75,"Pa14_09480",4.071,"trial_2",4.40375,0.156054143915929
"3049",15.75,"Pa14_19120",3.914,"trial_2",4.3525,0.186059802214234
"3050",15.75,"Pa14_48650",4.098,"trial_2",4.31025,0.131060021237091
"3051",15.75,"Pa14_58770",4.292,"trial_2",4.605,0.119286070715179
"3052",15.75,"Pa14_06570",4.459,"trial_2",4.587,0.113637581811652
"3053",15.75,"Pa14_32750",4.206,"trial_2",4.33,0.105115016370958
"3054",15.75,"Pa14_62830",4.149,"trial_2",3.912,0.177413828848449
"3055",15.75,"Pa14_17250",4.225,"trial_2",4.47525,0.13773850526753
"3056",15.75,"Pa14_20440",4.135,"trial_2",4.40275,0.190477634295123
"3057",15.75,"Pa14_68350",4.162,"trial_2",4.3065,0.0835608560671003
"3058",15.75,"Pa14_72840",4.245,"trial_2",4.4445,0.0877596148578604
"3059",15.75,"Pa14",4.193,"trial_2",4.55575,0.15375433598222
"3060",16,"Pa14_51430",5.017,"trial_2",5.05725,0.203517556572728
"3061",16,"Pa14_16930",2.524,"trial_2",3.567,0.452338184695183
"3062",16,"Pa14_09810",5,"trial_2",4.539,0.349215072221499
"3063",16,"Pa14_64590",3.678,"trial_2",3.83475,0.0692536100142079
"3064",16,"Pa14_05300",3.425,"trial_2",3.783,0.1770889606949
"3065",16,"Pa14_18520",4.384,"trial_2",4.548,0.0861423240921673
"3066",16,"Pa14_01960",3.727,"trial_2",3.99625,0.112797292372941
"3067",16,"Pa14_09480",4.029,"trial_2",4.39425,0.160326424833837
"3068",16,"Pa14_19120",3.886,"trial_2",4.3405,0.195190718700113
"3069",16,"Pa14_48650",4.072,"trial_2",4.2815,0.129518660174252
"3070",16,"Pa14_58770",4.284,"trial_2",4.6015,0.119898220726303
"3071",16,"Pa14_06570",4.445,"trial_2",4.5865,0.120996212061921
"3072",16,"Pa14_32750",4.186,"trial_2",4.3195,0.110708701856117
"3073",16,"Pa14_62830",4.137,"trial_2",3.9345,0.163949433261194
"3074",16,"Pa14_17250",4.2,"trial_2",4.4565,0.142310985755375
"3075",16,"Pa14_20440",4.11,"trial_2",4.38525,0.19485523472568
"3076",16,"Pa14_68350",4.128,"trial_2",4.28925,0.0909701187203799
"3077",16,"Pa14_72840",4.25,"trial_2",4.43675,0.086041051248808
"3078",16,"Pa14",4.182,"trial_2",4.546,0.158520240558317
"3079",16.25,"Pa14_51430",5.012,"trial_2",5.048,0.193561790306524
"3080",16.25,"Pa14_16930",2.518,"trial_2",3.5555,0.449955831165682
"3081",16.25,"Pa14_09810",5.014,"trial_2",4.53625,0.374685507014438
"3082",16.25,"Pa14_64590",3.651,"trial_2",3.798,0.0670795547590074
"3083",16.25,"Pa14_05300",3.389,"trial_2",3.74925,0.177249529853631
"3084",16.25,"Pa14_18520",4.362,"trial_2",4.53925,0.0859363863564205
"3085",16.25,"Pa14_01960",3.694,"trial_2",3.9655,0.112795907136149
"3086",16.25,"Pa14_09480",3.986,"trial_2",4.381,0.176086153156156
"3087",16.25,"Pa14_19120",3.859,"trial_2",4.31925,0.195213291470296
"3088",16.25,"Pa14_48650",4.049,"trial_2",4.255,0.128475678632183
"3089",16.25,"Pa14_58770",4.265,"trial_2",4.59975,0.122880277099297
"3090",16.25,"Pa14_06570",4.438,"trial_2",4.5835,0.125938146193545
"3091",16.25,"Pa14_32750",4.174,"trial_2",4.3105,0.109740223558487
"3092",16.25,"Pa14_62830",4.127,"trial_2",3.96025,0.153159162855726
"3093",16.25,"Pa14_17250",4.191,"trial_2",4.4455,0.143564445459173
"3094",16.25,"Pa14_20440",4.093,"trial_2",4.37625,0.203460223385309
"3095",16.25,"Pa14_68350",4.073,"trial_2",4.2585,0.0976093404000526
"3096",16.25,"Pa14_72840",4.176,"trial_2",4.409,0.0999408158194972
"3097",16.25,"Pa14",4.172,"trial_2",4.54075,0.159313305052236
"3098",16.5,"Pa14_51430",5.013,"trial_2",5.0575,0.190570415682323
"3099",16.5,"Pa14_16930",2.508,"trial_2",3.5445,0.447185550601388
"3100",16.5,"Pa14_09810",5.01,"trial_2",4.513,0.389132154072795
"3101",16.5,"Pa14_64590",3.613,"trial_2",3.767,0.0726727826172449
"3102",16.5,"Pa14_05300",3.355,"trial_2",3.7125,0.175410233452898
"3103",16.5,"Pa14_18520",4.354,"trial_2",4.53125,0.0847047568518635
"3104",16.5,"Pa14_01960",3.664,"trial_2",3.93025,0.109534146121959
"3105",16.5,"Pa14_09480",3.955,"trial_2",4.37125,0.183900958398808
"3106",16.5,"Pa14_19120",3.828,"trial_2",4.2925,0.20118917300226
"3107",16.5,"Pa14_48650",4.027,"trial_2",4.2235,0.124783479141538
"3108",16.5,"Pa14_58770",4.25,"trial_2",4.58725,0.123858370057632
"3109",16.5,"Pa14_06570",4.423,"trial_2",4.567,0.128335497817245
"3110",16.5,"Pa14_32750",4.137,"trial_2",4.29125,0.11721943453768
"3111",16.5,"Pa14_62830",4.117,"trial_2",3.96825,0.144691266149689
"3112",16.5,"Pa14_17250",4.162,"trial_2",4.4245,0.149551830480272
"3113",16.5,"Pa14_20440",4.072,"trial_2",4.36375,0.210165956250451
"3114",16.5,"Pa14_68350",4.034,"trial_2",4.2325,0.101415399882529
"3115",16.5,"Pa14_72840",4.169,"trial_2",4.40325,0.102456799839412
"3116",16.5,"Pa14",4.169,"trial_2",4.53625,0.155512794221783
"3117",16.75,"Pa14_51430",5.041,"trial_2",5.06275,0.184088916468827
"3118",16.75,"Pa14_16930",2.506,"trial_2",3.53875,0.446479072857844
"3119",16.75,"Pa14_09810",4.995,"trial_2",4.50175,0.408859669283566
"3120",16.75,"Pa14_64590",3.591,"trial_2",3.7335,0.0726458303460472
"3121",16.75,"Pa14_05300",3.318,"trial_2",3.67825,0.175577321523406
"3122",16.75,"Pa14_18520",4.326,"trial_2",4.51525,0.0887978744114971
"3123",16.75,"Pa14_01960",3.635,"trial_2",3.90075,0.110592627089995
"3124",16.75,"Pa14_09480",3.914,"trial_2",4.3455,0.189302447598193
"3125",16.75,"Pa14_19120",3.795,"trial_2",4.26925,0.207689020332483
"3126",16.75,"Pa14_48650",4.004,"trial_2",4.1965,0.125185528982653
"3127",16.75,"Pa14_58770",4.249,"trial_2",4.5805,0.123696200426691
"3128",16.75,"Pa14_06570",4.42,"trial_2",4.561,0.131748497777647
"3129",16.75,"Pa14_32750",4.126,"trial_2",4.28025,0.12071410784715
"3130",16.75,"Pa14_62830",4.169,"trial_2",4.004,0.143765433954063
"3131",16.75,"Pa14_17250",4.134,"trial_2",4.4085,0.160580976457363
"3132",16.75,"Pa14_20440",4.044,"trial_2",4.3425,0.213918013890057
"3133",16.75,"Pa14_68350",4.016,"trial_2",4.21325,0.0991525550183488
"3134",16.75,"Pa14_72840",4.145,"trial_2",4.38575,0.102905599944804
"3135",16.75,"Pa14",4.169,"trial_2",4.53375,0.157271196239701
"3136",17,"Pa14_51430",5.072,"trial_2",5.06575,0.176985110013997
"3137",17,"Pa14_16930",2.512,"trial_2",3.531,0.438452011817333
"3138",17,"Pa14_09810",4.998,"trial_2",4.49475,0.429842485685164
"3139",17,"Pa14_64590",3.564,"trial_2",3.69625,0.0690125290557205
"3140",17,"Pa14_05300",3.289,"trial_2",3.64625,0.173550364928071
"3141",17,"Pa14_18520",4.336,"trial_2",4.51025,0.0822874787963919
"3142",17,"Pa14_01960",3.609,"trial_2",3.86975,0.107715965235738
"3143",17,"Pa14_09480",3.882,"trial_2",4.3415,0.196852525172187
"3144",17,"Pa14_19120",3.782,"trial_2",4.24525,0.203609665373069
"3145",17,"Pa14_48650",3.984,"trial_2",4.16775,0.124848157775756
"3146",17,"Pa14_58770",4.236,"trial_2",4.577,0.127228796530765
"3147",17,"Pa14_06570",4.408,"trial_2",4.55075,0.137699779108997
"3148",17,"Pa14_32750",4.11,"trial_2",4.26875,0.124971580102571
"3149",17,"Pa14_62830",4.081,"trial_2",3.9955,0.130047747641652
"3150",17,"Pa14_17250",4.113,"trial_2",4.3855,0.162275742693314
"3151",17,"Pa14_20440",4.023,"trial_2",4.32975,0.220399022608238
"3152",17,"Pa14_68350",3.985,"trial_2",4.184,0.0979396072417419
"3153",17,"Pa14_72840",4.129,"trial_2",4.3695,0.103422676430269
"3154",17,"Pa14",4.157,"trial_2",4.526,0.159502873537334
"3155",17.25,"Pa14_51430",5.082,"trial_2",5.052,0.166735319193825
"3156",17.25,"Pa14_16930",2.504,"trial_2",3.52575,0.441551502281066
"3157",17.25,"Pa14_09810",5.049,"trial_2",4.47625,0.442524834519676
"3158",17.25,"Pa14_64590",3.534,"trial_2",3.658,0.0655146294095195
"3159",17.25,"Pa14_05300",3.257,"trial_2",3.61425,0.173010295936398
"3160",17.25,"Pa14_18520",4.307,"trial_2",4.4965,0.0870914270560924
"3161",17.25,"Pa14_01960",3.58,"trial_2",3.83875,0.106799949282135
"3162",17.25,"Pa14_09480",3.843,"trial_2",4.328,0.205374860519328
"3163",17.25,"Pa14_19120",3.75,"trial_2",4.22175,0.20560535620455
"3164",17.25,"Pa14_48650",3.96,"trial_2",4.14075,0.124155396580254
"3165",17.25,"Pa14_58770",4.223,"trial_2",4.56475,0.126515068272518
"3166",17.25,"Pa14_06570",4.402,"trial_2",4.535,0.137960139170704
"3167",17.25,"Pa14_32750",4.093,"trial_2",4.24975,0.128814708658083
"3168",17.25,"Pa14_62830",4.152,"trial_2",4.02575,0.134180459953502
"3169",17.25,"Pa14_17250",4.08,"trial_2",4.35425,0.162114350074261
"3170",17.25,"Pa14_20440",4.006,"trial_2",4.31825,0.225317692381224
"3171",17.25,"Pa14_68350",3.939,"trial_2",4.154,0.0944007415225113
"3172",17.25,"Pa14_72840",4.128,"trial_2",4.35875,0.102010926702323
"3173",17.25,"Pa14",4.155,"trial_2",4.51475,0.15794322555906
"3174",17.5,"Pa14_51430",5.087,"trial_2",5.05225,0.16621591129211
"3175",17.5,"Pa14_16930",2.509,"trial_2",3.5165,0.432415020553172
"3176",17.5,"Pa14_09810",5.016,"trial_2",4.447,0.452917394970282
"3177",17.5,"Pa14_64590",3.521,"trial_2",3.641,0.0742439672072194
"3178",17.5,"Pa14_05300",3.225,"trial_2",3.58225,0.17351146696016
"3179",17.5,"Pa14_18520",4.303,"trial_2",4.48175,0.0828083882627037
"3180",17.5,"Pa14_01960",3.549,"trial_2",3.80775,0.106921602899819
"3181",17.5,"Pa14_09480",3.81,"trial_2",4.319,0.215171636916517
"3182",17.5,"Pa14_19120",3.724,"trial_2",4.1975,0.210340002535577
"3183",17.5,"Pa14_48650",3.934,"trial_2",4.111,0.123325450198516
"3184",17.5,"Pa14_58770",4.219,"trial_2",4.55775,0.126939207891022
"3185",17.5,"Pa14_06570",4.397,"trial_2",4.52525,0.140876053678402
"3186",17.5,"Pa14_32750",4.071,"trial_2",4.23475,0.133126740990181
"3187",17.5,"Pa14_62830",4.18,"trial_2",4.041,0.126640567486621
"3188",17.5,"Pa14_17250",4.055,"trial_2",4.33425,0.16676499182982
"3189",17.5,"Pa14_20440",3.982,"trial_2",4.2945,0.224464733681411
"3190",17.5,"Pa14_68350",3.908,"trial_2",4.1195,0.0945643519867114
"3191",17.5,"Pa14_72840",4.115,"trial_2",4.34625,0.102157863949217
"3192",17.5,"Pa14",4.149,"trial_2",4.5025,0.157450785961836
"3193",17.75,"Pa14_51430",5.102,"trial_2",5.044,0.156691310118547
"3194",17.75,"Pa14_16930",2.503,"trial_2",3.51075,0.431682440188
"3195",17.75,"Pa14_09810",5.066,"trial_2",4.46175,0.466957952246952
"3196",17.75,"Pa14_64590",3.506,"trial_2",3.602,0.063562305391377
"3197",17.75,"Pa14_05300",3.195,"trial_2",3.552,0.17247173681505
"3198",17.75,"Pa14_18520",4.272,"trial_2",4.4655,0.0831068589227145
"3199",17.75,"Pa14_01960",3.522,"trial_2",3.77725,0.10497569163065
"3200",17.75,"Pa14_09480",3.77,"trial_2",4.30625,0.223247760347108
"3201",17.75,"Pa14_19120",3.696,"trial_2",4.1705,0.209302213716594
"3202",17.75,"Pa14_48650",3.912,"trial_2",4.085,0.121632643644706
"3203",17.75,"Pa14_58770",4.205,"trial_2",4.54775,0.127128789684582
"3204",17.75,"Pa14_06570",4.378,"trial_2",4.5145,0.147987893648996
"3205",17.75,"Pa14_32750",4.044,"trial_2",4.21875,0.138371104281205
"3206",17.75,"Pa14_62830",4.111,"trial_2",4.0335,0.116597955956926
"3207",17.75,"Pa14_17250",4.041,"trial_2",4.31125,0.16755913135368
"3208",17.75,"Pa14_20440",3.965,"trial_2",4.28425,0.231554664172415
"3209",17.75,"Pa14_68350",3.878,"trial_2",4.10025,0.0955339163159694
"3210",17.75,"Pa14_72840",4.102,"trial_2",4.333,0.102309171957683
"3211",17.75,"Pa14",4.141,"trial_2",4.48775,0.155355171032916
"3212",18,"Pa14_51430",5.103,"trial_2",5.03975,0.154522584649192
"3213",18,"Pa14_16930",2.497,"trial_2",3.5075,0.433736575200509
"3214",18,"Pa14_09810",5.07,"trial_2",4.47575,0.473890172754546
"3215",18,"Pa14_64590",3.521,"trial_2",3.5785,0.0577732637125513
"3216",18,"Pa14_05300",3.165,"trial_2",3.51975,0.170918779444117
"3217",18,"Pa14_18520",4.277,"trial_2",4.455,0.0792012205293159
"3218",18,"Pa14_01960",3.497,"trial_2",3.7495,0.103767769562615
"3219",18,"Pa14_09480",3.737,"trial_2",4.29725,0.233222488552598
"3220",18,"Pa14_19120",3.675,"trial_2",4.14625,0.209567560705373
"3221",18,"Pa14_48650",3.884,"trial_2",4.05625,0.122091751700651
"3222",18,"Pa14_58770",4.199,"trial_2",4.537,0.127670800629327
"3223",18,"Pa14_06570",4.364,"trial_2",4.495,0.150728785129672
"3224",18,"Pa14_32750",4.025,"trial_2",4.206,0.142258567404568
"3225",18,"Pa14_62830",4.106,"trial_2",4.0385,0.111320483290363
"3226",18,"Pa14_17250",4.016,"trial_2",4.29075,0.170502871432321
"3227",18,"Pa14_20440",3.95,"trial_2",4.24225,0.219906940545313
"3228",18,"Pa14_68350",3.832,"trial_2",4.067,0.0990479681770405
"3229",18,"Pa14_72840",4.067,"trial_2",4.315,0.107614280341102
"3230",18,"Pa14",4.128,"trial_2",4.4685,0.154864187811988
"3231",18.25,"Pa14_51430",5.107,"trial_2",5.023,0.147934670265853
"3232",18.25,"Pa14_16930",2.504,"trial_2",3.497,0.429762919138758
"3233",18.25,"Pa14_09810",5.051,"trial_2",4.48425,0.477803895442471
"3234",18.25,"Pa14_64590",3.514,"trial_2",3.5675,0.0723676953711622
"3235",18.25,"Pa14_05300",3.133,"trial_2",3.4885,0.170822763900678
"3236",18.25,"Pa14_18520",4.249,"trial_2",4.4325,0.0778957636845548
"3237",18.25,"Pa14_01960",3.468,"trial_2",3.7195,0.102241951598484
"3238",18.25,"Pa14_09480",3.698,"trial_2",4.27875,0.239405992336589
"3239",18.25,"Pa14_19120",3.646,"trial_2",4.1175,0.210102554323676
"3240",18.25,"Pa14_48650",3.857,"trial_2",4.02825,0.120167504620287
"3241",18.25,"Pa14_58770",4.192,"trial_2",4.51725,0.123696789907149
"3242",18.25,"Pa14_06570",4.345,"trial_2",4.4765,0.154831359872604
"3243",18.25,"Pa14_32750",4.018,"trial_2",4.19375,0.147013817377823
"3244",18.25,"Pa14_62830",4.124,"trial_2",4.052,0.110070431996972
"3245",18.25,"Pa14_17250",3.992,"trial_2",4.264,0.167798986886095
"3246",18.25,"Pa14_20440",3.923,"trial_2",4.23175,0.230623565939534
"3247",18.25,"Pa14_68350",3.813,"trial_2",4.04525,0.0956071606453547
"3248",18.25,"Pa14_72840",4.042,"trial_2",4.2975,0.109812339925894
"3249",18.25,"Pa14",4.127,"trial_2",4.46,0.15182939987587
"3250",18.5,"Pa14_51430",5.113,"trial_2",5.019,0.145865234606011
"3251",18.5,"Pa14_16930",2.507,"trial_2",3.48725,0.423720107106881
"3252",18.5,"Pa14_09810",5.064,"trial_2",4.499,0.472660731039365
"3253",18.5,"Pa14_64590",3.522,"trial_2",3.53325,0.0628588034142129
"3254",18.5,"Pa14_05300",3.106,"trial_2",3.45875,0.169592342103056
"3255",18.5,"Pa14_18520",4.227,"trial_2",4.416,0.0792916557190392
"3256",18.5,"Pa14_01960",3.442,"trial_2",3.69175,0.102032980779092
"3257",18.5,"Pa14_09480",3.667,"trial_2",4.263,0.247129183491819
"3258",18.5,"Pa14_19120",3.629,"trial_2",4.096,0.208467023771147
"3259",18.5,"Pa14_48650",3.833,"trial_2",4.0015,0.120306899220286
"3260",18.5,"Pa14_58770",4.177,"trial_2",4.5015,0.123974123644143
"3261",18.5,"Pa14_06570",4.325,"trial_2",4.462,0.160954962644834
"3262",18.5,"Pa14_32750",3.972,"trial_2",4.16775,0.151290215039396
"3263",18.5,"Pa14_62830",4.171,"trial_2",4.08325,0.104212423283727
"3264",18.5,"Pa14_17250",3.971,"trial_2",4.2425,0.168814740667593
"3265",18.5,"Pa14_20440",3.902,"trial_2",4.201,0.227575994633295
"3266",18.5,"Pa14_68350",3.755,"trial_2",4.002,0.100507047845744
"3267",18.5,"Pa14_72840",4.006,"trial_2",4.27475,0.115112535517785
"3268",18.5,"Pa14",4.115,"trial_2",4.4365,0.151449936722778
"3269",18.75,"Pa14_51430",5.133,"trial_2",5.0115,0.143709487044755
"3270",18.75,"Pa14_16930",2.503,"trial_2",3.4865,0.423959215805797
"3271",18.75,"Pa14_09810",5.088,"trial_2",4.52125,0.473351415441002
"3272",18.75,"Pa14_64590",3.505,"trial_2",3.50925,0.0678507860431009
"3273",18.75,"Pa14_05300",3.077,"trial_2",3.43075,0.169499446901752
"3274",18.75,"Pa14_18520",4.21,"trial_2",4.401,0.0798028821534662
"3275",18.75,"Pa14_01960",3.415,"trial_2",3.6645,0.101502463024303
"3276",18.75,"Pa14_09480",3.63,"trial_2",4.25025,0.255068740734728
"3277",18.75,"Pa14_19120",3.605,"trial_2",4.07225,0.208094279514519
"3278",18.75,"Pa14_48650",3.814,"trial_2",3.97675,0.118214053733048
"3279",18.75,"Pa14_58770",4.165,"trial_2",4.487,0.125019331838454
"3280",18.75,"Pa14_06570",4.313,"trial_2",4.45025,0.165315544237881
"3281",18.75,"Pa14_32750",3.973,"trial_2",4.15625,0.153563979608935
"3282",18.75,"Pa14_62830",4.134,"trial_2",4.0655,0.0991375307338245
"3283",18.75,"Pa14_17250",3.953,"trial_2",4.22175,0.165712288319243
"3284",18.75,"Pa14_20440",3.884,"trial_2",4.20725,0.245277861142555
"3285",18.75,"Pa14_68350",3.747,"trial_2",3.975,0.0971322123019273
"3286",18.75,"Pa14_72840",3.974,"trial_2",4.253,0.118966381805954
"3287",18.75,"Pa14",4.104,"trial_2",4.4185,0.150375363673708
"3288",19,"Pa14_51430",5.127,"trial_2",5.00475,0.145777441670514
"3289",19,"Pa14_16930",2.508,"trial_2",3.4875,0.422191208656299
"3290",19,"Pa14_09810",5.123,"trial_2",4.539,0.476886254781997
"3291",19,"Pa14_64590",3.515,"trial_2",3.4885,0.0669608094335784
"3292",19,"Pa14_05300",3.048,"trial_2",3.4025,0.168923306069155
"3293",19,"Pa14_18520",4.187,"trial_2",4.38175,0.0814569160149503
"3294",19,"Pa14_01960",3.387,"trial_2",3.63675,0.101472800132186
"3295",19,"Pa14_09480",3.592,"trial_2",4.23475,0.26397391758783
"3296",19,"Pa14_19120",3.581,"trial_2",4.05175,0.208865736379458
"3297",19,"Pa14_48650",3.792,"trial_2",3.9525,0.117944549118078
"3298",19,"Pa14_58770",4.143,"trial_2",4.46575,0.124946905390517
"3299",19,"Pa14_06570",4.286,"trial_2",4.432,0.172966759812399
"3300",19,"Pa14_32750",3.937,"trial_2",4.13525,0.158071384190814
"3301",19,"Pa14_62830",4.14,"trial_2",4.07525,0.0968756720406797
"3302",19,"Pa14_17250",3.928,"trial_2",4.19975,0.165864590856518
"3303",19,"Pa14_20440",3.86,"trial_2",4.17675,0.243143090586593
"3304",19,"Pa14_68350",3.7,"trial_2",3.94175,0.100356344260507
"3305",19,"Pa14_72840",3.974,"trial_2",4.2405,0.113631348374176
"3306",19,"Pa14",4.093,"trial_2",4.398,0.147585568400166
"3307",19.25,"Pa14_51430",5.127,"trial_2",4.9855,0.142310985755375
"3308",19.25,"Pa14_16930",2.506,"trial_2",3.48575,0.417428112573491
"3309",19.25,"Pa14_09810",5.165,"trial_2",4.5595,0.485432710750591
"3310",19.25,"Pa14_64590",3.509,"trial_2",3.4645,0.0710240569572498
"3311",19.25,"Pa14_05300",3.02,"trial_2",3.374,0.168734011588259
"3312",19.25,"Pa14_18520",4.162,"trial_2",4.3585,0.0817491080481413
"3313",19.25,"Pa14_01960",3.359,"trial_2",3.6115,0.101323327356866
"3314",19.25,"Pa14_09480",3.556,"trial_2",4.215,0.271383799565609
"3315",19.25,"Pa14_19120",3.553,"trial_2",4.0235,0.210084308473209
"3316",19.25,"Pa14_48650",3.772,"trial_2",3.93025,0.116478449365823
"3317",19.25,"Pa14_58770",4.116,"trial_2",4.44225,0.125986358388518
"3318",19.25,"Pa14_06570",4.264,"trial_2",4.41375,0.178154602803296
"3319",19.25,"Pa14_32750",3.927,"trial_2",4.1175,0.160453783584765
"3320",19.25,"Pa14_62830",4.139,"trial_2",4.08525,0.0889347841585807
"3321",19.25,"Pa14_17250",3.901,"trial_2",4.175,0.164170135327146
"3322",19.25,"Pa14_20440",3.84,"trial_2",4.14775,0.241591381951702
"3323",19.25,"Pa14_68350",3.655,"trial_2",3.9035,0.10123281747207
"3324",19.25,"Pa14_72840",3.924,"trial_2",4.2155,0.119209549393774
"3325",19.25,"Pa14",4.096,"trial_2",4.38775,0.144322771938457
"3326",19.5,"Pa14_51430",5.133,"trial_2",4.973,0.143100780337961
"3327",19.5,"Pa14_16930",2.513,"trial_2",3.47475,0.41633707797889
"3328",19.5,"Pa14_09810",5.13,"trial_2",4.53675,0.486595892399433
"3329",19.5,"Pa14_64590",3.486,"trial_2",3.43675,0.0723456690710187
"3330",19.5,"Pa14_05300",2.996,"trial_2",3.34725,0.167003181107427
"3331",19.5,"Pa14_18520",4.148,"trial_2",4.3405,0.0807944923865483
"3332",19.5,"Pa14_01960",3.335,"trial_2",3.5865,0.100996287060466
"3333",19.5,"Pa14_09480",3.516,"trial_2",4.19175,0.276175178404336
"3334",19.5,"Pa14_19120",3.539,"trial_2",3.99925,0.205025354123175
"3335",19.5,"Pa14_48650",3.751,"trial_2",3.9075,0.115968745789545
"3336",19.5,"Pa14_58770",4.106,"trial_2",4.425,0.124426015500511
"3337",19.5,"Pa14_06570",4.251,"trial_2",4.3875,0.179718529929443
"3338",19.5,"Pa14_32750",3.904,"trial_2",4.097,0.161919218542251
"3339",19.5,"Pa14_62830",4.138,"trial_2",4.08475,0.084357745149255
"3340",19.5,"Pa14_17250",3.884,"trial_2",4.15625,0.160325385284635
"3341",19.5,"Pa14_20440",3.816,"trial_2",4.14075,0.253787764020779
"3342",19.5,"Pa14_68350",3.611,"trial_2",3.86475,0.105153360225276
"3343",19.5,"Pa14_72840",3.893,"trial_2",4.1935,0.123352138206032
"3344",19.5,"Pa14",4.082,"trial_2",4.36725,0.142856206842172
"3345",19.75,"Pa14_51430",5.136,"trial_2",4.96225,0.146194148879723
"3346",19.75,"Pa14_16930",2.517,"trial_2",3.46775,0.408425712339466
"3347",19.75,"Pa14_09810",5.117,"trial_2",4.52125,0.494139719613795
"3348",19.75,"Pa14_64590",3.474,"trial_2",3.4085,0.0721173811689433
"3349",19.75,"Pa14_05300",2.973,"trial_2",3.3225,0.16671657586055
"3350",19.75,"Pa14_18520",4.132,"trial_2",4.32275,0.0781423647368487
"3351",19.75,"Pa14_01960",3.314,"trial_2",3.56125,0.0997792354818041
"3352",19.75,"Pa14_09480",3.484,"trial_2",4.1725,0.281555352757973
"3353",19.75,"Pa14_19120",3.517,"trial_2",3.9815,0.205345846480192
"3354",19.75,"Pa14_48650",3.733,"trial_2",3.886,0.11629989968468
"3355",19.75,"Pa14_58770",4.08,"trial_2",4.40675,0.125524483003649
"3356",19.75,"Pa14_06570",4.229,"trial_2",4.37625,0.186543728117565
"3357",19.75,"Pa14_32750",3.883,"trial_2",4.08175,0.164665000835029
"3358",19.75,"Pa14_62830",4.153,"trial_2",4.09225,0.0773965707681334
"3359",19.75,"Pa14_17250",3.863,"trial_2",4.1355,0.159556938635293
"3360",19.75,"Pa14_20440",3.797,"trial_2",4.11225,0.250926740636917
"3361",19.75,"Pa14_68350",3.623,"trial_2",3.842,0.0976882797473679
"3362",19.75,"Pa14_72840",3.874,"trial_2",4.17875,0.12649201226428
"3363",19.75,"Pa14",4.067,"trial_2",4.347,0.143663959757948
"3364",20,"Pa14_51430",5.141,"trial_2",4.9525,0.149823507278842
"3365",20,"Pa14_16930",2.526,"trial_2",3.45975,0.405924536295438
"3366",20,"Pa14_09810",5.116,"trial_2",4.50625,0.502433805756208
"3367",20,"Pa14_64590",3.469,"trial_2",3.39125,0.0790857920235992
"3368",20,"Pa14_05300",2.947,"trial_2",3.29925,0.167508395311996
"3369",20,"Pa14_18520",4.112,"trial_2",4.31175,0.0794065226120206
"3370",20,"Pa14_01960",3.286,"trial_2",3.53625,0.100911987229797
"3371",20,"Pa14_09480",3.449,"trial_2",4.158,0.290277740563528
"3372",20,"Pa14_19120",3.499,"trial_2",3.96025,0.202329506416308
"3373",20,"Pa14_48650",3.716,"trial_2",3.86425,0.115421239379934
"3374",20,"Pa14_58770",4.063,"trial_2",4.389,0.124446106139699
"3375",20,"Pa14_06570",4.21,"trial_2",4.3535,0.192955305705752
"3376",20,"Pa14_32750",3.865,"trial_2",4.0655,0.16582395283352
"3377",20,"Pa14_62830",4.137,"trial_2",4.0865,0.0708925242885312
"3378",20,"Pa14_17250",3.845,"trial_2",4.1165,0.157561892600971
"3379",20,"Pa14_20440",3.787,"trial_2",4.08975,0.251207210286648
"3380",20,"Pa14_68350",3.573,"trial_2",3.80525,0.101324869438192
"3381",20,"Pa14_72840",3.839,"trial_2",4.152,0.132435518901338
"3382",20,"Pa14",4.035,"trial_2",4.3225,0.145645974884306
"3383",20.25,"Pa14_51430",5.138,"trial_2",4.9385,0.152880399877377
"3384",20.25,"Pa14_16930",2.531,"trial_2",3.458,0.402611682228257
"3385",20.25,"Pa14_09810",5.105,"trial_2",4.49125,0.505993803486433
"3386",20.25,"Pa14_64590",3.476,"trial_2",3.38425,0.0930137758614282
"3387",20.25,"Pa14_05300",2.924,"trial_2",3.27225,0.165416834592694
"3388",20.25,"Pa14_18520",4.1,"trial_2",4.29425,0.0794338036774438
"3389",20.25,"Pa14_01960",3.265,"trial_2",3.512,0.09945099295633
"3390",20.25,"Pa14_09480",3.414,"trial_2",4.1305,0.294265611310598
"3391",20.25,"Pa14_19120",3.482,"trial_2",3.93775,0.201564454124894
"3392",20.25,"Pa14_48650",3.698,"trial_2",3.8425,0.115636283233248
"3393",20.25,"Pa14_58770",4.044,"trial_2",4.3665,0.125854744315289
"3394",20.25,"Pa14_06570",4.19,"trial_2",4.33425,0.197432003062658
"3395",20.25,"Pa14_32750",3.842,"trial_2",4.0425,0.170005146980908
"3396",20.25,"Pa14_62830",4.1,"trial_2",4.0695,0.0609432796404437
"3397",20.25,"Pa14_17250",3.827,"trial_2",4.09325,0.154294294018498
"3398",20.25,"Pa14_20440",3.767,"trial_2",4.06975,0.253024825857069
"3399",20.25,"Pa14_68350",3.551,"trial_2",3.77,0.0969750827102852
"3400",20.25,"Pa14_72840",3.816,"trial_2",4.1355,0.133837276820274
"3401",20.25,"Pa14",4.01,"trial_2",4.30175,0.146820397651916
"3402",20.5,"Pa14_51430",5.159,"trial_2",4.933,0.15833929813326
"3403",20.5,"Pa14_16930",2.54,"trial_2",3.45475,0.397590110331398
"3404",20.5,"Pa14_09810",5.143,"trial_2",4.473,0.516431182895327
"3405",20.5,"Pa14_64590",3.493,"trial_2",3.38275,0.108543674005751
"3406",20.5,"Pa14_05300",2.901,"trial_2",3.249,0.164948982011611
"3407",20.5,"Pa14_18520",4.086,"trial_2",4.27425,0.078871599239946
"3408",20.5,"Pa14_01960",3.239,"trial_2",3.487,0.100049987506246
"3409",20.5,"Pa14_09480",3.388,"trial_2",4.10975,0.296698043752679
"3410",20.5,"Pa14_19120",3.463,"trial_2",3.9165,0.200529507388148
"3411",20.5,"Pa14_48650",3.681,"trial_2",3.823,0.114552026026023
"3412",20.5,"Pa14_58770",4.016,"trial_2",4.3445,0.127602573119301
"3413",20.5,"Pa14_06570",4.174,"trial_2",4.31375,0.19909184438344
"3414",20.5,"Pa14_32750",3.82,"trial_2",4.02475,0.170171176074759
"3415",20.5,"Pa14_62830",4.081,"trial_2",4.06075,0.0545441335067302
"3416",20.5,"Pa14_17250",3.807,"trial_2",4.07475,0.154882953118368
"3417",20.5,"Pa14_20440",3.738,"trial_2",4.05025,0.255860109890802
"3418",20.5,"Pa14_68350",3.497,"trial_2",3.725,0.097873217310287
"3419",20.5,"Pa14_72840",3.804,"trial_2",4.118,0.132761063569105
"3420",20.5,"Pa14",3.984,"trial_2",4.276,0.146819049626856
"3421",20.75,"Pa14_51430",5.118,"trial_2",4.9085,0.160541531490556
"3422",20.75,"Pa14_16930",2.538,"trial_2",3.44675,0.394466174088476
"3423",20.75,"Pa14_09810",5.113,"trial_2",4.446,0.517557887261576
"3424",20.75,"Pa14_64590",3.493,"trial_2",3.39625,0.137435666768128
"3425",20.75,"Pa14_05300",2.879,"trial_2",3.22525,0.163649205619826
"3426",20.75,"Pa14_18520",4.053,"trial_2",4.25225,0.0820318789658428
"3427",20.75,"Pa14_01960",3.215,"trial_2",3.463,0.0996636008447083
"3428",20.75,"Pa14_09480",3.352,"trial_2",4.08675,0.303329956483035
"3429",20.75,"Pa14_19120",3.442,"trial_2",3.89,0.197217730778278
"3430",20.75,"Pa14_48650",3.662,"trial_2",3.8015,0.114840831879026
"3431",20.75,"Pa14_58770",3.991,"trial_2",4.3205,0.129432414796294
"3432",20.75,"Pa14_06570",4.15,"trial_2",4.29775,0.206899885210215
"3433",20.75,"Pa14_32750",3.791,"trial_2",4.003,0.172186429972477
"3434",20.75,"Pa14_62830",4.122,"trial_2",4.07125,0.047478723304936
"3435",20.75,"Pa14_17250",3.787,"trial_2",4.05425,0.152433797105498
"3436",20.75,"Pa14_20440",3.719,"trial_2",4.03,0.257823583095108
"3437",20.75,"Pa14_68350",3.448,"trial_2",3.68425,0.101253292127548
"3438",20.75,"Pa14_72840",3.779,"trial_2",4.09975,0.133374394719026
"3439",20.75,"Pa14",3.963,"trial_2",4.252,0.150136049412969
"3440",21,"Pa14_51430",5.12,"trial_2",4.89625,0.164630077750088
"3441",21,"Pa14_16930",2.55,"trial_2",3.44225,0.391404814950796
"3442",21,"Pa14_09810",5.128,"trial_2",4.4305,0.522108625351724
"3443",21,"Pa14_64590",3.521,"trial_2",3.431,0.18226217380466
"3444",21,"Pa14_05300",2.857,"trial_2",3.203,0.163444689931079
"3445",21,"Pa14_18520",4.034,"trial_2",4.2365,0.0836923931230711
"3446",21,"Pa14_01960",3.191,"trial_2",3.4375,0.0989178952465124
"3447",21,"Pa14_09480",3.324,"trial_2",4.0665,0.306681294940964
"3448",21,"Pa14_19120",3.426,"trial_2",3.8715,0.194666167236802
"3449",21,"Pa14_48650",3.645,"trial_2",3.782,0.115678433599353
"3450",21,"Pa14_58770",3.976,"trial_2",4.304,0.129728562776283
"3451",21,"Pa14_06570",4.136,"trial_2",4.28175,0.205398951230688
"3452",21,"Pa14_32750",3.771,"trial_2",3.98525,0.175709691916335
"3453",21,"Pa14_62830",4.12,"trial_2",4.06625,0.042613329291823
"3454",21,"Pa14_17250",3.77,"trial_2",4.035,0.150526298920377
"3455",21,"Pa14_20440",3.697,"trial_2",4.00525,0.255906354942584
"3456",21,"Pa14_68350",3.44,"trial_2",3.65175,0.0948932514284692
"3457",21,"Pa14_72840",3.762,"trial_2",4.07525,0.133901316274337
"3458",21,"Pa14",3.938,"trial_2",4.23,0.151794268666508
"3459",21.25,"Pa14_51430",5.114,"trial_2",4.88,0.171354894881938
"3460",21.25,"Pa14_16930",2.556,"trial_2",3.43625,0.383549730586965
"3461",21.25,"Pa14_09810",5.116,"trial_2",4.409,0.527602912551981
"3462",21.25,"Pa14_64590",3.527,"trial_2",3.42825,0.196838078548503
"3463",21.25,"Pa14_05300",2.835,"trial_2",3.181,0.163444689931079
"3464",21.25,"Pa14_18520",4.018,"trial_2",4.2165,0.0835758138857569
"3465",21.25,"Pa14_01960",3.168,"trial_2",3.41575,0.0994102400828673
"3466",21.25,"Pa14_09480",3.299,"trial_2",4.045,0.309201929705061
"3467",21.25,"Pa14_19120",3.415,"trial_2",3.854,0.192947747676238
"3468",21.25,"Pa14_48650",3.627,"trial_2",3.7625,0.114700697469545
"3469",21.25,"Pa14_58770",3.953,"trial_2",4.283,0.13203787335458
"3470",21.25,"Pa14_06570",4.119,"trial_2",4.26375,0.21276331724869
"3471",21.25,"Pa14_32750",3.754,"trial_2",3.96275,0.17691493954252
"3472",21.25,"Pa14_62830",4.128,"trial_2",4.0615,0.0376485944846108
"3473",21.25,"Pa14_17250",3.753,"trial_2",4.0145,0.149004753839153
"3474",21.25,"Pa14_20440",3.675,"trial_2",3.9895,0.261357194914036
"3475",21.25,"Pa14_68350",3.416,"trial_2",3.61575,0.0926753967710237
"3476",21.25,"Pa14_72840",3.742,"trial_2",4.05575,0.132514386011482
"3477",21.25,"Pa14",3.911,"trial_2",4.20475,0.152626109059579
"3478",21.5,"Pa14_51430",5.103,"trial_2",4.862,0.175887274506524
"3479",21.5,"Pa14_16930",2.561,"trial_2",3.43525,0.38088370381697
"3480",21.5,"Pa14_09810",5.143,"trial_2",4.39725,0.537519515149605
"3481",21.5,"Pa14_64590",3.572,"trial_2",3.45425,0.228831224195184
"3482",21.5,"Pa14_05300",2.817,"trial_2",3.16025,0.161229326840167
"3483",21.5,"Pa14_18520",4.011,"trial_2",4.20125,0.0819139538377519
"3484",21.5,"Pa14_01960",3.147,"trial_2",3.3925,0.0988454180357728
"3485",21.5,"Pa14_09480",3.274,"trial_2",4.0255,0.311541998238868
"3486",21.5,"Pa14_19120",3.398,"trial_2",3.8345,0.19016549809749
"3487",21.5,"Pa14_48650",3.609,"trial_2",3.74325,0.114410354280837
"3488",21.5,"Pa14_58770",3.93,"trial_2",4.26375,0.13326876040543
"3489",21.5,"Pa14_06570",4.093,"trial_2",4.24725,0.216396385906358
"3490",21.5,"Pa14_32750",3.725,"trial_2",3.94475,0.178940574400181
"3491",21.5,"Pa14_62830",4.104,"trial_2",4.053,0.0326981141148334
"3492",21.5,"Pa14_17250",3.733,"trial_2",3.99525,0.14768343114017
"3493",21.5,"Pa14_20440",3.654,"trial_2",3.96875,0.263078370769371
"3494",21.5,"Pa14_68350",3.36,"trial_2",3.57425,0.0961425807503279
"3495",21.5,"Pa14_72840",3.721,"trial_2",4.037,0.132747253581132
"3496",21.5,"Pa14",3.887,"trial_2",4.182,0.155189668900134
"3497",21.75,"Pa14_51430",5.086,"trial_2",4.84625,0.179267200476458
"3498",21.75,"Pa14_16930",2.565,"trial_2",3.42525,0.377169805923009
"3499",21.75,"Pa14_09810",5.128,"trial_2",4.37975,0.542968442146196
"3500",21.75,"Pa14_64590",3.599,"trial_2",3.488,0.270890199158257
"3501",21.75,"Pa14_05300",2.796,"trial_2",3.14225,0.162458392109077
"3502",21.75,"Pa14_18520",3.985,"trial_2",4.18525,0.0831809022552654
"3503",21.75,"Pa14_01960",3.123,"trial_2",3.37025,0.0989750599898782
"3504",21.75,"Pa14_09480",3.248,"trial_2",4.0045,0.313512493105671
"3505",21.75,"Pa14_19120",3.379,"trial_2",3.81975,0.188766776296395
"3506",21.75,"Pa14_48650",3.595,"trial_2",3.72675,0.115074160870284
"3507",21.75,"Pa14_58770",3.911,"trial_2",4.247,0.133620731924354
"3508",21.75,"Pa14_06570",4.071,"trial_2",4.23,0.218717092762927
"3509",21.75,"Pa14_32750",3.695,"trial_2",3.9075,0.175541305680458
"3510",21.75,"Pa14_62830",4.102,"trial_2",4.043,0.0317568890164008
"3511",21.75,"Pa14_17250",3.718,"trial_2",3.97625,0.146408318866563
"3512",21.75,"Pa14_20440",3.639,"trial_2",3.946,0.258906353726594
"3513",21.75,"Pa14_68350",3.33,"trial_2",3.536,0.0943071223892095
"3514",21.75,"Pa14_72840",3.702,"trial_2",4.012,0.132406570833928
"3515",21.75,"Pa14",3.859,"trial_2",4.157,0.15605394366479
"3516",22,"Pa14_51430",5.066,"trial_2",4.8255,0.182868577581461
"3517",22,"Pa14_16930",2.58,"trial_2",3.41825,0.374357755585037
"3518",22,"Pa14_09810",5.173,"trial_2",4.376,0.555110349390101
"3519",22,"Pa14_64590",3.644,"trial_2",3.53325,0.322729859944815
"3520",22,"Pa14_05300",2.777,"trial_2",3.1215,0.161878812696412
"3521",22,"Pa14_18520",3.973,"trial_2",4.1625,0.0817215801772499
"3522",22,"Pa14_01960",3.102,"trial_2",3.34675,0.0983152878922364
"3523",22,"Pa14_09480",3.221,"trial_2",3.9785,0.314999074072713
"3524",22,"Pa14_19120",3.367,"trial_2",3.79575,0.184500846881525
"3525",22,"Pa14_48650",3.58,"trial_2",3.7095,0.1147900256991
"3526",22,"Pa14_58770",3.886,"trial_2",4.2225,0.135539354678509
"3527",22,"Pa14_06570",4.053,"trial_2",4.2075,0.22000776501448
"3528",22,"Pa14_32750",3.678,"trial_2",3.9015,0.182055623368244
"3529",22,"Pa14_62830",4.086,"trial_2",4.03625,0.0299454364915035
"3530",22,"Pa14_17250",3.711,"trial_2",3.95725,0.14097303229105
"3531",22,"Pa14_20440",3.619,"trial_2",3.93075,0.264118147489591
"3532",22,"Pa14_68350",3.292,"trial_2",3.49625,0.092998543895411
"3533",22,"Pa14_72840",3.687,"trial_2",3.99375,0.132016018598754
"3534",22,"Pa14",3.833,"trial_2",4.1315,0.157652835897952
"3535",22.25,"Pa14_51430",5.05,"trial_2",4.8025,0.185632477402707
"3536",22.25,"Pa14_16930",2.58,"trial_2",3.41175,0.370233344212358
"3537",22.25,"Pa14_09810",5.122,"trial_2",4.349,0.556947484059314
"3538",22.25,"Pa14_64590",3.707,"trial_2",3.557,0.34765020734449
"3539",22.25,"Pa14_05300",2.758,"trial_2",3.1015,0.160463131798761
"3540",22.25,"Pa14_18520",3.96,"trial_2",4.14925,0.0810137591194649
"3541",22.25,"Pa14_01960",3.081,"trial_2",3.325,0.0984547273285206
"3542",22.25,"Pa14_09480",3.2,"trial_2",3.95425,0.312573291405392
"3543",22.25,"Pa14_19120",3.35,"trial_2",3.7805,0.182708556632323
"3544",22.25,"Pa14_48650",3.562,"trial_2",3.69,0.114965936984251
"3545",22.25,"Pa14_58770",3.861,"trial_2",4.1995,0.134901507280929
"3546",22.25,"Pa14_06570",4.033,"trial_2",4.18975,0.221551865635717
"3547",22.25,"Pa14_32750",3.649,"trial_2",3.8755,0.180583544839132
"3548",22.25,"Pa14_62830",4.033,"trial_2",4.02525,0.0260588276789267
"3549",22.25,"Pa14_17250",3.692,"trial_2",3.936,0.139494324854693
"3550",22.25,"Pa14_20440",3.601,"trial_2",3.90925,0.260472127427613
"3551",22.25,"Pa14_68350",3.266,"trial_2",3.4615,0.0920366774715385
"3552",22.25,"Pa14_72840",3.671,"trial_2",3.97,0.130917913212822
"3553",22.25,"Pa14",3.807,"trial_2",4.10825,0.15787937114561
"3554",22.5,"Pa14_51430",5.049,"trial_2",4.78375,0.193714297785854
"3555",22.5,"Pa14_16930",2.592,"trial_2",3.4115,0.365692607709444
"3556",22.5,"Pa14_09810",5.131,"trial_2",4.34,0.559530011110515
"3557",22.5,"Pa14_64590",3.77,"trial_2",3.58575,0.380227645628247
"3558",22.5,"Pa14_05300",2.738,"trial_2",3.0805,0.160296860023312
"3559",22.5,"Pa14_18520",3.946,"trial_2",4.12525,0.07951244661477
"3560",22.5,"Pa14_01960",3.058,"trial_2",3.30375,0.0990011574006419
"3561",22.5,"Pa14_09480",3.175,"trial_2",3.92775,0.313551796624843
"3562",22.5,"Pa14_19120",3.338,"trial_2",3.76425,0.181996508666146
"3563",22.5,"Pa14_48650",3.547,"trial_2",3.673,0.114739560164168
"3564",22.5,"Pa14_58770",3.841,"trial_2",4.1765,0.135589146566629
"3565",22.5,"Pa14_06570",4.013,"trial_2",4.1685,0.222995702499697
"3566",22.5,"Pa14_32750",3.625,"trial_2",3.853,0.184246212082275
"3567",22.5,"Pa14_62830",4.03,"trial_2",4.0185,0.0265251453027752
"3568",22.5,"Pa14_17250",3.681,"trial_2",3.91625,0.137935597895056
"3569",22.5,"Pa14_20440",3.583,"trial_2",3.89075,0.261827670742927
"3570",22.5,"Pa14_68350",3.241,"trial_2",3.42425,0.0880533692332857
"3571",22.5,"Pa14_72840",3.652,"trial_2",3.952,0.131907164324005
"3572",22.5,"Pa14",3.777,"trial_2",4.084,0.159940092951496
"3573",22.75,"Pa14_51430",5.005,"trial_2",4.74825,0.195571544879787
"3574",22.75,"Pa14_16930",2.614,"trial_2",3.41075,0.362379491463484
"3575",22.75,"Pa14_09810",5.148,"trial_2",4.33275,0.569162597594044
"3576",22.75,"Pa14_64590",3.844,"trial_2",3.605,0.400839327744505
"3577",22.75,"Pa14_05300",2.719,"trial_2",3.0615,0.159614379051513
"3578",22.75,"Pa14_18520",3.927,"trial_2",4.105,0.0784038689521549
"3579",22.75,"Pa14_01960",3.036,"trial_2",3.28,0.0984547273285205
"3580",22.75,"Pa14_09480",3.15,"trial_2",3.902,0.313174073000943
"3581",22.75,"Pa14_19120",3.32,"trial_2",3.746,0.179919889580521
"3582",22.75,"Pa14_48650",3.533,"trial_2",3.65475,0.113016499532885
"3583",22.75,"Pa14_58770",3.809,"trial_2",4.14975,0.136948515265166
"3584",22.75,"Pa14_06570",3.993,"trial_2",4.15075,0.221764279885949
"3585",22.75,"Pa14_32750",3.594,"trial_2",3.8335,0.18684507842952
"3586",22.75,"Pa14_62830",4.028,"trial_2",4.015,0.0311849322590254
"3587",22.75,"Pa14_17250",3.656,"trial_2",3.8945,0.137378734404808
"3588",22.75,"Pa14_20440",3.564,"trial_2",3.87025,0.259634478642572
"3589",22.75,"Pa14_68350",3.201,"trial_2",3.383,0.0862940708662343
"3590",22.75,"Pa14_72840",3.632,"trial_2",3.92475,0.128976338269209
"3591",22.75,"Pa14",3.752,"trial_2",4.056,0.15913306800704
"3592",23,"Pa14_51430",4.973,"trial_2",4.7215,0.198441217156786
"3593",23,"Pa14_16930",2.608,"trial_2",3.402,0.361066937469125
"3594",23,"Pa14_09810",5.173,"trial_2",4.32825,0.574831188987979
"3595",23,"Pa14_64590",3.923,"trial_2",3.6205,0.41915917819686
"3596",23,"Pa14_05300",2.701,"trial_2",3.045,0.160206117236515
"3597",23,"Pa14_18520",3.917,"trial_2",4.08925,0.076017952923416
"3598",23,"Pa14_01960",3.015,"trial_2",3.26075,0.0997383034078014
"3599",23,"Pa14_09480",3.129,"trial_2",3.8785,0.311296348624051
"3600",23,"Pa14_19120",3.311,"trial_2",3.73625,0.178369641942419
"3601",23,"Pa14_48650",3.519,"trial_2",3.63925,0.113374287943372
"3602",23,"Pa14_58770",3.797,"trial_2",4.1345,0.135375096183407
"3603",23,"Pa14_06570",3.982,"trial_2",4.13175,0.220958659406385
"3604",23,"Pa14_32750",3.569,"trial_2",3.8135,0.188167257158802
"3605",23,"Pa14_62830",4.002,"trial_2",4.007,0.0310134379476596
"3606",23,"Pa14_17250",3.642,"trial_2",3.87975,0.134783391039104
"3607",23,"Pa14_20440",3.555,"trial_2",3.84675,0.256402474962054
"3608",23,"Pa14_68350",3.182,"trial_2",3.3475,0.0824717123220643
"3609",23,"Pa14_72840",3.614,"trial_2",3.91,0.129868523258461
"3610",23,"Pa14",3.734,"trial_2",4.035,0.158540741346402
"3611",23.25,"Pa14_51430",4.935,"trial_2",4.70425,0.193829123628692
"3612",23.25,"Pa14_16930",2.604,"trial_2",3.40075,0.358396748264639
"3613",23.25,"Pa14_09810",5.154,"trial_2",4.31725,0.573599653504079
"3614",23.25,"Pa14_64590",4.027,"trial_2",3.64475,0.43920142968043
"3615",23.25,"Pa14_05300",2.684,"trial_2",3.02475,0.157793311539706
"3616",23.25,"Pa14_18520",3.89,"trial_2",4.0695,0.0799796849206097
"3617",23.25,"Pa14_01960",2.997,"trial_2",3.23925,0.0969315695048144
"3618",23.25,"Pa14_09480",3.106,"trial_2",3.855,0.310079828431325
"3619",23.25,"Pa14_19120",3.297,"trial_2",3.7185,0.177242066112986
"3620",23.25,"Pa14_48650",3.502,"trial_2",3.622,0.115291659137453
"3621",23.25,"Pa14_58770",3.766,"trial_2",4.1075,0.137621764267139
"3622",23.25,"Pa14_06570",3.958,"trial_2",4.118,0.223631765781757
"3623",23.25,"Pa14_32750",3.535,"trial_2",3.7825,0.18745732847771
"3624",23.25,"Pa14_62830",3.993,"trial_2",4.00525,0.0279325825276981
"3625",23.25,"Pa14_17250",3.625,"trial_2",3.861,0.134425320035575
"3626",23.25,"Pa14_20440",3.535,"trial_2",3.825,0.253152128175925
"3627",23.25,"Pa14_68350",3.135,"trial_2",3.307,0.0833216658498857
"3628",23.25,"Pa14_72840",3.595,"trial_2",3.88575,0.130699002164005
"3629",23.25,"Pa14",3.71,"trial_2",4.01525,0.160612045521706
"3630",23.5,"Pa14_51430",4.924,"trial_2",4.67075,0.206914384468553
"3631",23.5,"Pa14_16930",2.612,"trial_2",3.39775,0.35770061387516
"3632",23.5,"Pa14_09810",5.131,"trial_2",4.3085,0.575208585355492
"3633",23.5,"Pa14_64590",4.128,"trial_2",3.6675,0.460966828163011
"3634",23.5,"Pa14_05300",2.665,"trial_2",3.00775,0.158831868653617
"3635",23.5,"Pa14_18520",3.883,"trial_2",4.04925,0.076085888967666
"3636",23.5,"Pa14_01960",2.975,"trial_2",3.2185,0.0986454087460064
"3637",23.5,"Pa14_09480",3.084,"trial_2",3.83125,0.308931593021281
"3638",23.5,"Pa14_19120",3.286,"trial_2",3.70325,0.176045152825442
"3639",23.5,"Pa14_48650",3.487,"trial_2",3.6045,0.11514157951554
"3640",23.5,"Pa14_58770",3.749,"trial_2",4.085,0.13721941067745
"3641",23.5,"Pa14_06570",3.94,"trial_2",4.09525,0.223566684682669
"3642",23.5,"Pa14_32750",3.513,"trial_2",3.77625,0.192305041968916
"3643",23.5,"Pa14_62830",3.968,"trial_2",3.9855,0.0345964834436489
"3644",23.5,"Pa14_17250",3.615,"trial_2",3.8465,0.132459742311894
"3645",23.5,"Pa14_20440",3.516,"trial_2",3.80725,0.251537729111691
"3646",23.5,"Pa14_68350",3.094,"trial_2",3.27025,0.0842302152832739
"3647",23.5,"Pa14_72840",3.556,"trial_2",3.85875,0.133453721691579
"3648",23.5,"Pa14",3.686,"trial_2",3.9895,0.161057701875239
"3649",23.75,"Pa14_51430",4.88,"trial_2",4.653,0.195659994207639
"3650",23.75,"Pa14_16930",2.606,"trial_2",3.393,0.35651157063972
"3651",23.75,"Pa14_09810",5.117,"trial_2",4.305,0.572426560063967
"3652",23.75,"Pa14_64590",4.229,"trial_2",3.68525,0.477095618473558
"3653",23.75,"Pa14_05300",2.644,"trial_2",2.9895,0.158336403479006
"3654",23.75,"Pa14_18520",3.861,"trial_2",4.0345,0.0777072497690316
"3655",23.75,"Pa14_01960",2.954,"trial_2",3.19875,0.0995626896315415
"3656",23.75,"Pa14_09480",3.062,"trial_2",3.80975,0.307223418974965
"3657",23.75,"Pa14_19120",3.272,"trial_2",3.691,0.17390275060121
"3658",23.75,"Pa14_48650",3.465,"trial_2",3.587,0.11541591455832
"3659",23.75,"Pa14_58770",3.717,"trial_2",4.06525,0.139709445516997
"3660",23.75,"Pa14_06570",3.919,"trial_2",4.07825,0.22441641911114
"3661",23.75,"Pa14_32750",3.479,"trial_2",3.74725,0.188586573841653
"3662",23.75,"Pa14_62830",3.951,"trial_2",3.97375,0.0367636029246319
"3663",23.75,"Pa14_17250",3.599,"trial_2",3.8285,0.130248800378353
"3664",23.75,"Pa14_20440",3.486,"trial_2",3.785,0.251976520070158
"3665",23.75,"Pa14_68350",3.071,"trial_2",3.24025,0.0838226053440637
"3666",23.75,"Pa14_72840",3.538,"trial_2",3.839,0.134997530841617
"3667",23.75,"Pa14",3.659,"trial_2",3.9655,0.162290634357008
"3668",24,"Pa14_51430",4.846,"trial_2",4.62725,0.194271019883735
"3669",24,"Pa14_16930",2.625,"trial_2",3.39,0.347337252057228
"3670",24,"Pa14_09810",5.105,"trial_2",4.312,0.57174775906863
"3671",24,"Pa14_64590",4.321,"trial_2",3.69675,0.491211491281166
"3672",24,"Pa14_05300",2.632,"trial_2",2.9725,0.15752380772442
"3673",24,"Pa14_18520",3.851,"trial_2",4.01875,0.0785550496997701
"3674",24,"Pa14_01960",2.932,"trial_2",3.17825,0.0995877962737737
"3675",24,"Pa14_09480",3.044,"trial_2",3.78175,0.304445500048859
"3676",24,"Pa14_19120",3.261,"trial_2",3.67325,0.1736540502455
"3677",24,"Pa14_48650",3.457,"trial_2",3.57325,0.116330259032922
"3678",24,"Pa14_58770",3.702,"trial_2",4.044,0.139821910538609
"3679",24,"Pa14_06570",3.902,"trial_2",4.06475,0.224325052472225
"3680",24,"Pa14_32750",3.455,"trial_2",3.72775,0.188586573841653
"3681",24,"Pa14_62830",3.942,"trial_2",3.967,0.0379868398264452
"3682",24,"Pa14_17250",3.583,"trial_2",3.81425,0.128907832060999
"3683",24,"Pa14_20440",3.466,"trial_2",3.76675,0.254865119556731
"3684",24,"Pa14_68350",3.052,"trial_2",3.20525,0.0793508821627082
"3685",24,"Pa14_72840",3.516,"trial_2",3.81825,0.135938328541536
"3686",24,"Pa14",3.634,"trial_2",3.9445,0.163323043893587
"3687",0,"Pa14_51430",0.008,"trial_3",0.0035,0.00611691643450086
"3688",0,"Pa14_16930",0.05,"trial_3",0.02525,0.0128281916106675
"3689",0,"Pa14_09810",0.009,"trial_3",0.019,0.00860232526704263
"3690",0,"Pa14_64590",0.01,"trial_3",0.00725,0.00525
"3691",0,"Pa14_05300",0.01,"trial_3",0.015,0.00633771778061052
"3692",0,"Pa14_18520",0.005,"trial_3",0.0075,0.00718215380880508
"3693",0,"Pa14_01960",0.001,"trial_3",0.0045,0.00455521678957215
"3694",0,"Pa14_09480",0.006,"trial_3",0.018,0.00863133825081603
"3695",0,"Pa14_19120",0.006,"trial_3",0.01,0.00809320702811932
"3696",0,"Pa14_48650",0.005,"trial_3",0.01225,0.00679920338471108
"3697",0,"Pa14_58770",0.007,"trial_3",0.006,0.00279880927062444
"3698",0,"Pa14_06570",0.01,"trial_3",0.00725,0.00495605690039975
"3699",0,"Pa14_32750",0.007,"trial_3",0.005,0.00577350269189626
"3700",0,"Pa14_62830",0.01,"trial_3",0.01325,0.00268871096748361
"3701",0,"Pa14_17250",0.007,"trial_3",0.00675,0.00447911821679223
"3702",0,"Pa14_20440",0.016,"trial_3",0.00675,0.00488833645868749
"3703",0,"Pa14_68350",0.006,"trial_3",0.0115,0.00607590871118606
"3704",0,"Pa14_72840",0.006,"trial_3",0.01675,0.00498957245997423
"3705",0,"Pa14",0.009,"trial_3",0.0075,0.0075773786144462
"3706",0.25,"Pa14_51430",0.006,"trial_3",0.0025,0.00646142399166004
"3707",0.25,"Pa14_16930",0.046,"trial_3",0.023,0.0126688594593199
"3708",0.25,"Pa14_09810",0.008,"trial_3",0.01775,0.00852813969554127
"3709",0.25,"Pa14_64590",0.01,"trial_3",0.0065,0.00523609269080167
"3710",0.25,"Pa14_05300",0.008,"trial_3",0.01475,0.00705189099934668
"3711",0.25,"Pa14_18520",0.003,"trial_3",0.00675,0.00785679111766799
"3712",0.25,"Pa14_01960",0.001,"trial_3",0.004,0.00474341649025257
"3713",0.25,"Pa14_09480",0.006,"trial_3",0.01875,0.0100363921140351
"3714",0.25,"Pa14_19120",0.003,"trial_3",0.00775,0.00891978138745564
"3715",0.25,"Pa14_48650",0.005,"trial_3",0.013,0.00669576980886689
"3716",0.25,"Pa14_58770",0.006,"trial_3",0.0055,0.00272335577306137
"3717",0.25,"Pa14_06570",0.009,"trial_3",0.00825,0.00534438958160799
"3718",0.25,"Pa14_32750",0.005,"trial_3",0.00525,0.00635577165522278
"3719",0.25,"Pa14_62830",0.008,"trial_3",0.012,0.00302765035409749
"3720",0.25,"Pa14_17250",0.006,"trial_3",0.006,0.00432049379893857
"3721",0.25,"Pa14_20440",0.016,"trial_3",0.006,0.00456435464587638
"3722",0.25,"Pa14_68350",0.005,"trial_3",0.01025,0.00652399417534994
"3723",0.25,"Pa14_72840",0.003,"trial_3",0.01525,0.00512144185426982
"3724",0.25,"Pa14",0.008,"trial_3",0.00625,0.00737535309889183
"3725",0.5,"Pa14_51430",0.008,"trial_3",-0.000249999999999999,0.00545244593431853
"3726",0.5,"Pa14_16930",0.047,"trial_3",0.01975,0.0127826379645726
"3727",0.5,"Pa14_09810",0.008,"trial_3",0.01625,0.00784617741323761
"3728",0.5,"Pa14_64590",0.012,"trial_3",0.006,0.00470814896394185
"3729",0.5,"Pa14_05300",0.008,"trial_3",0.00925,0.00426956281914983
"3730",0.5,"Pa14_18520",0.004,"trial_3",0.004,0.00601387285088957
"3731",0.5,"Pa14_01960",0,"trial_3",0.00075,0.00426956281914983
"3732",0.5,"Pa14_09480",0.006,"trial_3",0.0165,0.00907836255426421
"3733",0.5,"Pa14_19120",0.004,"trial_3",0.0045,0.00733143914930759
"3734",0.5,"Pa14_48650",0.005,"trial_3",0.01425,0.00728440114216673
"3735",0.5,"Pa14_58770",0.006,"trial_3",0.0045,0.00272335577306137
"3736",0.5,"Pa14_06570",0.008,"trial_3",0.00675,0.00508879488025734
"3737",0.5,"Pa14_32750",0.004,"trial_3",0.00475,0.00601906692658145
"3738",0.5,"Pa14_62830",0.008,"trial_3",0.00975,0.00165201896679992
"3739",0.5,"Pa14_17250",0.005,"trial_3",0.00225,0.0039024564913227
"3740",0.5,"Pa14_20440",0.008,"trial_3",0.00175,0.00335099487714718
"3741",0.5,"Pa14_68350",0.005,"trial_3",0.00775,0.00599131315600623
"3742",0.5,"Pa14_72840",0.006,"trial_3",0.0195,0.00560505724026675
"3743",0.5,"Pa14",0.008,"trial_3",0.00675,0.00736404553670513
"3744",0.75,"Pa14_51430",0.008,"trial_3",-0.00325,0.00529740502510427
"3745",0.75,"Pa14_16930",0.053,"trial_3",0.0195,0.0140860451038134
"3746",0.75,"Pa14_09810",0.009,"trial_3",0.01625,0.00779289206050402
"3747",0.75,"Pa14_64590",0.014,"trial_3",0.005,0.00441588043316392
"3748",0.75,"Pa14_05300",0.009,"trial_3",0.00575,0.00286865241300975
"3749",0.75,"Pa14_18520",0.006,"trial_3",0.00325,0.00481966458030708
"3750",0.75,"Pa14_01960",0,"trial_3",0.00275,0.0051861192941672
"3751",0.75,"Pa14_09480",0.005,"trial_3",0.0165,0.00946484724300046
"3752",0.75,"Pa14_19120",0.004,"trial_3",0.0015,0.00592311854797229
"3753",0.75,"Pa14_48650",0.011,"trial_3",0.018,0.00639009650422694
"3754",0.75,"Pa14_58770",0.009,"trial_3",0.0085,0.00409267638593622
"3755",0.75,"Pa14_06570",0.007,"trial_3",0.00625,0.00471478171993854
"3756",0.75,"Pa14_32750",0.005,"trial_3",-0.0025,0.00473462423711393
"3757",0.75,"Pa14_62830",0.008,"trial_3",0.0125,0.0029011491975882
"3758",0.75,"Pa14_17250",0.005,"trial_3",0.005,0.00432049379893857
"3759",0.75,"Pa14_20440",0.006,"trial_3",0.00225,0.00377215676591876
"3760",0.75,"Pa14_68350",0.005,"trial_3",0.00625,0.00515388203202208
"3761",0.75,"Pa14_72840",0.011,"trial_3",0.0235,0.00630476010645925
"3762",0.75,"Pa14",0.012,"trial_3",0.00975,0.00719229912244108
"3763",1,"Pa14_51430",0.011,"trial_3",-0.00175,0.00534438958160799
"3764",1,"Pa14_16930",0.062,"trial_3",0.0215,0.0156764154065909
"3765",1,"Pa14_09810",0.013,"trial_3",0.01875,0.00663795902367588
"3766",1,"Pa14_64590",0.017,"trial_3",0.00675,0.00430842198490352
"3767",1,"Pa14_05300",0.011,"trial_3",0.0065,0.00272335577306137
"3768",1,"Pa14_18520",0.009,"trial_3",0.0085,0.00556027577253743
"3769",1,"Pa14_01960",0.002,"trial_3",0.00475,0.00480234317807464
"3770",1,"Pa14_09480",0.006,"trial_3",0.0175,0.00921502396451939
"3771",1,"Pa14_19120",0.007,"trial_3",0.0025,0.00619811799392902
"3772",1,"Pa14_48650",0.015,"trial_3",0.02,0.00575905084772367
"3773",1,"Pa14_58770",0.011,"trial_3",0.0095,0.003523729085311
"3774",1,"Pa14_06570",0.008,"trial_3",0.0075,0.00409267638593622
"3775",1,"Pa14_32750",0.007,"trial_3",-0.002,0.00525991127935317
"3776",1,"Pa14_62830",0.011,"trial_3",0.0155,0.00232737334062816
"3777",1,"Pa14_17250",0.006,"trial_3",0.00825,0.00375
"3778",1,"Pa14_20440",0.01,"trial_3",0.004,0.00348807492274272
"3779",1,"Pa14_68350",0.007,"trial_3",0.00725,0.00411045415171284
"3780",1,"Pa14_72840",0.014,"trial_3",0.026,0.0075608641481425
"3781",1,"Pa14",0.016,"trial_3",0.0115,0.00710046946804693
"3782",1.25,"Pa14_51430",0.015,"trial_3",0.000749999999999999,0.005528336096874
"3783",1.25,"Pa14_16930",0.071,"trial_3",0.02475,0.0173703530956244
"3784",1.25,"Pa14_09810",0.017,"trial_3",0.02325,0.00608789783094296
"3785",1.25,"Pa14_64590",0.021,"trial_3",0.01,0.00430116263352131
"3786",1.25,"Pa14_05300",0.013,"trial_3",0.0105,0.00375277674973257
"3787",1.25,"Pa14_18520",0.013,"trial_3",0.0125,0.00539289656245448
"3788",1.25,"Pa14_01960",0.005,"trial_3",0.00775,0.00457119605063416
"3789",1.25,"Pa14_09480",0.007,"trial_3",0.01925,0.00802470144823677
"3790",1.25,"Pa14_19120",0.01,"trial_3",0.005,0.00578791845139511
"3791",1.25,"Pa14_48650",0.018,"trial_3",0.0215,0.00563471383479232
"3792",1.25,"Pa14_58770",0.013,"trial_3",0.01075,0.00356779577143461
"3793",1.25,"Pa14_06570",0.01,"trial_3",0.00925,0.00415080313513742
"3794",1.25,"Pa14_32750",0.011,"trial_3",0.001,0.00535412613473634
"3795",1.25,"Pa14_62830",0.014,"trial_3",0.0185,0.00170782512765993
"3796",1.25,"Pa14_17250",0.008,"trial_3",0.01,0.00374165738677394
"3797",1.25,"Pa14_20440",0.02,"trial_3",0.00875,0.00543714079273289
"3798",1.25,"Pa14_68350",0.01,"trial_3",0.01025,0.00356779577143461
"3799",1.25,"Pa14_72840",0.018,"trial_3",0.028,0.00743863786814047
"3800",1.25,"Pa14",0.018,"trial_3",0.0125,0.00678847061813877
"3801",1.5,"Pa14_51430",0.019,"trial_3",0.004,0.00561248608016091
"3802",1.5,"Pa14_16930",0.083,"trial_3",0.02925,0.0195592049940687
"3803",1.5,"Pa14_09810",0.021,"trial_3",0.028,0.00581664278887172
"3804",1.5,"Pa14_64590",0.025,"trial_3",0.01475,0.00375
"3805",1.5,"Pa14_05300",0.016,"trial_3",0.01475,0.00381608438061844
"3806",1.5,"Pa14_18520",0.018,"trial_3",0.0175,0.00510718448201485
"3807",1.5,"Pa14_01960",0.009,"trial_3",0.01175,0.00458938993767145
"3808",1.5,"Pa14_09480",0.007,"trial_3",0.022,0.00729154761807579
"3809",1.5,"Pa14_19120",0.015,"trial_3",0.00875,0.0058647961033043
"3810",1.5,"Pa14_48650",0.021,"trial_3",0.02425,0.00521815740148442
"3811",1.5,"Pa14_58770",0.014,"trial_3",0.013,0.00291547594742265
"3812",1.5,"Pa14_06570",0.012,"trial_3",0.01125,0.00335099487714718
"3813",1.5,"Pa14_32750",0.016,"trial_3",0.00525,0.00539096466321196
"3814",1.5,"Pa14_62830",0.016,"trial_3",0.0215,0.00202072594216369
"3815",1.5,"Pa14_17250",0.01,"trial_3",0.01125,0.00372771154105751
"3816",1.5,"Pa14_20440",0.022,"trial_3",0.012,0.00504975246918104
"3817",1.5,"Pa14_68350",0.013,"trial_3",0.01425,0.00265753645318366
"3818",1.5,"Pa14_72840",0.024,"trial_3",0.03175,0.00820949653348689
"3819",1.5,"Pa14",0.022,"trial_3",0.0145,0.0068129778119899
"3820",1.75,"Pa14_51430",0.026,"trial_3",0.00925,0.00620987117418711
"3821",1.75,"Pa14_16930",0.099,"trial_3",0.036,0.0222523407008491
"3822",1.75,"Pa14_09810",0.028,"trial_3",0.0355,0.00466368952654441
"3823",1.75,"Pa14_64590",0.032,"trial_3",0.0205,0.00392640632979658
"3824",1.75,"Pa14_05300",0.019,"trial_3",0.01875,0.00306526235962492
"3825",1.75,"Pa14_18520",0.023,"trial_3",0.024,0.00456435464587638
"3826",1.75,"Pa14_01960",0.013,"trial_3",0.019,0.006
"3827",1.75,"Pa14_09480",0.008,"trial_3",0.02775,0.00826009483399959
"3828",1.75,"Pa14_19120",0.02,"trial_3",0.01325,0.00618297393384985
"3829",1.75,"Pa14_48650",0.024,"trial_3",0.027,0.00441588043316392
"3830",1.75,"Pa14_58770",0.017,"trial_3",0.01575,0.00235849528301415
"3831",1.75,"Pa14_06570",0.016,"trial_3",0.01525,0.00188745860881769
"3832",1.75,"Pa14_32750",0.018,"trial_3",0.0085,0.00523609269080167
"3833",1.75,"Pa14_62830",0.016,"trial_3",0.02425,0.00375
"3834",1.75,"Pa14_17250",0.013,"trial_3",0.015,0.00374165738677394
"3835",1.75,"Pa14_20440",0.025,"trial_3",0.01575,0.00498957245997423
"3836",1.75,"Pa14_68350",0.016,"trial_3",0.0195,0.00217944947177034
"3837",1.75,"Pa14_72840",0.027,"trial_3",0.0365,0.0102996763703203
"3838",1.75,"Pa14",0.025,"trial_3",0.0165,0.00622494979899437
"3839",2,"Pa14_51430",0.04,"trial_3",0.02,0.00922857879993809
"3840",2,"Pa14_16930",0.131,"trial_3",0.047,0.0288905982400273
"3841",2,"Pa14_09810",0.04,"trial_3",0.056,0.011202678251204
"3842",2,"Pa14_64590",0.042,"trial_3",0.02975,0.00447911821679223
"3843",2,"Pa14_05300",0.027,"trial_3",0.0245,0.00405174859371441
"3844",2,"Pa14_18520",0.029,"trial_3",0.03225,0.00402854398842394
"3845",2,"Pa14_01960",0.018,"trial_3",0.027,0.00944281031614353
"3846",2,"Pa14_09480",0.008,"trial_3",0.03725,0.0140081821328346
"3847",2,"Pa14_19120",0.029,"trial_3",0.01925,0.00672526331578673
"3848",2,"Pa14_48650",0.031,"trial_3",0.03225,0.00314576434802948
"3849",2,"Pa14_58770",0.021,"trial_3",0.02075,0.00131497781983829
"3850",2,"Pa14_06570",0.02,"trial_3",0.01975,0.00125
"3851",2,"Pa14_32750",0.028,"trial_3",0.01625,0.00597738794680977
"3852",2,"Pa14_62830",0.017,"trial_3",0.0275,0.00533072853057316
"3853",2,"Pa14_17250",0.017,"trial_3",0.02,0.00443471156521669
"3854",2,"Pa14_20440",0.029,"trial_3",0.02125,0.005359959576962
"3855",2,"Pa14_68350",0.023,"trial_3",0.02675,0.00319830684373258
"3856",2,"Pa14_72840",0.031,"trial_3",0.042,0.0122133806403742
"3857",2,"Pa14",0.03,"trial_3",0.019,0.00667083203206317
"3858",2.25,"Pa14_51430",0.066,"trial_3",0.03475,0.0157447081056885
"3859",2.25,"Pa14_16930",0.238,"trial_3",0.0785,0.053563824857205
"3860",2.25,"Pa14_09810",0.059,"trial_3",0.07275,0.0173607555519146
"3861",2.25,"Pa14_64590",0.054,"trial_3",0.04125,0.00665050123424293
"3862",2.25,"Pa14_05300",0.04,"trial_3",0.0345,0.00775134396948899
"3863",2.25,"Pa14_18520",0.043,"trial_3",0.04575,0.00634264666102934
"3864",2.25,"Pa14_01960",0.027,"trial_3",0.04225,0.0159811086390567
"3865",2.25,"Pa14_09480",0.011,"trial_3",0.05975,0.0320738081098373
"3866",2.25,"Pa14_19120",0.042,"trial_3",0.029,0.0091469484893415
"3867",2.25,"Pa14_48650",0.043,"trial_3",0.04,0.00234520787991171
"3868",2.25,"Pa14_58770",0.029,"trial_3",0.02725,0.000853912563829967
"3869",2.25,"Pa14_06570",0.024,"trial_3",0.0245,0.000645497224367903
"3870",2.25,"Pa14_32750",0.04,"trial_3",0.024,0.00801040989379861
"3871",2.25,"Pa14_62830",0.02,"trial_3",0.03175,0.00737535309889183
"3872",2.25,"Pa14_17250",0.025,"trial_3",0.02825,0.00643395938231921
"3873",2.25,"Pa14_20440",0.025,"trial_3",0.02675,0.00551324163567436
"3874",2.25,"Pa14_68350",0.029,"trial_3",0.03575,0.00521815740148442
"3875",2.25,"Pa14_72840",0.039,"trial_3",0.0495,0.0147732867026942
"3876",2.25,"Pa14",0.039,"trial_3",0.024,0.00660807586719967
"3877",2.5,"Pa14_51430",0.098,"trial_3",0.048,0.0215522620622523
"3878",2.5,"Pa14_16930",0.236,"trial_3",0.08575,0.0506859201356748
"3879",2.5,"Pa14_09810",0.102,"trial_3",0.09325,0.0143258216750966
"3880",2.5,"Pa14_64590",0.069,"trial_3",0.055,0.00947804480540862
"3881",2.5,"Pa14_05300",0.054,"trial_3",0.0485,0.0106026726190459
"3882",2.5,"Pa14_18520",0.059,"trial_3",0.06475,0.0130152154547412
"3883",2.5,"Pa14_01960",0.039,"trial_3",0.06,0.0240312296813958
"3884",2.5,"Pa14_09480",0.014,"trial_3",0.05675,0.0267063506804405
"3885",2.5,"Pa14_19120",0.062,"trial_3",0.03875,0.0120856319652718
"3886",2.5,"Pa14_48650",0.051,"trial_3",0.04825,0.00154784796841723
"3887",2.5,"Pa14_58770",0.036,"trial_3",0.037,0.00248327740429189
"3888",2.5,"Pa14_06570",0.03,"trial_3",0.031,0.00238047614284762
"3889",2.5,"Pa14_32750",0.059,"trial_3",0.03575,0.0107809631604355
"3890",2.5,"Pa14_62830",0.024,"trial_3",0.035,0.00827647267862342
"3891",2.5,"Pa14_17250",0.035,"trial_3",0.037,0.00901849950564579
"3892",2.5,"Pa14_20440",0.04,"trial_3",0.03925,0.00745402575793779
"3893",2.5,"Pa14_68350",0.042,"trial_3",0.05,0.0103842829956301
"3894",2.5,"Pa14_72840",0.053,"trial_3",0.0705,0.027232027712481
"3895",2.5,"Pa14",0.052,"trial_3",0.03025,0.00807645755679225
"3896",2.75,"Pa14_51430",0.118,"trial_3",0.09625,0.0501603678216179
"3897",2.75,"Pa14_16930",0.298,"trial_3",0.1145,0.0628351016550463
"3898",2.75,"Pa14_09810",0.118,"trial_3",0.11025,0.0183365527476313
"3899",2.75,"Pa14_64590",0.12,"trial_3",0.08925,0.0218684514007432
"3900",2.75,"Pa14_05300",0.093,"trial_3",0.07,0.0209880918618154
"3901",2.75,"Pa14_18520",0.07,"trial_3",0.0935,0.028321075779944
"3902",2.75,"Pa14_01960",0.058,"trial_3",0.08825,0.0377853035804487
"3903",2.75,"Pa14_09480",0.019,"trial_3",0.07625,0.0405922303731474
"3904",2.75,"Pa14_19120",0.083,"trial_3",0.07125,0.0269764557840104
"3905",2.75,"Pa14_48650",0.071,"trial_3",0.06925,0.0095076723404487
"3906",2.75,"Pa14_58770",0.051,"trial_3",0.05125,0.00592135964116351
"3907",2.75,"Pa14_06570",0.041,"trial_3",0.041,0.00470814896394185
"3908",2.75,"Pa14_32750",0.072,"trial_3",0.049,0.0132224556468658
"3909",2.75,"Pa14_62830",0.025,"trial_3",0.04925,0.0204016951910048
"3910",2.75,"Pa14_17250",0.05,"trial_3",0.05025,0.0123043014159006
"3911",2.75,"Pa14_20440",0.039,"trial_3",0.0495,0.00924211375534118
"3912",2.75,"Pa14_68350",0.056,"trial_3",0.075,0.0234271921777522
"3913",2.75,"Pa14_72840",0.072,"trial_3",0.0885,0.033036595869833
"3914",2.75,"Pa14",0.07,"trial_3",0.04175,0.00986893273527251
"3915",3,"Pa14_51430",0.186,"trial_3",0.13725,0.066163150620266
"3916",3,"Pa14_16930",0.373,"trial_3",0.153,0.0779647356180985
"3917",3,"Pa14_09810",0.152,"trial_3",0.135,0.021920310216783
"3918",3,"Pa14_64590",0.178,"trial_3",0.14375,0.0370728449587206
"3919",3,"Pa14_05300",0.126,"trial_3",0.1005,0.0314152298522017
"3920",3,"Pa14_18520",0.149,"trial_3",0.1385,0.0348914984869763
"3921",3,"Pa14_01960",0.125,"trial_3",0.138,0.0476042715170253
"3922",3,"Pa14_09480",0.024,"trial_3",0.10675,0.065736056823228
"3923",3,"Pa14_19120",0.19,"trial_3",0.117,0.0440056814513763
"3924",3,"Pa14_48650",0.149,"trial_3",0.115,0.0274195793792198
"3925",3,"Pa14_58770",0.069,"trial_3",0.06925,0.00733001819006383
"3926",3,"Pa14_06570",0.05,"trial_3",0.05275,0.00826009483399959
"3927",3,"Pa14_32750",0.151,"trial_3",0.0885,0.0278403184847683
"3928",3,"Pa14_62830",0.027,"trial_3",0.06475,0.0335568547393822
"3929",3,"Pa14_17250",0.072,"trial_3",0.08075,0.0280843224355986
"3930",3,"Pa14_20440",0.068,"trial_3",0.076,0.0135462171841441
"3931",3,"Pa14_68350",0.079,"trial_3",0.10025,0.03025
"3932",3,"Pa14_72840",0.117,"trial_3",0.1195,0.040825849654355
"3933",3,"Pa14",0.089,"trial_3",0.0555,0.0125996031683542
"3934",3.25,"Pa14_51430",0.267,"trial_3",0.19675,0.0935382052069278
"3935",3.25,"Pa14_16930",0.46,"trial_3",0.1925,0.0956769738930603
"3936",3.25,"Pa14_09810",0.201,"trial_3",0.1725,0.0216198211525134
"3937",3.25,"Pa14_64590",0.272,"trial_3",0.20925,0.0514107235895392
"3938",3.25,"Pa14_05300",0.203,"trial_3",0.15625,0.0446530607386922
"3939",3.25,"Pa14_18520",0.223,"trial_3",0.21275,0.0543083403662212
"3940",3.25,"Pa14_01960",0.195,"trial_3",0.1965,0.0607515431902762
"3941",3.25,"Pa14_09480",0.038,"trial_3",0.151,0.100341084971876
"3942",3.25,"Pa14_19120",0.268,"trial_3",0.17275,0.0682512209902993
"3943",3.25,"Pa14_48650",0.207,"trial_3",0.15,0.0366014571658925
"3944",3.25,"Pa14_58770",0.097,"trial_3",0.10475,0.0227390083336983
"3945",3.25,"Pa14_06570",0.075,"trial_3",0.08425,0.0237394713504745
"3946",3.25,"Pa14_32750",0.244,"trial_3",0.12975,0.0471864652204422
"3947",3.25,"Pa14_62830",0.033,"trial_3",0.0785,0.0436281636866218
"3948",3.25,"Pa14_17250",0.082,"trial_3",0.10125,0.0344102092408634
"3949",3.25,"Pa14_20440",0.088,"trial_3",0.10925,0.0269671868511839
"3950",3.25,"Pa14_68350",0.096,"trial_3",0.13275,0.0459916206136147
"3951",3.25,"Pa14_72840",0.185,"trial_3",0.167,0.0581649952004353
"3952",3.25,"Pa14",0.153,"trial_3",0.0795,0.0261422391287867
"3953",3.5,"Pa14_51430",0.503,"trial_3",0.29125,0.13000280445693
"3954",3.5,"Pa14_16930",0.566,"trial_3",0.237,0.117758226888825
"3955",3.5,"Pa14_09810",0.218,"trial_3",0.21225,0.0299565657800312
"3956",3.5,"Pa14_64590",0.329,"trial_3",0.26425,0.0552982443964845
"3957",3.5,"Pa14_05300",0.277,"trial_3",0.20675,0.0609102823831905
"3958",3.5,"Pa14_18520",0.294,"trial_3",0.27725,0.0717732250448127
"3959",3.5,"Pa14_01960",0.264,"trial_3",0.24825,0.0741196948635561
"3960",3.5,"Pa14_09480",0.052,"trial_3",0.1825,0.122136876768103
"3961",3.5,"Pa14_19120",0.366,"trial_3",0.228,0.0947056844474853
"3962",3.5,"Pa14_48650",0.307,"trial_3",0.22975,0.0500022916141517
"3963",3.5,"Pa14_58770",0.154,"trial_3",0.15925,0.031148501836632
"3964",3.5,"Pa14_06570",0.113,"trial_3",0.115,0.0332590839721521
"3965",3.5,"Pa14_32750",0.36,"trial_3",0.1885,0.06652631058461
"3966",3.5,"Pa14_62830",0.037,"trial_3",0.0935,0.0540285418397844
"3967",3.5,"Pa14_17250",0.184,"trial_3",0.15675,0.054455448151065
"3968",3.5,"Pa14_20440",0.127,"trial_3",0.1625,0.0405883809318217
"3969",3.5,"Pa14_68350",0.211,"trial_3",0.208,0.0638996609276346
"3970",3.5,"Pa14_72840",0.254,"trial_3",0.221,0.0833496650663137
"3971",3.5,"Pa14",0.228,"trial_3",0.1215,0.0413733005693285
"3972",3.75,"Pa14_51430",0.56,"trial_3",0.3375,0.144288195405353
"3973",3.75,"Pa14_16930",0.666,"trial_3",0.308,0.135040117495999
"3974",3.75,"Pa14_09810",0.254,"trial_3",0.25325,0.0338116720477806
"3975",3.75,"Pa14_64590",0.408,"trial_3",0.3435,0.0605426846668255
"3976",3.75,"Pa14_05300",0.368,"trial_3",0.282,0.0607343944290767
"3977",3.75,"Pa14_18520",0.416,"trial_3",0.36025,0.0750848131559683
"3978",3.75,"Pa14_01960",0.356,"trial_3",0.3345,0.0629252201691288
"3979",3.75,"Pa14_09480",0.073,"trial_3",0.2135,0.139818036509362
"3980",3.75,"Pa14_19120",0.491,"trial_3",0.3135,0.113384669745664
"3981",3.75,"Pa14_48650",0.387,"trial_3",0.2865,0.0570985989320228
"3982",3.75,"Pa14_58770",0.262,"trial_3",0.2255,0.0557890371548628
"3983",3.75,"Pa14_06570",0.141,"trial_3",0.145,0.0454441048615403
"3984",3.75,"Pa14_32750",0.479,"trial_3",0.27325,0.0880041428949039
"3985",3.75,"Pa14_62830",0.043,"trial_3",0.113,0.0689057327078089
"3986",3.75,"Pa14_17250",0.246,"trial_3",0.21525,0.064870865314613
"3987",3.75,"Pa14_20440",0.242,"trial_3",0.253,0.0440397547677096
"3988",3.75,"Pa14_68350",0.304,"trial_3",0.277,0.0800197892190842
"3989",3.75,"Pa14_72840",0.373,"trial_3",0.3165,0.102746046152638
"3990",3.75,"Pa14",0.334,"trial_3",0.16925,0.0622098263942281
"3991",4,"Pa14_51430",0.66,"trial_3",0.413,0.155538312536387
"3992",4,"Pa14_16930",0.821,"trial_3",0.39125,0.16632867812457
"3993",4,"Pa14_09810",0.288,"trial_3",0.2885,0.0352384732926953
"3994",4,"Pa14_64590",0.481,"trial_3",0.433,0.0605364903728872
"3995",4,"Pa14_05300",0.417,"trial_3",0.3515,0.0670727217279872
"3996",4,"Pa14_18520",0.506,"trial_3",0.45275,0.0730380893780773
"3997",4,"Pa14_01960",0.433,"trial_3",0.4065,0.0643072054024016
"3998",4,"Pa14_09480",0.088,"trial_3",0.2725,0.185974236566968
"3999",4,"Pa14_19120",0.577,"trial_3",0.3955,0.130692068109226
"4000",4,"Pa14_48650",0.454,"trial_3",0.36625,0.0562944269000049
"4001",4,"Pa14_58770",0.387,"trial_3",0.34925,0.056071940398028
"4002",4,"Pa14_06570",0.296,"trial_3",0.23925,0.0663241723154789
"4003",4,"Pa14_32750",0.628,"trial_3",0.36975,0.117540329958133
"4004",4,"Pa14_62830",0.054,"trial_3",0.137,0.0856358569759187
"4005",4,"Pa14_17250",0.383,"trial_3",0.299,0.0921312469614227
"4006",4,"Pa14_20440",0.315,"trial_3",0.34425,0.0563136676719486
"4007",4,"Pa14_68350",0.432,"trial_3",0.3815,0.0916846951968175
"4008",4,"Pa14_72840",0.494,"trial_3",0.40375,0.125066898764888
"4009",4,"Pa14",0.428,"trial_3",0.22525,0.0810117018296328
"4010",4.25,"Pa14_51430",0.811,"trial_3",0.54225,0.154816221695273
"4011",4.25,"Pa14_16930",1.065,"trial_3",0.4895,0.214818334102717
"4012",4.25,"Pa14_09810",0.319,"trial_3",0.34,0.045
"4013",4.25,"Pa14_64590",0.558,"trial_3",0.51775,0.0653355122935963
"4014",4.25,"Pa14_05300",0.484,"trial_3",0.43925,0.0681522499017213
"4015",4.25,"Pa14_18520",0.576,"trial_3",0.55225,0.0831247807014651
"4016",4.25,"Pa14_01960",0.513,"trial_3",0.48675,0.0671644437183842
"4017",4.25,"Pa14_09480",0.09,"trial_3",0.3145,0.217504597652555
"4018",4.25,"Pa14_19120",0.676,"trial_3",0.502,0.159545186911629
"4019",4.25,"Pa14_48650",0.524,"trial_3",0.45525,0.0611287916342755
"4020",4.25,"Pa14_58770",0.466,"trial_3",0.4395,0.067715704726944
"4021",4.25,"Pa14_06570",0.394,"trial_3",0.30625,0.087685398822533
"4022",4.25,"Pa14_32750",0.746,"trial_3",0.4675,0.140204909566914
"4023",4.25,"Pa14_62830",0.063,"trial_3",0.1565,0.0972561052068198
"4024",4.25,"Pa14_17250",0.47,"trial_3",0.4025,0.0915364226232742
"4025",4.25,"Pa14_20440",0.456,"trial_3",0.461,0.0572640084753649
"4026",4.25,"Pa14_68350",0.543,"trial_3",0.51225,0.103969847391764
"4027",4.25,"Pa14_72840",0.62,"trial_3",0.52075,0.129376308366975
"4028",4.25,"Pa14",0.528,"trial_3",0.29975,0.100057795798229
"4029",4.5,"Pa14_51430",0.96,"trial_3",0.631,0.178397029123245
"4030",4.5,"Pa14_16930",1.386,"trial_3",0.62875,0.282136602552735
"4031",4.5,"Pa14_09810",0.379,"trial_3",0.3935,0.0544403343119787
"4032",4.5,"Pa14_64590",0.639,"trial_3",0.5965,0.0750294386668771
"4033",4.5,"Pa14_05300",0.586,"trial_3",0.54025,0.0726961427220638
"4034",4.5,"Pa14_18520",0.666,"trial_3",0.64125,0.0952009935172247
"4035",4.5,"Pa14_01960",0.564,"trial_3",0.559,0.0714807666439022
"4036",4.5,"Pa14_09480",0.203,"trial_3",0.4055,0.262187750794477
"4037",4.5,"Pa14_19120",0.816,"trial_3",0.6225,0.185106500876297
"4038",4.5,"Pa14_48650",0.622,"trial_3",0.534,0.0757374852148305
"4039",4.5,"Pa14_58770",0.555,"trial_3",0.5515,0.0646148847660764
"4040",4.5,"Pa14_06570",0.487,"trial_3",0.39175,0.0930872126914683
"4041",4.5,"Pa14_32750",0.876,"trial_3",0.59125,0.148154972354401
"4042",4.5,"Pa14_62830",0.075,"trial_3",0.182,0.113164334782062
"4043",4.5,"Pa14_17250",0.546,"trial_3",0.49575,0.106361314239091
"4044",4.5,"Pa14_20440",0.543,"trial_3",0.565,0.0586685605754905
"4045",4.5,"Pa14_68350",0.641,"trial_3",0.63425,0.126976621864027
"4046",4.5,"Pa14_72840",0.693,"trial_3",0.61925,0.146180467801504
"4047",4.5,"Pa14",0.61,"trial_3",0.38,0.106421332447964
"4048",4.75,"Pa14_51430",1.087,"trial_3",0.7395,0.18862506903025
"4049",4.75,"Pa14_16930",1.725,"trial_3",0.80825,0.347900698236341
"4050",4.75,"Pa14_09810",0.446,"trial_3",0.4485,0.0618513001749626
"4051",4.75,"Pa14_64590",0.746,"trial_3",0.68575,0.0803081305555878
"4052",4.75,"Pa14_05300",0.7,"trial_3",0.63575,0.0846624424799253
"4053",4.75,"Pa14_18520",0.786,"trial_3",0.746,0.102103705450227
"4054",4.75,"Pa14_01960",0.666,"trial_3",0.64325,0.0766108945690276
"4055",4.75,"Pa14_09480",0.274,"trial_3",0.49225,0.316904921335511
"4056",4.75,"Pa14_19120",0.931,"trial_3",0.75375,0.194947161644722
"4057",4.75,"Pa14_48650",0.714,"trial_3",0.62475,0.0747901230109966
"4058",4.75,"Pa14_58770",0.662,"trial_3",0.6575,0.070628724090604
"4059",4.75,"Pa14_06570",0.608,"trial_3",0.504,0.096388104383615
"4060",4.75,"Pa14_32750",1.062,"trial_3",0.722,0.173957370256815
"4061",4.75,"Pa14_62830",0.09,"trial_3",0.20175,0.123045638551989
"4062",4.75,"Pa14_17250",0.661,"trial_3",0.6205,0.112585152958402
"4063",4.75,"Pa14_20440",0.664,"trial_3",0.67925,0.0600269036904842
"4064",4.75,"Pa14_68350",0.794,"trial_3",0.7805,0.151065383195489
"4065",4.75,"Pa14_72840",0.839,"trial_3",0.759,0.157561099259938
"4066",4.75,"Pa14",0.749,"trial_3",0.482,0.115938201929591
"4067",5,"Pa14_51430",1.272,"trial_3",0.8665,0.211553184802309
"4068",5,"Pa14_16930",2.062,"trial_3",1.00075,0.409871397513903
"4069",5,"Pa14_09810",0.522,"trial_3",0.50775,0.0739226791992823
"4070",5,"Pa14_64590",0.832,"trial_3",0.78075,0.0965758553331698
"4071",5,"Pa14_05300",0.792,"trial_3",0.733,0.0963241056710797
"4072",5,"Pa14_18520",0.926,"trial_3",0.84925,0.11397468651708
"4073",5,"Pa14_01960",0.715,"trial_3",0.717,0.089045868330129
"4074",5,"Pa14_09480",0.438,"trial_3",0.61025,0.372314914868225
"4075",5,"Pa14_19120",1.097,"trial_3",0.89025,0.215899040834677
"4076",5,"Pa14_48650",0.831,"trial_3",0.704,0.0843198276405576
"4077",5,"Pa14_58770",0.77,"trial_3",0.762,0.0765560796627762
"4078",5,"Pa14_06570",0.734,"trial_3",0.614,0.108079446087897
"4079",5,"Pa14_32750",1.269,"trial_3",0.8565,0.195776445638046
"4080",5,"Pa14_62830",0.108,"trial_3",0.23325,0.142956505623214
"4081",5,"Pa14_17250",0.764,"trial_3",0.74225,0.125780480070107
"4082",5,"Pa14_20440",0.784,"trial_3",0.802,0.0738951960549534
"4083",5,"Pa14_68350",0.973,"trial_3",0.93775,0.170852946028644
"4084",5,"Pa14_72840",0.986,"trial_3",0.8895,0.18433371006592
"4085",5,"Pa14",0.848,"trial_3",0.592,0.113656646674681
"4086",5.25,"Pa14_51430",1.49,"trial_3",1.005,0.239635487077074
"4087",5.25,"Pa14_16930",2.317,"trial_3",1.185,0.462631422769069
"4088",5.25,"Pa14_09810",0.602,"trial_3",0.58625,0.0904363265876421
"4089",5.25,"Pa14_64590",0.959,"trial_3",0.903,0.113477604251529
"4090",5.25,"Pa14_05300",0.92,"trial_3",0.8595,0.135948826156511
"4091",5.25,"Pa14_18520",1.049,"trial_3",0.9975,0.138886944430833
"4092",5.25,"Pa14_01960",0.788,"trial_3",0.8255,0.116667976183127
"4093",5.25,"Pa14_09480",0.556,"trial_3",0.7555,0.433571697262018
"4094",5.25,"Pa14_19120",1.292,"trial_3",1.06425,0.252622701210059
"4095",5.25,"Pa14_48650",0.942,"trial_3",0.81575,0.0937259969272133
"4096",5.25,"Pa14_58770",0.868,"trial_3",0.894,0.0979421598019294
"4097",5.25,"Pa14_06570",0.859,"trial_3",0.74825,0.134337494765981
"4098",5.25,"Pa14_32750",1.488,"trial_3",1.025,0.226846864646616
"4099",5.25,"Pa14_62830",0.125,"trial_3",0.25875,0.156560624572932
"4100",5.25,"Pa14_17250",0.902,"trial_3",0.88725,0.156407254200905
"4101",5.25,"Pa14_20440",0.915,"trial_3",0.9415,0.101157879903973
"4102",5.25,"Pa14_68350",1.149,"trial_3",1.1105,0.196360425408652
"4103",5.25,"Pa14_72840",1.154,"trial_3",1.05575,0.226462423299466
"4104",5.25,"Pa14",0.995,"trial_3",0.721,0.129439174904663
"4105",5.5,"Pa14_51430",1.767,"trial_3",1.21225,0.279553028660634
"4106",5.5,"Pa14_16930",2.448,"trial_3",1.36125,0.49932410566685
"4107",5.5,"Pa14_09810",0.685,"trial_3",0.76925,0.137599887960226
"4108",5.5,"Pa14_64590",1.113,"trial_3",1.05525,0.156683531893644
"4109",5.5,"Pa14_05300",1.046,"trial_3",1.0825,0.244738125350343
"4110",5.5,"Pa14_18520",1.169,"trial_3",1.1575,0.17278237757364
"4111",5.5,"Pa14_01960",0.854,"trial_3",0.95425,0.159138500998344
"4112",5.5,"Pa14_09480",0.694,"trial_3",0.9105,0.521032708506226
"4113",5.5,"Pa14_19120",1.463,"trial_3",1.245,0.291081889966838
"4114",5.5,"Pa14_48650",1.033,"trial_3",0.91725,0.106841295855114
"4115",5.5,"Pa14_58770",1.016,"trial_3",1.02475,0.116120178407258
"4116",5.5,"Pa14_06570",1,"trial_3",0.86825,0.149984651992573
"4117",5.5,"Pa14_32750",1.766,"trial_3",1.22025,0.266470565916763
"4118",5.5,"Pa14_62830",0.171,"trial_3",0.3045,0.180768959356043
"4119",5.5,"Pa14_17250",1.069,"trial_3",1.06425,0.197345456412522
"4120",5.5,"Pa14_20440",1.087,"trial_3",1.104,0.117804216110177
"4121",5.5,"Pa14_68350",1.359,"trial_3",1.2995,0.207758874660025
"4122",5.5,"Pa14_72840",1.353,"trial_3",1.23925,0.272776885323274
"4123",5.5,"Pa14",1.17,"trial_3",0.85575,0.148336540227507
"4124",5.75,"Pa14_51430",2.11,"trial_3",1.428,0.341473522643655
"4125",5.75,"Pa14_16930",2.642,"trial_3",1.56575,0.537825308534286
"4126",5.75,"Pa14_09810",0.795,"trial_3",1.06675,0.288957140708906
"4127",5.75,"Pa14_64590",1.325,"trial_3",1.268,0.214148313091651
"4128",5.75,"Pa14_05300",1.229,"trial_3",1.35675,0.397192727148925
"4129",5.75,"Pa14_18520",1.339,"trial_3",1.3415,0.216242340904828
"4130",5.75,"Pa14_01960",0.914,"trial_3",1.09225,0.216247687848911
"4131",5.75,"Pa14_09480",0.792,"trial_3",1.096,0.597064485629484
"4132",5.75,"Pa14_19120",1.714,"trial_3",1.4355,0.334449174016023
"4133",5.75,"Pa14_48650",1.172,"trial_3",1.06025,0.138252411069994
"4134",5.75,"Pa14_58770",1.097,"trial_3",1.17125,0.151682989048432
"4135",5.75,"Pa14_06570",1.133,"trial_3",1.00575,0.185049711789382
"4136",5.75,"Pa14_32750",2.037,"trial_3",1.41625,0.317040842531894
"4137",5.75,"Pa14_62830",0.235,"trial_3",0.3535,0.203088445428751
"4138",5.75,"Pa14_17250",1.231,"trial_3",1.25575,0.24441814410282
"4139",5.75,"Pa14_20440",1.244,"trial_3",1.288,0.153669016612545
"4140",5.75,"Pa14_68350",1.576,"trial_3",1.48175,0.213244138254724
"4141",5.75,"Pa14_72840",1.606,"trial_3",1.432,0.321391505799391
"4142",5.75,"Pa14",1.348,"trial_3",0.9855,0.175607754194777
"4143",6,"Pa14_51430",2.418,"trial_3",1.6475,0.390700759320139
"4144",6,"Pa14_16930",2.674,"trial_3",1.72125,0.533028044134015
"4145",6,"Pa14_09810",0.946,"trial_3",1.31025,0.381157311137191
"4146",6,"Pa14_64590",1.586,"trial_3",1.48075,0.256620788648673
"4147",6,"Pa14_05300",1.523,"trial_3",1.52025,0.403601778778703
"4148",6,"Pa14_18520",1.644,"trial_3",1.5725,0.260715202216262
"4149",6,"Pa14_01960",1.065,"trial_3",1.245,0.258891225549779
"4150",6,"Pa14_09480",0.952,"trial_3",1.26175,0.630126227433837
"4151",6,"Pa14_19120",2.05,"trial_3",1.655,0.384955192197741
"4152",6,"Pa14_48650",1.397,"trial_3",1.24325,0.181891622951691
"4153",6,"Pa14_58770",1.312,"trial_3",1.391,0.192627879602097
"4154",6,"Pa14_06570",1.337,"trial_3",1.18525,0.236694027174325
"4155",6,"Pa14_32750",2.342,"trial_3",1.638,0.359813145952173
"4156",6,"Pa14_62830",0.284,"trial_3",0.3995,0.226107091146356
"4157",6,"Pa14_17250",1.486,"trial_3",1.48475,0.290911892446264
"4158",6,"Pa14_20440",1.492,"trial_3",1.516,0.189417968172681
"4159",6,"Pa14_68350",1.78,"trial_3",1.65375,0.208477167015159
"4160",6,"Pa14_72840",1.932,"trial_3",1.65625,0.353445982435789
"4161",6,"Pa14",1.657,"trial_3",1.18925,0.224371111851177
"4162",6.25,"Pa14_51430",2.75,"trial_3",1.86,0.436338553572032
"4163",6.25,"Pa14_16930",2.931,"trial_3",1.93275,0.545003727051476
"4164",6.25,"Pa14_09810",1.149,"trial_3",1.551,0.444140931086819
"4165",6.25,"Pa14_64590",1.875,"trial_3",1.72125,0.30521259667102
"4166",6.25,"Pa14_05300",2.076,"trial_3",1.824,0.469780799948231
"4167",6.25,"Pa14_18520",1.927,"trial_3",1.8095,0.299149210261368
"4168",6.25,"Pa14_01960",1.257,"trial_3",1.46275,0.3026195011892
"4169",6.25,"Pa14_09480",1.149,"trial_3",1.391,0.673031326660703
"4170",6.25,"Pa14_19120",2.333,"trial_3",1.86025,0.414804246000448
"4171",6.25,"Pa14_48650",1.691,"trial_3",1.44725,0.231850661346192
"4172",6.25,"Pa14_58770",1.532,"trial_3",1.6165,0.226087188196648
"4173",6.25,"Pa14_06570",1.576,"trial_3",1.38675,0.280893329397478
"4174",6.25,"Pa14_32750",2.628,"trial_3",1.8895,0.397276247297352
"4175",6.25,"Pa14_62830",0.34,"trial_3",0.45,0.251422950424181
"4176",6.25,"Pa14_17250",1.773,"trial_3",1.732,0.31104179783431
"4177",6.25,"Pa14_20440",1.754,"trial_3",1.77075,0.206760479379724
"4178",6.25,"Pa14_68350",1.976,"trial_3",1.84525,0.213414063500979
"4179",6.25,"Pa14_72840",2.24,"trial_3",1.8685,0.382365553713546
"4180",6.25,"Pa14",1.936,"trial_3",1.3985,0.270990928507456
"4181",6.5,"Pa14_51430",3.041,"trial_3",2.074,0.465720409688044
"4182",6.5,"Pa14_16930",3.251,"trial_3",2.149,0.558496642783106
"4183",6.5,"Pa14_09810",1.387,"trial_3",1.79775,0.501242352393863
"4184",6.5,"Pa14_64590",2.184,"trial_3",2.02925,0.338739667739106
"4185",6.5,"Pa14_05300",2.702,"trial_3",2.10325,0.490570649855859
"4186",6.5,"Pa14_18520",2.176,"trial_3",2.0325,0.32349201432699
"4187",6.5,"Pa14_01960",1.481,"trial_3",1.67,0.339292155327332
"4188",6.5,"Pa14_09480",1.371,"trial_3",1.545,0.713609136712809
"4189",6.5,"Pa14_19120",2.587,"trial_3",2.07725,0.434556550788656
"4190",6.5,"Pa14_48650",1.964,"trial_3",1.66925,0.266231533005891
"4191",6.5,"Pa14_58770",1.809,"trial_3",1.8665,0.252327994219164
"4192",6.5,"Pa14_06570",1.802,"trial_3",1.59925,0.332211121377155
"4193",6.5,"Pa14_32750",2.865,"trial_3",2.09825,0.426081833884838
"4194",6.5,"Pa14_62830",0.396,"trial_3",0.491,0.266951618587838
"4195",6.5,"Pa14_17250",2.074,"trial_3",1.99175,0.31361132393458
"4196",6.5,"Pa14_20440",2.032,"trial_3",2.0525,0.201714526001476
"4197",6.5,"Pa14_68350",2.113,"trial_3",1.988,0.213338932218196
"4198",6.5,"Pa14_72840",2.536,"trial_3",2.08875,0.394739022435499
"4199",6.5,"Pa14",2.231,"trial_3",1.60875,0.322690867291489
"4200",6.75,"Pa14_51430",3.272,"trial_3",2.28625,0.464768826945181
"4201",6.75,"Pa14_16930",3.543,"trial_3",2.3785,0.535429811771191
"4202",6.75,"Pa14_09810",1.639,"trial_3",2.018,0.524144064165569
"4203",6.75,"Pa14_64590",2.471,"trial_3",2.3295,0.361695659360186
"4204",6.75,"Pa14_05300",3.143,"trial_3",2.38675,0.496314479438188
"4205",6.75,"Pa14_18520",2.393,"trial_3",2.2525,0.33210803964975
"4206",6.75,"Pa14_01960",1.768,"trial_3",1.8795,0.338849647090466
"4207",6.75,"Pa14_09480",1.577,"trial_3",1.702,0.755062138723253
"4208",6.75,"Pa14_19120",2.778,"trial_3",2.27975,0.456294198772386
"4209",6.75,"Pa14_48650",2.284,"trial_3",1.922,0.285695933934431
"4210",6.75,"Pa14_58770",2.082,"trial_3",2.12375,0.257065612571317
"4211",6.75,"Pa14_06570",2.07,"trial_3",1.82275,0.372447171869157
"4212",6.75,"Pa14_32750",3.06,"trial_3",2.3025,0.44395880064108
"4213",6.75,"Pa14_62830",0.478,"trial_3",0.58225,0.27198111913636
"4214",6.75,"Pa14_17250",2.333,"trial_3",2.253,0.302226184614548
"4215",6.75,"Pa14_20440",2.346,"trial_3",2.33975,0.180812229951406
"4216",6.75,"Pa14_68350",2.26,"trial_3",2.136,0.216752931544958
"4217",6.75,"Pa14_72840",2.757,"trial_3",2.3165,0.389075935176327
"4218",6.75,"Pa14",2.47,"trial_3",1.8165,0.354791135740452
"4219",7,"Pa14_51430",3.472,"trial_3",2.50425,0.458632273722642
"4220",7,"Pa14_16930",3.659,"trial_3",2.5955,0.479714932711779
"4221",7,"Pa14_09810",1.888,"trial_3",2.23125,0.534849414165645
"4222",7,"Pa14_64590",2.737,"trial_3",2.626,0.378816138339784
"4223",7,"Pa14_05300",3.233,"trial_3",2.6595,0.412445652985538
"4224",7,"Pa14_18520",2.671,"trial_3",2.48325,0.327702195852678
"4225",7,"Pa14_01960",2.172,"trial_3",2.21725,0.367353003481211
"4226",7,"Pa14_09480",1.828,"trial_3",1.872,0.78197325188696
"4227",7,"Pa14_19120",2.993,"trial_3",2.4815,0.47267580503625
"4228",7,"Pa14_48650",2.603,"trial_3",2.1895,0.284842792899288
"4229",7,"Pa14_58770",2.407,"trial_3",2.38475,0.238236358476199
"4230",7,"Pa14_06570",2.39,"trial_3",2.0635,0.390847903068871
"4231",7,"Pa14_32750",3.337,"trial_3",2.5125,0.456407073418748
"4232",7,"Pa14_62830",0.545,"trial_3",0.65325,0.29016844964032
"4233",7,"Pa14_17250",2.63,"trial_3",2.53075,0.26041933331968
"4234",7,"Pa14_20440",2.636,"trial_3",2.61775,0.151334274042597
"4235",7,"Pa14_68350",2.462,"trial_3",2.30575,0.219364755221374
"4236",7,"Pa14_72840",2.991,"trial_3",2.57175,0.385439008361461
"4237",7,"Pa14",2.743,"trial_3",2.05075,0.368629528343385
"4238",7.25,"Pa14_51430",3.653,"trial_3",2.71325,0.432758857987525
"4239",7.25,"Pa14_16930",3.789,"trial_3",2.76675,0.427335616543563
"4240",7.25,"Pa14_09810",2.16,"trial_3",2.45775,0.530794903109164
"4241",7.25,"Pa14_64590",2.972,"trial_3",2.83125,0.358674266105985
"4242",7.25,"Pa14_05300",3.554,"trial_3",2.9975,0.341233668717884
"4243",7.25,"Pa14_18520",2.84,"trial_3",2.67225,0.304252465068075
"4244",7.25,"Pa14_01960",2.587,"trial_3",2.482,0.328121166644275
"4245",7.25,"Pa14_09480",2.072,"trial_3",2.00775,0.775230328676581
"4246",7.25,"Pa14_19120",3.184,"trial_3",2.68275,0.47006974216599
"4247",7.25,"Pa14_48650",2.843,"trial_3",2.44025,0.284410318319618
"4248",7.25,"Pa14_58770",2.655,"trial_3",2.624,0.206408171672861
"4249",7.25,"Pa14_06570",2.659,"trial_3",2.3105,0.397743950299687
"4250",7.25,"Pa14_32750",3.422,"trial_3",2.68775,0.426437251148005
"4251",7.25,"Pa14_62830",0.606,"trial_3",0.722,0.328903481282883
"4252",7.25,"Pa14_17250",2.842,"trial_3",2.785,0.225475423642282
"4253",7.25,"Pa14_20440",2.872,"trial_3",2.85425,0.124566163811312
"4254",7.25,"Pa14_68350",2.6,"trial_3",2.4635,0.212587432993267
"4255",7.25,"Pa14_72840",3.168,"trial_3",2.769,0.35399034826767
"4256",7.25,"Pa14",2.941,"trial_3",2.28775,0.351218681877829
"4257",7.5,"Pa14_51430",3.824,"trial_3",2.92925,0.409972839547532
"4258",7.5,"Pa14_16930",3.884,"trial_3",2.9295,0.371304569502361
"4259",7.5,"Pa14_09810",2.477,"trial_3",2.68775,0.498964490219494
"4260",7.5,"Pa14_64590",3.199,"trial_3",3.0485,0.338325656727361
"4261",7.5,"Pa14_05300",3.643,"trial_3",3.28175,0.235504202014883
"4262",7.5,"Pa14_18520",3.005,"trial_3",2.852,0.285807044466484
"4263",7.5,"Pa14_01960",2.833,"trial_3",2.73075,0.281867100776235
"4264",7.5,"Pa14_09480",2.355,"trial_3",2.1735,0.790863083388437
"4265",7.5,"Pa14_19120",3.385,"trial_3",2.86675,0.443444542755912
"4266",7.5,"Pa14_48650",3.059,"trial_3",2.6935,0.276241591123905
"4267",7.5,"Pa14_58770",2.838,"trial_3",2.81625,0.185781401562876
"4268",7.5,"Pa14_06570",2.872,"trial_3",2.5325,0.398866414563406
"4269",7.5,"Pa14_32750",3.617,"trial_3",2.8805,0.409476393295959
"4270",7.5,"Pa14_62830",0.687,"trial_3",0.802,0.360170561447397
"4271",7.5,"Pa14_17250",2.997,"trial_3",2.9875,0.190632499852465
"4272",7.5,"Pa14_20440",3.061,"trial_3",3.0405,0.104084500927532
"4273",7.5,"Pa14_68350",2.718,"trial_3",2.613,0.22661751918155
"4274",7.5,"Pa14_72840",3.384,"trial_3",2.96775,0.327845587383248
"4275",7.5,"Pa14",3.113,"trial_3",2.516,0.315584642634376
"4276",7.75,"Pa14_51430",3.96,"trial_3",3.0955,0.385921084333745
"4277",7.75,"Pa14_16930",3.982,"trial_3",3.07275,0.322243793578713
"4278",7.75,"Pa14_09810",2.748,"trial_3",2.9245,0.477910992410372
"4279",7.75,"Pa14_64590",3.379,"trial_3",3.25325,0.32110444173197
"4280",7.75,"Pa14_05300",3.733,"trial_3",3.51075,0.170868553279999
"4281",7.75,"Pa14_18520",3.129,"trial_3",3.033,0.280694080213079
"4282",7.75,"Pa14_01960",3.27,"trial_3",3.023,0.240011805265213
"4283",7.75,"Pa14_09480",2.627,"trial_3",2.323,0.792182112900815
"4284",7.75,"Pa14_19120",3.546,"trial_3",3.0675,0.420894780992431
"4285",7.75,"Pa14_48650",3.28,"trial_3",2.9015,0.273828565590468
"4286",7.75,"Pa14_58770",3.015,"trial_3",3.0285,0.178316432220926
"4287",7.75,"Pa14_06570",3.05,"trial_3",2.777,0.402818197205638
"4288",7.75,"Pa14_32750",3.736,"trial_3",3.06425,0.379950956264972
"4289",7.75,"Pa14_62830",0.774,"trial_3",0.9135,0.408885578941917
"4290",7.75,"Pa14_17250",3.187,"trial_3",3.20975,0.199173866675994
"4291",7.75,"Pa14_20440",3.23,"trial_3",3.201,0.0921421004029464
"4292",7.75,"Pa14_68350",2.832,"trial_3",2.7465,0.226517659355733
"4293",7.75,"Pa14_72840",3.51,"trial_3",3.1385,0.316102435928608
"4294",7.75,"Pa14",3.276,"trial_3",2.72675,0.288801943379888
"4295",8,"Pa14_51430",4.094,"trial_3",3.27025,0.362289335338483
"4296",8,"Pa14_16930",4.042,"trial_3",3.1705,0.296131305335995
"4297",8,"Pa14_09810",2.992,"trial_3",3.139,0.449618171340972
"4298",8,"Pa14_64590",3.554,"trial_3",3.423,0.297859866380149
"4299",8,"Pa14_05300",3.86,"trial_3",3.64825,0.170562977127707
"4300",8,"Pa14_18520",3.271,"trial_3",3.1405,0.258564144201524
"4301",8,"Pa14_01960",3.281,"trial_3",3.16825,0.194927924714068
"4302",8,"Pa14_09480",2.898,"trial_3",2.471,0.784926960508641
"4303",8,"Pa14_19120",3.634,"trial_3",3.22925,0.382997035454149
"4304",8,"Pa14_48650",3.445,"trial_3",3.117,0.274868756560896
"4305",8,"Pa14_58770",3.213,"trial_3",3.1895,0.163142320280995
"4306",8,"Pa14_06570",3.2,"trial_3",2.9305,0.360377695388232
"4307",8,"Pa14_32750",3.818,"trial_3",3.19825,0.339168192052262
"4308",8,"Pa14_62830",0.873,"trial_3",1.0185,0.442001602561197
"4309",8,"Pa14_17250",3.3,"trial_3",3.34275,0.168058707500286
"4310",8,"Pa14_20440",3.363,"trial_3",3.335,0.0914631073165569
"4311",8,"Pa14_68350",2.948,"trial_3",2.8565,0.216280874481926
"4312",8,"Pa14_72840",3.629,"trial_3",3.2695,0.291563743745114
"4313",8,"Pa14",3.398,"trial_3",2.912,0.251589281700685
"4314",8.25,"Pa14_51430",4.212,"trial_3",3.40175,0.350798939327549
"4315",8.25,"Pa14_16930",4.106,"trial_3",3.25275,0.288080826331778
"4316",8.25,"Pa14_09810",3.228,"trial_3",3.31825,0.416173916970618
"4317",8.25,"Pa14_64590",3.712,"trial_3",3.56275,0.27134430004455
"4318",8.25,"Pa14_05300",3.952,"trial_3",3.8015,0.159691629920502
"4319",8.25,"Pa14_18520",3.441,"trial_3",3.287,0.264465498695009
"4320",8.25,"Pa14_01960",3.586,"trial_3",3.4,0.161632814325145
"4321",8.25,"Pa14_09480",3.114,"trial_3",2.60375,0.761881702869065
"4322",8.25,"Pa14_19120",3.774,"trial_3",3.36775,0.373033370937954
"4323",8.25,"Pa14_48650",3.592,"trial_3",3.293,0.264970753103055
"4324",8.25,"Pa14_58770",3.409,"trial_3",3.32075,0.158805108545034
"4325",8.25,"Pa14_06570",3.341,"trial_3",3.1215,0.349497138757959
"4326",8.25,"Pa14_32750",3.95,"trial_3",3.33675,0.335500465722479
"4327",8.25,"Pa14_62830",0.978,"trial_3",1.13325,0.480258502440786
"4328",8.25,"Pa14_17250",3.472,"trial_3",3.49075,0.1553455154379
"4329",8.25,"Pa14_20440",3.489,"trial_3",3.4585,0.0900004629617722
"4330",8.25,"Pa14_68350",3.059,"trial_3",2.9715,0.229464775800848
"4331",8.25,"Pa14_72840",3.714,"trial_3",3.38825,0.275755741856206
"4332",8.25,"Pa14",3.59,"trial_3",3.082,0.24864868120838
"4333",8.5,"Pa14_51430",4.314,"trial_3",3.52175,0.347455602679441
"4334",8.5,"Pa14_16930",4.162,"trial_3",3.32825,0.284916179194279
"4335",8.5,"Pa14_09810",3.486,"trial_3",3.50125,0.378342299820326
"4336",8.5,"Pa14_64590",3.808,"trial_3",3.688,0.237179608454577
"4337",8.5,"Pa14_05300",4.035,"trial_3",3.88375,0.144707391541229
"4338",8.5,"Pa14_18520",3.547,"trial_3",3.3705,0.242653559627713
"4339",8.5,"Pa14_01960",3.634,"trial_3",3.5375,0.116187707324542
"4340",8.5,"Pa14_09480",3.281,"trial_3",2.75225,0.743759859878621
"4341",8.5,"Pa14_19120",3.911,"trial_3",3.5025,0.344102092408634
"4342",8.5,"Pa14_48650",3.778,"trial_3",3.491,0.262206979312146
"4343",8.5,"Pa14_58770",3.573,"trial_3",3.44475,0.143694916982706
"4344",8.5,"Pa14_06570",3.47,"trial_3",3.27825,0.315292555943418
"4345",8.5,"Pa14_32750",4.042,"trial_3",3.46575,0.309390900264805
"4346",8.5,"Pa14_62830",1.076,"trial_3",1.2385,0.507709644711752
"4347",8.5,"Pa14_17250",3.676,"trial_3",3.6,0.129106545147796
"4348",8.5,"Pa14_20440",3.591,"trial_3",3.577,0.073587816020498
"4349",8.5,"Pa14_68350",3.154,"trial_3",3.09125,0.215557175323238
"4350",8.5,"Pa14_72840",3.805,"trial_3",3.47225,0.258444505648698
"4351",8.5,"Pa14",3.664,"trial_3",3.22225,0.222483847728324
"4352",8.75,"Pa14_51430",4.416,"trial_3",3.6365,0.340463532065722
"4353",8.75,"Pa14_16930",4.208,"trial_3",3.383,0.283808327338482
"4354",8.75,"Pa14_09810",3.803,"trial_3",3.6715,0.350110815790277
"4355",8.75,"Pa14_64590",3.914,"trial_3",3.80425,0.210292009279161
"4356",8.75,"Pa14_05300",4.101,"trial_3",3.97725,0.135575547819902
"4357",8.75,"Pa14_18520",3.649,"trial_3",3.49,0.243921435439091
"4358",8.75,"Pa14_01960",3.67,"trial_3",3.667,0.0777753174214031
"4359",8.75,"Pa14_09480",3.432,"trial_3",2.88675,0.725686270023073
"4360",8.75,"Pa14_19120",4.023,"trial_3",3.6465,0.329936988933746
"4361",8.75,"Pa14_48650",3.944,"trial_3",3.65025,0.247699540774706
"4362",8.75,"Pa14_58770",3.679,"trial_3",3.563,0.137213337544132
"4363",8.75,"Pa14_06570",3.582,"trial_3",3.4145,0.287085498298562
"4364",8.75,"Pa14_32750",4.168,"trial_3",3.5795,0.30343601741828
"4365",8.75,"Pa14_62830",1.164,"trial_3",1.3385,0.521191343622154
"4366",8.75,"Pa14_17250",3.698,"trial_3",3.7105,0.135169338239114
"4367",8.75,"Pa14_20440",3.683,"trial_3",3.683,0.0685456052566465
"4368",8.75,"Pa14_68350",3.255,"trial_3",3.211,0.214220680607639
"4369",8.75,"Pa14_72840",3.919,"trial_3",3.59425,0.251560256201173
"4370",8.75,"Pa14",3.771,"trial_3",3.3585,0.210971364565589
"4371",9,"Pa14_51430",4.502,"trial_3",3.766,0.325877021794009
"4372",9,"Pa14_16930",4.239,"trial_3",3.41025,0.287907211615131
"4373",9,"Pa14_09810",4.11,"trial_3",3.84725,0.328984643765227
"4374",9,"Pa14_64590",4.015,"trial_3",3.909,0.187454438908943
"4375",9,"Pa14_05300",4.157,"trial_3",4.0535,0.117253642445199
"4376",9,"Pa14_18520",3.762,"trial_3",3.574,0.239788795957331
"4377",9,"Pa14_01960",3.754,"trial_3",3.7995,0.0505049502524258
"4378",9,"Pa14_09480",3.552,"trial_3",3.01225,0.708705554161952
"4379",9,"Pa14_19120",4.132,"trial_3",3.74225,0.312398350134354
"4380",9,"Pa14_48650",4.058,"trial_3",3.79525,0.232436147145834
"4381",9,"Pa14_58770",3.796,"trial_3",3.674,0.135827709495032
"4382",9,"Pa14_06570",3.67,"trial_3",3.52475,0.272836756749037
"4383",9,"Pa14_32750",4.251,"trial_3",3.669,0.289498128951927
"4384",9,"Pa14_62830",1.261,"trial_3",1.4265,0.534134892450712
"4385",9,"Pa14_17250",3.754,"trial_3",3.77325,0.108329262744037
"4386",9,"Pa14_20440",3.76,"trial_3",3.75725,0.0714158887550009
"4387",9,"Pa14_68350",3.365,"trial_3",3.31575,0.206569348726604
"4388",9,"Pa14_72840",4.009,"trial_3",3.66175,0.241270033710502
"4389",9,"Pa14",3.853,"trial_3",3.4555,0.198376955986996
"4390",9.25,"Pa14_51430",4.601,"trial_3",3.87,0.323447831960581
"4391",9.25,"Pa14_16930",4.262,"trial_3",3.4285,0.293662079040973
"4392",9.25,"Pa14_09810",4.243,"trial_3",3.964,0.298662853398276
"4393",9.25,"Pa14_64590",4.122,"trial_3",4.00825,0.162888701777216
"4394",9.25,"Pa14_05300",4.212,"trial_3",4.117,0.112400326215422
"4395",9.25,"Pa14_18520",3.851,"trial_3",3.683,0.241808119521795
"4396",9.25,"Pa14_01960",3.828,"trial_3",3.88975,0.0389623215427419
"4397",9.25,"Pa14_09480",3.66,"trial_3",3.125,0.682796577808257
"4398",9.25,"Pa14_19120",4.167,"trial_3",3.857,0.297702032240292
"4399",9.25,"Pa14_48650",4.205,"trial_3",3.94025,0.228079070718907
"4400",9.25,"Pa14_58770",3.878,"trial_3",3.765,0.120628216710132
"4401",9.25,"Pa14_06570",3.763,"trial_3",3.6305,0.24487020371345
"4402",9.25,"Pa14_32750",4.331,"trial_3",3.76475,0.286935060887767
"4403",9.25,"Pa14_62830",1.348,"trial_3",1.5135,0.534856133304399
"4404",9.25,"Pa14_17250",3.921,"trial_3",3.85325,0.0819963159741542
"4405",9.25,"Pa14_20440",3.835,"trial_3",3.85525,0.0639353514627602
"4406",9.25,"Pa14_68350",3.484,"trial_3",3.4375,0.212900015656802
"4407",9.25,"Pa14_72840",4.065,"trial_3",3.7465,0.232773316053767
"4408",9.25,"Pa14",3.958,"trial_3",3.5635,0.191215628719691
"4409",9.5,"Pa14_51430",4.691,"trial_3",3.966,0.317109339713187
"4410",9.5,"Pa14_16930",4.285,"trial_3",3.4625,0.298196383836782
"4411",9.5,"Pa14_09810",4.435,"trial_3",4.09725,0.269950419830506
"4412",9.5,"Pa14_64590",4.202,"trial_3",4.0905,0.137759149726373
"4413",9.5,"Pa14_05300",4.255,"trial_3",4.181,0.107300201925874
"4414",9.5,"Pa14_18520",3.996,"trial_3",3.76025,0.234123320424657
"4415",9.5,"Pa14_01960",3.9,"trial_3",3.96625,0.0340107213488139
"4416",9.5,"Pa14_09480",3.806,"trial_3",3.25325,0.667329550646955
"4417",9.5,"Pa14_19120",4.238,"trial_3",3.921,0.277447592648894
"4418",9.5,"Pa14_48650",4.26,"trial_3",4.059,0.210873184639489
"4419",9.5,"Pa14_58770",3.956,"trial_3",3.85475,0.110693552206079
"4420",9.5,"Pa14_06570",3.846,"trial_3",3.721,0.220153734164712
"4421",9.5,"Pa14_32750",4.42,"trial_3",3.82725,0.279431379471478
"4422",9.5,"Pa14_62830",1.437,"trial_3",1.608,0.537595107864646
"4423",9.5,"Pa14_17250",3.994,"trial_3",3.92825,0.0684913315683087
"4424",9.5,"Pa14_20440",3.903,"trial_3",3.94275,0.0584983974139463
"4425",9.5,"Pa14_68350",3.641,"trial_3",3.55925,0.205882804446284
"4426",9.5,"Pa14_72840",4.151,"trial_3",3.83275,0.22509419324659
"4427",9.5,"Pa14",4.075,"trial_3",3.68675,0.184974040971519
"4428",9.75,"Pa14_51430",4.765,"trial_3",4.0565,0.308000405843888
"4429",9.75,"Pa14_16930",4.306,"trial_3",3.5015,0.305837783800498
"4430",9.75,"Pa14_09810",4.414,"trial_3",4.1645,0.218988013370595
"4431",9.75,"Pa14_64590",4.282,"trial_3",4.15875,0.118965243523756
"4432",9.75,"Pa14_05300",4.303,"trial_3",4.23425,0.106938748044539
"4433",9.75,"Pa14_18520",4.044,"trial_3",3.83425,0.231575176778514
"4434",9.75,"Pa14_01960",3.969,"trial_3",4.02975,0.0314573123454628
"4435",9.75,"Pa14_09480",3.892,"trial_3",3.358,0.641648268134498
"4436",9.75,"Pa14_19120",4.264,"trial_3",3.981,0.267000936327946
"4437",9.75,"Pa14_48650",4.286,"trial_3",4.1495,0.194354701512467
"4438",9.75,"Pa14_58770",3.997,"trial_3",3.916,0.100005833163204
"4439",9.75,"Pa14_06570",3.918,"trial_3",3.82475,0.202789864556064
"4440",9.75,"Pa14_32750",4.446,"trial_3",3.9015,0.261781874850036
"4441",9.75,"Pa14_62830",1.539,"trial_3",1.70025,0.53588639576562
"4442",9.75,"Pa14_17250",4.074,"trial_3",4.00375,0.0614469622248869
"4443",9.75,"Pa14_20440",3.957,"trial_3",4.00975,0.059960229875032
"4444",9.75,"Pa14_68350",3.721,"trial_3",3.63725,0.198355898576271
"4445",9.75,"Pa14_72840",4.238,"trial_3",3.905,0.218282309559585
"4446",9.75,"Pa14",4.136,"trial_3",3.77175,0.174619765490623
"4447",10,"Pa14_51430",4.839,"trial_3",4.15275,0.304086439191227
"4448",10,"Pa14_16930",4.305,"trial_3",3.53525,0.311753207681974
"4449",10,"Pa14_09810",4.408,"trial_3",4.2475,0.167378065070267
"4450",10,"Pa14_64590",4.354,"trial_3",4.229,0.103196414666402
"4451",10,"Pa14_05300",4.33,"trial_3",4.283,0.105485386033643
"4452",10,"Pa14_18520",4.087,"trial_3",3.90675,0.222066196962377
"4453",10,"Pa14_01960",4.032,"trial_3",4.0885,0.0301012181370344
"4454",10,"Pa14_09480",3.967,"trial_3",3.47225,0.611248909337814
"4455",10,"Pa14_19120",4.346,"trial_3",4.09125,0.2578185327577
"4456",10,"Pa14_48650",4.348,"trial_3",4.23675,0.177649174404686
"4457",10,"Pa14_58770",4.084,"trial_3",4.038,0.0675067897819668
"4458",10,"Pa14_06570",3.982,"trial_3",3.9345,0.159399132159913
"4459",10,"Pa14_32750",4.496,"trial_3",3.96625,0.248577410813345
"4460",10,"Pa14_62830",1.665,"trial_3",1.798,0.531822338756093
"4461",10,"Pa14_17250",4.096,"trial_3",4.077,0.0475832603618822
"4462",10,"Pa14_20440",4.008,"trial_3",4.1115,0.0452483885532586
"4463",10,"Pa14_68350",3.826,"trial_3",3.747,0.192174833593441
"4464",10,"Pa14_72840",4.283,"trial_3",3.97325,0.213161275016516
"4465",10,"Pa14",4.224,"trial_3",3.856,0.167875449862887
"4466",10.25,"Pa14_51430",4.902,"trial_3",4.23175,0.300364882268217
"4467",10.25,"Pa14_16930",4.287,"trial_3",3.5745,0.324725140182688
"4468",10.25,"Pa14_09810",4.473,"trial_3",4.349,0.111423366789317
"4469",10.25,"Pa14_64590",4.399,"trial_3",4.28475,0.0842361511862138
"4470",10.25,"Pa14_05300",4.344,"trial_3",4.31575,0.103844735864013
"4471",10.25,"Pa14_18520",4.156,"trial_3",3.9895,0.230580607741993
"4472",10.25,"Pa14_01960",4.085,"trial_3",4.14075,0.0319018677614128
"4473",10.25,"Pa14_09480",4.028,"trial_3",3.621,0.566708331801583
"4474",10.25,"Pa14_19120",4.407,"trial_3",4.16975,0.258149625540435
"4475",10.25,"Pa14_48650",4.389,"trial_3",4.305,0.165883995611391
"4476",10.25,"Pa14_58770",4.196,"trial_3",4.09875,0.0840846547633197
"4477",10.25,"Pa14_06570",4.048,"trial_3",4.0045,0.163946383512009
"4478",10.25,"Pa14_32750",4.547,"trial_3",4.02675,0.245068145284803
"4479",10.25,"Pa14_62830",1.841,"trial_3",1.8985,0.53345204408019
"4480",10.25,"Pa14_17250",4.128,"trial_3",4.12275,0.0508582589163256
"4481",10.25,"Pa14_20440",4.06,"trial_3",4.15975,0.0446399951463558
"4482",10.25,"Pa14_68350",3.956,"trial_3",3.866,0.185386533131904
"4483",10.25,"Pa14_72840",4.338,"trial_3",4.04675,0.212122753376435
"4484",10.25,"Pa14",4.275,"trial_3",3.91875,0.163446410687622
"4485",10.5,"Pa14_51430",4.957,"trial_3",4.30275,0.300464744188066
"4486",10.5,"Pa14_16930",4.271,"trial_3",3.58225,0.329812415119059
"4487",10.5,"Pa14_09810",4.529,"trial_3",4.44325,0.0660156231508876
"4488",10.5,"Pa14_64590",4.43,"trial_3",4.33275,0.066640046768691
"4489",10.5,"Pa14_05300",4.344,"trial_3",4.33625,0.110128996333088
"4490",10.5,"Pa14_18520",4.258,"trial_3",4.06175,0.224531131842929
"4491",10.5,"Pa14_01960",4.112,"trial_3",4.18275,0.0395376929861451
"4492",10.5,"Pa14_09480",4.078,"trial_3",3.7155,0.513654634295587
"4493",10.5,"Pa14_19120",4.499,"trial_3",4.243,0.253590549245564
"4494",10.5,"Pa14_48650",4.417,"trial_3",4.35075,0.156683531893644
"4495",10.5,"Pa14_58770",4.343,"trial_3",4.21075,0.0883151317725337
"4496",10.5,"Pa14_06570",4.107,"trial_3",4.08525,0.158244207371602
"4497",10.5,"Pa14_32750",4.587,"trial_3",4.08725,0.238833754942638
"4498",10.5,"Pa14_62830",2.056,"trial_3",2.014,0.52796606582873
"4499",10.5,"Pa14_17250",4.247,"trial_3",4.221,0.0380460247594936
"4500",10.5,"Pa14_20440",4.098,"trial_3",4.22,0.0479791621435806
"4501",10.5,"Pa14_68350",4.048,"trial_3",3.9445,0.187826826270016
"4502",10.5,"Pa14_72840",4.441,"trial_3",4.14825,0.218717997659086
"4503",10.5,"Pa14",4.362,"trial_3",4.0075,0.162781294994235
"4504",10.75,"Pa14_51430",5.013,"trial_3",4.40375,0.295294873812601
"4505",10.75,"Pa14_16930",4.263,"trial_3",3.57925,0.327520578233898
"4506",10.75,"Pa14_09810",4.569,"trial_3",4.4705,0.0658185637440786
"4507",10.75,"Pa14_64590",4.461,"trial_3",4.37125,0.0548275706191694
"4508",10.75,"Pa14_05300",4.344,"trial_3",4.358,0.114531655012926
"4509",10.75,"Pa14_18520",4.285,"trial_3",4.097,0.194200926877294
"4510",10.75,"Pa14_01960",4.156,"trial_3",4.22525,0.0473803317140492
"4511",10.75,"Pa14_09480",4.13,"trial_3",3.8255,0.459172534747742
"4512",10.75,"Pa14_19120",4.496,"trial_3",4.31125,0.244385411116676
"4513",10.75,"Pa14_48650",4.445,"trial_3",4.39675,0.148140347306195
"4514",10.75,"Pa14_58770",4.362,"trial_3",4.271,0.0830030119935415
"4515",10.75,"Pa14_06570",4.154,"trial_3",4.147,0.131819320789228
"4516",10.75,"Pa14_32750",4.59,"trial_3",4.139,0.223745763460823
"4517",10.75,"Pa14_62830",2.231,"trial_3",2.1195,0.521822686998818
"4518",10.75,"Pa14_17250",4.25,"trial_3",4.28175,0.0342013035813939
"4519",10.75,"Pa14_20440",4.124,"trial_3",4.256,0.0614261073702923
"4520",10.75,"Pa14_68350",4.109,"trial_3",4.0085,0.173536499522915
"4521",10.75,"Pa14_72840",4.468,"trial_3",4.20575,0.217310214133314
"4522",10.75,"Pa14",4.401,"trial_3",4.084,0.150900629554684
"4523",11,"Pa14_51430",5.065,"trial_3",4.467,0.286729838000861
"4524",11,"Pa14_16930",4.261,"trial_3",3.575,0.336685065503852
"4525",11,"Pa14_09810",4.619,"trial_3",4.503,0.0652750590450391
"4526",11,"Pa14_64590",4.449,"trial_3",4.391,0.0480780615249824
"4527",11,"Pa14_05300",4.375,"trial_3",4.3745,0.12399630370835
"4528",11,"Pa14_18520",4.312,"trial_3",4.1925,0.170208940227396
"4529",11,"Pa14_01960",4.214,"trial_3",4.26975,0.0539697060087108
"4530",11,"Pa14_09480",4.199,"trial_3",3.9495,0.408042175107754
"4531",11,"Pa14_19120",4.506,"trial_3",4.3615,0.224864588882584
"4532",11,"Pa14_48650",4.5,"trial_3",4.43575,0.150271074506484
"4533",11,"Pa14_58770",4.324,"trial_3",4.32325,0.0634998359577933
"4534",11,"Pa14_06570",4.205,"trial_3",4.2235,0.112272362286243
"4535",11,"Pa14_32750",4.605,"trial_3",4.183,0.213260794959286
"4536",11,"Pa14_62830",2.413,"trial_3",2.2315,0.517336850288733
"4537",11,"Pa14_17250",4.27,"trial_3",4.30925,0.0270073292521371
"4538",11,"Pa14_20440",4.16,"trial_3",4.3035,0.0685729538520837
"4539",11,"Pa14_68350",4.158,"trial_3",4.0785,0.173352002199763
"4540",11,"Pa14_72840",4.506,"trial_3",4.26125,0.20210120195915
"4541",11,"Pa14",4.373,"trial_3",4.13875,0.127529980135391
"4542",11.25,"Pa14_51430",5.101,"trial_3",4.55325,0.281862370374858
"4543",11.25,"Pa14_16930",4.238,"trial_3",3.59075,0.340727499868541
"4544",11.25,"Pa14_09810",4.65,"trial_3",4.52175,0.064712666199645
"4545",11.25,"Pa14_64590",4.426,"trial_3",4.39325,0.0486678795510961
"4546",11.25,"Pa14_05300",4.325,"trial_3",4.36875,0.126093467316907
"4547",11.25,"Pa14_18520",4.402,"trial_3",4.232,0.164903507138771
"4548",11.25,"Pa14_01960",4.263,"trial_3",4.30175,0.0580393185693974
"4549",11.25,"Pa14_09480",4.222,"trial_3",4.03,0.374487872522818
"4550",11.25,"Pa14_19120",4.559,"trial_3",4.3805,0.209931933413349
"4551",11.25,"Pa14_48650",4.516,"trial_3",4.46675,0.151372815150762
"4552",11.25,"Pa14_58770",4.416,"trial_3",4.3495,0.0534797469453002
"4553",11.25,"Pa14_06570",4.248,"trial_3",4.28,0.108102574745779
"4554",11.25,"Pa14_32750",4.576,"trial_3",4.20075,0.195714662625636
"4555",11.25,"Pa14_62830",2.669,"trial_3",2.3655,0.516417547468454
"4556",11.25,"Pa14_17250",4.344,"trial_3",4.364,0.0350689796448848
"4557",11.25,"Pa14_20440",4.184,"trial_3",4.3345,0.0683892048011478
"4558",11.25,"Pa14_68350",4.216,"trial_3",4.1485,0.15120929204252
"4559",11.25,"Pa14_72840",4.547,"trial_3",4.2965,0.196253450075831
"4560",11.25,"Pa14",4.443,"trial_3",4.177,0.143766013600804
"4561",11.5,"Pa14_51430",5.15,"trial_3",4.59525,0.276738557426801
"4562",11.5,"Pa14_16930",4.223,"trial_3",3.604,0.354639018345885
"4563",11.5,"Pa14_09810",4.681,"trial_3",4.53725,0.0649581596106294
"4564",11.5,"Pa14_64590",4.383,"trial_3",4.3805,0.0617933383680366
"4565",11.5,"Pa14_05300",4.299,"trial_3",4.3585,0.134742037488924
"4566",11.5,"Pa14_18520",4.416,"trial_3",4.278,0.168943777630311
"4567",11.5,"Pa14_01960",4.294,"trial_3",4.3205,0.0629159492232826
"4568",11.5,"Pa14_09480",4.258,"trial_3",4.09975,0.347895428493487
"4569",11.5,"Pa14_19120",4.574,"trial_3",4.4035,0.19096356546036
"4570",11.5,"Pa14_48650",4.529,"trial_3",4.49125,0.150238906967092
"4571",11.5,"Pa14_58770",4.434,"trial_3",4.40325,0.0388552334527367
"4572",11.5,"Pa14_06570",4.285,"trial_3",4.3225,0.105016268580952
"4573",11.5,"Pa14_32750",4.556,"trial_3",4.2335,0.180586313619462
"4574",11.5,"Pa14_62830",2.866,"trial_3",2.5,0.502650143406591
"4575",11.5,"Pa14_17250",4.371,"trial_3",4.429,0.0372983467015182
"4576",11.5,"Pa14_20440",4.207,"trial_3",4.37025,0.0708535755390415
"4577",11.5,"Pa14_68350",4.274,"trial_3",4.2025,0.15217013504627
"4578",11.5,"Pa14_72840",4.595,"trial_3",4.339,0.192014322382472
"4579",11.5,"Pa14",4.477,"trial_3",4.239,0.132469493343436
"4580",11.75,"Pa14_51430",5.183,"trial_3",4.633,0.268157602912914
"4581",11.75,"Pa14_16930",4.213,"trial_3",3.6015,0.36158182568634
"4582",11.75,"Pa14_09810",4.718,"trial_3",4.5565,0.063975906923362
"4583",11.75,"Pa14_64590",4.349,"trial_3",4.3645,0.0690718225231293
"4584",11.75,"Pa14_05300",4.269,"trial_3",4.34475,0.144077163931924
"4585",11.75,"Pa14_18520",4.428,"trial_3",4.34,0.176251241130382
"4586",11.75,"Pa14_01960",4.305,"trial_3",4.3345,0.0691550190996044
"4587",11.75,"Pa14_09480",4.28,"trial_3",4.159,0.319482133042418
"4588",11.75,"Pa14_19120",4.591,"trial_3",4.42275,0.170964116605405
"4589",11.75,"Pa14_48650",4.541,"trial_3",4.51275,0.150721804991846
"4590",11.75,"Pa14_58770",4.479,"trial_3",4.4345,0.0311086804606046
"4591",11.75,"Pa14_06570",4.329,"trial_3",4.39375,0.0904188171787267
"4592",11.75,"Pa14_32750",4.556,"trial_3",4.253,0.169250307729902
"4593",11.75,"Pa14_62830",3.024,"trial_3",2.632,0.490029761000969
"4594",11.75,"Pa14_17250",4.404,"trial_3",4.467,0.0303809150619267
"4595",11.75,"Pa14_20440",4.231,"trial_3",4.383,0.058373795490785
"4596",11.75,"Pa14_68350",4.313,"trial_3",4.23025,0.137669516717875
"4597",11.75,"Pa14_72840",4.578,"trial_3",4.3635,0.168055794306534
"4598",11.75,"Pa14",4.514,"trial_3",4.3045,0.102129411369432
"4599",12,"Pa14_51430",5.221,"trial_3",4.68775,0.268614151712079
"4600",12,"Pa14_16930",4.208,"trial_3",3.60225,0.370620285242637
"4601",12,"Pa14_09810",4.746,"trial_3",4.5655,0.0672712172230195
"4602",12,"Pa14_64590",4.351,"trial_3",4.35175,0.0764671770543849
"4603",12,"Pa14_05300",4.25,"trial_3",4.32775,0.151349141061322
"4604",12,"Pa14_18520",4.442,"trial_3",4.36975,0.173678522467997
"4605",12,"Pa14_01960",4.324,"trial_3",4.34725,0.0760409703164463
"4606",12,"Pa14_09480",4.326,"trial_3",4.2445,0.305374223972271
"4607",12,"Pa14_19120",4.586,"trial_3",4.44125,0.156756911065084
"4608",12,"Pa14_48650",4.559,"trial_3",4.53325,0.153010007842624
"4609",12,"Pa14_58770",4.466,"trial_3",4.45575,0.0357010153917225
"4610",12,"Pa14_06570",4.361,"trial_3",4.43275,0.0774148726021041
"4611",12,"Pa14_32750",4.575,"trial_3",4.286,0.165525929489411
"4612",12,"Pa14_62830",3.163,"trial_3",2.7535,0.474732468519551
"4613",12,"Pa14_17250",4.396,"trial_3",4.49525,0.0374196361108265
"4614",12,"Pa14_20440",4.248,"trial_3",4.41225,0.0637787516863309
"4615",12,"Pa14_68350",4.332,"trial_3",4.26675,0.136576825144922
"4616",12,"Pa14_72840",4.581,"trial_3",4.39175,0.152741270890789
"4617",12,"Pa14",4.529,"trial_3",4.34175,0.103086027989571
"4618",12.25,"Pa14_51430",5.262,"trial_3",4.744,0.274654935024538
"4619",12.25,"Pa14_16930",4.194,"trial_3",3.59375,0.377153013819767
"4620",12.25,"Pa14_09810",4.768,"trial_3",4.57375,0.0686638854614758
"4621",12.25,"Pa14_64590",4.336,"trial_3",4.3305,0.0809531757664062
"4622",12.25,"Pa14_05300",4.206,"trial_3",4.3065,0.157317354414572
"4623",12.25,"Pa14_18520",4.468,"trial_3",4.4215,0.159976300328101
"4624",12.25,"Pa14_01960",4.318,"trial_3",4.34775,0.082284440611009
"4625",12.25,"Pa14_09480",4.341,"trial_3",4.27225,0.274331118358818
"4626",12.25,"Pa14_19120",4.565,"trial_3",4.45075,0.143624147807161
"4627",12.25,"Pa14_48650",4.556,"trial_3",4.54175,0.150465043005566
"4628",12.25,"Pa14_58770",4.514,"trial_3",4.49,0.0407492331216184
"4629",12.25,"Pa14_06570",4.386,"trial_3",4.47275,0.0685339028024331
"4630",12.25,"Pa14_32750",4.55,"trial_3",4.2995,0.149935819602922
"4631",12.25,"Pa14_62830",3.295,"trial_3",2.88675,0.457405067564116
"4632",12.25,"Pa14_17250",4.403,"trial_3",4.5105,0.0460588391806249
"4633",12.25,"Pa14_20440",4.258,"trial_3",4.4355,0.0716804250359422
"4634",12.25,"Pa14_68350",4.359,"trial_3",4.27975,0.127884958067788
"4635",12.25,"Pa14_72840",4.642,"trial_3",4.421,0.143351549230089
"4636",12.25,"Pa14",4.526,"trial_3",4.36725,0.0944046035247575
"4637",12.5,"Pa14_51430",5.293,"trial_3",4.7575,0.2655856735594
"4638",12.5,"Pa14_16930",4.191,"trial_3",3.605,0.388182731884525
"4639",12.5,"Pa14_09810",4.791,"trial_3",4.578,0.0734540672801719
"4640",12.5,"Pa14_64590",4.298,"trial_3",4.29975,0.0794212135809234
"4641",12.5,"Pa14_05300",4.177,"trial_3",4.28,0.161996913550845
"4642",12.5,"Pa14_18520",4.503,"trial_3",4.44075,0.167809601930283
"4643",12.5,"Pa14_01960",4.314,"trial_3",4.34325,0.0863571797825751
"4644",12.5,"Pa14_09480",4.366,"trial_3",4.28375,0.240776651345876
"4645",12.5,"Pa14_19120",4.543,"trial_3",4.46725,0.139791734972661
"4646",12.5,"Pa14_48650",4.554,"trial_3",4.543,0.149527589427503
"4647",12.5,"Pa14_58770",4.519,"trial_3",4.5125,0.0474385567515146
"4648",12.5,"Pa14_06570",4.414,"trial_3",4.4755,0.0802335133635981
"4649",12.5,"Pa14_32750",4.545,"trial_3",4.32175,0.143801584947223
"4650",12.5,"Pa14_62830",3.401,"trial_3",3.005,0.43617427709575
"4651",12.5,"Pa14_17250",4.408,"trial_3",4.53525,0.0528951399783885
"4652",12.5,"Pa14_20440",4.268,"trial_3",4.4865,0.0959118518918979
"4653",12.5,"Pa14_68350",4.366,"trial_3",4.29275,0.136932693320478
"4654",12.5,"Pa14_72840",4.676,"trial_3",4.45375,0.132128330926162
"4655",12.5,"Pa14",4.525,"trial_3",4.392,0.0960407899453839
"4656",12.75,"Pa14_51430",5.327,"trial_3",4.8035,0.260735338354176
"4657",12.75,"Pa14_16930",4.185,"trial_3",3.62175,0.393980620293266
"4658",12.75,"Pa14_09810",4.809,"trial_3",4.57525,0.0805516138882394
"4659",12.75,"Pa14_64590",4.281,"trial_3",4.278,0.0769837645221381
"4660",12.75,"Pa14_05300",4.142,"trial_3",4.25475,0.164268771124236
"4661",12.75,"Pa14_18520",4.53,"trial_3",4.496,0.139960113365678
"4662",12.75,"Pa14_01960",4.303,"trial_3",4.33425,0.0905275050283981
"4663",12.75,"Pa14_09480",4.385,"trial_3",4.317,0.213673036826518
"4664",12.75,"Pa14_19120",4.52,"trial_3",4.50125,0.127621429104468
"4665",12.75,"Pa14_48650",4.545,"trial_3",4.53925,0.148274168912412
"4666",12.75,"Pa14_58770",4.554,"trial_3",4.53325,0.0532155600678348
"4667",12.75,"Pa14_06570",4.436,"trial_3",4.51,0.0759385716659634
"4668",12.75,"Pa14_32750",4.521,"trial_3",4.35575,0.135506073049636
"4669",12.75,"Pa14_62830",3.471,"trial_3",3.10375,0.4174999750499
"4670",12.75,"Pa14_17250",4.417,"trial_3",4.55225,0.0573605192328893
"4671",12.75,"Pa14_20440",4.272,"trial_3",4.5065,0.103065108871367
"4672",12.75,"Pa14_68350",4.395,"trial_3",4.35325,0.134675149279046
"4673",12.75,"Pa14_72840",4.663,"trial_3",4.46475,0.110553437305224
"4674",12.75,"Pa14",4.503,"trial_3",4.4215,0.0917146843931403
"4675",13,"Pa14_51430",5.35,"trial_3",4.8375,0.258258430001165
"4676",13,"Pa14_16930",4.168,"trial_3",3.5905,0.403828862267174
"4677",13,"Pa14_09810",4.851,"trial_3",4.58,0.0959956596241032
"4678",13,"Pa14_64590",4.275,"trial_3",4.25075,0.0763592114067889
"4679",13,"Pa14_05300",4.101,"trial_3",4.21725,0.168908937497892
"4680",13,"Pa14_18520",4.542,"trial_3",4.5075,0.128393600567422
"4681",13,"Pa14_01960",4.29,"trial_3",4.31675,0.0924755598342972
"4682",13,"Pa14_09480",4.406,"trial_3",4.339,0.19347135877609
"4683",13,"Pa14_19120",4.481,"trial_3",4.4905,0.135635848260456
"4684",13,"Pa14_48650",4.538,"trial_3",4.53325,0.146838559309195
"4685",13,"Pa14_58770",4.597,"trial_3",4.55225,0.0555088206203902
"4686",13,"Pa14_06570",4.455,"trial_3",4.52575,0.0723663998920308
"4687",13,"Pa14_32750",4.495,"trial_3",4.36125,0.125244011832902
"4688",13,"Pa14_62830",3.544,"trial_3",3.2185,0.380509417316663
"4689",13,"Pa14_17250",4.446,"trial_3",4.546,0.0459365504437008
"4690",13,"Pa14_20440",4.268,"trial_3",4.52325,0.116961086833756
"4691",13,"Pa14_68350",4.409,"trial_3",4.35375,0.11656141085282
"4692",13,"Pa14_72840",4.64,"trial_3",4.47325,0.101517137305317
"4693",13,"Pa14",4.514,"trial_3",4.45025,0.0891219903652667
"4694",13.25,"Pa14_51430",5.38,"trial_3",4.854,0.255997070295736
"4695",13.25,"Pa14_16930",4.186,"trial_3",3.59725,0.411719033443925
"4696",13.25,"Pa14_09810",4.883,"trial_3",4.576,0.111236235103495
"4697",13.25,"Pa14_64590",4.28,"trial_3",4.22375,0.0789729647833148
"4698",13.25,"Pa14_05300",4.062,"trial_3",4.18275,0.175022081940156
"4699",13.25,"Pa14_18520",4.546,"trial_3",4.52575,0.119641391249016
"4700",13.25,"Pa14_01960",4.272,"trial_3",4.29825,0.0943993070242926
"4701",13.25,"Pa14_09480",4.41,"trial_3",4.35325,0.169819696050448
"4702",13.25,"Pa14_19120",4.457,"trial_3",4.49275,0.138520982165158
"4703",13.25,"Pa14_48650",4.518,"trial_3",4.5205,0.147842540111656
"4704",13.25,"Pa14_58770",4.593,"trial_3",4.56625,0.061533696730599
"4705",13.25,"Pa14_06570",4.461,"trial_3",4.564,0.066375196170457
"4706",13.25,"Pa14_32750",4.461,"trial_3",4.37425,0.116259318622925
"4707",13.25,"Pa14_62830",3.595,"trial_3",3.3075,0.354443342910166
"4708",13.25,"Pa14_17250",4.437,"trial_3",4.555,0.062392574344495
"4709",13.25,"Pa14_20440",4.254,"trial_3",4.52125,0.124292246339022
"4710",13.25,"Pa14_68350",4.404,"trial_3",4.37325,0.115561942264744
"4711",13.25,"Pa14_72840",4.626,"trial_3",4.49125,0.0762947955848455
"4712",13.25,"Pa14",4.484,"trial_3",4.45875,0.0846653953316624
"4713",13.5,"Pa14_51430",5.404,"trial_3",4.907,0.263211258624449
"4714",13.5,"Pa14_16930",4.185,"trial_3",3.594,0.419562271897748
"4715",13.5,"Pa14_09810",4.922,"trial_3",4.578,0.128952833754568
"4716",13.5,"Pa14_64590",4.257,"trial_3",4.19025,0.0781380989018801
"4717",13.5,"Pa14_05300",4.029,"trial_3",4.15125,0.178276645974732
"4718",13.5,"Pa14_18520",4.539,"trial_3",4.52775,0.122484948054853
"4719",13.5,"Pa14_01960",4.256,"trial_3",4.279,0.0957226897518729
"4720",13.5,"Pa14_09480",4.439,"trial_3",4.38225,0.158020766040416
"4721",13.5,"Pa14_19120",4.448,"trial_3",4.50575,0.148327551385439
"4722",13.5,"Pa14_48650",4.5,"trial_3",4.50675,0.144288123211857
"4723",13.5,"Pa14_58770",4.608,"trial_3",4.5795,0.0661469324055671
"4724",13.5,"Pa14_06570",4.465,"trial_3",4.59425,0.0692078692539127
"4725",13.5,"Pa14_32750",4.424,"trial_3",4.37625,0.111255243322131
"4726",13.5,"Pa14_62830",3.651,"trial_3",3.4075,0.319105128967451
"4727",13.5,"Pa14_17250",4.443,"trial_3",4.552,0.070694177035076
"4728",13.5,"Pa14_20440",4.239,"trial_3",4.49475,0.120748619729861
"4729",13.5,"Pa14_68350",4.406,"trial_3",4.397,0.112859056644412
"4730",13.5,"Pa14_72840",4.607,"trial_3",4.493,0.0676325858345419
"4731",13.5,"Pa14",4.472,"trial_3",4.49125,0.096623302054939
"4732",13.75,"Pa14_51430",5.42,"trial_3",4.93875,0.255407313586227
"4733",13.75,"Pa14_16930",4.2,"trial_3",3.5875,0.422731100504012
"4734",13.75,"Pa14_09810",4.955,"trial_3",4.57325,0.148360133346754
"4735",13.75,"Pa14_64590",4.246,"trial_3",4.1535,0.0787130865866661
"4736",13.75,"Pa14_05300",3.995,"trial_3",4.11475,0.179782449551303
"4737",13.75,"Pa14_18520",4.548,"trial_3",4.5345,0.111818677628859
"4738",13.75,"Pa14_01960",4.239,"trial_3",4.2565,0.0988943038467502
"4739",13.75,"Pa14_09480",4.422,"trial_3",4.39075,0.136862080821046
"4740",13.75,"Pa14_19120",4.429,"trial_3",4.50125,0.150588498343444
"4741",13.75,"Pa14_48650",4.486,"trial_3",4.49525,0.143109733538056
"4742",13.75,"Pa14_58770",4.606,"trial_3",4.5945,0.0729663164297976
"4743",13.75,"Pa14_06570",4.458,"trial_3",4.61375,0.0713913801986393
"4744",13.75,"Pa14_32750",4.383,"trial_3",4.387,0.109641081108619
"4745",13.75,"Pa14_62830",3.686,"trial_3",3.488,0.290941861317114
"4746",13.75,"Pa14_17250",4.432,"trial_3",4.5485,0.0766251699291209
"4747",13.75,"Pa14_20440",4.223,"trial_3",4.49775,0.135735880174207
"4748",13.75,"Pa14_68350",4.397,"trial_3",4.402,0.104937282856635
"4749",13.75,"Pa14_72840",4.585,"trial_3",4.489,0.0602840498528979
"4750",13.75,"Pa14",4.456,"trial_3",4.492,0.104921399151937
"4751",14,"Pa14_51430",5.441,"trial_3",4.93475,0.242533975283189
"4752",14,"Pa14_16930",4.234,"trial_3",3.5855,0.426592018209436
"4753",14,"Pa14_09810",5.049,"trial_3",4.5925,0.183162268676348
"4754",14,"Pa14_64590",4.217,"trial_3",4.11975,0.0718556133274685
"4755",14,"Pa14_05300",3.958,"trial_3",4.07375,0.178116242474776
"4756",14,"Pa14_18520",4.578,"trial_3",4.535,0.0933898638325738
"4757",14,"Pa14_01960",4.212,"trial_3",4.229,0.100876987795367
"4758",14,"Pa14_09480",4.453,"trial_3",4.413,0.127690380739245
"4759",14,"Pa14_19120",4.413,"trial_3",4.48025,0.148217956064709
"4760",14,"Pa14_48650",4.468,"trial_3",4.47275,0.139963909038485
"4761",14,"Pa14_58770",4.592,"trial_3",4.5975,0.0796978669727114
"4762",14,"Pa14_06570",4.449,"trial_3",4.6245,0.0830567075356752
"4763",14,"Pa14_32750",4.36,"trial_3",4.37575,0.103270175591342
"4764",14,"Pa14_62830",3.737,"trial_3",3.5615,0.270870664093893
"4765",14,"Pa14_17250",4.452,"trial_3",4.55,0.0815475321515005
"4766",14,"Pa14_20440",4.206,"trial_3",4.47025,0.129150025809779
"4767",14,"Pa14_68350",4.389,"trial_3",4.38225,0.0874484371882463
"4768",14,"Pa14_72840",4.546,"trial_3",4.49075,0.05736633013653
"4769",14,"Pa14",4.485,"trial_3",4.49875,0.100591065706652
"4770",14.25,"Pa14_51430",5.452,"trial_3",4.97175,0.243108472017465
"4771",14.25,"Pa14_16930",4.241,"trial_3",3.5785,0.428439513428286
"4772",14.25,"Pa14_09810",5.075,"trial_3",4.5765,0.201159348113214
"4773",14.25,"Pa14_64590",4.193,"trial_3",4.09075,0.0667125363031567
"4774",14.25,"Pa14_05300",3.927,"trial_3",4.04,0.17989580317506
"4775",14.25,"Pa14_18520",4.563,"trial_3",4.55325,0.0909618738813135
"4776",14.25,"Pa14_01960",4.179,"trial_3",4.20225,0.103325033268807
"4777",14.25,"Pa14_09480",4.432,"trial_3",4.4195,0.122519046138413
"4778",14.25,"Pa14_19120",4.39,"trial_3",4.471,0.155003763395172
"4779",14.25,"Pa14_48650",4.444,"trial_3",4.4595,0.139717870486682
"4780",14.25,"Pa14_58770",4.598,"trial_3",4.60875,0.0878913865707746
"4781",14.25,"Pa14_06570",4.438,"trial_3",4.62925,0.0912919994669121
"4782",14.25,"Pa14_32750",4.332,"trial_3",4.37525,0.102892642270151
"4783",14.25,"Pa14_62830",3.783,"trial_3",3.62975,0.252246366012806
"4784",14.25,"Pa14_17250",4.442,"trial_3",4.554,0.0953563492030465
"4785",14.25,"Pa14_20440",4.18,"trial_3",4.454,0.134161594107007
"4786",14.25,"Pa14_68350",4.366,"trial_3",4.3875,0.0878687468140218
"4787",14.25,"Pa14_72840",4.502,"trial_3",4.491,0.0570043857961823
"4788",14.25,"Pa14",4.462,"trial_3",4.51025,0.112956020202555
"4789",14.5,"Pa14_51430",5.468,"trial_3",4.98275,0.23936004087288
"4790",14.5,"Pa14_16930",4.284,"trial_3",3.58025,0.430054526581611
"4791",14.5,"Pa14_09810",5.078,"trial_3",4.56525,0.21502107454852
"4792",14.5,"Pa14_64590",4.144,"trial_3",4.051,0.0625393209642276
"4793",14.5,"Pa14_05300",3.892,"trial_3",4.00425,0.18087950639399
"4794",14.5,"Pa14_18520",4.58,"trial_3",4.566,0.0785100842779662
"4795",14.5,"Pa14_01960",4.158,"trial_3",4.176,0.105395287687195
"4796",14.5,"Pa14_09480",4.425,"trial_3",4.42775,0.121565740102492
"4797",14.5,"Pa14_19120",4.363,"trial_3",4.44775,0.158310020213504
"4798",14.5,"Pa14_48650",4.416,"trial_3",4.43825,0.137155857208749
"4799",14.5,"Pa14_58770",4.581,"trial_3",4.6,0.0896679058154773
"4800",14.5,"Pa14_06570",4.423,"trial_3",4.62675,0.0968180208776583
"4801",14.5,"Pa14_32750",4.317,"trial_3",4.375,0.101995914950878
"4802",14.5,"Pa14_62830",3.817,"trial_3",3.6885,0.239189429811046
"4803",14.5,"Pa14_17250",4.43,"trial_3",4.541,0.101716108196621
"4804",14.5,"Pa14_20440",4.16,"trial_3",4.45925,0.14762981575549
"4805",14.5,"Pa14_68350",4.358,"trial_3",4.38125,0.0828345489515093
"4806",14.5,"Pa14_72840",4.429,"trial_3",4.4975,0.0671224006324762
"4807",14.5,"Pa14",4.471,"trial_3",4.53825,0.124325764961786
"4808",14.75,"Pa14_51430",5.477,"trial_3",4.99325,0.233950983113985
"4809",14.75,"Pa14_16930",4.394,"trial_3",3.602,0.45098632647417
"4810",14.75,"Pa14_09810",5.148,"trial_3",4.58375,0.249708621864231
"4811",14.75,"Pa14_64590",4.129,"trial_3",4.01375,0.067872889776896
"4812",14.75,"Pa14_05300",3.857,"trial_3",3.96675,0.180495325424234
"4813",14.75,"Pa14_18520",4.569,"trial_3",4.5515,0.0841372886022204
"4814",14.75,"Pa14_01960",4.131,"trial_3",4.14875,0.108005690436507
"4815",14.75,"Pa14_09480",4.399,"trial_3",4.42325,0.124051316666397
"4816",14.75,"Pa14_19120",4.331,"trial_3",4.429,0.162108502758698
"4817",14.75,"Pa14_48650",4.396,"trial_3",4.41275,0.136160062059328
"4818",14.75,"Pa14_58770",4.578,"trial_3",4.60675,0.0986039003623419
"4819",14.75,"Pa14_06570",4.407,"trial_3",4.619,0.102121659472089
"4820",14.75,"Pa14_32750",4.282,"trial_3",4.36775,0.103729114363647
"4821",14.75,"Pa14_62830",3.856,"trial_3",3.74225,0.213909005186785
"4822",14.75,"Pa14_17250",4.428,"trial_3",4.5305,0.10695910433432
"4823",14.75,"Pa14_20440",4.132,"trial_3",4.437,0.152557093137837
"4824",14.75,"Pa14_68350",4.311,"trial_3",4.36425,0.0795753050051752
"4825",14.75,"Pa14_72840",4.424,"trial_3",4.48725,0.069830001909399
"4826",14.75,"Pa14",4.462,"trial_3",4.54575,0.13735378589613
"4827",15,"Pa14_51430",5.475,"trial_3",5.0165,0.231374696110011
"4828",15,"Pa14_16930",4.371,"trial_3",3.59425,0.451042011162301
"4829",15,"Pa14_09810",5.232,"trial_3",4.571,0.273493753737326
"4830",15,"Pa14_64590",4.11,"trial_3",3.9815,0.0666264462006892
"4831",15,"Pa14_05300",3.821,"trial_3",3.9285,0.180590005260535
"4832",15,"Pa14_18520",4.547,"trial_3",4.54425,0.085447230304245
"4833",15,"Pa14_01960",4.107,"trial_3",4.11825,0.109964672357383
"4834",15,"Pa14_09480",4.383,"trial_3",4.42025,0.130746175852298
"4835",15,"Pa14_19120",4.281,"trial_3",4.4055,0.170042396674084
"4836",15,"Pa14_48650",4.37,"trial_3",4.3925,0.135192147207841
"4837",15,"Pa14_58770",4.575,"trial_3",4.61025,0.104657676100068
"4838",15,"Pa14_06570",4.391,"trial_3",4.61675,0.106384816429163
"4839",15,"Pa14_32750",4.254,"trial_3",4.363,0.105010316953463
"4840",15,"Pa14_62830",3.884,"trial_3",3.78775,0.202242583300352
"4841",15,"Pa14_17250",4.385,"trial_3",4.51975,0.120358751932158
"4842",15,"Pa14_20440",4.106,"trial_3",4.43425,0.164291090750533
"4843",15,"Pa14_68350",4.296,"trial_3",4.3565,0.0829301915267695
"4844",15,"Pa14_72840",4.401,"trial_3",4.474,0.079911409281362
"4845",15,"Pa14",4.426,"trial_3",4.536,0.140206989840022
"4846",15.25,"Pa14_51430",5.462,"trial_3",5.02775,0.221061218896486
"4847",15.25,"Pa14_16930",4.316,"trial_3",3.577,0.445085572296684
"4848",15.25,"Pa14_09810",5.178,"trial_3",4.54125,0.277737698497461
"4849",15.25,"Pa14_64590",4.083,"trial_3",3.94175,0.0699206395375023
"4850",15.25,"Pa14_05300",3.789,"trial_3",3.89175,0.179767152635476
"4851",15.25,"Pa14_18520",4.528,"trial_3",4.552,0.0852330139480393
"4852",15.25,"Pa14_01960",4.078,"trial_3",4.0895,0.112214452426295
"4853",15.25,"Pa14_09480",4.349,"trial_3",4.412,0.139751565286404
"4854",15.25,"Pa14_19120",4.257,"trial_3",4.39475,0.176127971940859
"4855",15.25,"Pa14_48650",4.344,"trial_3",4.365,0.132899084521552
"4856",15.25,"Pa14_58770",4.546,"trial_3",4.61025,0.114561755544044
"4857",15.25,"Pa14_06570",4.37,"trial_3",4.60975,0.110547406874457
"4858",15.25,"Pa14_32750",4.223,"trial_3",4.348,0.101701360200671
"4859",15.25,"Pa14_62830",3.914,"trial_3",3.827,0.188614686596776
"4860",15.25,"Pa14_17250",4.357,"trial_3",4.50375,0.127858238556092
"4861",15.25,"Pa14_20440",4.076,"trial_3",4.4205,0.17078568441178
"4862",15.25,"Pa14_68350",4.238,"trial_3",4.33175,0.0828958935452574
"4863",15.25,"Pa14_72840",4.392,"trial_3",4.46625,0.0810127304810793
"4864",15.25,"Pa14",4.415,"trial_3",4.5565,0.151937212909368
"4865",15.5,"Pa14_51430",5.457,"trial_3",5.03125,0.214138341187809
"4866",15.5,"Pa14_16930",4.356,"trial_3",3.5825,0.449960090822879
"4867",15.5,"Pa14_09810",5.231,"trial_3",4.55375,0.308281898863145
"4868",15.5,"Pa14_64590",4.047,"trial_3",3.901,0.0694922057979646
"4869",15.5,"Pa14_05300",3.754,"trial_3",3.85525,0.179374549941363
"4870",15.5,"Pa14_18520",4.533,"trial_3",4.55,0.0818769401805741
"4871",15.5,"Pa14_01960",4.052,"trial_3",4.05975,0.11277734332155
"4872",15.5,"Pa14_09480",4.323,"trial_3",4.404,0.145946908154986
"4873",15.5,"Pa14_19120",4.225,"trial_3",4.37725,0.180089040477204
"4874",15.5,"Pa14_48650",4.317,"trial_3",4.33825,0.130569505755874
"4875",15.5,"Pa14_58770",4.551,"trial_3",4.6105,0.116594382368963
"4876",15.5,"Pa14_06570",4.353,"trial_3",4.60225,0.113289728131018
"4877",15.5,"Pa14_32750",4.198,"trial_3",4.34325,0.103267754728505
"4878",15.5,"Pa14_62830",3.937,"trial_3",3.8655,0.17890104341041
"4879",15.5,"Pa14_17250",4.353,"trial_3",4.4915,0.128347510039476
"4880",15.5,"Pa14_20440",4.05,"trial_3",4.4165,0.181309358096413
"4881",15.5,"Pa14_68350",4.252,"trial_3",4.32725,0.0855836579026626
"4882",15.5,"Pa14_72840",4.369,"trial_3",4.45575,0.083477916241363
"4883",15.5,"Pa14",4.414,"trial_3",4.553,0.15366684743301
"4884",15.75,"Pa14_51430",5.438,"trial_3",5.0375,0.205483373212206
"4885",15.75,"Pa14_16930",4.336,"trial_3",3.57275,0.447950215797842
"4886",15.75,"Pa14_09810",5.278,"trial_3",4.551,0.330959463781694
"4887",15.75,"Pa14_64590",4.021,"trial_3",3.8675,0.0689184300459608
"4888",15.75,"Pa14_05300",3.727,"trial_3",3.8175,0.176977164251964
"4889",15.75,"Pa14_18520",4.537,"trial_3",4.54875,0.0828798075528655
"4890",15.75,"Pa14_01960",4.036,"trial_3",4.03075,0.112553228148582
"4891",15.75,"Pa14_09480",4.291,"trial_3",4.40375,0.156054143915929
"4892",15.75,"Pa14_19120",4.196,"trial_3",4.3525,0.186059802214234
"4893",15.75,"Pa14_48650",4.298,"trial_3",4.31025,0.131060021237091
"4894",15.75,"Pa14_58770",4.551,"trial_3",4.605,0.119286070715179
"4895",15.75,"Pa14_06570",4.338,"trial_3",4.587,0.113637581811652
"4896",15.75,"Pa14_32750",4.172,"trial_3",4.33,0.105115016370958
"4897",15.75,"Pa14_62830",3.957,"trial_3",3.912,0.177413828848449
"4898",15.75,"Pa14_17250",4.334,"trial_3",4.47525,0.13773850526753
"4899",15.75,"Pa14_20440",4.02,"trial_3",4.40275,0.190477634295123
"4900",15.75,"Pa14_68350",4.227,"trial_3",4.3065,0.0835608560671003
"4901",15.75,"Pa14_72840",4.363,"trial_3",4.4445,0.0877596148578604
"4902",15.75,"Pa14",4.422,"trial_3",4.55575,0.15375433598222
"4903",16,"Pa14_51430",5.425,"trial_3",5.05725,0.203517556572728
"4904",16,"Pa14_16930",4.355,"trial_3",3.567,0.452338184695183
"4905",16,"Pa14_09810",5.271,"trial_3",4.539,0.349215072221499
"4906",16,"Pa14_64590",3.993,"trial_3",3.83475,0.0692536100142079
"4907",16,"Pa14_05300",3.69,"trial_3",3.783,0.1770889606949
"4908",16,"Pa14_18520",4.533,"trial_3",4.548,0.0861423240921673
"4909",16,"Pa14_01960",3.998,"trial_3",3.99625,0.112797292372941
"4910",16,"Pa14_09480",4.281,"trial_3",4.39425,0.160326424833837
"4911",16,"Pa14_19120",4.163,"trial_3",4.3405,0.195190718700113
"4912",16,"Pa14_48650",4.269,"trial_3",4.2815,0.129518660174252
"4913",16,"Pa14_58770",4.55,"trial_3",4.6015,0.119898220726303
"4914",16,"Pa14_06570",4.32,"trial_3",4.5865,0.120996212061921
"4915",16,"Pa14_32750",4.14,"trial_3",4.3195,0.110708701856117
"4916",16,"Pa14_62830",3.972,"trial_3",3.9345,0.163949433261194
"4917",16,"Pa14_17250",4.315,"trial_3",4.4565,0.142310985755375
"4918",16,"Pa14_20440",3.996,"trial_3",4.38525,0.19485523472568
"4919",16,"Pa14_68350",4.19,"trial_3",4.28925,0.0909701187203799
"4920",16,"Pa14_72840",4.343,"trial_3",4.43675,0.086041051248808
"4921",16,"Pa14",4.396,"trial_3",4.546,0.158520240558317
"4922",16.25,"Pa14_51430",5.416,"trial_3",5.048,0.193561790306524
"4923",16.25,"Pa14_16930",4.34,"trial_3",3.5555,0.449955831165682
"4924",16.25,"Pa14_09810",5.335,"trial_3",4.53625,0.374685507014438
"4925",16.25,"Pa14_64590",3.955,"trial_3",3.798,0.0670795547590074
"4926",16.25,"Pa14_05300",3.661,"trial_3",3.74925,0.177249529853631
"4927",16.25,"Pa14_18520",4.533,"trial_3",4.53925,0.0859363863564205
"4928",16.25,"Pa14_01960",3.972,"trial_3",3.9655,0.112795907136149
"4929",16.25,"Pa14_09480",4.218,"trial_3",4.381,0.176086153156156
"4930",16.25,"Pa14_19120",4.146,"trial_3",4.31925,0.195213291470296
"4931",16.25,"Pa14_48650",4.249,"trial_3",4.255,0.128475678632183
"4932",16.25,"Pa14_58770",4.568,"trial_3",4.59975,0.122880277099297
"4933",16.25,"Pa14_06570",4.304,"trial_3",4.5835,0.125938146193545
"4934",16.25,"Pa14_32750",4.122,"trial_3",4.3105,0.109740223558487
"4935",16.25,"Pa14_62830",4.012,"trial_3",3.96025,0.153159162855726
"4936",16.25,"Pa14_17250",4.312,"trial_3",4.4455,0.143564445459173
"4937",16.25,"Pa14_20440",3.97,"trial_3",4.37625,0.203460223385309
"4938",16.25,"Pa14_68350",4.153,"trial_3",4.2585,0.0976093404000526
"4939",16.25,"Pa14_72840",4.319,"trial_3",4.409,0.0999408158194972
"4940",16.25,"Pa14",4.387,"trial_3",4.54075,0.159313305052236
"4941",16.5,"Pa14_51430",5.396,"trial_3",5.0575,0.190570415682323
"4942",16.5,"Pa14_16930",4.326,"trial_3",3.5445,0.447185550601388
"4943",16.5,"Pa14_09810",5.342,"trial_3",4.513,0.389132154072795
"4944",16.5,"Pa14_64590",3.945,"trial_3",3.767,0.0726727826172449
"4945",16.5,"Pa14_05300",3.63,"trial_3",3.7125,0.175410233452898
"4946",16.5,"Pa14_18520",4.506,"trial_3",4.53125,0.0847047568518635
"4947",16.5,"Pa14_01960",3.941,"trial_3",3.93025,0.109534146121959
"4948",16.5,"Pa14_09480",4.198,"trial_3",4.37125,0.183900958398808
"4949",16.5,"Pa14_19120",4.097,"trial_3",4.2925,0.20118917300226
"4950",16.5,"Pa14_48650",4.219,"trial_3",4.2235,0.124783479141538
"4951",16.5,"Pa14_58770",4.554,"trial_3",4.58725,0.123858370057632
"4952",16.5,"Pa14_06570",4.279,"trial_3",4.567,0.128335497817245
"4953",16.5,"Pa14_32750",4.087,"trial_3",4.29125,0.11721943453768
"4954",16.5,"Pa14_62830",4.012,"trial_3",3.96825,0.144691266149689
"4955",16.5,"Pa14_17250",4.288,"trial_3",4.4245,0.149551830480272
"4956",16.5,"Pa14_20440",3.94,"trial_3",4.36375,0.210165956250451
"4957",16.5,"Pa14_68350",4.127,"trial_3",4.2325,0.101415399882529
"4958",16.5,"Pa14_72840",4.303,"trial_3",4.40325,0.102456799839412
"4959",16.5,"Pa14",4.393,"trial_3",4.53625,0.155512794221783
"4960",16.75,"Pa14_51430",5.379,"trial_3",5.06275,0.184088916468827
"4961",16.75,"Pa14_16930",4.322,"trial_3",3.53875,0.446479072857844
"4962",16.75,"Pa14_09810",5.395,"trial_3",4.50175,0.408859669283566
"4963",16.75,"Pa14_64590",3.919,"trial_3",3.7335,0.0726458303460472
"4964",16.75,"Pa14_05300",3.599,"trial_3",3.67825,0.175577321523406
"4965",16.75,"Pa14_18520",4.485,"trial_3",4.51525,0.0887978744114971
"4966",16.75,"Pa14_01960",3.909,"trial_3",3.90075,0.110592627089995
"4967",16.75,"Pa14_09480",4.165,"trial_3",4.3455,0.189302447598193
"4968",16.75,"Pa14_19120",4.057,"trial_3",4.26925,0.207689020332483
"4969",16.75,"Pa14_48650",4.2,"trial_3",4.1965,0.125185528982653
"4970",16.75,"Pa14_58770",4.534,"trial_3",4.5805,0.123696200426691
"4971",16.75,"Pa14_06570",4.26,"trial_3",4.561,0.131748497777647
"4972",16.75,"Pa14_32750",4.055,"trial_3",4.28025,0.12071410784715
"4973",16.75,"Pa14_62830",4.02,"trial_3",4.004,0.143765433954063
"4974",16.75,"Pa14_17250",4.262,"trial_3",4.4085,0.160580976457363
"4975",16.75,"Pa14_20440",3.912,"trial_3",4.3425,0.213918013890057
"4976",16.75,"Pa14_68350",4.111,"trial_3",4.21325,0.0991525550183488
"4977",16.75,"Pa14_72840",4.293,"trial_3",4.38575,0.102905599944804
"4978",16.75,"Pa14",4.378,"trial_3",4.53375,0.157271196239701
"4979",17,"Pa14_51430",5.359,"trial_3",5.06575,0.176985110013997
"4980",17,"Pa14_16930",4.287,"trial_3",3.531,0.438452011817333
"4981",17,"Pa14_09810",5.445,"trial_3",4.49475,0.429842485685164
"4982",17,"Pa14_64590",3.868,"trial_3",3.69625,0.0690125290557205
"4983",17,"Pa14_05300",3.572,"trial_3",3.64625,0.173550364928071
"4984",17,"Pa14_18520",4.479,"trial_3",4.51025,0.0822874787963919
"4985",17,"Pa14_01960",3.88,"trial_3",3.86975,0.107715965235738
"4986",17,"Pa14_09480",4.16,"trial_3",4.3415,0.196852525172187
"4987",17,"Pa14_19120",4.032,"trial_3",4.24525,0.203609665373069
"4988",17,"Pa14_48650",4.176,"trial_3",4.16775,0.124848157775756
"4989",17,"Pa14_58770",4.529,"trial_3",4.577,0.127228796530765
"4990",17,"Pa14_06570",4.233,"trial_3",4.55075,0.137699779108997
"4991",17,"Pa14_32750",4.026,"trial_3",4.26875,0.124971580102571
"4992",17,"Pa14_62830",4.023,"trial_3",3.9955,0.130047747641652
"4993",17,"Pa14_17250",4.237,"trial_3",4.3855,0.162275742693314
"4994",17,"Pa14_20440",3.882,"trial_3",4.32975,0.220399022608238
"4995",17,"Pa14_68350",4.074,"trial_3",4.184,0.0979396072417419
"4996",17,"Pa14_72840",4.273,"trial_3",4.3695,0.103422676430269
"4997",17,"Pa14",4.366,"trial_3",4.526,0.159502873537334
"4998",17.25,"Pa14_51430",5.32,"trial_3",5.052,0.166735319193825
"4999",17.25,"Pa14_16930",4.288,"trial_3",3.52575,0.441551502281066
"5000",17.25,"Pa14_09810",5.413,"trial_3",4.47625,0.442524834519676
"5001",17.25,"Pa14_64590",3.823,"trial_3",3.658,0.0655146294095195
"5002",17.25,"Pa14_05300",3.543,"trial_3",3.61425,0.173010295936398
"5003",17.25,"Pa14_18520",4.467,"trial_3",4.4965,0.0870914270560924
"5004",17.25,"Pa14_01960",3.854,"trial_3",3.83875,0.106799949282135
"5005",17.25,"Pa14_09480",4.14,"trial_3",4.328,0.205374860519328
"5006",17.25,"Pa14_19120",4.009,"trial_3",4.22175,0.20560535620455
"5007",17.25,"Pa14_48650",4.152,"trial_3",4.14075,0.124155396580254
"5008",17.25,"Pa14_58770",4.523,"trial_3",4.56475,0.126515068272518
"5009",17.25,"Pa14_06570",4.21,"trial_3",4.535,0.137960139170704
"5010",17.25,"Pa14_32750",3.989,"trial_3",4.24975,0.128814708658083
"5011",17.25,"Pa14_62830",4.02,"trial_3",4.02575,0.134180459953502
"5012",17.25,"Pa14_17250",4.209,"trial_3",4.35425,0.162114350074261
"5013",17.25,"Pa14_20440",3.859,"trial_3",4.31825,0.225317692381224
"5014",17.25,"Pa14_68350",4.076,"trial_3",4.154,0.0944007415225113
"5015",17.25,"Pa14_72840",4.252,"trial_3",4.35875,0.102010926702323
"5016",17.25,"Pa14",4.347,"trial_3",4.51475,0.15794322555906
"5017",17.5,"Pa14_51430",5.29,"trial_3",5.05225,0.16621591129211
"5018",17.5,"Pa14_16930",4.249,"trial_3",3.5165,0.432415020553172
"5019",17.5,"Pa14_09810",5.419,"trial_3",4.447,0.452917394970282
"5020",17.5,"Pa14_64590",3.842,"trial_3",3.641,0.0742439672072194
"5021",17.5,"Pa14_05300",3.511,"trial_3",3.58225,0.17351146696016
"5022",17.5,"Pa14_18520",4.445,"trial_3",4.48175,0.0828083882627037
"5023",17.5,"Pa14_01960",3.819,"trial_3",3.80775,0.106921602899819
"5024",17.5,"Pa14_09480",4.12,"trial_3",4.319,0.215171636916517
"5025",17.5,"Pa14_19120",3.966,"trial_3",4.1975,0.210340002535577
"5026",17.5,"Pa14_48650",4.13,"trial_3",4.111,0.123325450198516
"5027",17.5,"Pa14_58770",4.507,"trial_3",4.55775,0.126939207891022
"5028",17.5,"Pa14_06570",4.189,"trial_3",4.52525,0.140876053678402
"5029",17.5,"Pa14_32750",3.962,"trial_3",4.23475,0.133126740990181
"5030",17.5,"Pa14_62830",4.007,"trial_3",4.041,0.126640567486621
"5031",17.5,"Pa14_17250",4.187,"trial_3",4.33425,0.16676499182982
"5032",17.5,"Pa14_20440",3.837,"trial_3",4.2945,0.224464733681411
"5033",17.5,"Pa14_68350",4.027,"trial_3",4.1195,0.0945643519867114
"5034",17.5,"Pa14_72840",4.239,"trial_3",4.34625,0.102157863949217
"5035",17.5,"Pa14",4.326,"trial_3",4.5025,0.157450785961836
"5036",17.75,"Pa14_51430",5.254,"trial_3",5.044,0.156691310118547
"5037",17.75,"Pa14_16930",4.245,"trial_3",3.51075,0.431682440188
"5038",17.75,"Pa14_09810",5.448,"trial_3",4.46175,0.466957952246952
"5039",17.75,"Pa14_64590",3.77,"trial_3",3.602,0.063562305391377
"5040",17.75,"Pa14_05300",3.487,"trial_3",3.552,0.17247173681505
"5041",17.75,"Pa14_18520",4.44,"trial_3",4.4655,0.0831068589227145
"5042",17.75,"Pa14_01960",3.794,"trial_3",3.77725,0.10497569163065
"5043",17.75,"Pa14_09480",4.109,"trial_3",4.30625,0.223247760347108
"5044",17.75,"Pa14_19120",3.943,"trial_3",4.1705,0.209302213716594
"5045",17.75,"Pa14_48650",4.107,"trial_3",4.085,0.121632643644706
"5046",17.75,"Pa14_58770",4.506,"trial_3",4.54775,0.127128789684582
"5047",17.75,"Pa14_06570",4.164,"trial_3",4.5145,0.147987893648996
"5048",17.75,"Pa14_32750",3.936,"trial_3",4.21875,0.138371104281205
"5049",17.75,"Pa14_62830",4.01,"trial_3",4.0335,0.116597955956926
"5050",17.75,"Pa14_17250",4.155,"trial_3",4.31125,0.16755913135368
"5051",17.75,"Pa14_20440",3.809,"trial_3",4.28425,0.231554664172415
"5052",17.75,"Pa14_68350",4.014,"trial_3",4.10025,0.0955339163159694
"5053",17.75,"Pa14_72840",4.225,"trial_3",4.333,0.102309171957683
"5054",17.75,"Pa14",4.31,"trial_3",4.48775,0.155355171032916
"5055",18,"Pa14_51430",5.221,"trial_3",5.03975,0.154522584649192
"5056",18,"Pa14_16930",4.256,"trial_3",3.5075,0.433736575200509
"5057",18,"Pa14_09810",5.485,"trial_3",4.47575,0.473890172754546
"5058",18,"Pa14_64590",3.731,"trial_3",3.5785,0.0577732637125513
"5059",18,"Pa14_05300",3.458,"trial_3",3.51975,0.170918779444117
"5060",18,"Pa14_18520",4.417,"trial_3",4.455,0.0792012205293159
"5061",18,"Pa14_01960",3.767,"trial_3",3.7495,0.103767769562615
"5062",18,"Pa14_09480",4.09,"trial_3",4.29725,0.233222488552598
"5063",18,"Pa14_19120",3.913,"trial_3",4.14625,0.209567560705373
"5064",18,"Pa14_48650",4.082,"trial_3",4.05625,0.122091751700651
"5065",18,"Pa14_58770",4.482,"trial_3",4.537,0.127670800629327
"5066",18,"Pa14_06570",4.132,"trial_3",4.495,0.150728785129672
"5067",18,"Pa14_32750",3.914,"trial_3",4.206,0.142258567404568
"5068",18,"Pa14_62830",4.01,"trial_3",4.0385,0.111320483290363
"5069",18,"Pa14_17250",4.137,"trial_3",4.29075,0.170502871432321
"5070",18,"Pa14_20440",3.784,"trial_3",4.24225,0.219906940545313
"5071",18,"Pa14_68350",3.988,"trial_3",4.067,0.0990479681770405
"5072",18,"Pa14_72840",4.206,"trial_3",4.315,0.107614280341102
"5073",18,"Pa14",4.284,"trial_3",4.4685,0.154864187811988
"5074",18.25,"Pa14_51430",5.177,"trial_3",5.023,0.147934670265853
"5075",18.25,"Pa14_16930",4.234,"trial_3",3.497,0.429762919138758
"5076",18.25,"Pa14_09810",5.517,"trial_3",4.48425,0.477803895442471
"5077",18.25,"Pa14_64590",3.768,"trial_3",3.5675,0.0723676953711622
"5078",18.25,"Pa14_05300",3.432,"trial_3",3.4885,0.170822763900678
"5079",18.25,"Pa14_18520",4.402,"trial_3",4.4325,0.0778957636845548
"5080",18.25,"Pa14_01960",3.743,"trial_3",3.7195,0.102241951598484
"5081",18.25,"Pa14_09480",4.074,"trial_3",4.27875,0.239405992336589
"5082",18.25,"Pa14_19120",3.881,"trial_3",4.1175,0.210102554323676
"5083",18.25,"Pa14_48650",4.053,"trial_3",4.02825,0.120167504620287
"5084",18.25,"Pa14_58770",4.462,"trial_3",4.51725,0.123696789907149
"5085",18.25,"Pa14_06570",4.102,"trial_3",4.4765,0.154831359872604
"5086",18.25,"Pa14_32750",3.88,"trial_3",4.19375,0.147013817377823
"5087",18.25,"Pa14_62830",4.007,"trial_3",4.052,0.110070431996972
"5088",18.25,"Pa14_17250",4.114,"trial_3",4.264,0.167798986886095
"5089",18.25,"Pa14_20440",3.751,"trial_3",4.23175,0.230623565939534
"5090",18.25,"Pa14_68350",3.977,"trial_3",4.04525,0.0956071606453547
"5091",18.25,"Pa14_72840",4.189,"trial_3",4.2975,0.109812339925894
"5092",18.25,"Pa14",4.278,"trial_3",4.46,0.15182939987587
"5093",18.5,"Pa14_51430",5.151,"trial_3",5.019,0.145865234606011
"5094",18.5,"Pa14_16930",4.199,"trial_3",3.48725,0.423720107106881
"5095",18.5,"Pa14_09810",5.497,"trial_3",4.499,0.472660731039365
"5096",18.5,"Pa14_64590",3.695,"trial_3",3.53325,0.0628588034142129
"5097",18.5,"Pa14_05300",3.404,"trial_3",3.45875,0.169592342103056
"5098",18.5,"Pa14_18520",4.384,"trial_3",4.416,0.0792916557190392
"5099",18.5,"Pa14_01960",3.714,"trial_3",3.69175,0.102032980779092
"5100",18.5,"Pa14_09480",4.046,"trial_3",4.263,0.247129183491819
"5101",18.5,"Pa14_19120",3.86,"trial_3",4.096,0.208467023771147
"5102",18.5,"Pa14_48650",4.03,"trial_3",4.0015,0.120306899220286
"5103",18.5,"Pa14_58770",4.445,"trial_3",4.5015,0.123974123644143
"5104",18.5,"Pa14_06570",4.073,"trial_3",4.462,0.160954962644834
"5105",18.5,"Pa14_32750",3.855,"trial_3",4.16775,0.151290215039396
"5106",18.5,"Pa14_62830",4.056,"trial_3",4.08325,0.104212423283727
"5107",18.5,"Pa14_17250",4.09,"trial_3",4.2425,0.168814740667593
"5108",18.5,"Pa14_20440",3.723,"trial_3",4.201,0.227575994633295
"5109",18.5,"Pa14_68350",3.939,"trial_3",4.002,0.100507047845744
"5110",18.5,"Pa14_72840",4.162,"trial_3",4.27475,0.115112535517785
"5111",18.5,"Pa14",4.241,"trial_3",4.4365,0.151449936722778
"5112",18.75,"Pa14_51430",5.104,"trial_3",5.0115,0.143709487044755
"5113",18.75,"Pa14_16930",4.199,"trial_3",3.4865,0.423959215805797
"5114",18.75,"Pa14_09810",5.497,"trial_3",4.52125,0.473351415441002
"5115",18.75,"Pa14_64590",3.687,"trial_3",3.50925,0.0678507860431009
"5116",18.75,"Pa14_05300",3.382,"trial_3",3.43075,0.169499446901752
"5117",18.75,"Pa14_18520",4.371,"trial_3",4.401,0.0798028821534662
"5118",18.75,"Pa14_01960",3.69,"trial_3",3.6645,0.101502463024303
"5119",18.75,"Pa14_09480",4.035,"trial_3",4.25025,0.255068740734728
"5120",18.75,"Pa14_19120",3.838,"trial_3",4.07225,0.208094279514519
"5121",18.75,"Pa14_48650",4.008,"trial_3",3.97675,0.118214053733048
"5122",18.75,"Pa14_58770",4.419,"trial_3",4.487,0.125019331838454
"5123",18.75,"Pa14_06570",4.049,"trial_3",4.45025,0.165315544237881
"5124",18.75,"Pa14_32750",3.825,"trial_3",4.15625,0.153563979608935
"5125",18.75,"Pa14_62830",4.014,"trial_3",4.0655,0.0991375307338245
"5126",18.75,"Pa14_17250",4.076,"trial_3",4.22175,0.165712288319243
"5127",18.75,"Pa14_20440",3.692,"trial_3",4.20725,0.245277861142555
"5128",18.75,"Pa14_68350",3.899,"trial_3",3.975,0.0971322123019273
"5129",18.75,"Pa14_72840",4.138,"trial_3",4.253,0.118966381805954
"5130",18.75,"Pa14",4.219,"trial_3",4.4185,0.150375363673708
"5131",19,"Pa14_51430",5.065,"trial_3",5.00475,0.145777441670514
"5132",19,"Pa14_16930",4.201,"trial_3",3.4875,0.422191208656299
"5133",19,"Pa14_09810",5.486,"trial_3",4.539,0.476886254781997
"5134",19,"Pa14_64590",3.652,"trial_3",3.4885,0.0669608094335784
"5135",19,"Pa14_05300",3.357,"trial_3",3.4025,0.168923306069155
"5136",19,"Pa14_18520",4.348,"trial_3",4.38175,0.0814569160149503
"5137",19,"Pa14_01960",3.667,"trial_3",3.63675,0.101472800132186
"5138",19,"Pa14_09480",4.014,"trial_3",4.23475,0.26397391758783
"5139",19,"Pa14_19120",3.819,"trial_3",4.05175,0.208865736379458
"5140",19,"Pa14_48650",3.988,"trial_3",3.9525,0.117944549118078
"5141",19,"Pa14_58770",4.402,"trial_3",4.46575,0.124946905390517
"5142",19,"Pa14_06570",4.013,"trial_3",4.432,0.172966759812399
"5143",19,"Pa14_32750",3.8,"trial_3",4.13525,0.158071384190814
"5144",19,"Pa14_62830",4.012,"trial_3",4.07525,0.0968756720406797
"5145",19,"Pa14_17250",4.058,"trial_3",4.19975,0.165864590856518
"5146",19,"Pa14_20440",3.663,"trial_3",4.17675,0.243143090586593
"5147",19,"Pa14_68350",3.877,"trial_3",3.94175,0.100356344260507
"5148",19,"Pa14_72840",4.13,"trial_3",4.2405,0.113631348374176
"5149",19,"Pa14",4.198,"trial_3",4.398,0.147585568400166
"5150",19.25,"Pa14_51430",5.021,"trial_3",4.9855,0.142310985755375
"5151",19.25,"Pa14_16930",4.181,"trial_3",3.48575,0.417428112573491
"5152",19.25,"Pa14_09810",5.491,"trial_3",4.5595,0.485432710750591
"5153",19.25,"Pa14_64590",3.63,"trial_3",3.4645,0.0710240569572498
"5154",19.25,"Pa14_05300",3.33,"trial_3",3.374,0.168734011588259
"5155",19.25,"Pa14_18520",4.318,"trial_3",4.3585,0.0817491080481413
"5156",19.25,"Pa14_01960",3.64,"trial_3",3.6115,0.101323327356866
"5157",19.25,"Pa14_09480",3.987,"trial_3",4.215,0.271383799565609
"5158",19.25,"Pa14_19120",3.785,"trial_3",4.0235,0.210084308473209
"5159",19.25,"Pa14_48650",3.967,"trial_3",3.93025,0.116478449365823
"5160",19.25,"Pa14_58770",4.381,"trial_3",4.44225,0.125986358388518
"5161",19.25,"Pa14_06570",3.982,"trial_3",4.41375,0.178154602803296
"5162",19.25,"Pa14_32750",3.768,"trial_3",4.1175,0.160453783584765
"5163",19.25,"Pa14_62830",4.027,"trial_3",4.08525,0.0889347841585807
"5164",19.25,"Pa14_17250",4.039,"trial_3",4.175,0.164170135327146
"5165",19.25,"Pa14_20440",3.632,"trial_3",4.14775,0.241591381951702
"5166",19.25,"Pa14_68350",3.846,"trial_3",3.9035,0.10123281747207
"5167",19.25,"Pa14_72840",4.118,"trial_3",4.2155,0.119209549393774
"5168",19.25,"Pa14",4.185,"trial_3",4.38775,0.144322771938457
"5169",19.5,"Pa14_51430",4.987,"trial_3",4.973,0.143100780337961
"5170",19.5,"Pa14_16930",4.172,"trial_3",3.47475,0.41633707797889
"5171",19.5,"Pa14_09810",5.472,"trial_3",4.53675,0.486595892399433
"5172",19.5,"Pa14_64590",3.603,"trial_3",3.43675,0.0723456690710187
"5173",19.5,"Pa14_05300",3.305,"trial_3",3.34725,0.167003181107427
"5174",19.5,"Pa14_18520",4.298,"trial_3",4.3405,0.0807944923865483
"5175",19.5,"Pa14_01960",3.617,"trial_3",3.5865,0.100996287060466
"5176",19.5,"Pa14_09480",3.972,"trial_3",4.19175,0.276175178404336
"5177",19.5,"Pa14_19120",3.768,"trial_3",3.99925,0.205025354123175
"5178",19.5,"Pa14_48650",3.948,"trial_3",3.9075,0.115968745789545
"5179",19.5,"Pa14_58770",4.357,"trial_3",4.425,0.124426015500511
"5180",19.5,"Pa14_06570",3.943,"trial_3",4.3875,0.179718529929443
"5181",19.5,"Pa14_32750",3.744,"trial_3",4.097,0.161919218542251
"5182",19.5,"Pa14_62830",4.018,"trial_3",4.08475,0.084357745149255
"5183",19.5,"Pa14_17250",4.029,"trial_3",4.15625,0.160325385284635
"5184",19.5,"Pa14_20440",3.6,"trial_3",4.14075,0.253787764020779
"5185",19.5,"Pa14_68350",3.798,"trial_3",3.86475,0.105153360225276
"5186",19.5,"Pa14_72840",4.091,"trial_3",4.1935,0.123352138206032
"5187",19.5,"Pa14",4.162,"trial_3",4.36725,0.142856206842172
"5188",19.75,"Pa14_51430",4.958,"trial_3",4.96225,0.146194148879723
"5189",19.75,"Pa14_16930",4.143,"trial_3",3.46775,0.408425712339466
"5190",19.75,"Pa14_09810",5.474,"trial_3",4.52125,0.494139719613795
"5191",19.75,"Pa14_64590",3.566,"trial_3",3.4085,0.0721173811689433
"5192",19.75,"Pa14_05300",3.283,"trial_3",3.3225,0.16671657586055
"5193",19.75,"Pa14_18520",4.286,"trial_3",4.32275,0.0781423647368487
"5194",19.75,"Pa14_01960",3.591,"trial_3",3.56125,0.0997792354818041
"5195",19.75,"Pa14_09480",3.952,"trial_3",4.1725,0.281555352757973
"5196",19.75,"Pa14_19120",3.755,"trial_3",3.9815,0.205345846480192
"5197",19.75,"Pa14_48650",3.933,"trial_3",3.886,0.11629989968468
"5198",19.75,"Pa14_58770",4.347,"trial_3",4.40675,0.125524483003649
"5199",19.75,"Pa14_06570",3.918,"trial_3",4.37625,0.186543728117565
"5200",19.75,"Pa14_32750",3.724,"trial_3",4.08175,0.164665000835029
"5201",19.75,"Pa14_62830",4.031,"trial_3",4.09225,0.0773965707681334
"5202",19.75,"Pa14_17250",4.014,"trial_3",4.1355,0.159556938635293
"5203",19.75,"Pa14_20440",3.573,"trial_3",4.11225,0.250926740636917
"5204",19.75,"Pa14_68350",3.755,"trial_3",3.842,0.0976882797473679
"5205",19.75,"Pa14_72840",4.068,"trial_3",4.17875,0.12649201226428
"5206",19.75,"Pa14",4.133,"trial_3",4.347,0.143663959757948
"5207",20,"Pa14_51430",4.928,"trial_3",4.9525,0.149823507278842
"5208",20,"Pa14_16930",4.143,"trial_3",3.45975,0.405924536295438
"5209",20,"Pa14_09810",5.473,"trial_3",4.50625,0.502433805756208
"5210",20,"Pa14_64590",3.562,"trial_3",3.39125,0.0790857920235992
"5211",20,"Pa14_05300",3.265,"trial_3",3.29925,0.167508395311996
"5212",20,"Pa14_18520",4.288,"trial_3",4.31175,0.0794065226120206
"5213",20,"Pa14_01960",3.569,"trial_3",3.53625,0.100911987229797
"5214",20,"Pa14_09480",3.93,"trial_3",4.158,0.290277740563528
"5215",20,"Pa14_19120",3.742,"trial_3",3.96025,0.202329506416308
"5216",20,"Pa14_48650",3.914,"trial_3",3.86425,0.115421239379934
"5217",20,"Pa14_58770",4.334,"trial_3",4.389,0.124446106139699
"5218",20,"Pa14_06570",3.875,"trial_3",4.3535,0.192955305705752
"5219",20,"Pa14_32750",3.705,"trial_3",4.0655,0.16582395283352
"5220",20,"Pa14_62830",4.032,"trial_3",4.0865,0.0708925242885312
"5221",20,"Pa14_17250",4.004,"trial_3",4.1165,0.157561892600971
"5222",20,"Pa14_20440",3.54,"trial_3",4.08975,0.251207210286648
"5223",20,"Pa14_68350",3.719,"trial_3",3.80525,0.101324869438192
"5224",20,"Pa14_72840",4.026,"trial_3",4.152,0.132435518901338
"5225",20,"Pa14",4.11,"trial_3",4.3225,0.145645974884306
"5226",20.25,"Pa14_51430",4.897,"trial_3",4.9385,0.152880399877377
"5227",20.25,"Pa14_16930",4.136,"trial_3",3.458,0.402611682228257
"5228",20.25,"Pa14_09810",5.458,"trial_3",4.49125,0.505993803486433
"5229",20.25,"Pa14_64590",3.589,"trial_3",3.38425,0.0930137758614282
"5230",20.25,"Pa14_05300",3.24,"trial_3",3.27225,0.165416834592694
"5231",20.25,"Pa14_18520",4.257,"trial_3",4.29425,0.0794338036774438
"5232",20.25,"Pa14_01960",3.544,"trial_3",3.512,0.09945099295633
"5233",20.25,"Pa14_09480",3.9,"trial_3",4.1305,0.294265611310598
"5234",20.25,"Pa14_19120",3.715,"trial_3",3.93775,0.201564454124894
"5235",20.25,"Pa14_48650",3.893,"trial_3",3.8425,0.115636283233248
"5236",20.25,"Pa14_58770",4.296,"trial_3",4.3665,0.125854744315289
"5237",20.25,"Pa14_06570",3.844,"trial_3",4.33425,0.197432003062658
"5238",20.25,"Pa14_32750",3.669,"trial_3",4.0425,0.170005146980908
"5239",20.25,"Pa14_62830",4.027,"trial_3",4.0695,0.0609432796404437
"5240",20.25,"Pa14_17250",3.981,"trial_3",4.09325,0.154294294018498
"5241",20.25,"Pa14_20440",3.515,"trial_3",4.06975,0.253024825857069
"5242",20.25,"Pa14_68350",3.678,"trial_3",3.77,0.0969750827102852
"5243",20.25,"Pa14_72840",4.013,"trial_3",4.1355,0.133837276820274
"5244",20.25,"Pa14",4.091,"trial_3",4.30175,0.146820397651916
"5245",20.5,"Pa14_51430",4.869,"trial_3",4.933,0.15833929813326
"5246",20.5,"Pa14_16930",4.125,"trial_3",3.45475,0.397590110331398
"5247",20.5,"Pa14_09810",5.432,"trial_3",4.473,0.516431182895327
"5248",20.5,"Pa14_64590",3.624,"trial_3",3.38275,0.108543674005751
"5249",20.5,"Pa14_05300",3.218,"trial_3",3.249,0.164948982011611
"5250",20.5,"Pa14_18520",4.23,"trial_3",4.27425,0.078871599239946
"5251",20.5,"Pa14_01960",3.523,"trial_3",3.487,0.100049987506246
"5252",20.5,"Pa14_09480",3.878,"trial_3",4.10975,0.296698043752679
"5253",20.5,"Pa14_19120",3.695,"trial_3",3.9165,0.200529507388148
"5254",20.5,"Pa14_48650",3.874,"trial_3",3.823,0.114552026026023
"5255",20.5,"Pa14_58770",4.277,"trial_3",4.3445,0.127602573119301
"5256",20.5,"Pa14_06570",3.815,"trial_3",4.31375,0.19909184438344
"5257",20.5,"Pa14_32750",3.654,"trial_3",4.02475,0.170171176074759
"5258",20.5,"Pa14_62830",4.027,"trial_3",4.06075,0.0545441335067302
"5259",20.5,"Pa14_17250",3.962,"trial_3",4.07475,0.154882953118368
"5260",20.5,"Pa14_20440",3.494,"trial_3",4.05025,0.255860109890802
"5261",20.5,"Pa14_68350",3.643,"trial_3",3.725,0.097873217310287
"5262",20.5,"Pa14_72840",3.993,"trial_3",4.118,0.132761063569105
"5263",20.5,"Pa14",4.065,"trial_3",4.276,0.146819049626856
"5264",20.75,"Pa14_51430",4.848,"trial_3",4.9085,0.160541531490556
"5265",20.75,"Pa14_16930",4.11,"trial_3",3.44675,0.394466174088476
"5266",20.75,"Pa14_09810",5.412,"trial_3",4.446,0.517557887261576
"5267",20.75,"Pa14_64590",3.733,"trial_3",3.39625,0.137435666768128
"5268",20.75,"Pa14_05300",3.197,"trial_3",3.22525,0.163649205619826
"5269",20.75,"Pa14_18520",4.207,"trial_3",4.25225,0.0820318789658428
"5270",20.75,"Pa14_01960",3.5,"trial_3",3.463,0.0996636008447083
"5271",20.75,"Pa14_09480",3.849,"trial_3",4.08675,0.303329956483035
"5272",20.75,"Pa14_19120",3.675,"trial_3",3.89,0.197217730778278
"5273",20.75,"Pa14_48650",3.86,"trial_3",3.8015,0.114840831879026
"5274",20.75,"Pa14_58770",4.246,"trial_3",4.3205,0.129432414796294
"5275",20.75,"Pa14_06570",3.781,"trial_3",4.29775,0.206899885210215
"5276",20.75,"Pa14_32750",3.631,"trial_3",4.003,0.172186429972477
"5277",20.75,"Pa14_62830",4.036,"trial_3",4.07125,0.047478723304936
"5278",20.75,"Pa14_17250",3.944,"trial_3",4.05425,0.152433797105498
"5279",20.75,"Pa14_20440",3.467,"trial_3",4.03,0.257823583095108
"5280",20.75,"Pa14_68350",3.595,"trial_3",3.68425,0.101253292127548
"5281",20.75,"Pa14_72840",3.982,"trial_3",4.09975,0.133374394719026
"5282",20.75,"Pa14",4.026,"trial_3",4.252,0.150136049412969
"5283",21,"Pa14_51430",4.82,"trial_3",4.89625,0.164630077750088
"5284",21,"Pa14_16930",4.102,"trial_3",3.44225,0.391404814950796
"5285",21,"Pa14_09810",5.385,"trial_3",4.4305,0.522108625351724
"5286",21,"Pa14_64590",3.904,"trial_3",3.431,0.18226217380466
"5287",21,"Pa14_05300",3.176,"trial_3",3.203,0.163444689931079
"5288",21,"Pa14_18520",4.191,"trial_3",4.2365,0.0836923931230711
"5289",21,"Pa14_01960",3.476,"trial_3",3.4375,0.0989178952465124
"5290",21,"Pa14_09480",3.827,"trial_3",4.0665,0.306681294940964
"5291",21,"Pa14_19120",3.664,"trial_3",3.8715,0.194666167236802
"5292",21,"Pa14_48650",3.843,"trial_3",3.782,0.115678433599353
"5293",21,"Pa14_58770",4.225,"trial_3",4.304,0.129728562776283
"5294",21,"Pa14_06570",3.768,"trial_3",4.28175,0.205398951230688
"5295",21,"Pa14_32750",3.604,"trial_3",3.98525,0.175709691916335
"5296",21,"Pa14_62830",4.035,"trial_3",4.06625,0.042613329291823
"5297",21,"Pa14_17250",3.928,"trial_3",4.035,0.150526298920377
"5298",21,"Pa14_20440",3.446,"trial_3",4.00525,0.255906354942584
"5299",21,"Pa14_68350",3.555,"trial_3",3.65175,0.0948932514284692
"5300",21,"Pa14_72840",3.944,"trial_3",4.07525,0.133901316274337
"5301",21,"Pa14",4.002,"trial_3",4.23,0.151794268666508
"5302",21.25,"Pa14_51430",4.787,"trial_3",4.88,0.171354894881938
"5303",21.25,"Pa14_16930",4.08,"trial_3",3.43625,0.383549730586965
"5304",21.25,"Pa14_09810",5.373,"trial_3",4.409,0.527602912551981
"5305",21.25,"Pa14_64590",3.939,"trial_3",3.42825,0.196838078548503
"5306",21.25,"Pa14_05300",3.154,"trial_3",3.181,0.163444689931079
"5307",21.25,"Pa14_18520",4.16,"trial_3",4.2165,0.0835758138857569
"5308",21.25,"Pa14_01960",3.456,"trial_3",3.41575,0.0994102400828673
"5309",21.25,"Pa14_09480",3.798,"trial_3",4.045,0.309201929705061
"5310",21.25,"Pa14_19120",3.645,"trial_3",3.854,0.192947747676238
"5311",21.25,"Pa14_48650",3.821,"trial_3",3.7625,0.114700697469545
"5312",21.25,"Pa14_58770",4.195,"trial_3",4.283,0.13203787335458
"5313",21.25,"Pa14_06570",3.728,"trial_3",4.26375,0.21276331724869
"5314",21.25,"Pa14_32750",3.574,"trial_3",3.96275,0.17691493954252
"5315",21.25,"Pa14_62830",4.025,"trial_3",4.0615,0.0376485944846108
"5316",21.25,"Pa14_17250",3.904,"trial_3",4.0145,0.149004753839153
"5317",21.25,"Pa14_20440",3.419,"trial_3",3.9895,0.261357194914036
"5318",21.25,"Pa14_68350",3.511,"trial_3",3.61575,0.0926753967710237
"5319",21.25,"Pa14_72840",3.931,"trial_3",4.05575,0.132514386011482
"5320",21.25,"Pa14",3.976,"trial_3",4.20475,0.152626109059579
"5321",21.5,"Pa14_51430",4.765,"trial_3",4.862,0.175887274506524
"5322",21.5,"Pa14_16930",4.077,"trial_3",3.43525,0.38088370381697
"5323",21.5,"Pa14_09810",5.364,"trial_3",4.39725,0.537519515149605
"5324",21.5,"Pa14_64590",4.048,"trial_3",3.45425,0.228831224195184
"5325",21.5,"Pa14_05300",3.136,"trial_3",3.16025,0.161229326840167
"5326",21.5,"Pa14_18520",4.138,"trial_3",4.20125,0.0819139538377519
"5327",21.5,"Pa14_01960",3.433,"trial_3",3.3925,0.0988454180357728
"5328",21.5,"Pa14_09480",3.779,"trial_3",4.0255,0.311541998238868
"5329",21.5,"Pa14_19120",3.634,"trial_3",3.8345,0.19016549809749
"5330",21.5,"Pa14_48650",3.805,"trial_3",3.74325,0.114410354280837
"5331",21.5,"Pa14_58770",4.175,"trial_3",4.26375,0.13326876040543
"5332",21.5,"Pa14_06570",3.707,"trial_3",4.24725,0.216396385906358
"5333",21.5,"Pa14_32750",3.558,"trial_3",3.94475,0.178940574400181
"5334",21.5,"Pa14_62830",4.02,"trial_3",4.053,0.0326981141148334
"5335",21.5,"Pa14_17250",3.889,"trial_3",3.99525,0.14768343114017
"5336",21.5,"Pa14_20440",3.394,"trial_3",3.96875,0.263078370769371
"5337",21.5,"Pa14_68350",3.474,"trial_3",3.57425,0.0961425807503279
"5338",21.5,"Pa14_72840",3.915,"trial_3",4.037,0.132747253581132
"5339",21.5,"Pa14",3.946,"trial_3",4.182,0.155189668900134
"5340",21.75,"Pa14_51430",4.742,"trial_3",4.84625,0.179267200476458
"5341",21.75,"Pa14_16930",4.06,"trial_3",3.42525,0.377169805923009
"5342",21.75,"Pa14_09810",5.363,"trial_3",4.37975,0.542968442146196
"5343",21.75,"Pa14_64590",4.206,"trial_3",3.488,0.270890199158257
"5344",21.75,"Pa14_05300",3.119,"trial_3",3.14225,0.162458392109077
"5345",21.75,"Pa14_18520",4.133,"trial_3",4.18525,0.0831809022552654
"5346",21.75,"Pa14_01960",3.414,"trial_3",3.37025,0.0989750599898782
"5347",21.75,"Pa14_09480",3.755,"trial_3",4.0045,0.313512493105671
"5348",21.75,"Pa14_19120",3.632,"trial_3",3.81975,0.188766776296395
"5349",21.75,"Pa14_48650",3.79,"trial_3",3.72675,0.115074160870284
"5350",21.75,"Pa14_58770",4.16,"trial_3",4.247,0.133620731924354
"5351",21.75,"Pa14_06570",3.686,"trial_3",4.23,0.218717092762927
"5352",21.75,"Pa14_32750",3.53,"trial_3",3.9075,0.175541305680458
"5353",21.75,"Pa14_62830",3.998,"trial_3",4.043,0.0317568890164008
"5354",21.75,"Pa14_17250",3.87,"trial_3",3.97625,0.146408318866563
"5355",21.75,"Pa14_20440",3.378,"trial_3",3.946,0.258906353726594
"5356",21.75,"Pa14_68350",3.433,"trial_3",3.536,0.0943071223892095
"5357",21.75,"Pa14_72840",3.882,"trial_3",4.012,0.132406570833928
"5358",21.75,"Pa14",3.922,"trial_3",4.157,0.15605394366479
"5359",22,"Pa14_51430",4.72,"trial_3",4.8255,0.182868577581461
"5360",22,"Pa14_16930",4.052,"trial_3",3.41825,0.374357755585037
"5361",22,"Pa14_09810",5.359,"trial_3",4.376,0.555110349390101
"5362",22,"Pa14_64590",4.4,"trial_3",3.53325,0.322729859944815
"5363",22,"Pa14_05300",3.098,"trial_3",3.1215,0.161878812696412
"5364",22,"Pa14_18520",4.098,"trial_3",4.1625,0.0817215801772499
"5365",22,"Pa14_01960",3.389,"trial_3",3.34675,0.0983152878922364
"5366",22,"Pa14_09480",3.724,"trial_3",3.9785,0.314999074072713
"5367",22,"Pa14_19120",3.609,"trial_3",3.79575,0.184500846881525
"5368",22,"Pa14_48650",3.772,"trial_3",3.7095,0.1147900256991
"5369",22,"Pa14_58770",4.128,"trial_3",4.2225,0.135539354678509
"5370",22,"Pa14_06570",3.657,"trial_3",4.2075,0.22000776501448
"5371",22,"Pa14_32750",3.508,"trial_3",3.9015,0.182055623368244
"5372",22,"Pa14_62830",3.989,"trial_3",4.03625,0.0299454364915035
"5373",22,"Pa14_17250",3.851,"trial_3",3.95725,0.14097303229105
"5374",22,"Pa14_20440",3.353,"trial_3",3.93075,0.264118147489591
"5375",22,"Pa14_68350",3.392,"trial_3",3.49625,0.092998543895411
"5376",22,"Pa14_72840",3.861,"trial_3",3.99375,0.132016018598754
"5377",22,"Pa14",3.891,"trial_3",4.1315,0.157652835897952
"5378",22.25,"Pa14_51430",4.682,"trial_3",4.8025,0.185632477402707
"5379",22.25,"Pa14_16930",4.038,"trial_3",3.41175,0.370233344212358
"5380",22.25,"Pa14_09810",5.359,"trial_3",4.349,0.556947484059314
"5381",22.25,"Pa14_64590",4.477,"trial_3",3.557,0.34765020734449
"5382",22.25,"Pa14_05300",3.079,"trial_3",3.1015,0.160463131798761
"5383",22.25,"Pa14_18520",4.087,"trial_3",4.14925,0.0810137591194649
"5384",22.25,"Pa14_01960",3.369,"trial_3",3.325,0.0984547273285206
"5385",22.25,"Pa14_09480",3.707,"trial_3",3.95425,0.312573291405392
"5386",22.25,"Pa14_19120",3.605,"trial_3",3.7805,0.182708556632323
"5387",22.25,"Pa14_48650",3.759,"trial_3",3.69,0.114965936984251
"5388",22.25,"Pa14_58770",4.111,"trial_3",4.1995,0.134901507280929
"5389",22.25,"Pa14_06570",3.636,"trial_3",4.18975,0.221551865635717
"5390",22.25,"Pa14_32750",3.49,"trial_3",3.8755,0.180583544839132
"5391",22.25,"Pa14_62830",3.997,"trial_3",4.02525,0.0260588276789267
"5392",22.25,"Pa14_17250",3.828,"trial_3",3.936,0.139494324854693
"5393",22.25,"Pa14_20440",3.339,"trial_3",3.90925,0.260472127427613
"5394",22.25,"Pa14_68350",3.35,"trial_3",3.4615,0.0920366774715385
"5395",22.25,"Pa14_72840",3.83,"trial_3",3.97,0.130917913212822
"5396",22.25,"Pa14",3.871,"trial_3",4.10825,0.15787937114561
"5397",22.5,"Pa14_51430",4.631,"trial_3",4.78375,0.193714297785854
"5398",22.5,"Pa14_16930",4.027,"trial_3",3.4115,0.365692607709444
"5399",22.5,"Pa14_09810",5.34,"trial_3",4.34,0.559530011110515
"5400",22.5,"Pa14_64590",4.583,"trial_3",3.58575,0.380227645628247
"5401",22.5,"Pa14_05300",3.057,"trial_3",3.0805,0.160296860023312
"5402",22.5,"Pa14_18520",4.056,"trial_3",4.12525,0.07951244661477
"5403",22.5,"Pa14_01960",3.347,"trial_3",3.30375,0.0990011574006419
"5404",22.5,"Pa14_09480",3.672,"trial_3",3.92775,0.313551796624843
"5405",22.5,"Pa14_19120",3.586,"trial_3",3.76425,0.181996508666146
"5406",22.5,"Pa14_48650",3.742,"trial_3",3.673,0.114739560164168
"5407",22.5,"Pa14_58770",4.079,"trial_3",4.1765,0.135589146566629
"5408",22.5,"Pa14_06570",3.61,"trial_3",4.1685,0.222995702499697
"5409",22.5,"Pa14_32750",3.457,"trial_3",3.853,0.184246212082275
"5410",22.5,"Pa14_62830",3.988,"trial_3",4.0185,0.0265251453027752
"5411",22.5,"Pa14_17250",3.8,"trial_3",3.91625,0.137935597895056
"5412",22.5,"Pa14_20440",3.317,"trial_3",3.89075,0.261827670742927
"5413",22.5,"Pa14_68350",3.312,"trial_3",3.42425,0.0880533692332857
"5414",22.5,"Pa14_72840",3.809,"trial_3",3.952,0.131907164324005
"5415",22.5,"Pa14",3.846,"trial_3",4.084,0.159940092951496
"5416",22.75,"Pa14_51430",4.593,"trial_3",4.74825,0.195571544879787
"5417",22.75,"Pa14_16930",4.024,"trial_3",3.41075,0.362379491463484
"5418",22.75,"Pa14_09810",5.339,"trial_3",4.33275,0.569162597594044
"5419",22.75,"Pa14_64590",4.634,"trial_3",3.605,0.400839327744505
"5420",22.75,"Pa14_05300",3.042,"trial_3",3.0615,0.159614379051513
"5421",22.75,"Pa14_18520",4.037,"trial_3",4.105,0.0784038689521549
"5422",22.75,"Pa14_01960",3.324,"trial_3",3.28,0.0984547273285205
"5423",22.75,"Pa14_09480",3.648,"trial_3",3.902,0.313174073000943
"5424",22.75,"Pa14_19120",3.577,"trial_3",3.746,0.179919889580521
"5425",22.75,"Pa14_48650",3.726,"trial_3",3.65475,0.113016499532885
"5426",22.75,"Pa14_58770",4.057,"trial_3",4.14975,0.136948515265166
"5427",22.75,"Pa14_06570",3.597,"trial_3",4.15075,0.221764279885949
"5428",22.75,"Pa14_32750",3.437,"trial_3",3.8335,0.18684507842952
"5429",22.75,"Pa14_62830",3.979,"trial_3",4.015,0.0311849322590254
"5430",22.75,"Pa14_17250",3.78,"trial_3",3.8945,0.137378734404808
"5431",22.75,"Pa14_20440",3.303,"trial_3",3.87025,0.259634478642572
"5432",22.75,"Pa14_68350",3.277,"trial_3",3.383,0.0862940708662343
"5433",22.75,"Pa14_72840",3.784,"trial_3",3.92475,0.128976338269209
"5434",22.75,"Pa14",3.818,"trial_3",4.056,0.15913306800704
"5435",23,"Pa14_51430",4.557,"trial_3",4.7215,0.198441217156786
"5436",23,"Pa14_16930",4.016,"trial_3",3.402,0.361066937469125
"5437",23,"Pa14_09810",5.321,"trial_3",4.32825,0.574831188987979
"5438",23,"Pa14_64590",4.668,"trial_3",3.6205,0.41915917819686
"5439",23,"Pa14_05300",3.025,"trial_3",3.045,0.160206117236515
"5440",23,"Pa14_18520",4.023,"trial_3",4.08925,0.076017952923416
"5441",23,"Pa14_01960",3.305,"trial_3",3.26075,0.0997383034078014
"5442",23,"Pa14_09480",3.628,"trial_3",3.8785,0.311296348624051
"5443",23,"Pa14_19120",3.574,"trial_3",3.73625,0.178369641942419
"5444",23,"Pa14_48650",3.709,"trial_3",3.63925,0.113374287943372
"5445",23,"Pa14_58770",4.043,"trial_3",4.1345,0.135375096183407
"5446",23,"Pa14_06570",3.576,"trial_3",4.13175,0.220958659406385
"5447",23,"Pa14_32750",3.417,"trial_3",3.8135,0.188167257158802
"5448",23,"Pa14_62830",3.987,"trial_3",4.007,0.0310134379476596
"5449",23,"Pa14_17250",3.773,"trial_3",3.87975,0.134783391039104
"5450",23,"Pa14_20440",3.278,"trial_3",3.84675,0.256402474962054
"5451",23,"Pa14_68350",3.24,"trial_3",3.3475,0.0824717123220643
"5452",23,"Pa14_72840",3.771,"trial_3",3.91,0.129868523258461
"5453",23,"Pa14",3.795,"trial_3",4.035,0.158540741346402
"5454",23.25,"Pa14_51430",4.516,"trial_3",4.70425,0.193829123628692
"5455",23.25,"Pa14_16930",4.025,"trial_3",3.40075,0.358396748264639
"5456",23.25,"Pa14_09810",5.302,"trial_3",4.31725,0.573599653504079
"5457",23.25,"Pa14_64590",4.704,"trial_3",3.64475,0.43920142968043
"5458",23.25,"Pa14_05300",3.007,"trial_3",3.02475,0.157793311539706
"5459",23.25,"Pa14_18520",3.999,"trial_3",4.0695,0.0799796849206097
"5460",23.25,"Pa14_01960",3.286,"trial_3",3.23925,0.0969315695048144
"5461",23.25,"Pa14_09480",3.609,"trial_3",3.855,0.310079828431325
"5462",23.25,"Pa14_19120",3.556,"trial_3",3.7185,0.177242066112986
"5463",23.25,"Pa14_48650",3.693,"trial_3",3.622,0.115291659137453
"5464",23.25,"Pa14_58770",4.012,"trial_3",4.1075,0.137621764267139
"5465",23.25,"Pa14_06570",3.56,"trial_3",4.118,0.223631765781757
"5466",23.25,"Pa14_32750",3.393,"trial_3",3.7825,0.18745732847771
"5467",23.25,"Pa14_62830",3.992,"trial_3",4.00525,0.0279325825276981
"5468",23.25,"Pa14_17250",3.75,"trial_3",3.861,0.134425320035575
"5469",23.25,"Pa14_20440",3.265,"trial_3",3.825,0.253152128175925
"5470",23.25,"Pa14_68350",3.204,"trial_3",3.307,0.0833216658498857
"5471",23.25,"Pa14_72840",3.735,"trial_3",3.88575,0.130699002164005
"5472",23.25,"Pa14",3.774,"trial_3",4.01525,0.160612045521706
"5473",23.5,"Pa14_51430",4.483,"trial_3",4.67075,0.206914384468553
"5474",23.5,"Pa14_16930",4.024,"trial_3",3.39775,0.35770061387516
"5475",23.5,"Pa14_09810",5.295,"trial_3",4.3085,0.575208585355492
"5476",23.5,"Pa14_64590",4.741,"trial_3",3.6675,0.460966828163011
"5477",23.5,"Pa14_05300",2.989,"trial_3",3.00775,0.158831868653617
"5478",23.5,"Pa14_18520",3.973,"trial_3",4.04925,0.076085888967666
"5479",23.5,"Pa14_01960",3.265,"trial_3",3.2185,0.0986454087460064
"5480",23.5,"Pa14_09480",3.589,"trial_3",3.83125,0.308931593021281
"5481",23.5,"Pa14_19120",3.54,"trial_3",3.70325,0.176045152825442
"5482",23.5,"Pa14_48650",3.673,"trial_3",3.6045,0.11514157951554
"5483",23.5,"Pa14_58770",3.983,"trial_3",4.085,0.13721941067745
"5484",23.5,"Pa14_06570",3.535,"trial_3",4.09525,0.223566684682669
"5485",23.5,"Pa14_32750",3.382,"trial_3",3.77625,0.192305041968916
"5486",23.5,"Pa14_62830",3.96,"trial_3",3.9855,0.0345964834436489
"5487",23.5,"Pa14_17250",3.735,"trial_3",3.8465,0.132459742311894
"5488",23.5,"Pa14_20440",3.253,"trial_3",3.80725,0.251537729111691
"5489",23.5,"Pa14_68350",3.171,"trial_3",3.27025,0.0842302152832739
"5490",23.5,"Pa14_72840",3.713,"trial_3",3.85875,0.133453721691579
"5491",23.5,"Pa14",3.744,"trial_3",3.9895,0.161057701875239
"5492",23.75,"Pa14_51430",4.45,"trial_3",4.653,0.195659994207639
"5493",23.75,"Pa14_16930",4.019,"trial_3",3.393,0.35651157063972
"5494",23.75,"Pa14_09810",5.268,"trial_3",4.305,0.572426560063967
"5495",23.75,"Pa14_64590",4.75,"trial_3",3.68525,0.477095618473558
"5496",23.75,"Pa14_05300",2.973,"trial_3",2.9895,0.158336403479006
"5497",23.75,"Pa14_18520",3.962,"trial_3",4.0345,0.0777072497690316
"5498",23.75,"Pa14_01960",3.243,"trial_3",3.19875,0.0995626896315415
"5499",23.75,"Pa14_09480",3.577,"trial_3",3.80975,0.307223418974965
"5500",23.75,"Pa14_19120",3.541,"trial_3",3.691,0.17390275060121
"5501",23.75,"Pa14_48650",3.661,"trial_3",3.587,0.11541591455832
"5502",23.75,"Pa14_58770",3.971,"trial_3",4.06525,0.139709445516997
"5503",23.75,"Pa14_06570",3.518,"trial_3",4.07825,0.22441641911114
"5504",23.75,"Pa14_32750",3.372,"trial_3",3.74725,0.188586573841653
"5505",23.75,"Pa14_62830",3.934,"trial_3",3.97375,0.0367636029246319
"5506",23.75,"Pa14_17250",3.72,"trial_3",3.8285,0.130248800378353
"5507",23.75,"Pa14_20440",3.236,"trial_3",3.785,0.251976520070158
"5508",23.75,"Pa14_68350",3.133,"trial_3",3.24025,0.0838226053440637
"5509",23.75,"Pa14_72840",3.684,"trial_3",3.839,0.134997530841617
"5510",23.75,"Pa14",3.719,"trial_3",3.9655,0.162290634357008
"5511",24,"Pa14_51430",4.412,"trial_3",4.62725,0.194271019883735
"5512",24,"Pa14_16930",3.985,"trial_3",3.39,0.347337252057228
"5513",24,"Pa14_09810",5.255,"trial_3",4.312,0.57174775906863
"5514",24,"Pa14_64590",4.745,"trial_3",3.69675,0.491211491281166
"5515",24,"Pa14_05300",2.953,"trial_3",2.9725,0.15752380772442
"5516",24,"Pa14_18520",3.936,"trial_3",4.01875,0.0785550496997701
"5517",24,"Pa14_01960",3.224,"trial_3",3.17825,0.0995877962737737
"5518",24,"Pa14_09480",3.544,"trial_3",3.78175,0.304445500048859
"5519",24,"Pa14_19120",3.515,"trial_3",3.67325,0.1736540502455
"5520",24,"Pa14_48650",3.641,"trial_3",3.57325,0.116330259032922
"5521",24,"Pa14_58770",3.938,"trial_3",4.044,0.139821910538609
"5522",24,"Pa14_06570",3.507,"trial_3",4.06475,0.224325052472225
"5523",24,"Pa14_32750",3.356,"trial_3",3.72775,0.188586573841653
"5524",24,"Pa14_62830",3.928,"trial_3",3.967,0.0379868398264452
"5525",24,"Pa14_17250",3.713,"trial_3",3.81425,0.128907832060999
"5526",24,"Pa14_20440",3.21,"trial_3",3.76675,0.254865119556731
"5527",24,"Pa14_68350",3.095,"trial_3",3.20525,0.0793508821627082
"5528",24,"Pa14_72840",3.661,"trial_3",3.81825,0.135938328541536
"5529",24,"Pa14",3.699,"trial_3",3.9445,0.163323043893587
"5530",0,"Pa14_51430",0.003,"trial_4",0.0035,0.00611691643450086
"5531",0,"Pa14_16930",0.04,"trial_4",0.02525,0.0128281916106675
"5532",0,"Pa14_09810",0.039,"trial_4",0.019,0.00860232526704263
"5533",0,"Pa14_64590",0.011,"trial_4",0.00725,0.00525
"5534",0,"Pa14_05300",0.029,"trial_4",0.015,0.00633771778061052
"5535",0,"Pa14_18520",0.013,"trial_4",0.0075,0.00718215380880508
"5536",0,"Pa14_01960",0.018,"trial_4",0.0045,0.00455521678957215
"5537",0,"Pa14_09480",0.037,"trial_4",0.018,0.00863133825081603
"5538",0,"Pa14_19120",0.006,"trial_4",0.01,0.00809320702811932
"5539",0,"Pa14_48650",0.013,"trial_4",0.01225,0.00679920338471108
"5540",0,"Pa14_58770",0.011,"trial_4",0.006,0.00279880927062444
"5541",0,"Pa14_06570",0.016,"trial_4",0.00725,0.00495605690039975
"5542",0,"Pa14_32750",0.003,"trial_4",0.005,0.00577350269189626
"5543",0,"Pa14_62830",0.015,"trial_4",0.01325,0.00268871096748361
"5544",0,"Pa14_17250",0.019,"trial_4",0.00675,0.00447911821679223
"5545",0,"Pa14_20440",0.014,"trial_4",0.00675,0.00488833645868749
"5546",0,"Pa14_68350",0.026,"trial_4",0.0115,0.00607590871118606
"5547",0,"Pa14_72840",0.014,"trial_4",0.01675,0.00498957245997423
"5548",0,"Pa14",0.026,"trial_4",0.0075,0.0075773786144462
"5549",0.25,"Pa14_51430",0.003,"trial_4",0.0025,0.00646142399166004
"5550",0.25,"Pa14_16930",0.038,"trial_4",0.023,0.0126688594593199
"5551",0.25,"Pa14_09810",0.038,"trial_4",0.01775,0.00852813969554127
"5552",0.25,"Pa14_64590",0.011,"trial_4",0.0065,0.00523609269080167
"5553",0.25,"Pa14_05300",0.031,"trial_4",0.01475,0.00705189099934668
"5554",0.25,"Pa14_18520",0.013,"trial_4",0.00675,0.00785679111766799
"5555",0.25,"Pa14_01960",0.018,"trial_4",0.004,0.00474341649025257
"5556",0.25,"Pa14_09480",0.043,"trial_4",0.01875,0.0100363921140351
"5557",0.25,"Pa14_19120",0.004,"trial_4",0.00775,0.00891978138745564
"5558",0.25,"Pa14_48650",0.017,"trial_4",0.013,0.00669576980886689
"5559",0.25,"Pa14_58770",0.011,"trial_4",0.0055,0.00272335577306137
"5560",0.25,"Pa14_06570",0.017,"trial_4",0.00825,0.00534438958160799
"5561",0.25,"Pa14_32750",0.007,"trial_4",0.00525,0.00635577165522278
"5562",0.25,"Pa14_62830",0.015,"trial_4",0.012,0.00302765035409749
"5563",0.25,"Pa14_17250",0.018,"trial_4",0.006,0.00432049379893857
"5564",0.25,"Pa14_20440",0.011,"trial_4",0.006,0.00456435464587638
"5565",0.25,"Pa14_68350",0.025,"trial_4",0.01025,0.00652399417534994
"5566",0.25,"Pa14_72840",0.014,"trial_4",0.01525,0.00512144185426982
"5567",0.25,"Pa14",0.024,"trial_4",0.00625,0.00737535309889183
"5568",0.5,"Pa14_51430",-0.002,"trial_4",-0.000249999999999999,0.00545244593431853
"5569",0.5,"Pa14_16930",0.032,"trial_4",0.01975,0.0127826379645726
"5570",0.5,"Pa14_09810",0.037,"trial_4",0.01625,0.00784617741323761
"5571",0.5,"Pa14_64590",0.011,"trial_4",0.006,0.00470814896394185
"5572",0.5,"Pa14_05300",0.018,"trial_4",0.00925,0.00426956281914983
"5573",0.5,"Pa14_18520",0.007,"trial_4",0.004,0.00601387285088957
"5574",0.5,"Pa14_01960",0.013,"trial_4",0.00075,0.00426956281914983
"5575",0.5,"Pa14_09480",0.041,"trial_4",0.0165,0.00907836255426421
"5576",0.5,"Pa14_19120",-0.002,"trial_4",0.0045,0.00733143914930759
"5577",0.5,"Pa14_48650",0.02,"trial_4",0.01425,0.00728440114216673
"5578",0.5,"Pa14_58770",0.01,"trial_4",0.0045,0.00272335577306137
"5579",0.5,"Pa14_06570",0.014,"trial_4",0.00675,0.00508879488025734
"5580",0.5,"Pa14_32750",0.014,"trial_4",0.00475,0.00601906692658145
"5581",0.5,"Pa14_62830",0.013,"trial_4",0.00975,0.00165201896679992
"5582",0.5,"Pa14_17250",0.012,"trial_4",0.00225,0.0039024564913227
"5583",0.5,"Pa14_20440",0.007,"trial_4",0.00175,0.00335099487714718
"5584",0.5,"Pa14_68350",0.023,"trial_4",0.00775,0.00599131315600623
"5585",0.5,"Pa14_72840",0.017,"trial_4",0.0195,0.00560505724026675
"5586",0.5,"Pa14",0.024,"trial_4",0.00675,0.00736404553670513
"5587",0.75,"Pa14_51430",-0.009,"trial_4",-0.00325,0.00529740502510427
"5588",0.75,"Pa14_16930",0.03,"trial_4",0.0195,0.0140860451038134
"5589",0.75,"Pa14_09810",0.038,"trial_4",0.01625,0.00779289206050402
"5590",0.75,"Pa14_64590",0.008,"trial_4",0.005,0.00441588043316392
"5591",0.75,"Pa14_05300",0.011,"trial_4",0.00575,0.00286865241300975
"5592",0.75,"Pa14_18520",0.008,"trial_4",0.00325,0.00481966458030708
"5593",0.75,"Pa14_01960",0.018,"trial_4",0.00275,0.0051861192941672
"5594",0.75,"Pa14_09480",0.043,"trial_4",0.0165,0.00946484724300046
"5595",0.75,"Pa14_19120",-0.005,"trial_4",0.0015,0.00592311854797229
"5596",0.75,"Pa14_48650",0.022,"trial_4",0.018,0.00639009650422694
"5597",0.75,"Pa14_58770",0.018,"trial_4",0.0085,0.00409267638593622
"5598",0.75,"Pa14_06570",0.015,"trial_4",0.00625,0.00471478171993854
"5599",0.75,"Pa14_32750",-0.008,"trial_4",-0.0025,0.00473462423711393
"5600",0.75,"Pa14_62830",0.018,"trial_4",0.0125,0.0029011491975882
"5601",0.75,"Pa14_17250",0.017,"trial_4",0.005,0.00432049379893857
"5602",0.75,"Pa14_20440",0.011,"trial_4",0.00225,0.00377215676591876
"5603",0.75,"Pa14_68350",0.02,"trial_4",0.00625,0.00515388203202208
"5604",0.75,"Pa14_72840",0.02,"trial_4",0.0235,0.00630476010645925
"5605",0.75,"Pa14",0.026,"trial_4",0.00975,0.00719229912244108
"5606",1,"Pa14_51430",-0.009,"trial_4",-0.00175,0.00534438958160799
"5607",1,"Pa14_16930",0.028,"trial_4",0.0215,0.0156764154065909
"5608",1,"Pa14_09810",0.037,"trial_4",0.01875,0.00663795902367588
"5609",1,"Pa14_64590",0.008,"trial_4",0.00675,0.00430842198490352
"5610",1,"Pa14_05300",0.011,"trial_4",0.0065,0.00272335577306137
"5611",1,"Pa14_18520",0.013,"trial_4",0.0085,0.00556027577253743
"5612",1,"Pa14_01960",0.019,"trial_4",0.00475,0.00480234317807464
"5613",1,"Pa14_09480",0.044,"trial_4",0.0175,0.00921502396451939
"5614",1,"Pa14_19120",-0.007,"trial_4",0.0025,0.00619811799392902
"5615",1,"Pa14_48650",0.022,"trial_4",0.02,0.00575905084772367
"5616",1,"Pa14_58770",0.017,"trial_4",0.0095,0.003523729085311
"5617",1,"Pa14_06570",0.015,"trial_4",0.0075,0.00409267638593622
"5618",1,"Pa14_32750",-0.009,"trial_4",-0.002,0.00525991127935317
"5619",1,"Pa14_62830",0.02,"trial_4",0.0155,0.00232737334062816
"5620",1,"Pa14_17250",0.018,"trial_4",0.00825,0.00375
"5621",1,"Pa14_20440",0.01,"trial_4",0.004,0.00348807492274272
"5622",1,"Pa14_68350",0.018,"trial_4",0.00725,0.00411045415171284
"5623",1,"Pa14_72840",0.019,"trial_4",0.026,0.0075608641481425
"5624",1,"Pa14",0.027,"trial_4",0.0115,0.00710046946804693
"5625",1.25,"Pa14_51430",-0.008,"trial_4",0.000749999999999999,0.005528336096874
"5626",1.25,"Pa14_16930",0.03,"trial_4",0.02475,0.0173703530956244
"5627",1.25,"Pa14_09810",0.041,"trial_4",0.02325,0.00608789783094296
"5628",1.25,"Pa14_64590",0.01,"trial_4",0.01,0.00430116263352131
"5629",1.25,"Pa14_05300",0.02,"trial_4",0.0105,0.00375277674973257
"5630",1.25,"Pa14_18520",0.015,"trial_4",0.0125,0.00539289656245448
"5631",1.25,"Pa14_01960",0.021,"trial_4",0.00775,0.00457119605063416
"5632",1.25,"Pa14_09480",0.042,"trial_4",0.01925,0.00802470144823677
"5633",1.25,"Pa14_19120",-0.005,"trial_4",0.005,0.00578791845139511
"5634",1.25,"Pa14_48650",0.023,"trial_4",0.0215,0.00563471383479232
"5635",1.25,"Pa14_58770",0.018,"trial_4",0.01075,0.00356779577143461
"5636",1.25,"Pa14_06570",0.018,"trial_4",0.00925,0.00415080313513742
"5637",1.25,"Pa14_32750",-0.005,"trial_4",0.001,0.00535412613473634
"5638",1.25,"Pa14_62830",0.022,"trial_4",0.0185,0.00170782512765993
"5639",1.25,"Pa14_17250",0.02,"trial_4",0.01,0.00374165738677394
"5640",1.25,"Pa14_20440",0.016,"trial_4",0.00875,0.00543714079273289
"5641",1.25,"Pa14_68350",0.02,"trial_4",0.01025,0.00356779577143461
"5642",1.25,"Pa14_72840",0.02,"trial_4",0.028,0.00743863786814047
"5643",1.25,"Pa14",0.027,"trial_4",0.0125,0.00678847061813877
"5644",1.5,"Pa14_51430",-0.006,"trial_4",0.004,0.00561248608016091
"5645",1.5,"Pa14_16930",0.032,"trial_4",0.02925,0.0195592049940687
"5646",1.5,"Pa14_09810",0.045,"trial_4",0.028,0.00581664278887172
"5647",1.5,"Pa14_64590",0.013,"trial_4",0.01475,0.00375
"5648",1.5,"Pa14_05300",0.025,"trial_4",0.01475,0.00381608438061844
"5649",1.5,"Pa14_18520",0.017,"trial_4",0.0175,0.00510718448201485
"5650",1.5,"Pa14_01960",0.024,"trial_4",0.01175,0.00458938993767145
"5651",1.5,"Pa14_09480",0.042,"trial_4",0.022,0.00729154761807579
"5652",1.5,"Pa14_19120",-0.003,"trial_4",0.00875,0.0058647961033043
"5653",1.5,"Pa14_48650",0.025,"trial_4",0.02425,0.00521815740148442
"5654",1.5,"Pa14_58770",0.019,"trial_4",0.013,0.00291547594742265
"5655",1.5,"Pa14_06570",0.018,"trial_4",0.01125,0.00335099487714718
"5656",1.5,"Pa14_32750",-0.003,"trial_4",0.00525,0.00539096466321196
"5657",1.5,"Pa14_62830",0.024,"trial_4",0.0215,0.00202072594216369
"5658",1.5,"Pa14_17250",0.022,"trial_4",0.01125,0.00372771154105751
"5659",1.5,"Pa14_20440",0.019,"trial_4",0.012,0.00504975246918104
"5660",1.5,"Pa14_68350",0.022,"trial_4",0.01425,0.00265753645318366
"5661",1.5,"Pa14_72840",0.02,"trial_4",0.03175,0.00820949653348689
"5662",1.5,"Pa14",0.028,"trial_4",0.0145,0.0068129778119899
"5663",1.75,"Pa14_51430",-0.004,"trial_4",0.00925,0.00620987117418711
"5664",1.75,"Pa14_16930",0.035,"trial_4",0.036,0.0222523407008491
"5665",1.75,"Pa14_09810",0.049,"trial_4",0.0355,0.00466368952654441
"5666",1.75,"Pa14_64590",0.015,"trial_4",0.0205,0.00392640632979658
"5667",1.75,"Pa14_05300",0.026,"trial_4",0.01875,0.00306526235962492
"5668",1.75,"Pa14_18520",0.02,"trial_4",0.024,0.00456435464587638
"5669",1.75,"Pa14_01960",0.029,"trial_4",0.019,0.006
"5670",1.75,"Pa14_09480",0.045,"trial_4",0.02775,0.00826009483399959
"5671",1.75,"Pa14_19120",-0.002,"trial_4",0.01325,0.00618297393384985
"5672",1.75,"Pa14_48650",0.027,"trial_4",0.027,0.00441588043316392
"5673",1.75,"Pa14_58770",0.02,"trial_4",0.01575,0.00235849528301415
"5674",1.75,"Pa14_06570",0.019,"trial_4",0.01525,0.00188745860881769
"5675",1.75,"Pa14_32750",-0.002,"trial_4",0.0085,0.00523609269080167
"5676",1.75,"Pa14_62830",0.025,"trial_4",0.02425,0.00375
"5677",1.75,"Pa14_17250",0.025,"trial_4",0.015,0.00374165738677394
"5678",1.75,"Pa14_20440",0.023,"trial_4",0.01575,0.00498957245997423
"5679",1.75,"Pa14_68350",0.025,"trial_4",0.0195,0.00217944947177034
"5680",1.75,"Pa14_72840",0.022,"trial_4",0.0365,0.0102996763703203
"5681",1.75,"Pa14",0.028,"trial_4",0.0165,0.00622494979899437
"5682",2,"Pa14_51430",-0.001,"trial_4",0.02,0.00922857879993809
"5683",2,"Pa14_16930",0.039,"trial_4",0.047,0.0288905982400273
"5684",2,"Pa14_09810",0.055,"trial_4",0.056,0.011202678251204
"5685",2,"Pa14_64590",0.021,"trial_4",0.02975,0.00447911821679223
"5686",2,"Pa14_05300",0.026,"trial_4",0.0245,0.00405174859371441
"5687",2,"Pa14_18520",0.024,"trial_4",0.03225,0.00402854398842394
"5688",2,"Pa14_01960",0.035,"trial_4",0.027,0.00944281031614353
"5689",2,"Pa14_09480",0.05,"trial_4",0.03725,0.0140081821328346
"5690",2,"Pa14_19120",0,"trial_4",0.01925,0.00672526331578673
"5691",2,"Pa14_48650",0.031,"trial_4",0.03225,0.00314576434802948
"5692",2,"Pa14_58770",0.023,"trial_4",0.02075,0.00131497781983829
"5693",2,"Pa14_06570",0.023,"trial_4",0.01975,0.00125
"5694",2,"Pa14_32750",0.002,"trial_4",0.01625,0.00597738794680977
"5695",2,"Pa14_62830",0.028,"trial_4",0.0275,0.00533072853057316
"5696",2,"Pa14_17250",0.029,"trial_4",0.02,0.00443471156521669
"5697",2,"Pa14_20440",0.03,"trial_4",0.02125,0.005359959576962
"5698",2,"Pa14_68350",0.03,"trial_4",0.02675,0.00319830684373258
"5699",2,"Pa14_72840",0.024,"trial_4",0.042,0.0122133806403742
"5700",2,"Pa14",0.03,"trial_4",0.019,0.00667083203206317
"5701",2.25,"Pa14_51430",0.002,"trial_4",0.03475,0.0157447081056885
"5702",2.25,"Pa14_16930",0.043,"trial_4",0.0785,0.053563824857205
"5703",2.25,"Pa14_09810",0.061,"trial_4",0.07275,0.0173607555519146
"5704",2.25,"Pa14_64590",0.025,"trial_4",0.04125,0.00665050123424293
"5705",2.25,"Pa14_05300",0.028,"trial_4",0.0345,0.00775134396948899
"5706",2.25,"Pa14_18520",0.029,"trial_4",0.04575,0.00634264666102934
"5707",2.25,"Pa14_01960",0.044,"trial_4",0.04225,0.0159811086390567
"5708",2.25,"Pa14_09480",0.054,"trial_4",0.05975,0.0320738081098373
"5709",2.25,"Pa14_19120",0.002,"trial_4",0.029,0.0091469484893415
"5710",2.25,"Pa14_48650",0.036,"trial_4",0.04,0.00234520787991171
"5711",2.25,"Pa14_58770",0.025,"trial_4",0.02725,0.000853912563829967
"5712",2.25,"Pa14_06570",0.025,"trial_4",0.0245,0.000645497224367903
"5713",2.25,"Pa14_32750",0.003,"trial_4",0.024,0.00801040989379861
"5714",2.25,"Pa14_62830",0.03,"trial_4",0.03175,0.00737535309889183
"5715",2.25,"Pa14_17250",0.034,"trial_4",0.02825,0.00643395938231921
"5716",2.25,"Pa14_20440",0.037,"trial_4",0.02675,0.00551324163567436
"5717",2.25,"Pa14_68350",0.034,"trial_4",0.03575,0.00521815740148442
"5718",2.25,"Pa14_72840",0.027,"trial_4",0.0495,0.0147732867026942
"5719",2.25,"Pa14",0.031,"trial_4",0.024,0.00660807586719967
"5720",2.5,"Pa14_51430",0.005,"trial_4",0.048,0.0215522620622523
"5721",2.5,"Pa14_16930",0.05,"trial_4",0.08575,0.0506859201356748
"5722",2.5,"Pa14_09810",0.07,"trial_4",0.09325,0.0143258216750966
"5723",2.5,"Pa14_64590",0.032,"trial_4",0.055,0.00947804480540862
"5724",2.5,"Pa14_05300",0.049,"trial_4",0.0485,0.0106026726190459
"5725",2.5,"Pa14_18520",0.036,"trial_4",0.06475,0.0130152154547412
"5726",2.5,"Pa14_01960",0.056,"trial_4",0.06,0.0240312296813958
"5727",2.5,"Pa14_09480",0.06,"trial_4",0.05675,0.0267063506804405
"5728",2.5,"Pa14_19120",0.005,"trial_4",0.03875,0.0120856319652718
"5729",2.5,"Pa14_48650",0.044,"trial_4",0.04825,0.00154784796841723
"5730",2.5,"Pa14_58770",0.031,"trial_4",0.037,0.00248327740429189
"5731",2.5,"Pa14_06570",0.028,"trial_4",0.031,0.00238047614284762
"5732",2.5,"Pa14_32750",0.007,"trial_4",0.03575,0.0107809631604355
"5733",2.5,"Pa14_62830",0.033,"trial_4",0.035,0.00827647267862342
"5734",2.5,"Pa14_17250",0.039,"trial_4",0.037,0.00901849950564579
"5735",2.5,"Pa14_20440",0.048,"trial_4",0.03925,0.00745402575793779
"5736",2.5,"Pa14_68350",0.04,"trial_4",0.05,0.0103842829956301
"5737",2.5,"Pa14_72840",0.031,"trial_4",0.0705,0.027232027712481
"5738",2.5,"Pa14",0.033,"trial_4",0.03025,0.00807645755679225
"5739",2.75,"Pa14_51430",0.01,"trial_4",0.09625,0.0501603678216179
"5740",2.75,"Pa14_16930",0.058,"trial_4",0.1145,0.0628351016550463
"5741",2.75,"Pa14_09810",0.081,"trial_4",0.11025,0.0183365527476313
"5742",2.75,"Pa14_64590",0.041,"trial_4",0.08925,0.0218684514007432
"5743",2.75,"Pa14_05300",0.042,"trial_4",0.07,0.0209880918618154
"5744",2.75,"Pa14_18520",0.043,"trial_4",0.0935,0.028321075779944
"5745",2.75,"Pa14_01960",0.071,"trial_4",0.08825,0.0377853035804487
"5746",2.75,"Pa14_09480",0.066,"trial_4",0.07625,0.0405922303731474
"5747",2.75,"Pa14_19120",0.009,"trial_4",0.07125,0.0269764557840104
"5748",2.75,"Pa14_48650",0.051,"trial_4",0.06925,0.0095076723404487
"5749",2.75,"Pa14_58770",0.037,"trial_4",0.05125,0.00592135964116351
"5750",2.75,"Pa14_06570",0.032,"trial_4",0.041,0.00470814896394185
"5751",2.75,"Pa14_32750",0.011,"trial_4",0.049,0.0132224556468658
"5752",2.75,"Pa14_62830",0.036,"trial_4",0.04925,0.0204016951910048
"5753",2.75,"Pa14_17250",0.047,"trial_4",0.05025,0.0123043014159006
"5754",2.75,"Pa14_20440",0.058,"trial_4",0.0495,0.00924211375534118
"5755",2.75,"Pa14_68350",0.046,"trial_4",0.075,0.0234271921777522
"5756",2.75,"Pa14_72840",0.036,"trial_4",0.0885,0.033036595869833
"5757",2.75,"Pa14",0.037,"trial_4",0.04175,0.00986893273527251
"5758",3,"Pa14_51430",0.02,"trial_4",0.13725,0.066163150620266
"5759",3,"Pa14_16930",0.072,"trial_4",0.153,0.0779647356180985
"5760",3,"Pa14_09810",0.104,"trial_4",0.135,0.021920310216783
"5761",3,"Pa14_64590",0.054,"trial_4",0.14375,0.0370728449587206
"5762",3,"Pa14_05300",0.064,"trial_4",0.1005,0.0314152298522017
"5763",3,"Pa14_18520",0.056,"trial_4",0.1385,0.0348914984869763
"5764",3,"Pa14_01960",0.12,"trial_4",0.138,0.0476042715170253
"5765",3,"Pa14_09480",0.074,"trial_4",0.10675,0.065736056823228
"5766",3,"Pa14_19120",0.013,"trial_4",0.117,0.0440056814513763
"5767",3,"Pa14_48650",0.063,"trial_4",0.115,0.0274195793792198
"5768",3,"Pa14_58770",0.049,"trial_4",0.06925,0.00733001819006383
"5769",3,"Pa14_06570",0.037,"trial_4",0.05275,0.00826009483399959
"5770",3,"Pa14_32750",0.017,"trial_4",0.0885,0.0278403184847683
"5771",3,"Pa14_62830",0.04,"trial_4",0.06475,0.0335568547393822
"5772",3,"Pa14_17250",0.059,"trial_4",0.08075,0.0280843224355986
"5773",3,"Pa14_20440",0.077,"trial_4",0.076,0.0135462171841441
"5774",3,"Pa14_68350",0.058,"trial_4",0.10025,0.03025
"5775",3,"Pa14_72840",0.046,"trial_4",0.1195,0.040825849654355
"5776",3,"Pa14",0.041,"trial_4",0.0555,0.0125996031683542
"5777",3.25,"Pa14_51430",0.032,"trial_4",0.19675,0.0935382052069278
"5778",3.25,"Pa14_16930",0.093,"trial_4",0.1925,0.0956769738930603
"5779",3.25,"Pa14_09810",0.117,"trial_4",0.1725,0.0216198211525134
"5780",3.25,"Pa14_64590",0.075,"trial_4",0.20925,0.0514107235895392
"5781",3.25,"Pa14_05300",0.11,"trial_4",0.15625,0.0446530607386922
"5782",3.25,"Pa14_18520",0.072,"trial_4",0.21275,0.0543083403662212
"5783",3.25,"Pa14_01960",0.186,"trial_4",0.1965,0.0607515431902762
"5784",3.25,"Pa14_09480",0.084,"trial_4",0.151,0.100341084971876
"5785",3.25,"Pa14_19120",0.02,"trial_4",0.17275,0.0682512209902993
"5786",3.25,"Pa14_48650",0.079,"trial_4",0.15,0.0366014571658925
"5787",3.25,"Pa14_58770",0.062,"trial_4",0.10475,0.0227390083336983
"5788",3.25,"Pa14_06570",0.045,"trial_4",0.08425,0.0237394713504745
"5789",3.25,"Pa14_32750",0.027,"trial_4",0.12975,0.0471864652204422
"5790",3.25,"Pa14_62830",0.044,"trial_4",0.0785,0.0436281636866218
"5791",3.25,"Pa14_17250",0.079,"trial_4",0.10125,0.0344102092408634
"5792",3.25,"Pa14_20440",0.095,"trial_4",0.10925,0.0269671868511839
"5793",3.25,"Pa14_68350",0.074,"trial_4",0.13275,0.0459916206136147
"5794",3.25,"Pa14_72840",0.06,"trial_4",0.167,0.0581649952004353
"5795",3.25,"Pa14",0.048,"trial_4",0.0795,0.0261422391287867
"5796",3.5,"Pa14_51430",0.052,"trial_4",0.29125,0.13000280445693
"5797",3.5,"Pa14_16930",0.11,"trial_4",0.237,0.117758226888825
"5798",3.5,"Pa14_09810",0.134,"trial_4",0.21225,0.0299565657800312
"5799",3.5,"Pa14_64590",0.114,"trial_4",0.26425,0.0552982443964845
"5800",3.5,"Pa14_05300",0.142,"trial_4",0.20675,0.0609102823831905
"5801",3.5,"Pa14_18520",0.091,"trial_4",0.27725,0.0717732250448127
"5802",3.5,"Pa14_01960",0.26,"trial_4",0.24825,0.0741196948635561
"5803",3.5,"Pa14_09480",0.095,"trial_4",0.1825,0.122136876768103
"5804",3.5,"Pa14_19120",0.029,"trial_4",0.228,0.0947056844474853
"5805",3.5,"Pa14_48650",0.137,"trial_4",0.22975,0.0500022916141517
"5806",3.5,"Pa14_58770",0.082,"trial_4",0.15925,0.031148501836632
"5807",3.5,"Pa14_06570",0.054,"trial_4",0.115,0.0332590839721521
"5808",3.5,"Pa14_32750",0.042,"trial_4",0.1885,0.06652631058461
"5809",3.5,"Pa14_62830",0.052,"trial_4",0.0935,0.0540285418397844
"5810",3.5,"Pa14_17250",0.083,"trial_4",0.15675,0.054455448151065
"5811",3.5,"Pa14_20440",0.162,"trial_4",0.1625,0.0405883809318217
"5812",3.5,"Pa14_68350",0.096,"trial_4",0.208,0.0638996609276346
"5813",3.5,"Pa14_72840",0.078,"trial_4",0.221,0.0833496650663137
"5814",3.5,"Pa14",0.059,"trial_4",0.1215,0.0413733005693285
"5815",3.75,"Pa14_51430",0.074,"trial_4",0.3375,0.144288195405353
"5816",3.75,"Pa14_16930",0.177,"trial_4",0.308,0.135040117495999
"5817",3.75,"Pa14_09810",0.163,"trial_4",0.25325,0.0338116720477806
"5818",3.75,"Pa14_64590",0.18,"trial_4",0.3435,0.0605426846668255
"5819",3.75,"Pa14_05300",0.204,"trial_4",0.282,0.0607343944290767
"5820",3.75,"Pa14_18520",0.144,"trial_4",0.36025,0.0750848131559683
"5821",3.75,"Pa14_01960",0.32,"trial_4",0.3345,0.0629252201691288
"5822",3.75,"Pa14_09480",0.108,"trial_4",0.2135,0.139818036509362
"5823",3.75,"Pa14_19120",0.044,"trial_4",0.3135,0.113384669745664
"5824",3.75,"Pa14_48650",0.155,"trial_4",0.2865,0.0570985989320228
"5825",3.75,"Pa14_58770",0.069,"trial_4",0.2255,0.0557890371548628
"5826",3.75,"Pa14_06570",0.07,"trial_4",0.145,0.0454441048615403
"5827",3.75,"Pa14_32750",0.057,"trial_4",0.27325,0.0880041428949039
"5828",3.75,"Pa14_62830",0.059,"trial_4",0.113,0.0689057327078089
"5829",3.75,"Pa14_17250",0.15,"trial_4",0.21525,0.064870865314613
"5830",3.75,"Pa14_20440",0.236,"trial_4",0.253,0.0440397547677096
"5831",3.75,"Pa14_68350",0.097,"trial_4",0.277,0.0800197892190842
"5832",3.75,"Pa14_72840",0.094,"trial_4",0.3165,0.102746046152638
"5833",3.75,"Pa14",0.073,"trial_4",0.16925,0.0622098263942281
"5834",4,"Pa14_51430",0.122,"trial_4",0.413,0.155538312536387
"5835",4,"Pa14_16930",0.224,"trial_4",0.39125,0.16632867812457
"5836",4,"Pa14_09810",0.21,"trial_4",0.2885,0.0352384732926953
"5837",4,"Pa14_64590",0.273,"trial_4",0.433,0.0605364903728872
"5838",4,"Pa14_05300",0.27,"trial_4",0.3515,0.0670727217279872
"5839",4,"Pa14_18520",0.244,"trial_4",0.45275,0.0730380893780773
"5840",4,"Pa14_01960",0.401,"trial_4",0.4065,0.0643072054024016
"5841",4,"Pa14_09480",0.119,"trial_4",0.2725,0.185974236566968
"5842",4,"Pa14_19120",0.064,"trial_4",0.3955,0.130692068109226
"5843",4,"Pa14_48650",0.228,"trial_4",0.36625,0.0562944269000049
"5844",4,"Pa14_58770",0.195,"trial_4",0.34925,0.056071940398028
"5845",4,"Pa14_06570",0.086,"trial_4",0.23925,0.0663241723154789
"5846",4,"Pa14_32750",0.075,"trial_4",0.36975,0.117540329958133
"5847",4,"Pa14_62830",0.068,"trial_4",0.137,0.0856358569759187
"5848",4,"Pa14_17250",0.206,"trial_4",0.299,0.0921312469614227
"5849",4,"Pa14_20440",0.322,"trial_4",0.34425,0.0563136676719486
"5850",4,"Pa14_68350",0.169,"trial_4",0.3815,0.0916846951968175
"5851",4,"Pa14_72840",0.13,"trial_4",0.40375,0.125066898764888
"5852",4,"Pa14",0.093,"trial_4",0.22525,0.0810117018296328
"5853",4.25,"Pa14_51430",0.244,"trial_4",0.54225,0.154816221695273
"5854",4.25,"Pa14_16930",0.275,"trial_4",0.4895,0.214818334102717
"5855",4.25,"Pa14_09810",0.247,"trial_4",0.34,0.045
"5856",4.25,"Pa14_64590",0.338,"trial_4",0.51775,0.0653355122935963
"5857",4.25,"Pa14_05300",0.351,"trial_4",0.43925,0.0681522499017213
"5858",4.25,"Pa14_18520",0.316,"trial_4",0.55225,0.0831247807014651
"5859",4.25,"Pa14_01960",0.456,"trial_4",0.48675,0.0671644437183842
"5860",4.25,"Pa14_09480",0.13,"trial_4",0.3145,0.217504597652555
"5861",4.25,"Pa14_19120",0.076,"trial_4",0.502,0.159545186911629
"5862",4.25,"Pa14_48650",0.303,"trial_4",0.45525,0.0611287916342755
"5863",4.25,"Pa14_58770",0.245,"trial_4",0.4395,0.067715704726944
"5864",4.25,"Pa14_06570",0.087,"trial_4",0.30625,0.087685398822533
"5865",4.25,"Pa14_32750",0.085,"trial_4",0.4675,0.140204909566914
"5866",4.25,"Pa14_62830",0.08,"trial_4",0.1565,0.0972561052068198
"5867",4.25,"Pa14_17250",0.3,"trial_4",0.4025,0.0915364226232742
"5868",4.25,"Pa14_20440",0.431,"trial_4",0.461,0.0572640084753649
"5869",4.25,"Pa14_68350",0.276,"trial_4",0.51225,0.103969847391764
"5870",4.25,"Pa14_72840",0.229,"trial_4",0.52075,0.129376308366975
"5871",4.25,"Pa14",0.107,"trial_4",0.29975,0.100057795798229
"5872",4.5,"Pa14_51430",0.295,"trial_4",0.631,0.178397029123245
"5873",4.5,"Pa14_16930",0.321,"trial_4",0.62875,0.282136602552735
"5874",4.5,"Pa14_09810",0.28,"trial_4",0.3935,0.0544403343119787
"5875",4.5,"Pa14_64590",0.392,"trial_4",0.5965,0.0750294386668771
"5876",4.5,"Pa14_05300",0.428,"trial_4",0.54025,0.0726961427220638
"5877",4.5,"Pa14_18520",0.374,"trial_4",0.64125,0.0952009935172247
"5878",4.5,"Pa14_01960",0.523,"trial_4",0.559,0.0714807666439022
"5879",4.5,"Pa14_09480",0.14,"trial_4",0.4055,0.262187750794477
"5880",4.5,"Pa14_19120",0.133,"trial_4",0.6225,0.185106500876297
"5881",4.5,"Pa14_48650",0.342,"trial_4",0.534,0.0757374852148305
"5882",4.5,"Pa14_58770",0.372,"trial_4",0.5515,0.0646148847660764
"5883",4.5,"Pa14_06570",0.153,"trial_4",0.39175,0.0930872126914683
"5884",4.5,"Pa14_32750",0.182,"trial_4",0.59125,0.148154972354401
"5885",4.5,"Pa14_62830",0.092,"trial_4",0.182,0.113164334782062
"5886",4.5,"Pa14_17250",0.375,"trial_4",0.49575,0.106361314239091
"5887",4.5,"Pa14_20440",0.513,"trial_4",0.565,0.0586685605754905
"5888",4.5,"Pa14_68350",0.358,"trial_4",0.63425,0.126976621864027
"5889",4.5,"Pa14_72840",0.287,"trial_4",0.61925,0.146180467801504
"5890",4.5,"Pa14",0.181,"trial_4",0.38,0.106421332447964
"5891",4.75,"Pa14_51430",0.392,"trial_4",0.7395,0.18862506903025
"5892",4.75,"Pa14_16930",0.408,"trial_4",0.80825,0.347900698236341
"5893",4.75,"Pa14_09810",0.32,"trial_4",0.4485,0.0618513001749626
"5894",4.75,"Pa14_64590",0.468,"trial_4",0.68575,0.0803081305555878
"5895",4.75,"Pa14_05300",0.5,"trial_4",0.63575,0.0846624424799253
"5896",4.75,"Pa14_18520",0.455,"trial_4",0.746,0.102103705450227
"5897",4.75,"Pa14_01960",0.59,"trial_4",0.64325,0.0766108945690276
"5898",4.75,"Pa14_09480",0.152,"trial_4",0.49225,0.316904921335511
"5899",4.75,"Pa14_19120",0.244,"trial_4",0.75375,0.194947161644722
"5900",4.75,"Pa14_48650",0.43,"trial_4",0.62475,0.0747901230109966
"5901",4.75,"Pa14_58770",0.463,"trial_4",0.6575,0.070628724090604
"5902",4.75,"Pa14_06570",0.256,"trial_4",0.504,0.096388104383615
"5903",4.75,"Pa14_32750",0.251,"trial_4",0.722,0.173957370256815
"5904",4.75,"Pa14_62830",0.103,"trial_4",0.20175,0.123045638551989
"5905",4.75,"Pa14_17250",0.489,"trial_4",0.6205,0.112585152958402
"5906",4.75,"Pa14_20440",0.62,"trial_4",0.67925,0.0600269036904842
"5907",4.75,"Pa14_68350",0.465,"trial_4",0.7805,0.151065383195489
"5908",4.75,"Pa14_72840",0.408,"trial_4",0.759,0.157561099259938
"5909",4.75,"Pa14",0.263,"trial_4",0.482,0.115938201929591
"5910",5,"Pa14_51430",0.453,"trial_4",0.8665,0.211553184802309
"5911",5,"Pa14_16930",0.528,"trial_4",1.00075,0.409871397513903
"5912",5,"Pa14_09810",0.347,"trial_4",0.50775,0.0739226791992823
"5913",5,"Pa14_64590",0.524,"trial_4",0.78075,0.0965758553331698
"5914",5,"Pa14_05300",0.576,"trial_4",0.733,0.0963241056710797
"5915",5,"Pa14_18520",0.517,"trial_4",0.84925,0.11397468651708
"5916",5,"Pa14_01960",0.669,"trial_4",0.717,0.089045868330129
"5917",5,"Pa14_09480",0.162,"trial_4",0.61025,0.372314914868225
"5918",5,"Pa14_19120",0.328,"trial_4",0.89025,0.215899040834677
"5919",5,"Pa14_48650",0.487,"trial_4",0.704,0.0843198276405576
"5920",5,"Pa14_58770",0.553,"trial_4",0.762,0.0765560796627762
"5921",5,"Pa14_06570",0.337,"trial_4",0.614,0.108079446087897
"5922",5,"Pa14_32750",0.355,"trial_4",0.8565,0.195776445638046
"5923",5,"Pa14_62830",0.114,"trial_4",0.23325,0.142956505623214
"5924",5,"Pa14_17250",0.6,"trial_4",0.74225,0.125780480070107
"5925",5,"Pa14_20440",0.747,"trial_4",0.802,0.0738951960549534
"5926",5,"Pa14_68350",0.586,"trial_4",0.93775,0.170852946028644
"5927",5,"Pa14_72840",0.486,"trial_4",0.8895,0.18433371006592
"5928",5,"Pa14",0.399,"trial_4",0.592,0.113656646674681
"5929",5.25,"Pa14_51430",0.55,"trial_4",1.005,0.239635487077074
"5930",5.25,"Pa14_16930",0.626,"trial_4",1.185,0.462631422769069
"5931",5.25,"Pa14_09810",0.374,"trial_4",0.58625,0.0904363265876421
"5932",5.25,"Pa14_64590",0.616,"trial_4",0.903,0.113477604251529
"5933",5.25,"Pa14_05300",0.631,"trial_4",0.8595,0.135948826156511
"5934",5.25,"Pa14_18520",0.611,"trial_4",0.9975,0.138886944430833
"5935",5.25,"Pa14_01960",0.773,"trial_4",0.8255,0.116667976183127
"5936",5.25,"Pa14_09480",0.178,"trial_4",0.7555,0.433571697262018
"5937",5.25,"Pa14_19120",0.421,"trial_4",1.06425,0.252622701210059
"5938",5.25,"Pa14_48650",0.573,"trial_4",0.81575,0.0937259969272133
"5939",5.25,"Pa14_58770",0.648,"trial_4",0.894,0.0979421598019294
"5940",5.25,"Pa14_06570",0.425,"trial_4",0.74825,0.134337494765981
"5941",5.25,"Pa14_32750",0.45,"trial_4",1.025,0.226846864646616
"5942",5.25,"Pa14_62830",0.126,"trial_4",0.25875,0.156560624572932
"5943",5.25,"Pa14_17250",0.718,"trial_4",0.88725,0.156407254200905
"5944",5.25,"Pa14_20440",0.853,"trial_4",0.9415,0.101157879903973
"5945",5.25,"Pa14_68350",0.698,"trial_4",1.1105,0.196360425408652
"5946",5.25,"Pa14_72840",0.569,"trial_4",1.05575,0.226462423299466
"5947",5.25,"Pa14",0.506,"trial_4",0.721,0.129439174904663
"5948",5.5,"Pa14_51430",0.654,"trial_4",1.21225,0.279553028660634
"5949",5.5,"Pa14_16930",0.747,"trial_4",1.36125,0.49932410566685
"5950",5.5,"Pa14_09810",0.417,"trial_4",0.76925,0.137599887960226
"5951",5.5,"Pa14_64590",0.671,"trial_4",1.05525,0.156683531893644
"5952",5.5,"Pa14_05300",0.743,"trial_4",1.0825,0.244738125350343
"5953",5.5,"Pa14_18520",0.706,"trial_4",1.1575,0.17278237757364
"5954",5.5,"Pa14_01960",0.869,"trial_4",0.95425,0.159138500998344
"5955",5.5,"Pa14_09480",0.203,"trial_4",0.9105,0.521032708506226
"5956",5.5,"Pa14_19120",0.525,"trial_4",1.245,0.291081889966838
"5957",5.5,"Pa14_48650",0.652,"trial_4",0.91725,0.106841295855114
"5958",5.5,"Pa14_58770",0.723,"trial_4",1.02475,0.116120178407258
"5959",5.5,"Pa14_06570",0.504,"trial_4",0.86825,0.149984651992573
"5960",5.5,"Pa14_32750",0.545,"trial_4",1.22025,0.266470565916763
"5961",5.5,"Pa14_62830",0.136,"trial_4",0.3045,0.180768959356043
"5962",5.5,"Pa14_17250",0.842,"trial_4",1.06425,0.197345456412522
"5963",5.5,"Pa14_20440",0.959,"trial_4",1.104,0.117804216110177
"5964",5.5,"Pa14_68350",0.845,"trial_4",1.2995,0.207758874660025
"5965",5.5,"Pa14_72840",0.638,"trial_4",1.23925,0.272776885323274
"5966",5.5,"Pa14",0.597,"trial_4",0.85575,0.148336540227507
"5967",5.75,"Pa14_51430",0.774,"trial_4",1.428,0.341473522643655
"5968",5.75,"Pa14_16930",0.92,"trial_4",1.56575,0.537825308534286
"5969",5.75,"Pa14_09810",0.478,"trial_4",1.06675,0.288957140708906
"5970",5.75,"Pa14_64590",0.74,"trial_4",1.268,0.214148313091651
"5971",5.75,"Pa14_05300",0.819,"trial_4",1.35675,0.397192727148925
"5972",5.75,"Pa14_18520",0.79,"trial_4",1.3415,0.216242340904828
"5973",5.75,"Pa14_01960",0.944,"trial_4",1.09225,0.216247687848911
"5974",5.75,"Pa14_09480",0.25,"trial_4",1.096,0.597064485629484
"5975",5.75,"Pa14_19120",0.612,"trial_4",1.4355,0.334449174016023
"5976",5.75,"Pa14_48650",0.726,"trial_4",1.06025,0.138252411069994
"5977",5.75,"Pa14_58770",0.807,"trial_4",1.17125,0.151682989048432
"5978",5.75,"Pa14_06570",0.556,"trial_4",1.00575,0.185049711789382
"5979",5.75,"Pa14_32750",0.599,"trial_4",1.41625,0.317040842531894
"5980",5.75,"Pa14_62830",0.147,"trial_4",0.3535,0.203088445428751
"5981",5.75,"Pa14_17250",0.975,"trial_4",1.25575,0.24441814410282
"5982",5.75,"Pa14_20440",1.101,"trial_4",1.288,0.153669016612545
"5983",5.75,"Pa14_68350",0.988,"trial_4",1.48175,0.213244138254724
"5984",5.75,"Pa14_72840",0.72,"trial_4",1.432,0.321391505799391
"5985",5.75,"Pa14",0.652,"trial_4",0.9855,0.175607754194777
"5986",6,"Pa14_51430",0.861,"trial_4",1.6475,0.390700759320139
"5987",6,"Pa14_16930",1.162,"trial_4",1.72125,0.533028044134015
"5988",6,"Pa14_09810",0.545,"trial_4",1.31025,0.381157311137191
"5989",6,"Pa14_64590",0.832,"trial_4",1.48075,0.256620788648673
"5990",6,"Pa14_05300",0.91,"trial_4",1.52025,0.403601778778703
"5991",6,"Pa14_18520",0.878,"trial_4",1.5725,0.260715202216262
"5992",6,"Pa14_01960",1.047,"trial_4",1.245,0.258891225549779
"5993",6,"Pa14_09480",0.396,"trial_4",1.26175,0.630126227433837
"5994",6,"Pa14_19120",0.697,"trial_4",1.655,0.384955192197741
"5995",6,"Pa14_48650",0.818,"trial_4",1.24325,0.181891622951691
"5996",6,"Pa14_58770",0.934,"trial_4",1.391,0.192627879602097
"5997",6,"Pa14_06570",0.626,"trial_4",1.18525,0.236694027174325
"5998",6,"Pa14_32750",0.71,"trial_4",1.638,0.359813145952173
"5999",6,"Pa14_62830",0.157,"trial_4",0.3995,0.226107091146356
"6000",6,"Pa14_17250",1.163,"trial_4",1.48475,0.290911892446264
"6001",6,"Pa14_20440",1.289,"trial_4",1.516,0.189417968172681
"6002",6,"Pa14_68350",1.158,"trial_4",1.65375,0.208477167015159
"6003",6,"Pa14_72840",0.844,"trial_4",1.65625,0.353445982435789
"6004",6,"Pa14",0.751,"trial_4",1.18925,0.224371111851177
"6005",6.25,"Pa14_51430",0.988,"trial_4",1.86,0.436338553572032
"6006",6.25,"Pa14_16930",1.443,"trial_4",1.93275,0.545003727051476
"6007",6.25,"Pa14_09810",0.615,"trial_4",1.551,0.444140931086819
"6008",6.25,"Pa14_64590",0.933,"trial_4",1.72125,0.30521259667102
"6009",6.25,"Pa14_05300",1.036,"trial_4",1.824,0.469780799948231
"6010",6.25,"Pa14_18520",0.979,"trial_4",1.8095,0.299149210261368
"6011",6.25,"Pa14_01960",1.248,"trial_4",1.46275,0.3026195011892
"6012",6.25,"Pa14_09480",0.404,"trial_4",1.391,0.673031326660703
"6013",6.25,"Pa14_19120",0.799,"trial_4",1.86025,0.414804246000448
"6014",6.25,"Pa14_48650",0.888,"trial_4",1.44725,0.231850661346192
"6015",6.25,"Pa14_58770",1.063,"trial_4",1.6165,0.226087188196648
"6016",6.25,"Pa14_06570",0.723,"trial_4",1.38675,0.280893329397478
"6017",6.25,"Pa14_32750",0.833,"trial_4",1.8895,0.397276247297352
"6018",6.25,"Pa14_62830",0.171,"trial_4",0.45,0.251422950424181
"6019",6.25,"Pa14_17250",1.387,"trial_4",1.732,0.31104179783431
"6020",6.25,"Pa14_20440",1.513,"trial_4",1.77075,0.206760479379724
"6021",6.25,"Pa14_68350",1.316,"trial_4",1.84525,0.213414063500979
"6022",6.25,"Pa14_72840",0.955,"trial_4",1.8685,0.382365553713546
"6023",6.25,"Pa14",0.861,"trial_4",1.3985,0.270990928507456
"6024",6.5,"Pa14_51430",1.103,"trial_4",2.074,0.465720409688044
"6025",6.5,"Pa14_16930",1.745,"trial_4",2.149,0.558496642783106
"6026",6.5,"Pa14_09810",0.704,"trial_4",1.79775,0.501242352393863
"6027",6.5,"Pa14_64590",1.076,"trial_4",2.02925,0.338739667739106
"6028",6.5,"Pa14_05300",1.223,"trial_4",2.10325,0.490570649855859
"6029",6.5,"Pa14_18520",1.103,"trial_4",2.0325,0.32349201432699
"6030",6.5,"Pa14_01960",1.434,"trial_4",1.67,0.339292155327332
"6031",6.5,"Pa14_09480",0.431,"trial_4",1.545,0.713609136712809
"6032",6.5,"Pa14_19120",0.907,"trial_4",2.07725,0.434556550788656
"6033",6.5,"Pa14_48650",1.023,"trial_4",1.66925,0.266231533005891
"6034",6.5,"Pa14_58770",1.216,"trial_4",1.8665,0.252327994219164
"6035",6.5,"Pa14_06570",0.804,"trial_4",1.59925,0.332211121377155
"6036",6.5,"Pa14_32750",0.938,"trial_4",2.09825,0.426081833884838
"6037",6.5,"Pa14_62830",0.188,"trial_4",0.491,0.266951618587838
"6038",6.5,"Pa14_17250",1.654,"trial_4",1.99175,0.31361132393458
"6039",6.5,"Pa14_20440",1.796,"trial_4",2.0525,0.201714526001476
"6040",6.5,"Pa14_68350",1.462,"trial_4",1.988,0.213338932218196
"6041",6.5,"Pa14_72840",1.088,"trial_4",2.08875,0.394739022435499
"6042",6.5,"Pa14",0.94,"trial_4",1.60875,0.322690867291489
"6043",6.75,"Pa14_51430",1.276,"trial_4",2.28625,0.464768826945181
"6044",6.75,"Pa14_16930",2.036,"trial_4",2.3785,0.535429811771191
"6045",6.75,"Pa14_09810",0.829,"trial_4",2.018,0.524144064165569
"6046",6.75,"Pa14_64590",1.28,"trial_4",2.3295,0.361695659360186
"6047",6.75,"Pa14_05300",1.49,"trial_4",2.38675,0.496314479438188
"6048",6.75,"Pa14_18520",1.288,"trial_4",2.2525,0.33210803964975
"6049",6.75,"Pa14_01960",1.646,"trial_4",1.8795,0.338849647090466
"6050",6.75,"Pa14_09480",0.48,"trial_4",1.702,0.755062138723253
"6051",6.75,"Pa14_19120",1.012,"trial_4",2.27975,0.456294198772386
"6052",6.75,"Pa14_48650",1.211,"trial_4",1.922,0.285695933934431
"6053",6.75,"Pa14_58770",1.436,"trial_4",2.12375,0.257065612571317
"6054",6.75,"Pa14_06570",0.908,"trial_4",1.82275,0.372447171869157
"6055",6.75,"Pa14_32750",1.063,"trial_4",2.3025,0.44395880064108
"6056",6.75,"Pa14_62830",0.284,"trial_4",0.58225,0.27198111913636
"6057",6.75,"Pa14_17250",1.945,"trial_4",2.253,0.302226184614548
"6058",6.75,"Pa14_20440",2.088,"trial_4",2.33975,0.180812229951406
"6059",6.75,"Pa14_68350",1.595,"trial_4",2.136,0.216752931544958
"6060",6.75,"Pa14_72840",1.281,"trial_4",2.3165,0.389075935176327
"6061",6.75,"Pa14",1.057,"trial_4",1.8165,0.354791135740452
"6062",7,"Pa14_51430",1.459,"trial_4",2.50425,0.458632273722642
"6063",7,"Pa14_16930",2.394,"trial_4",2.5955,0.479714932711779
"6064",7,"Pa14_09810",0.973,"trial_4",2.23125,0.534849414165645
"6065",7,"Pa14_64590",1.523,"trial_4",2.626,0.378816138339784
"6066",7,"Pa14_05300",1.992,"trial_4",2.6595,0.412445652985538
"6067",7,"Pa14_18520",1.517,"trial_4",2.48325,0.327702195852678
"6068",7,"Pa14_01960",1.924,"trial_4",2.21725,0.367353003481211
"6069",7,"Pa14_09480",0.528,"trial_4",1.872,0.78197325188696
"6070",7,"Pa14_19120",1.135,"trial_4",2.4815,0.47267580503625
"6071",7,"Pa14_48650",1.435,"trial_4",2.1895,0.284842792899288
"6072",7,"Pa14_58770",1.714,"trial_4",2.38475,0.238236358476199
"6073",7,"Pa14_06570",1.038,"trial_4",2.0635,0.390847903068871
"6074",7,"Pa14_32750",1.242,"trial_4",2.5125,0.456407073418748
"6075",7,"Pa14_62830",0.351,"trial_4",0.65325,0.29016844964032
"6076",7,"Pa14_17250",2.254,"trial_4",2.53075,0.26041933331968
"6077",7,"Pa14_20440",2.369,"trial_4",2.61775,0.151334274042597
"6078",7,"Pa14_68350",1.751,"trial_4",2.30575,0.219364755221374
"6079",7,"Pa14_72840",1.525,"trial_4",2.57175,0.385439008361461
"6080",7,"Pa14",1.224,"trial_4",2.05075,0.368629528343385
"6081",7.25,"Pa14_51430",1.696,"trial_4",2.71325,0.432758857987525
"6082",7.25,"Pa14_16930",2.595,"trial_4",2.76675,0.427335616543563
"6083",7.25,"Pa14_09810",1.161,"trial_4",2.45775,0.530794903109164
"6084",7.25,"Pa14_64590",1.78,"trial_4",2.83125,0.358674266105985
"6085",7.25,"Pa14_05300",2.331,"trial_4",2.9975,0.341233668717884
"6086",7.25,"Pa14_18520",1.773,"trial_4",2.67225,0.304252465068075
"6087",7.25,"Pa14_01960",2.198,"trial_4",2.482,0.328121166644275
"6088",7.25,"Pa14_09480",0.606,"trial_4",2.00775,0.775230328676581
"6089",7.25,"Pa14_19120",1.327,"trial_4",2.68275,0.47006974216599
"6090",7.25,"Pa14_48650",1.645,"trial_4",2.44025,0.284410318319618
"6091",7.25,"Pa14_58770",2.035,"trial_4",2.624,0.206408171672861
"6092",7.25,"Pa14_06570",1.231,"trial_4",2.3105,0.397743950299687
"6093",7.25,"Pa14_32750",1.487,"trial_4",2.68775,0.426437251148005
"6094",7.25,"Pa14_62830",0.345,"trial_4",0.722,0.328903481282883
"6095",7.25,"Pa14_17250",2.553,"trial_4",2.785,0.225475423642282
"6096",7.25,"Pa14_20440",2.639,"trial_4",2.85425,0.124566163811312
"6097",7.25,"Pa14_68350",1.925,"trial_4",2.4635,0.212587432993267
"6098",7.25,"Pa14_72840",1.795,"trial_4",2.769,0.35399034826767
"6099",7.25,"Pa14",1.474,"trial_4",2.28775,0.351218681877829
"6100",7.5,"Pa14_51430",1.945,"trial_4",2.92925,0.409972839547532
"6101",7.5,"Pa14_16930",2.71,"trial_4",2.9295,0.371304569502361
"6102",7.5,"Pa14_09810",1.429,"trial_4",2.68775,0.498964490219494
"6103",7.5,"Pa14_64590",2.053,"trial_4",3.0485,0.338325656727361
"6104",7.5,"Pa14_05300",2.793,"trial_4",3.28175,0.235504202014883
"6105",7.5,"Pa14_18520",2.007,"trial_4",2.852,0.285807044466484
"6106",7.5,"Pa14_01960",2.46,"trial_4",2.73075,0.281867100776235
"6107",7.5,"Pa14_09480",0.673,"trial_4",2.1735,0.790863083388437
"6108",7.5,"Pa14_19120",1.573,"trial_4",2.86675,0.443444542755912
"6109",7.5,"Pa14_48650",1.891,"trial_4",2.6935,0.276241591123905
"6110",7.5,"Pa14_58770",2.285,"trial_4",2.81625,0.185781401562876
"6111",7.5,"Pa14_06570",1.43,"trial_4",2.5325,0.398866414563406
"6112",7.5,"Pa14_32750",1.737,"trial_4",2.8805,0.409476393295959
"6113",7.5,"Pa14_62830",0.354,"trial_4",0.802,0.360170561447397
"6114",7.5,"Pa14_17250",2.79,"trial_4",2.9875,0.190632499852465
"6115",7.5,"Pa14_20440",2.845,"trial_4",3.0405,0.104084500927532
"6116",7.5,"Pa14_68350",2.049,"trial_4",2.613,0.22661751918155
"6117",7.5,"Pa14_72840",2.05,"trial_4",2.96775,0.327845587383248
"6118",7.5,"Pa14",1.747,"trial_4",2.516,0.315584642634376
"6119",7.75,"Pa14_51430",2.153,"trial_4",3.0955,0.385921084333745
"6120",7.75,"Pa14_16930",2.779,"trial_4",3.07275,0.322243793578713
"6121",7.75,"Pa14_09810",1.682,"trial_4",2.9245,0.477910992410372
"6122",7.75,"Pa14_64590",2.311,"trial_4",3.25325,0.32110444173197
"6123",7.75,"Pa14_05300",3.073,"trial_4",3.51075,0.170868553279999
"6124",7.75,"Pa14_18520",2.22,"trial_4",3.033,0.280694080213079
"6125",7.75,"Pa14_01960",2.726,"trial_4",3.023,0.240011805265213
"6126",7.75,"Pa14_09480",0.73,"trial_4",2.323,0.792182112900815
"6127",7.75,"Pa14_19120",1.841,"trial_4",3.0675,0.420894780992431
"6128",7.75,"Pa14_48650",2.101,"trial_4",2.9015,0.273828565590468
"6129",7.75,"Pa14_58770",2.536,"trial_4",3.0285,0.178316432220926
"6130",7.75,"Pa14_06570",1.686,"trial_4",2.777,0.402818197205638
"6131",7.75,"Pa14_32750",2.013,"trial_4",3.06425,0.379950956264972
"6132",7.75,"Pa14_62830",0.386,"trial_4",0.9135,0.408885578941917
"6133",7.75,"Pa14_17250",2.99,"trial_4",3.20975,0.199173866675994
"6134",7.75,"Pa14_20440",3.015,"trial_4",3.201,0.0921421004029464
"6135",7.75,"Pa14_68350",2.192,"trial_4",2.7465,0.226517659355733
"6136",7.75,"Pa14_72840",2.259,"trial_4",3.1385,0.316102435928608
"6137",7.75,"Pa14",2.012,"trial_4",2.72675,0.288801943379888
"6138",8,"Pa14_51430",2.375,"trial_4",3.27025,0.362289335338483
"6139",8,"Pa14_16930",2.819,"trial_4",3.1705,0.296131305335995
"6140",8,"Pa14_09810",1.947,"trial_4",3.139,0.449618171340972
"6141",8,"Pa14_64590",2.546,"trial_4",3.423,0.297859866380149
"6142",8,"Pa14_05300",3.166,"trial_4",3.64825,0.170562977127707
"6143",8,"Pa14_18520",2.379,"trial_4",3.1405,0.258564144201524
"6144",8,"Pa14_01960",2.948,"trial_4",3.16825,0.194927924714068
"6145",8,"Pa14_09480",0.786,"trial_4",2.471,0.784926960508641
"6146",8,"Pa14_19120",2.099,"trial_4",3.22925,0.382997035454149
"6147",8,"Pa14_48650",2.297,"trial_4",3.117,0.274868756560896
"6148",8,"Pa14_58770",2.725,"trial_4",3.1895,0.163142320280995
"6149",8,"Pa14_06570",1.932,"trial_4",2.9305,0.360377695388232
"6150",8,"Pa14_32750",2.258,"trial_4",3.19825,0.339168192052262
"6151",8,"Pa14_62830",0.412,"trial_4",1.0185,0.442001602561197
"6152",8,"Pa14_17250",3.155,"trial_4",3.34275,0.168058707500286
"6153",8,"Pa14_20440",3.138,"trial_4",3.335,0.0914631073165569
"6154",8,"Pa14_68350",2.315,"trial_4",2.8565,0.216280874481926
"6155",8,"Pa14_72840",2.449,"trial_4",3.2695,0.291563743745114
"6156",8,"Pa14",2.277,"trial_4",2.912,0.251589281700685
"6157",8.25,"Pa14_51430",2.539,"trial_4",3.40175,0.350798939327549
"6158",8.25,"Pa14_16930",2.844,"trial_4",3.25275,0.288080826331778
"6159",8.25,"Pa14_09810",2.194,"trial_4",3.31825,0.416173916970618
"6160",8.25,"Pa14_64590",2.759,"trial_4",3.56275,0.27134430004455
"6161",8.25,"Pa14_05300",3.323,"trial_4",3.8015,0.159691629920502
"6162",8.25,"Pa14_18520",2.507,"trial_4",3.287,0.264465498695009
"6163",8.25,"Pa14_01960",3.261,"trial_4",3.4,0.161632814325145
"6164",8.25,"Pa14_09480",0.857,"trial_4",2.60375,0.761881702869065
"6165",8.25,"Pa14_19120",2.279,"trial_4",3.36775,0.373033370937954
"6166",8.25,"Pa14_48650",2.501,"trial_4",3.293,0.264970753103055
"6167",8.25,"Pa14_58770",2.851,"trial_4",3.32075,0.158805108545034
"6168",8.25,"Pa14_06570",2.159,"trial_4",3.1215,0.349497138757959
"6169",8.25,"Pa14_32750",2.408,"trial_4",3.33675,0.335500465722479
"6170",8.25,"Pa14_62830",0.456,"trial_4",1.13325,0.480258502440786
"6171",8.25,"Pa14_17250",3.315,"trial_4",3.49075,0.1553455154379
"6172",8.25,"Pa14_20440",3.218,"trial_4",3.4585,0.0900004629617722
"6173",8.25,"Pa14_68350",2.387,"trial_4",2.9715,0.229464775800848
"6174",8.25,"Pa14_72840",2.599,"trial_4",3.38825,0.275755741856206
"6175",8.25,"Pa14",2.455,"trial_4",3.082,0.24864868120838
"6176",8.5,"Pa14_51430",2.656,"trial_4",3.52175,0.347455602679441
"6177",8.5,"Pa14_16930",2.885,"trial_4",3.32825,0.284916179194279
"6178",8.5,"Pa14_09810",2.453,"trial_4",3.50125,0.378342299820326
"6179",8.5,"Pa14_64590",2.988,"trial_4",3.688,0.237179608454577
"6180",8.5,"Pa14_05300",3.451,"trial_4",3.88375,0.144707391541229
"6181",8.5,"Pa14_18520",2.646,"trial_4",3.3705,0.242653559627713
"6182",8.5,"Pa14_01960",3.432,"trial_4",3.5375,0.116187707324542
"6183",8.5,"Pa14_09480",0.948,"trial_4",2.75225,0.743759859878621
"6184",8.5,"Pa14_19120",2.489,"trial_4",3.5025,0.344102092408634
"6185",8.5,"Pa14_48650",2.705,"trial_4",3.491,0.262206979312146
"6186",8.5,"Pa14_58770",3.014,"trial_4",3.44475,0.143694916982706
"6187",8.5,"Pa14_06570",2.416,"trial_4",3.27825,0.315292555943418
"6188",8.5,"Pa14_32750",2.613,"trial_4",3.46575,0.309390900264805
"6189",8.5,"Pa14_62830",0.507,"trial_4",1.2385,0.507709644711752
"6190",8.5,"Pa14_17250",3.427,"trial_4",3.6,0.129106545147796
"6191",8.5,"Pa14_20440",3.386,"trial_4",3.577,0.073587816020498
"6192",8.5,"Pa14_68350",2.547,"trial_4",3.09125,0.215557175323238
"6193",8.5,"Pa14_72840",2.725,"trial_4",3.47225,0.258444505648698
"6194",8.5,"Pa14",2.645,"trial_4",3.22225,0.222483847728324
"6195",8.75,"Pa14_51430",2.783,"trial_4",3.6365,0.340463532065722
"6196",8.75,"Pa14_16930",2.957,"trial_4",3.383,0.283808327338482
"6197",8.75,"Pa14_09810",2.661,"trial_4",3.6715,0.350110815790277
"6198",8.75,"Pa14_64590",3.184,"trial_4",3.80425,0.210292009279161
"6199",8.75,"Pa14_05300",3.571,"trial_4",3.97725,0.135575547819902
"6200",8.75,"Pa14_18520",2.765,"trial_4",3.49,0.243921435439091
"6201",8.75,"Pa14_01960",3.594,"trial_4",3.667,0.0777753174214031
"6202",8.75,"Pa14_09480",1.05,"trial_4",2.88675,0.725686270023073
"6203",8.75,"Pa14_19120",2.674,"trial_4",3.6465,0.329936988933746
"6204",8.75,"Pa14_48650",2.909,"trial_4",3.65025,0.247699540774706
"6205",8.75,"Pa14_58770",3.152,"trial_4",3.563,0.137213337544132
"6206",8.75,"Pa14_06570",2.631,"trial_4",3.4145,0.287085498298562
"6207",8.75,"Pa14_32750",2.753,"trial_4",3.5795,0.30343601741828
"6208",8.75,"Pa14_62830",0.577,"trial_4",1.3385,0.521191343622154
"6209",8.75,"Pa14_17250",3.565,"trial_4",3.7105,0.135169338239114
"6210",8.75,"Pa14_20440",3.504,"trial_4",3.683,0.0685456052566465
"6211",8.75,"Pa14_68350",2.673,"trial_4",3.211,0.214220680607639
"6212",8.75,"Pa14_72840",2.869,"trial_4",3.59425,0.251560256201173
"6213",8.75,"Pa14",2.801,"trial_4",3.3585,0.210971364565589
"6214",9,"Pa14_51430",2.933,"trial_4",3.766,0.325877021794009
"6215",9,"Pa14_16930",2.976,"trial_4",3.41025,0.287907211615131
"6216",9,"Pa14_09810",2.875,"trial_4",3.84725,0.328984643765227
"6217",9,"Pa14_64590",3.357,"trial_4",3.909,0.187454438908943
"6218",9,"Pa14_05300",3.704,"trial_4",4.0535,0.117253642445199
"6219",9,"Pa14_18520",2.858,"trial_4",3.574,0.239788795957331
"6220",9,"Pa14_01960",3.709,"trial_4",3.7995,0.0505049502524258
"6221",9,"Pa14_09480",1.143,"trial_4",3.01225,0.708705554161952
"6222",9,"Pa14_19120",2.81,"trial_4",3.74225,0.312398350134354
"6223",9,"Pa14_48650",3.1,"trial_4",3.79525,0.232436147145834
"6224",9,"Pa14_58770",3.27,"trial_4",3.674,0.135827709495032
"6225",9,"Pa14_06570",2.778,"trial_4",3.52475,0.272836756749037
"6226",9,"Pa14_32750",2.877,"trial_4",3.669,0.289498128951927
"6227",9,"Pa14_62830",0.614,"trial_4",1.4265,0.534134892450712
"6228",9,"Pa14_17250",3.662,"trial_4",3.77325,0.108329262744037
"6229",9,"Pa14_20440",3.57,"trial_4",3.75725,0.0714158887550009
"6230",9,"Pa14_68350",2.761,"trial_4",3.31575,0.206569348726604
"6231",9,"Pa14_72840",2.961,"trial_4",3.66175,0.241270033710502
"6232",9,"Pa14",2.934,"trial_4",3.4555,0.198376955986996
"6233",9.25,"Pa14_51430",3.036,"trial_4",3.87,0.323447831960581
"6234",9.25,"Pa14_16930",2.991,"trial_4",3.4285,0.293662079040973
"6235",9.25,"Pa14_09810",3.08,"trial_4",3.964,0.298662853398276
"6236",9.25,"Pa14_64590",3.529,"trial_4",4.00825,0.162888701777216
"6237",9.25,"Pa14_05300",3.788,"trial_4",4.117,0.112400326215422
"6238",9.25,"Pa14_18520",2.962,"trial_4",3.683,0.241808119521795
"6239",9.25,"Pa14_01960",3.828,"trial_4",3.88975,0.0389623215427419
"6240",9.25,"Pa14_09480",1.271,"trial_4",3.125,0.682796577808257
"6241",9.25,"Pa14_19120",2.964,"trial_4",3.857,0.297702032240292
"6242",9.25,"Pa14_48650",3.264,"trial_4",3.94025,0.228079070718907
"6243",9.25,"Pa14_58770",3.405,"trial_4",3.765,0.120628216710132
"6244",9.25,"Pa14_06570",2.954,"trial_4",3.6305,0.24487020371345
"6245",9.25,"Pa14_32750",2.977,"trial_4",3.76475,0.286935060887767
"6246",9.25,"Pa14_62830",0.683,"trial_4",1.5135,0.534856133304399
"6247",9.25,"Pa14_17250",3.75,"trial_4",3.85325,0.0819963159741542
"6248",9.25,"Pa14_20440",3.689,"trial_4",3.85525,0.0639353514627602
"6249",9.25,"Pa14_68350",2.865,"trial_4",3.4375,0.212900015656802
"6250",9.25,"Pa14_72840",3.065,"trial_4",3.7465,0.232773316053767
"6251",9.25,"Pa14",3.054,"trial_4",3.5635,0.191215628719691
"6252",9.5,"Pa14_51430",3.151,"trial_4",3.966,0.317109339713187
"6253",9.5,"Pa14_16930",3.018,"trial_4",3.4625,0.298196383836782
"6254",9.5,"Pa14_09810",3.302,"trial_4",4.09725,0.269950419830506
"6255",9.5,"Pa14_64590",3.688,"trial_4",4.0905,0.137759149726373
"6256",9.5,"Pa14_05300",3.879,"trial_4",4.181,0.107300201925874
"6257",9.5,"Pa14_18520",3.058,"trial_4",3.76025,0.234123320424657
"6258",9.5,"Pa14_01960",3.916,"trial_4",3.96625,0.0340107213488139
"6259",9.5,"Pa14_09480",1.419,"trial_4",3.25325,0.667329550646955
"6260",9.5,"Pa14_19120",3.09,"trial_4",3.921,0.277447592648894
"6261",9.5,"Pa14_48650",3.442,"trial_4",4.059,0.210873184639489
"6262",9.5,"Pa14_58770",3.523,"trial_4",3.85475,0.110693552206079
"6263",9.5,"Pa14_06570",3.106,"trial_4",3.721,0.220153734164712
"6264",9.5,"Pa14_32750",3.08,"trial_4",3.82725,0.279431379471478
"6265",9.5,"Pa14_62830",0.757,"trial_4",1.608,0.537595107864646
"6266",9.5,"Pa14_17250",3.844,"trial_4",3.92825,0.0684913315683087
"6267",9.5,"Pa14_20440",3.799,"trial_4",3.94275,0.0584983974139463
"6268",9.5,"Pa14_68350",2.966,"trial_4",3.55925,0.205882804446284
"6269",9.5,"Pa14_72840",3.168,"trial_4",3.83275,0.22509419324659
"6270",9.5,"Pa14",3.19,"trial_4",3.68675,0.184974040971519
"6271",9.75,"Pa14_51430",3.269,"trial_4",4.0565,0.308000405843888
"6272",9.75,"Pa14_16930",3.038,"trial_4",3.5015,0.305837783800498
"6273",9.75,"Pa14_09810",3.523,"trial_4",4.1645,0.218988013370595
"6274",9.75,"Pa14_64590",3.815,"trial_4",4.15875,0.118965243523756
"6275",9.75,"Pa14_05300",3.948,"trial_4",4.23425,0.106938748044539
"6276",9.75,"Pa14_18520",3.141,"trial_4",3.83425,0.231575176778514
"6277",9.75,"Pa14_01960",3.983,"trial_4",4.02975,0.0314573123454628
"6278",9.75,"Pa14_09480",1.586,"trial_4",3.358,0.641648268134498
"6279",9.75,"Pa14_19120",3.181,"trial_4",3.981,0.267000936327946
"6280",9.75,"Pa14_48650",3.599,"trial_4",4.1495,0.194354701512467
"6281",9.75,"Pa14_58770",3.618,"trial_4",3.916,0.100005833163204
"6282",9.75,"Pa14_06570",3.265,"trial_4",3.82475,0.202789864556064
"6283",9.75,"Pa14_32750",3.195,"trial_4",3.9015,0.261781874850036
"6284",9.75,"Pa14_62830",0.829,"trial_4",1.70025,0.53588639576562
"6285",9.75,"Pa14_17250",3.937,"trial_4",4.00375,0.0614469622248869
"6286",9.75,"Pa14_20440",3.868,"trial_4",4.00975,0.059960229875032
"6287",9.75,"Pa14_68350",3.071,"trial_4",3.63725,0.198355898576271
"6288",9.75,"Pa14_72840",3.267,"trial_4",3.905,0.218282309559585
"6289",9.75,"Pa14",3.3,"trial_4",3.77175,0.174619765490623
"6290",10,"Pa14_51430",3.362,"trial_4",4.15275,0.304086439191227
"6291",10,"Pa14_16930",3.048,"trial_4",3.53525,0.311753207681974
"6292",10,"Pa14_09810",3.761,"trial_4",4.2475,0.167378065070267
"6293",10,"Pa14_64590",3.937,"trial_4",4.229,0.103196414666402
"6294",10,"Pa14_05300",4.026,"trial_4",4.283,0.105485386033643
"6295",10,"Pa14_18520",3.242,"trial_4",3.90675,0.222066196962377
"6296",10,"Pa14_01960",4.049,"trial_4",4.0885,0.0301012181370344
"6297",10,"Pa14_09480",1.775,"trial_4",3.47225,0.611248909337814
"6298",10,"Pa14_19120",3.325,"trial_4",4.09125,0.2578185327577
"6299",10,"Pa14_48650",3.752,"trial_4",4.23675,0.177649174404686
"6300",10,"Pa14_58770",3.843,"trial_4",4.038,0.0675067897819668
"6301",10,"Pa14_06570",3.502,"trial_4",3.9345,0.159399132159913
"6302",10,"Pa14_32750",3.298,"trial_4",3.96625,0.248577410813345
"6303",10,"Pa14_62830",0.921,"trial_4",1.798,0.531822338756093
"6304",10,"Pa14_17250",4.053,"trial_4",4.077,0.0475832603618822
"6305",10,"Pa14_20440",4.064,"trial_4",4.1115,0.0452483885532586
"6306",10,"Pa14_68350",3.186,"trial_4",3.747,0.192174833593441
"6307",10,"Pa14_72840",3.351,"trial_4",3.97325,0.213161275016516
"6308",10,"Pa14",3.412,"trial_4",3.856,0.167875449862887
"6309",10.25,"Pa14_51430",3.444,"trial_4",4.23175,0.300364882268217
"6310",10.25,"Pa14_16930",3.072,"trial_4",3.5745,0.324725140182688
"6311",10.25,"Pa14_09810",4.04,"trial_4",4.349,0.111423366789317
"6312",10.25,"Pa14_64590",4.055,"trial_4",4.28475,0.0842361511862138
"6313",10.25,"Pa14_05300",4.09,"trial_4",4.31575,0.103844735864013
"6314",10.25,"Pa14_18520",3.301,"trial_4",3.9895,0.230580607741993
"6315",10.25,"Pa14_01960",4.107,"trial_4",4.14075,0.0319018677614128
"6316",10.25,"Pa14_09480",2.02,"trial_4",3.621,0.566708331801583
"6317",10.25,"Pa14_19120",3.407,"trial_4",4.16975,0.258149625540435
"6318",10.25,"Pa14_48650",3.877,"trial_4",4.305,0.165883995611391
"6319",10.25,"Pa14_58770",3.847,"trial_4",4.09875,0.0840846547633197
"6320",10.25,"Pa14_06570",3.555,"trial_4",4.0045,0.163946383512009
"6321",10.25,"Pa14_32750",3.368,"trial_4",4.02675,0.245068145284803
"6322",10.25,"Pa14_62830",0.974,"trial_4",1.8985,0.53345204408019
"6323",10.25,"Pa14_17250",4.12,"trial_4",4.12275,0.0508582589163256
"6324",10.25,"Pa14_20440",4.11,"trial_4",4.15975,0.0446399951463558
"6325",10.25,"Pa14_68350",3.319,"trial_4",3.866,0.185386533131904
"6326",10.25,"Pa14_72840",3.431,"trial_4",4.04675,0.212122753376435
"6327",10.25,"Pa14",3.485,"trial_4",3.91875,0.163446410687622
"6328",10.5,"Pa14_51430",3.501,"trial_4",4.30275,0.300464744188066
"6329",10.5,"Pa14_16930",3.094,"trial_4",3.58225,0.329812415119059
"6330",10.5,"Pa14_09810",4.295,"trial_4",4.44325,0.0660156231508876
"6331",10.5,"Pa14_64590",4.166,"trial_4",4.33275,0.066640046768691
"6332",10.5,"Pa14_05300",4.128,"trial_4",4.33625,0.110128996333088
"6333",10.5,"Pa14_18520",3.389,"trial_4",4.06175,0.224531131842929
"6334",10.5,"Pa14_01960",4.158,"trial_4",4.18275,0.0395376929861451
"6335",10.5,"Pa14_09480",2.281,"trial_4",3.7155,0.513654634295587
"6336",10.5,"Pa14_19120",3.496,"trial_4",4.243,0.253590549245564
"6337",10.5,"Pa14_48650",3.96,"trial_4",4.35075,0.156683531893644
"6338",10.5,"Pa14_58770",3.962,"trial_4",4.21075,0.0883151317725337
"6339",10.5,"Pa14_06570",3.65,"trial_4",4.08525,0.158244207371602
"6340",10.5,"Pa14_32750",3.438,"trial_4",4.08725,0.238833754942638
"6341",10.5,"Pa14_62830",1.049,"trial_4",2.014,0.52796606582873
"6342",10.5,"Pa14_17250",4.22,"trial_4",4.221,0.0380460247594936
"6343",10.5,"Pa14_20440",4.19,"trial_4",4.22,0.0479791621435806
"6344",10.5,"Pa14_68350",3.388,"trial_4",3.9445,0.187826826270016
"6345",10.5,"Pa14_72840",3.508,"trial_4",4.14825,0.218717997659086
"6346",10.5,"Pa14",3.573,"trial_4",4.0075,0.162781294994235
"6347",10.75,"Pa14_51430",3.596,"trial_4",4.40375,0.295294873812601
"6348",10.75,"Pa14_16930",3.103,"trial_4",3.57925,0.327520578233898
"6349",10.75,"Pa14_09810",4.336,"trial_4",4.4705,0.0658185637440786
"6350",10.75,"Pa14_64590",4.269,"trial_4",4.37125,0.0548275706191694
"6351",10.75,"Pa14_05300",4.176,"trial_4",4.358,0.114531655012926
"6352",10.75,"Pa14_18520",3.515,"trial_4",4.097,0.194200926877294
"6353",10.75,"Pa14_01960",4.198,"trial_4",4.22525,0.0473803317140492
"6354",10.75,"Pa14_09480",2.563,"trial_4",3.8255,0.459172534747742
"6355",10.75,"Pa14_19120",3.615,"trial_4",4.31125,0.244385411116676
"6356",10.75,"Pa14_48650",4.042,"trial_4",4.39675,0.148140347306195
"6357",10.75,"Pa14_58770",4.068,"trial_4",4.271,0.0830030119935415
"6358",10.75,"Pa14_06570",3.78,"trial_4",4.147,0.131819320789228
"6359",10.75,"Pa14_32750",3.52,"trial_4",4.139,0.223745763460823
"6360",10.75,"Pa14_62830",1.131,"trial_4",2.1195,0.521822686998818
"6361",10.75,"Pa14_17250",4.308,"trial_4",4.28175,0.0342013035813939
"6362",10.75,"Pa14_20440",4.183,"trial_4",4.256,0.0614261073702923
"6363",10.75,"Pa14_68350",3.495,"trial_4",4.0085,0.173536499522915
"6364",10.75,"Pa14_72840",3.57,"trial_4",4.20575,0.217310214133314
"6365",10.75,"Pa14",3.675,"trial_4",4.084,0.150900629554684
"6366",11,"Pa14_51430",3.685,"trial_4",4.467,0.286729838000861
"6367",11,"Pa14_16930",3.121,"trial_4",3.575,0.336685065503852
"6368",11,"Pa14_09810",4.375,"trial_4",4.503,0.0652750590450391
"6369",11,"Pa14_64590",4.362,"trial_4",4.391,0.0480780615249824
"6370",11,"Pa14_05300",4.204,"trial_4",4.3745,0.12399630370835
"6371",11,"Pa14_18520",3.685,"trial_4",4.1925,0.170208940227396
"6372",11,"Pa14_01960",4.254,"trial_4",4.26975,0.0539697060087108
"6373",11,"Pa14_09480",2.809,"trial_4",3.9495,0.408042175107754
"6374",11,"Pa14_19120",3.735,"trial_4",4.3615,0.224864588882584
"6375",11,"Pa14_48650",4.079,"trial_4",4.43575,0.150271074506484
"6376",11,"Pa14_58770",4.184,"trial_4",4.32325,0.0634998359577933
"6377",11,"Pa14_06570",3.918,"trial_4",4.2235,0.112272362286243
"6378",11,"Pa14_32750",3.589,"trial_4",4.183,0.213260794959286
"6379",11,"Pa14_62830",1.197,"trial_4",2.2315,0.517336850288733
"6380",11,"Pa14_17250",4.285,"trial_4",4.30925,0.0270073292521371
"6381",11,"Pa14_20440",4.226,"trial_4",4.3035,0.0685729538520837
"6382",11,"Pa14_68350",3.57,"trial_4",4.0785,0.173352002199763
"6383",11,"Pa14_72840",3.664,"trial_4",4.26125,0.20210120195915
"6384",11,"Pa14",3.776,"trial_4",4.13875,0.127529980135391
"6385",11.25,"Pa14_51430",3.764,"trial_4",4.55325,0.281862370374858
"6386",11.25,"Pa14_16930",3.138,"trial_4",3.59075,0.340727499868541
"6387",11.25,"Pa14_09810",4.394,"trial_4",4.52175,0.064712666199645
"6388",11.25,"Pa14_64590",4.42,"trial_4",4.39325,0.0486678795510961
"6389",11.25,"Pa14_05300",4.236,"trial_4",4.36875,0.126093467316907
"6390",11.25,"Pa14_18520",3.744,"trial_4",4.232,0.164903507138771
"6391",11.25,"Pa14_01960",4.281,"trial_4",4.30175,0.0580393185693974
"6392",11.25,"Pa14_09480",2.976,"trial_4",4.03,0.374487872522818
"6393",11.25,"Pa14_19120",3.792,"trial_4",4.3805,0.209931933413349
"6394",11.25,"Pa14_48650",4.115,"trial_4",4.46675,0.151372815150762
"6395",11.25,"Pa14_58770",4.232,"trial_4",4.3495,0.0534797469453002
"6396",11.25,"Pa14_06570",3.988,"trial_4",4.28,0.108102574745779
"6397",11.25,"Pa14_32750",3.65,"trial_4",4.20075,0.195714662625636
"6398",11.25,"Pa14_62830",1.231,"trial_4",2.3655,0.516417547468454
"6399",11.25,"Pa14_17250",4.357,"trial_4",4.364,0.0350689796448848
"6400",11.25,"Pa14_20440",4.266,"trial_4",4.3345,0.0683892048011478
"6401",11.25,"Pa14_68350",3.71,"trial_4",4.1485,0.15120929204252
"6402",11.25,"Pa14_72840",3.72,"trial_4",4.2965,0.196253450075831
"6403",11.25,"Pa14",3.769,"trial_4",4.177,0.143766013600804
"6404",11.5,"Pa14_51430",3.828,"trial_4",4.59525,0.276738557426801
"6405",11.5,"Pa14_16930",3.153,"trial_4",3.604,0.354639018345885
"6406",11.5,"Pa14_09810",4.412,"trial_4",4.53725,0.0649581596106294
"6407",11.5,"Pa14_64590",4.472,"trial_4",4.3805,0.0617933383680366
"6408",11.5,"Pa14_05300",4.247,"trial_4",4.3585,0.134742037488924
"6409",11.5,"Pa14_18520",3.778,"trial_4",4.278,0.168943777630311
"6410",11.5,"Pa14_01960",4.304,"trial_4",4.3205,0.0629159492232826
"6411",11.5,"Pa14_09480",3.113,"trial_4",4.09975,0.347895428493487
"6412",11.5,"Pa14_19120",3.873,"trial_4",4.4035,0.19096356546036
"6413",11.5,"Pa14_48650",4.159,"trial_4",4.49125,0.150238906967092
"6414",11.5,"Pa14_58770",4.317,"trial_4",4.40325,0.0388552334527367
"6415",11.5,"Pa14_06570",4.044,"trial_4",4.3225,0.105016268580952
"6416",11.5,"Pa14_32750",3.716,"trial_4",4.2335,0.180586313619462
"6417",11.5,"Pa14_62830",1.333,"trial_4",2.5,0.502650143406591
"6418",11.5,"Pa14_17250",4.43,"trial_4",4.429,0.0372983467015182
"6419",11.5,"Pa14_20440",4.317,"trial_4",4.37025,0.0708535755390415
"6420",11.5,"Pa14_68350",3.761,"trial_4",4.2025,0.15217013504627
"6421",11.5,"Pa14_72840",3.778,"trial_4",4.339,0.192014322382472
"6422",11.5,"Pa14",3.861,"trial_4",4.239,0.132469493343436
"6423",11.75,"Pa14_51430",3.902,"trial_4",4.633,0.268157602912914
"6424",11.75,"Pa14_16930",3.162,"trial_4",3.6015,0.36158182568634
"6425",11.75,"Pa14_09810",4.446,"trial_4",4.5565,0.063975906923362
"6426",11.75,"Pa14_64590",4.491,"trial_4",4.3645,0.0690718225231293
"6427",11.75,"Pa14_05300",4.248,"trial_4",4.34475,0.144077163931924
"6428",11.75,"Pa14_18520",3.833,"trial_4",4.34,0.176251241130382
"6429",11.75,"Pa14_01960",4.327,"trial_4",4.3345,0.0691550190996044
"6430",11.75,"Pa14_09480",3.242,"trial_4",4.159,0.319482133042418
"6431",11.75,"Pa14_19120",3.966,"trial_4",4.42275,0.170964116605405
"6432",11.75,"Pa14_48650",4.199,"trial_4",4.51275,0.150721804991846
"6433",11.75,"Pa14_58770",4.401,"trial_4",4.4345,0.0311086804606046
"6434",11.75,"Pa14_06570",4.167,"trial_4",4.39375,0.0904188171787267
"6435",11.75,"Pa14_32750",3.77,"trial_4",4.253,0.169250307729902
"6436",11.75,"Pa14_62830",1.433,"trial_4",2.632,0.490029761000969
"6437",11.75,"Pa14_17250",4.522,"trial_4",4.467,0.0303809150619267
"6438",11.75,"Pa14_20440",4.362,"trial_4",4.383,0.058373795490785
"6439",11.75,"Pa14_68350",3.831,"trial_4",4.23025,0.137669516717875
"6440",11.75,"Pa14_72840",3.871,"trial_4",4.3635,0.168055794306534
"6441",11.75,"Pa14",4.035,"trial_4",4.3045,0.102129411369432
"6442",12,"Pa14_51430",3.949,"trial_4",4.68775,0.268614151712079
"6443",12,"Pa14_16930",3.163,"trial_4",3.60225,0.370620285242637
"6444",12,"Pa14_09810",4.45,"trial_4",4.5655,0.0672712172230195
"6445",12,"Pa14_64590",4.491,"trial_4",4.35175,0.0764671770543849
"6446",12,"Pa14_05300",4.237,"trial_4",4.32775,0.151349141061322
"6447",12,"Pa14_18520",3.877,"trial_4",4.36975,0.173678522467997
"6448",12,"Pa14_01960",4.343,"trial_4",4.34725,0.0760409703164463
"6449",12,"Pa14_09480",3.361,"trial_4",4.2445,0.305374223972271
"6450",12,"Pa14_19120",4.047,"trial_4",4.44125,0.156756911065084
"6451",12,"Pa14_48650",4.231,"trial_4",4.53325,0.153010007842624
"6452",12,"Pa14_58770",4.449,"trial_4",4.45575,0.0357010153917225
"6453",12,"Pa14_06570",4.249,"trial_4",4.43275,0.0774148726021041
"6454",12,"Pa14_32750",3.813,"trial_4",4.286,0.165525929489411
"6455",12,"Pa14_62830",1.541,"trial_4",2.7535,0.474732468519551
"6456",12,"Pa14_17250",4.55,"trial_4",4.49525,0.0374196361108265
"6457",12,"Pa14_20440",4.407,"trial_4",4.41225,0.0637787516863309
"6458",12,"Pa14_68350",3.885,"trial_4",4.26675,0.136576825144922
"6459",12,"Pa14_72840",3.942,"trial_4",4.39175,0.152741270890789
"6460",12,"Pa14",4.068,"trial_4",4.34175,0.103086027989571
"6461",12.25,"Pa14_51430",4.008,"trial_4",4.744,0.274654935024538
"6462",12.25,"Pa14_16930",3.171,"trial_4",3.59375,0.377153013819767
"6463",12.25,"Pa14_09810",4.46,"trial_4",4.57375,0.0686638854614758
"6464",12.25,"Pa14_64590",4.479,"trial_4",4.3305,0.0809531757664062
"6465",12.25,"Pa14_05300",4.238,"trial_4",4.3065,0.157317354414572
"6466",12.25,"Pa14_18520",3.985,"trial_4",4.4215,0.159976300328101
"6467",12.25,"Pa14_01960",4.34,"trial_4",4.34775,0.082284440611009
"6468",12.25,"Pa14_09480",3.48,"trial_4",4.27225,0.274331118358818
"6469",12.25,"Pa14_19120",4.128,"trial_4",4.45075,0.143624147807161
"6470",12.25,"Pa14_48650",4.264,"trial_4",4.54175,0.150465043005566
"6471",12.25,"Pa14_58770",4.504,"trial_4",4.49,0.0407492331216184
"6472",12.25,"Pa14_06570",4.326,"trial_4",4.47275,0.0685339028024331
"6473",12.25,"Pa14_32750",3.871,"trial_4",4.2995,0.149935819602922
"6474",12.25,"Pa14_62830",1.67,"trial_4",2.88675,0.457405067564116
"6475",12.25,"Pa14_17250",4.627,"trial_4",4.5105,0.0460588391806249
"6476",12.25,"Pa14_20440",4.442,"trial_4",4.4355,0.0716804250359422
"6477",12.25,"Pa14_68350",3.918,"trial_4",4.27975,0.127884958067788
"6478",12.25,"Pa14_72840",4.002,"trial_4",4.421,0.143351549230089
"6479",12.25,"Pa14",4.123,"trial_4",4.36725,0.0944046035247575
"6480",12.5,"Pa14_51430",4.059,"trial_4",4.7575,0.2655856735594
"6481",12.5,"Pa14_16930",3.172,"trial_4",3.605,0.388182731884525
"6482",12.5,"Pa14_09810",4.454,"trial_4",4.578,0.0734540672801719
"6483",12.5,"Pa14_64590",4.452,"trial_4",4.29975,0.0794212135809234
"6484",12.5,"Pa14_05300",4.225,"trial_4",4.28,0.161996913550845
"6485",12.5,"Pa14_18520",3.987,"trial_4",4.44075,0.167809601930283
"6486",12.5,"Pa14_01960",4.343,"trial_4",4.34325,0.0863571797825751
"6487",12.5,"Pa14_09480",3.586,"trial_4",4.28375,0.240776651345876
"6488",12.5,"Pa14_19120",4.202,"trial_4",4.46725,0.139791734972661
"6489",12.5,"Pa14_48650",4.285,"trial_4",4.543,0.149527589427503
"6490",12.5,"Pa14_58770",4.541,"trial_4",4.5125,0.0474385567515146
"6491",12.5,"Pa14_06570",4.277,"trial_4",4.4755,0.0802335133635981
"6492",12.5,"Pa14_32750",3.911,"trial_4",4.32175,0.143801584947223
"6493",12.5,"Pa14_62830",1.805,"trial_4",3.005,0.43617427709575
"6494",12.5,"Pa14_17250",4.661,"trial_4",4.53525,0.0528951399783885
"6495",12.5,"Pa14_20440",4.513,"trial_4",4.4865,0.0959118518918979
"6496",12.5,"Pa14_68350",3.914,"trial_4",4.29275,0.136932693320478
"6497",12.5,"Pa14_72840",4.071,"trial_4",4.45375,0.132128330926162
"6498",12.5,"Pa14",4.153,"trial_4",4.392,0.0960407899453839
"6499",12.75,"Pa14_51430",4.103,"trial_4",4.8035,0.260735338354176
"6500",12.75,"Pa14_16930",3.174,"trial_4",3.62175,0.393980620293266
"6501",12.75,"Pa14_09810",4.446,"trial_4",4.57525,0.0805516138882394
"6502",12.75,"Pa14_64590",4.429,"trial_4",4.278,0.0769837645221381
"6503",12.75,"Pa14_05300",4.206,"trial_4",4.25475,0.164268771124236
"6504",12.75,"Pa14_18520",4.131,"trial_4",4.496,0.139960113365678
"6505",12.75,"Pa14_01960",4.332,"trial_4",4.33425,0.0905275050283981
"6506",12.75,"Pa14_09480",3.697,"trial_4",4.317,0.213673036826518
"6507",12.75,"Pa14_19120",4.298,"trial_4",4.50125,0.127621429104468
"6508",12.75,"Pa14_48650",4.288,"trial_4",4.53925,0.148274168912412
"6509",12.75,"Pa14_58770",4.547,"trial_4",4.53325,0.0532155600678348
"6510",12.75,"Pa14_06570",4.332,"trial_4",4.51,0.0759385716659634
"6511",12.75,"Pa14_32750",3.955,"trial_4",4.35575,0.135506073049636
"6512",12.75,"Pa14_62830",1.931,"trial_4",3.10375,0.4174999750499
"6513",12.75,"Pa14_17250",4.667,"trial_4",4.55225,0.0573605192328893
"6514",12.75,"Pa14_20440",4.589,"trial_4",4.5065,0.103065108871367
"6515",12.75,"Pa14_68350",3.983,"trial_4",4.35325,0.134675149279046
"6516",12.75,"Pa14_72840",4.149,"trial_4",4.46475,0.110553437305224
"6517",12.75,"Pa14",4.223,"trial_4",4.4215,0.0917146843931403
"6518",13,"Pa14_51430",4.167,"trial_4",4.8375,0.258258430001165
"6519",13,"Pa14_16930",3.145,"trial_4",3.5905,0.403828862267174
"6520",13,"Pa14_09810",4.43,"trial_4",4.58,0.0959956596241032
"6521",13,"Pa14_64590",4.391,"trial_4",4.25075,0.0763592114067889
"6522",13,"Pa14_05300",4.178,"trial_4",4.21725,0.168908937497892
"6523",13,"Pa14_18520",4.19,"trial_4",4.5075,0.128393600567422
"6524",13,"Pa14_01960",4.309,"trial_4",4.31675,0.0924755598342972
"6525",13,"Pa14_09480",3.774,"trial_4",4.339,0.19347135877609
"6526",13,"Pa14_19120",4.359,"trial_4",4.4905,0.135635848260456
"6527",13,"Pa14_48650",4.3,"trial_4",4.53325,0.146838559309195
"6528",13,"Pa14_58770",4.586,"trial_4",4.55225,0.0555088206203902
"6529",13,"Pa14_06570",4.362,"trial_4",4.52575,0.0723663998920308
"6530",13,"Pa14_32750",3.997,"trial_4",4.36125,0.125244011832902
"6531",13,"Pa14_62830",2.14,"trial_4",3.2185,0.380509417316663
"6532",13,"Pa14_17250",4.621,"trial_4",4.546,0.0459365504437008
"6533",13,"Pa14_20440",4.645,"trial_4",4.52325,0.116961086833756
"6534",13,"Pa14_68350",4.023,"trial_4",4.35375,0.11656141085282
"6535",13,"Pa14_72840",4.179,"trial_4",4.47325,0.101517137305317
"6536",13,"Pa14",4.276,"trial_4",4.45025,0.0891219903652667
"6537",13.25,"Pa14_51430",4.195,"trial_4",4.854,0.255997070295736
"6538",13.25,"Pa14_16930",3.15,"trial_4",3.59725,0.411719033443925
"6539",13.25,"Pa14_09810",4.412,"trial_4",4.576,0.111236235103495
"6540",13.25,"Pa14_64590",4.36,"trial_4",4.22375,0.0789729647833148
"6541",13.25,"Pa14_05300",4.147,"trial_4",4.18275,0.175022081940156
"6542",13.25,"Pa14_18520",4.254,"trial_4",4.52575,0.119641391249016
"6543",13.25,"Pa14_01960",4.295,"trial_4",4.29825,0.0943993070242926
"6544",13.25,"Pa14_09480",3.857,"trial_4",4.35325,0.169819696050448
"6545",13.25,"Pa14_19120",4.42,"trial_4",4.49275,0.138520982165158
"6546",13.25,"Pa14_48650",4.295,"trial_4",4.5205,0.147842540111656
"6547",13.25,"Pa14_58770",4.628,"trial_4",4.56625,0.061533696730599
"6548",13.25,"Pa14_06570",4.463,"trial_4",4.564,0.066375196170457
"6549",13.25,"Pa14_32750",4.039,"trial_4",4.37425,0.116259318622925
"6550",13.25,"Pa14_62830",2.288,"trial_4",3.3075,0.354443342910166
"6551",13.25,"Pa14_17250",4.617,"trial_4",4.555,0.062392574344495
"6552",13.25,"Pa14_20440",4.684,"trial_4",4.52125,0.124292246339022
"6553",13.25,"Pa14_68350",4.066,"trial_4",4.37325,0.115561942264744
"6554",13.25,"Pa14_72840",4.286,"trial_4",4.49125,0.0762947955848455
"6555",13.25,"Pa14",4.356,"trial_4",4.45875,0.0846653953316624
"6556",13.5,"Pa14_51430",4.223,"trial_4",4.907,0.263211258624449
"6557",13.5,"Pa14_16930",3.137,"trial_4",3.594,0.419562271897748
"6558",13.5,"Pa14_09810",4.387,"trial_4",4.578,0.128952833754568
"6559",13.5,"Pa14_64590",4.322,"trial_4",4.19025,0.0781380989018801
"6560",13.5,"Pa14_05300",4.116,"trial_4",4.15125,0.178276645974732
"6561",13.5,"Pa14_18520",4.258,"trial_4",4.52775,0.122484948054853
"6562",13.5,"Pa14_01960",4.275,"trial_4",4.279,0.0957226897518729
"6563",13.5,"Pa14_09480",3.923,"trial_4",4.38225,0.158020766040416
"6564",13.5,"Pa14_19120",4.484,"trial_4",4.50575,0.148327551385439
"6565",13.5,"Pa14_48650",4.299,"trial_4",4.50675,0.144288123211857
"6566",13.5,"Pa14_58770",4.669,"trial_4",4.5795,0.0661469324055671
"6567",13.5,"Pa14_06570",4.538,"trial_4",4.59425,0.0692078692539127
"6568",13.5,"Pa14_32750",4.08,"trial_4",4.37625,0.111255243322131
"6569",13.5,"Pa14_62830",2.486,"trial_4",3.4075,0.319105128967451
"6570",13.5,"Pa14_17250",4.613,"trial_4",4.552,0.070694177035076
"6571",13.5,"Pa14_20440",4.674,"trial_4",4.49475,0.120748619729861
"6572",13.5,"Pa14_68350",4.106,"trial_4",4.397,0.112859056644412
"6573",13.5,"Pa14_72840",4.316,"trial_4",4.493,0.0676325858345419
"6574",13.5,"Pa14",4.441,"trial_4",4.49125,0.096623302054939
"6575",13.75,"Pa14_51430",4.276,"trial_4",4.93875,0.255407313586227
"6576",13.75,"Pa14_16930",3.122,"trial_4",3.5875,0.422731100504012
"6577",13.75,"Pa14_09810",4.354,"trial_4",4.57325,0.148360133346754
"6578",13.75,"Pa14_64590",4.273,"trial_4",4.1535,0.0787130865866661
"6579",13.75,"Pa14_05300",4.084,"trial_4",4.11475,0.179782449551303
"6580",13.75,"Pa14_18520",4.288,"trial_4",4.5345,0.111818677628859
"6581",13.75,"Pa14_01960",4.248,"trial_4",4.2565,0.0988943038467502
"6582",13.75,"Pa14_09480",4.006,"trial_4",4.39075,0.136862080821046
"6583",13.75,"Pa14_19120",4.536,"trial_4",4.50125,0.150588498343444
"6584",13.75,"Pa14_48650",4.299,"trial_4",4.49525,0.143109733538056
"6585",13.75,"Pa14_58770",4.705,"trial_4",4.5945,0.0729663164297976
"6586",13.75,"Pa14_06570",4.604,"trial_4",4.61375,0.0713913801986393
"6587",13.75,"Pa14_32750",4.117,"trial_4",4.387,0.109641081108619
"6588",13.75,"Pa14_62830",2.64,"trial_4",3.488,0.290941861317114
"6589",13.75,"Pa14_17250",4.611,"trial_4",4.5485,0.0766251699291209
"6590",13.75,"Pa14_20440",4.669,"trial_4",4.49775,0.135735880174207
"6591",13.75,"Pa14_68350",4.148,"trial_4",4.402,0.104937282856635
"6592",13.75,"Pa14_72840",4.356,"trial_4",4.489,0.0602840498528979
"6593",13.75,"Pa14",4.447,"trial_4",4.492,0.104921399151937
"6594",14,"Pa14_51430",4.309,"trial_4",4.93475,0.242533975283189
"6595",14,"Pa14_16930",3.115,"trial_4",3.5855,0.426592018209436
"6596",14,"Pa14_09810",4.324,"trial_4",4.5925,0.183162268676348
"6597",14,"Pa14_64590",4.23,"trial_4",4.11975,0.0718556133274685
"6598",14,"Pa14_05300",4.05,"trial_4",4.07375,0.178116242474776
"6599",14,"Pa14_18520",4.334,"trial_4",4.535,0.0933898638325738
"6600",14,"Pa14_01960",4.223,"trial_4",4.229,0.100876987795367
"6601",14,"Pa14_09480",4.07,"trial_4",4.413,0.127690380739245
"6602",14,"Pa14_19120",4.539,"trial_4",4.48025,0.148217956064709
"6603",14,"Pa14_48650",4.287,"trial_4",4.47275,0.139963909038485
"6604",14,"Pa14_58770",4.715,"trial_4",4.5975,0.0796978669727114
"6605",14,"Pa14_06570",4.632,"trial_4",4.6245,0.0830567075356752
"6606",14,"Pa14_32750",4.152,"trial_4",4.37575,0.103270175591342
"6607",14,"Pa14_62830",2.769,"trial_4",3.5615,0.270870664093893
"6608",14,"Pa14_17250",4.614,"trial_4",4.55,0.0815475321515005
"6609",14,"Pa14_20440",4.657,"trial_4",4.47025,0.129150025809779
"6610",14,"Pa14_68350",4.176,"trial_4",4.38225,0.0874484371882463
"6611",14,"Pa14_72840",4.396,"trial_4",4.49075,0.05736633013653
"6612",14,"Pa14",4.476,"trial_4",4.49875,0.100591065706652
"6613",14.25,"Pa14_51430",4.338,"trial_4",4.97175,0.243108472017465
"6614",14.25,"Pa14_16930",3.106,"trial_4",3.5785,0.428439513428286
"6615",14.25,"Pa14_09810",4.282,"trial_4",4.5765,0.201159348113214
"6616",14.25,"Pa14_64590",4.19,"trial_4",4.09075,0.0667125363031567
"6617",14.25,"Pa14_05300",4.011,"trial_4",4.04,0.17989580317506
"6618",14.25,"Pa14_18520",4.394,"trial_4",4.55325,0.0909618738813135
"6619",14.25,"Pa14_01960",4.194,"trial_4",4.20225,0.103325033268807
"6620",14.25,"Pa14_09480",4.13,"trial_4",4.4195,0.122519046138413
"6621",14.25,"Pa14_19120",4.56,"trial_4",4.471,0.155003763395172
"6622",14.25,"Pa14_48650",4.286,"trial_4",4.4595,0.139717870486682
"6623",14.25,"Pa14_58770",4.741,"trial_4",4.60875,0.0878913865707746
"6624",14.25,"Pa14_06570",4.657,"trial_4",4.62925,0.0912919994669121
"6625",14.25,"Pa14_32750",4.174,"trial_4",4.37525,0.102892642270151
"6626",14.25,"Pa14_62830",2.887,"trial_4",3.62975,0.252246366012806
"6627",14.25,"Pa14_17250",4.607,"trial_4",4.554,0.0953563492030465
"6628",14.25,"Pa14_20440",4.65,"trial_4",4.454,0.134161594107007
"6629",14.25,"Pa14_68350",4.206,"trial_4",4.3875,0.0878687468140218
"6630",14.25,"Pa14_72840",4.455,"trial_4",4.491,0.0570043857961823
"6631",14.25,"Pa14",4.51,"trial_4",4.51025,0.112956020202555
"6632",14.5,"Pa14_51430",4.36,"trial_4",4.98275,0.23936004087288
"6633",14.5,"Pa14_16930",3.115,"trial_4",3.58025,0.430054526581611
"6634",14.5,"Pa14_09810",4.247,"trial_4",4.56525,0.21502107454852
"6635",14.5,"Pa14_64590",4.151,"trial_4",4.051,0.0625393209642276
"6636",14.5,"Pa14_05300",3.974,"trial_4",4.00425,0.18087950639399
"6637",14.5,"Pa14_18520",4.451,"trial_4",4.566,0.0785100842779662
"6638",14.5,"Pa14_01960",4.169,"trial_4",4.176,0.105395287687195
"6639",14.5,"Pa14_09480",4.192,"trial_4",4.42775,0.121565740102492
"6640",14.5,"Pa14_19120",4.536,"trial_4",4.44775,0.158310020213504
"6641",14.5,"Pa14_48650",4.277,"trial_4",4.43825,0.137155857208749
"6642",14.5,"Pa14_58770",4.707,"trial_4",4.6,0.0896679058154773
"6643",14.5,"Pa14_06570",4.692,"trial_4",4.62675,0.0968180208776583
"6644",14.5,"Pa14_32750",4.207,"trial_4",4.375,0.101995914950878
"6645",14.5,"Pa14_62830",2.983,"trial_4",3.6885,0.239189429811046
"6646",14.5,"Pa14_17250",4.597,"trial_4",4.541,0.101716108196621
"6647",14.5,"Pa14_20440",4.693,"trial_4",4.45925,0.14762981575549
"6648",14.5,"Pa14_68350",4.229,"trial_4",4.38125,0.0828345489515093
"6649",14.5,"Pa14_72840",4.553,"trial_4",4.4975,0.0671224006324762
"6650",14.5,"Pa14",4.601,"trial_4",4.53825,0.124325764961786
"6651",14.75,"Pa14_51430",4.387,"trial_4",4.99325,0.233950983113985
"6652",14.75,"Pa14_16930",3.102,"trial_4",3.602,0.45098632647417
"6653",14.75,"Pa14_09810",4.204,"trial_4",4.58375,0.249708621864231
"6654",14.75,"Pa14_64590",4.11,"trial_4",4.01375,0.067872889776896
"6655",14.75,"Pa14_05300",3.936,"trial_4",3.96675,0.180495325424234
"6656",14.75,"Pa14_18520",4.408,"trial_4",4.5515,0.0841372886022204
"6657",14.75,"Pa14_01960",4.144,"trial_4",4.14875,0.108005690436507
"6658",14.75,"Pa14_09480",4.241,"trial_4",4.42325,0.124051316666397
"6659",14.75,"Pa14_19120",4.533,"trial_4",4.429,0.162108502758698
"6660",14.75,"Pa14_48650",4.252,"trial_4",4.41275,0.136160062059328
"6661",14.75,"Pa14_58770",4.745,"trial_4",4.60675,0.0986039003623419
"6662",14.75,"Pa14_06570",4.696,"trial_4",4.619,0.102121659472089
"6663",14.75,"Pa14_32750",4.232,"trial_4",4.36775,0.103729114363647
"6664",14.75,"Pa14_62830",3.11,"trial_4",3.74225,0.213909005186785
"6665",14.75,"Pa14_17250",4.578,"trial_4",4.5305,0.10695910433432
"6666",14.75,"Pa14_20440",4.638,"trial_4",4.437,0.152557093137837
"6667",14.75,"Pa14_68350",4.261,"trial_4",4.36425,0.0795753050051752
"6668",14.75,"Pa14_72840",4.524,"trial_4",4.48725,0.069830001909399
"6669",14.75,"Pa14",4.609,"trial_4",4.54575,0.13735378589613
"6670",15,"Pa14_51430",4.407,"trial_4",5.0165,0.231374696110011
"6671",15,"Pa14_16930",3.098,"trial_4",3.59425,0.451042011162301
"6672",15,"Pa14_09810",4.159,"trial_4",4.571,0.273493753737326
"6673",15,"Pa14_64590",4.063,"trial_4",3.9815,0.0666264462006892
"6674",15,"Pa14_05300",3.896,"trial_4",3.9285,0.180590005260535
"6675",15,"Pa14_18520",4.423,"trial_4",4.54425,0.085447230304245
"6676",15,"Pa14_01960",4.11,"trial_4",4.11825,0.109964672357383
"6677",15,"Pa14_09480",4.281,"trial_4",4.42025,0.130746175852298
"6678",15,"Pa14_19120",4.536,"trial_4",4.4055,0.170042396674084
"6679",15,"Pa14_48650",4.242,"trial_4",4.3925,0.135192147207841
"6680",15,"Pa14_58770",4.761,"trial_4",4.61025,0.104657676100068
"6681",15,"Pa14_06570",4.702,"trial_4",4.61675,0.106384816429163
"6682",15,"Pa14_32750",4.259,"trial_4",4.363,0.105010316953463
"6683",15,"Pa14_62830",3.191,"trial_4",3.78775,0.202242583300352
"6684",15,"Pa14_17250",4.561,"trial_4",4.51975,0.120358751932158
"6685",15,"Pa14_20440",4.649,"trial_4",4.43425,0.164291090750533
"6686",15,"Pa14_68350",4.271,"trial_4",4.3565,0.0829301915267695
"6687",15,"Pa14_72840",4.52,"trial_4",4.474,0.079911409281362
"6688",15,"Pa14",4.642,"trial_4",4.536,0.140206989840022
"6689",15.25,"Pa14_51430",4.44,"trial_4",5.02775,0.221061218896486
"6690",15.25,"Pa14_16930",3.096,"trial_4",3.577,0.445085572296684
"6691",15.25,"Pa14_09810",4.112,"trial_4",4.54125,0.277737698497461
"6692",15.25,"Pa14_64590",4.018,"trial_4",3.94175,0.0699206395375023
"6693",15.25,"Pa14_05300",3.856,"trial_4",3.89175,0.179767152635476
"6694",15.25,"Pa14_18520",4.442,"trial_4",4.552,0.0852330139480393
"6695",15.25,"Pa14_01960",4.081,"trial_4",4.0895,0.112214452426295
"6696",15.25,"Pa14_09480",4.326,"trial_4",4.412,0.139751565286404
"6697",15.25,"Pa14_19120",4.548,"trial_4",4.39475,0.176127971940859
"6698",15.25,"Pa14_48650",4.222,"trial_4",4.365,0.132899084521552
"6699",15.25,"Pa14_58770",4.754,"trial_4",4.61025,0.114561755544044
"6700",15.25,"Pa14_06570",4.713,"trial_4",4.60975,0.110547406874457
"6701",15.25,"Pa14_32750",4.288,"trial_4",4.348,0.101701360200671
"6702",15.25,"Pa14_62830",3.271,"trial_4",3.827,0.188614686596776
"6703",15.25,"Pa14_17250",4.536,"trial_4",4.50375,0.127858238556092
"6704",15.25,"Pa14_20440",4.671,"trial_4",4.4205,0.17078568441178
"6705",15.25,"Pa14_68350",4.288,"trial_4",4.33175,0.0828958935452574
"6706",15.25,"Pa14_72840",4.518,"trial_4",4.46625,0.0810127304810793
"6707",15.25,"Pa14",4.735,"trial_4",4.5565,0.151937212909368
"6708",15.5,"Pa14_51430",4.456,"trial_4",5.03125,0.214138341187809
"6709",15.5,"Pa14_16930",3.097,"trial_4",3.5825,0.449960090822879
"6710",15.5,"Pa14_09810",4.072,"trial_4",4.55375,0.308281898863145
"6711",15.5,"Pa14_64590",3.973,"trial_4",3.901,0.0694922057979646
"6712",15.5,"Pa14_05300",3.817,"trial_4",3.85525,0.179374549941363
"6713",15.5,"Pa14_18520",4.456,"trial_4",4.55,0.0818769401805741
"6714",15.5,"Pa14_01960",4.051,"trial_4",4.05975,0.11277734332155
"6715",15.5,"Pa14_09480",4.364,"trial_4",4.404,0.145946908154986
"6716",15.5,"Pa14_19120",4.558,"trial_4",4.37725,0.180089040477204
"6717",15.5,"Pa14_48650",4.196,"trial_4",4.33825,0.130569505755874
"6718",15.5,"Pa14_58770",4.749,"trial_4",4.6105,0.116594382368963
"6719",15.5,"Pa14_06570",4.728,"trial_4",4.60225,0.113289728131018
"6720",15.5,"Pa14_32750",4.302,"trial_4",4.34325,0.103267754728505
"6721",15.5,"Pa14_62830",3.341,"trial_4",3.8655,0.17890104341041
"6722",15.5,"Pa14_17250",4.512,"trial_4",4.4915,0.128347510039476
"6723",15.5,"Pa14_20440",4.671,"trial_4",4.4165,0.181309358096413
"6724",15.5,"Pa14_68350",4.292,"trial_4",4.32725,0.0855836579026626
"6725",15.5,"Pa14_72840",4.519,"trial_4",4.45575,0.083477916241363
"6726",15.5,"Pa14",4.732,"trial_4",4.553,0.15366684743301
"6727",15.75,"Pa14_51430",4.481,"trial_4",5.0375,0.205483373212206
"6728",15.75,"Pa14_16930",3.105,"trial_4",3.57275,0.447950215797842
"6729",15.75,"Pa14_09810",4.037,"trial_4",4.551,0.330959463781694
"6730",15.75,"Pa14_64590",3.932,"trial_4",3.8675,0.0689184300459608
"6731",15.75,"Pa14_05300",3.779,"trial_4",3.8175,0.176977164251964
"6732",15.75,"Pa14_18520",4.474,"trial_4",4.54875,0.0828798075528655
"6733",15.75,"Pa14_01960",4.018,"trial_4",4.03075,0.112553228148582
"6734",15.75,"Pa14_09480",4.44,"trial_4",4.40375,0.156054143915929
"6735",15.75,"Pa14_19120",4.546,"trial_4",4.3525,0.186059802214234
"6736",15.75,"Pa14_48650",4.162,"trial_4",4.31025,0.131060021237091
"6737",15.75,"Pa14_58770",4.753,"trial_4",4.605,0.119286070715179
"6738",15.75,"Pa14_06570",4.723,"trial_4",4.587,0.113637581811652
"6739",15.75,"Pa14_32750",4.309,"trial_4",4.33,0.105115016370958
"6740",15.75,"Pa14_62830",3.397,"trial_4",3.912,0.177413828848449
"6741",15.75,"Pa14_17250",4.486,"trial_4",4.47525,0.13773850526753
"6742",15.75,"Pa14_20440",4.675,"trial_4",4.40275,0.190477634295123
"6743",15.75,"Pa14_68350",4.293,"trial_4",4.3065,0.0835608560671003
"6744",15.75,"Pa14_72840",4.528,"trial_4",4.4445,0.0877596148578604
"6745",15.75,"Pa14",4.73,"trial_4",4.55575,0.15375433598222
"6746",16,"Pa14_51430",4.502,"trial_4",5.05725,0.203517556572728
"6747",16,"Pa14_16930",3.097,"trial_4",3.567,0.452338184695183
"6748",16,"Pa14_09810",3.984,"trial_4",4.539,0.349215072221499
"6749",16,"Pa14_64590",3.897,"trial_4",3.83475,0.0692536100142079
"6750",16,"Pa14_05300",3.746,"trial_4",3.783,0.1770889606949
"6751",16,"Pa14_18520",4.486,"trial_4",4.548,0.0861423240921673
"6752",16,"Pa14_01960",3.981,"trial_4",3.99625,0.112797292372941
"6753",16,"Pa14_09480",4.479,"trial_4",4.39425,0.160326424833837
"6754",16,"Pa14_19120",4.558,"trial_4",4.3405,0.195190718700113
"6755",16,"Pa14_48650",4.135,"trial_4",4.2815,0.129518660174252
"6756",16,"Pa14_58770",4.764,"trial_4",4.6015,0.119898220726303
"6757",16,"Pa14_06570",4.764,"trial_4",4.5865,0.120996212061921
"6758",16,"Pa14_32750",4.321,"trial_4",4.3195,0.110708701856117
"6759",16,"Pa14_62830",3.46,"trial_4",3.9345,0.163949433261194
"6760",16,"Pa14_17250",4.458,"trial_4",4.4565,0.142310985755375
"6761",16,"Pa14_20440",4.656,"trial_4",4.38525,0.19485523472568
"6762",16,"Pa14_68350",4.298,"trial_4",4.28925,0.0909701187203799
"6763",16,"Pa14_72840",4.523,"trial_4",4.43675,0.086041051248808
"6764",16,"Pa14",4.718,"trial_4",4.546,0.158520240558317
"6765",16.25,"Pa14_51430",4.523,"trial_4",5.048,0.193561790306524
"6766",16.25,"Pa14_16930",3.088,"trial_4",3.5555,0.449955831165682
"6767",16.25,"Pa14_09810",3.941,"trial_4",4.53625,0.374685507014438
"6768",16.25,"Pa14_64590",3.855,"trial_4",3.798,0.0670795547590074
"6769",16.25,"Pa14_05300",3.71,"trial_4",3.74925,0.177249529853631
"6770",16.25,"Pa14_18520",4.489,"trial_4",4.53925,0.0859363863564205
"6771",16.25,"Pa14_01960",3.95,"trial_4",3.9655,0.112795907136149
"6772",16.25,"Pa14_09480",4.53,"trial_4",4.381,0.176086153156156
"6773",16.25,"Pa14_19120",4.55,"trial_4",4.31925,0.195213291470296
"6774",16.25,"Pa14_48650",4.103,"trial_4",4.255,0.128475678632183
"6775",16.25,"Pa14_58770",4.761,"trial_4",4.59975,0.122880277099297
"6776",16.25,"Pa14_06570",4.777,"trial_4",4.5835,0.125938146193545
"6777",16.25,"Pa14_32750",4.336,"trial_4",4.3105,0.109740223558487
"6778",16.25,"Pa14_62830",3.514,"trial_4",3.96025,0.153159162855726
"6779",16.25,"Pa14_17250",4.428,"trial_4",4.4455,0.143564445459173
"6780",16.25,"Pa14_20440",4.638,"trial_4",4.37625,0.203460223385309
"6781",16.25,"Pa14_68350",4.289,"trial_4",4.2585,0.0976093404000526
"6782",16.25,"Pa14_72840",4.519,"trial_4",4.409,0.0999408158194972
"6783",16.25,"Pa14",4.737,"trial_4",4.54075,0.159313305052236
"6784",16.5,"Pa14_51430",4.539,"trial_4",5.0575,0.190570415682323
"6785",16.5,"Pa14_16930",3.088,"trial_4",3.5445,0.447185550601388
"6786",16.5,"Pa14_09810",3.893,"trial_4",4.513,0.389132154072795
"6787",16.5,"Pa14_64590",3.817,"trial_4",3.767,0.0726727826172449
"6788",16.5,"Pa14_05300",3.67,"trial_4",3.7125,0.175410233452898
"6789",16.5,"Pa14_18520",4.503,"trial_4",4.53125,0.0847047568518635
"6790",16.5,"Pa14_01960",3.916,"trial_4",3.93025,0.109534146121959
"6791",16.5,"Pa14_09480",4.546,"trial_4",4.37125,0.183900958398808
"6792",16.5,"Pa14_19120",4.539,"trial_4",4.2925,0.20118917300226
"6793",16.5,"Pa14_48650",4.071,"trial_4",4.2235,0.124783479141538
"6794",16.5,"Pa14_58770",4.755,"trial_4",4.58725,0.123858370057632
"6795",16.5,"Pa14_06570",4.765,"trial_4",4.567,0.128335497817245
"6796",16.5,"Pa14_32750",4.338,"trial_4",4.29125,0.11721943453768
"6797",16.5,"Pa14_62830",3.549,"trial_4",3.96825,0.144691266149689
"6798",16.5,"Pa14_17250",4.399,"trial_4",4.4245,0.149551830480272
"6799",16.5,"Pa14_20440",4.653,"trial_4",4.36375,0.210165956250451
"6800",16.5,"Pa14_68350",4.269,"trial_4",4.2325,0.101415399882529
"6801",16.5,"Pa14_72840",4.52,"trial_4",4.40325,0.102456799839412
"6802",16.5,"Pa14",4.744,"trial_4",4.53625,0.155512794221783
"6803",16.75,"Pa14_51430",4.553,"trial_4",5.06275,0.184088916468827
"6804",16.75,"Pa14_16930",3.08,"trial_4",3.53875,0.446479072857844
"6805",16.75,"Pa14_09810",3.851,"trial_4",4.50175,0.408859669283566
"6806",16.75,"Pa14_64590",3.774,"trial_4",3.7335,0.0726458303460472
"6807",16.75,"Pa14_05300",3.636,"trial_4",3.67825,0.175577321523406
"6808",16.75,"Pa14_18520",4.495,"trial_4",4.51525,0.0887978744114971
"6809",16.75,"Pa14_01960",3.883,"trial_4",3.90075,0.110592627089995
"6810",16.75,"Pa14_09480",4.542,"trial_4",4.3455,0.189302447598193
"6811",16.75,"Pa14_19120",4.535,"trial_4",4.26925,0.207689020332483
"6812",16.75,"Pa14_48650",4.033,"trial_4",4.1965,0.125185528982653
"6813",16.75,"Pa14_58770",4.762,"trial_4",4.5805,0.123696200426691
"6814",16.75,"Pa14_06570",4.774,"trial_4",4.561,0.131748497777647
"6815",16.75,"Pa14_32750",4.351,"trial_4",4.28025,0.12071410784715
"6816",16.75,"Pa14_62830",3.594,"trial_4",4.004,0.143765433954063
"6817",16.75,"Pa14_17250",4.37,"trial_4",4.4085,0.160580976457363
"6818",16.75,"Pa14_20440",4.64,"trial_4",4.3425,0.213918013890057
"6819",16.75,"Pa14_68350",4.254,"trial_4",4.21325,0.0991525550183488
"6820",16.75,"Pa14_72840",4.503,"trial_4",4.38575,0.102905599944804
"6821",16.75,"Pa14",4.749,"trial_4",4.53375,0.157271196239701
"6822",17,"Pa14_51430",4.566,"trial_4",5.06575,0.176985110013997
"6823",17,"Pa14_16930",3.087,"trial_4",3.531,0.438452011817333
"6824",17,"Pa14_09810",3.816,"trial_4",4.49475,0.429842485685164
"6825",17,"Pa14_64590",3.745,"trial_4",3.69625,0.0690125290557205
"6826",17,"Pa14_05300",3.602,"trial_4",3.64625,0.173550364928071
"6827",17,"Pa14_18520",4.493,"trial_4",4.51025,0.0822874787963919
"6828",17,"Pa14_01960",3.854,"trial_4",3.86975,0.107715965235738
"6829",17,"Pa14_09480",4.574,"trial_4",4.3415,0.196852525172187
"6830",17,"Pa14_19120",4.518,"trial_4",4.24525,0.203609665373069
"6831",17,"Pa14_48650",3.993,"trial_4",4.16775,0.124848157775756
"6832",17,"Pa14_58770",4.771,"trial_4",4.577,0.127228796530765
"6833",17,"Pa14_06570",4.79,"trial_4",4.55075,0.137699779108997
"6834",17,"Pa14_32750",4.363,"trial_4",4.26875,0.124971580102571
"6835",17,"Pa14_62830",3.632,"trial_4",3.9955,0.130047747641652
"6836",17,"Pa14_17250",4.34,"trial_4",4.3855,0.162275742693314
"6837",17,"Pa14_20440",4.664,"trial_4",4.32975,0.220399022608238
"6838",17,"Pa14_68350",4.25,"trial_4",4.184,0.0979396072417419
"6839",17,"Pa14_72840",4.491,"trial_4",4.3695,0.103422676430269
"6840",17,"Pa14",4.748,"trial_4",4.526,0.159502873537334
"6841",17.25,"Pa14_51430",4.574,"trial_4",5.052,0.166735319193825
"6842",17.25,"Pa14_16930",3.072,"trial_4",3.52575,0.441551502281066
"6843",17.25,"Pa14_09810",3.772,"trial_4",4.47625,0.442524834519676
"6844",17.25,"Pa14_64590",3.701,"trial_4",3.658,0.0655146294095195
"6845",17.25,"Pa14_05300",3.569,"trial_4",3.61425,0.173010295936398
"6846",17.25,"Pa14_18520",4.483,"trial_4",4.4965,0.0870914270560924
"6847",17.25,"Pa14_01960",3.819,"trial_4",3.83875,0.106799949282135
"6848",17.25,"Pa14_09480",4.597,"trial_4",4.328,0.205374860519328
"6849",17.25,"Pa14_19120",4.513,"trial_4",4.22175,0.20560535620455
"6850",17.25,"Pa14_48650",3.963,"trial_4",4.14075,0.124155396580254
"6851",17.25,"Pa14_58770",4.757,"trial_4",4.56475,0.126515068272518
"6852",17.25,"Pa14_06570",4.774,"trial_4",4.535,0.137960139170704
"6853",17.25,"Pa14_32750",4.36,"trial_4",4.24975,0.128814708658083
"6854",17.25,"Pa14_62830",3.655,"trial_4",4.02575,0.134180459953502
"6855",17.25,"Pa14_17250",4.308,"trial_4",4.35425,0.162114350074261
"6856",17.25,"Pa14_20440",4.664,"trial_4",4.31825,0.225317692381224
"6857",17.25,"Pa14_68350",4.224,"trial_4",4.154,0.0944007415225113
"6858",17.25,"Pa14_72840",4.487,"trial_4",4.35875,0.102010926702323
"6859",17.25,"Pa14",4.742,"trial_4",4.51475,0.15794322555906
"6860",17.5,"Pa14_51430",4.572,"trial_4",5.05225,0.16621591129211
"6861",17.5,"Pa14_16930",3.082,"trial_4",3.5165,0.432415020553172
"6862",17.5,"Pa14_09810",3.73,"trial_4",4.447,0.452917394970282
"6863",17.5,"Pa14_64590",3.664,"trial_4",3.641,0.0742439672072194
"6864",17.5,"Pa14_05300",3.535,"trial_4",3.58225,0.17351146696016
"6865",17.5,"Pa14_18520",4.476,"trial_4",4.48175,0.0828083882627037
"6866",17.5,"Pa14_01960",3.791,"trial_4",3.80775,0.106921602899819
"6867",17.5,"Pa14_09480",4.617,"trial_4",4.319,0.215171636916517
"6868",17.5,"Pa14_19120",4.502,"trial_4",4.1975,0.210340002535577
"6869",17.5,"Pa14_48650",3.927,"trial_4",4.111,0.123325450198516
"6870",17.5,"Pa14_58770",4.762,"trial_4",4.55775,0.126939207891022
"6871",17.5,"Pa14_06570",4.777,"trial_4",4.52525,0.140876053678402
"6872",17.5,"Pa14_32750",4.363,"trial_4",4.23475,0.133126740990181
"6873",17.5,"Pa14_62830",3.7,"trial_4",4.041,0.126640567486621
"6874",17.5,"Pa14_17250",4.28,"trial_4",4.33425,0.16676499182982
"6875",17.5,"Pa14_20440",4.655,"trial_4",4.2945,0.224464733681411
"6876",17.5,"Pa14_68350",4.209,"trial_4",4.1195,0.0945643519867114
"6877",17.5,"Pa14_72840",4.477,"trial_4",4.34625,0.102157863949217
"6878",17.5,"Pa14",4.746,"trial_4",4.5025,0.157450785961836
"6879",17.75,"Pa14_51430",4.585,"trial_4",5.044,0.156691310118547
"6880",17.75,"Pa14_16930",3.08,"trial_4",3.51075,0.431682440188
"6881",17.75,"Pa14_09810",3.75,"trial_4",4.46175,0.466957952246952
"6882",17.75,"Pa14_64590",3.631,"trial_4",3.602,0.063562305391377
"6883",17.75,"Pa14_05300",3.502,"trial_4",3.552,0.17247173681505
"6884",17.75,"Pa14_18520",4.473,"trial_4",4.4655,0.0831068589227145
"6885",17.75,"Pa14_01960",3.758,"trial_4",3.77725,0.10497569163065
"6886",17.75,"Pa14_09480",4.637,"trial_4",4.30625,0.223247760347108
"6887",17.75,"Pa14_19120",4.487,"trial_4",4.1705,0.209302213716594
"6888",17.75,"Pa14_48650",3.9,"trial_4",4.085,0.121632643644706
"6889",17.75,"Pa14_58770",4.76,"trial_4",4.54775,0.127128789684582
"6890",17.75,"Pa14_06570",4.795,"trial_4",4.5145,0.147987893648996
"6891",17.75,"Pa14_32750",4.362,"trial_4",4.21875,0.138371104281205
"6892",17.75,"Pa14_62830",3.728,"trial_4",4.0335,0.116597955956926
"6893",17.75,"Pa14_17250",4.252,"trial_4",4.31125,0.16755913135368
"6894",17.75,"Pa14_20440",4.679,"trial_4",4.28425,0.231554664172415
"6895",17.75,"Pa14_68350",4.204,"trial_4",4.10025,0.0955339163159694
"6896",17.75,"Pa14_72840",4.463,"trial_4",4.333,0.102309171957683
"6897",17.75,"Pa14",4.739,"trial_4",4.48775,0.155355171032916
"6898",18,"Pa14_51430",4.586,"trial_4",5.03975,0.154522584649192
"6899",18,"Pa14_16930",3.072,"trial_4",3.5075,0.433736575200509
"6900",18,"Pa14_09810",3.811,"trial_4",4.47575,0.473890172754546
"6901",18,"Pa14_64590",3.598,"trial_4",3.5785,0.0577732637125513
"6902",18,"Pa14_05300",3.469,"trial_4",3.51975,0.170918779444117
"6903",18,"Pa14_18520",4.466,"trial_4",4.455,0.0792012205293159
"6904",18,"Pa14_01960",3.73,"trial_4",3.7495,0.103767769562615
"6905",18,"Pa14_09480",4.655,"trial_4",4.29725,0.233222488552598
"6906",18,"Pa14_19120",4.464,"trial_4",4.14625,0.209567560705373
"6907",18,"Pa14_48650",3.867,"trial_4",4.05625,0.122091751700651
"6908",18,"Pa14_58770",4.757,"trial_4",4.537,0.127670800629327
"6909",18,"Pa14_06570",4.771,"trial_4",4.495,0.150728785129672
"6910",18,"Pa14_32750",4.362,"trial_4",4.206,0.142258567404568
"6911",18,"Pa14_62830",3.752,"trial_4",4.0385,0.111320483290363
"6912",18,"Pa14_17250",4.224,"trial_4",4.29075,0.170502871432321
"6913",18,"Pa14_20440",4.577,"trial_4",4.24225,0.219906940545313
"6914",18,"Pa14_68350",4.165,"trial_4",4.067,0.0990479681770405
"6915",18,"Pa14_72840",4.463,"trial_4",4.315,0.107614280341102
"6916",18,"Pa14",4.732,"trial_4",4.4685,0.154864187811988
"6917",18.25,"Pa14_51430",4.585,"trial_4",5.023,0.147934670265853
"6918",18.25,"Pa14_16930",3.053,"trial_4",3.497,0.429762919138758
"6919",18.25,"Pa14_09810",3.875,"trial_4",4.48425,0.477803895442471
"6920",18.25,"Pa14_64590",3.561,"trial_4",3.5675,0.0723676953711622
"6921",18.25,"Pa14_05300",3.434,"trial_4",3.4885,0.170822763900678
"6922",18.25,"Pa14_18520",4.452,"trial_4",4.4325,0.0778957636845548
"6923",18.25,"Pa14_01960",3.7,"trial_4",3.7195,0.102241951598484
"6924",18.25,"Pa14_09480",4.665,"trial_4",4.27875,0.239405992336589
"6925",18.25,"Pa14_19120",4.451,"trial_4",4.1175,0.210102554323676
"6926",18.25,"Pa14_48650",3.844,"trial_4",4.02825,0.120167504620287
"6927",18.25,"Pa14_58770",4.742,"trial_4",4.51725,0.123696789907149
"6928",18.25,"Pa14_06570",4.762,"trial_4",4.4765,0.154831359872604
"6929",18.25,"Pa14_32750",4.367,"trial_4",4.19375,0.147013817377823
"6930",18.25,"Pa14_62830",3.776,"trial_4",4.052,0.110070431996972
"6931",18.25,"Pa14_17250",4.199,"trial_4",4.264,0.167798986886095
"6932",18.25,"Pa14_20440",4.618,"trial_4",4.23175,0.230623565939534
"6933",18.25,"Pa14_68350",4.141,"trial_4",4.04525,0.0956071606453547
"6934",18.25,"Pa14_72840",4.453,"trial_4",4.2975,0.109812339925894
"6935",18.25,"Pa14",4.718,"trial_4",4.46,0.15182939987587
"6936",18.5,"Pa14_51430",4.587,"trial_4",5.019,0.145865234606011
"6937",18.5,"Pa14_16930",3.051,"trial_4",3.48725,0.423720107106881
"6938",18.5,"Pa14_09810",3.986,"trial_4",4.499,0.472660731039365
"6939",18.5,"Pa14_64590",3.528,"trial_4",3.53325,0.0628588034142129
"6940",18.5,"Pa14_05300",3.403,"trial_4",3.45875,0.169592342103056
"6941",18.5,"Pa14_18520",4.442,"trial_4",4.416,0.0792916557190392
"6942",18.5,"Pa14_01960",3.671,"trial_4",3.69175,0.102032980779092
"6943",18.5,"Pa14_09480",4.676,"trial_4",4.263,0.247129183491819
"6944",18.5,"Pa14_19120",4.43,"trial_4",4.096,0.208467023771147
"6945",18.5,"Pa14_48650",3.812,"trial_4",4.0015,0.120306899220286
"6946",18.5,"Pa14_58770",4.733,"trial_4",4.5015,0.123974123644143
"6947",18.5,"Pa14_06570",4.76,"trial_4",4.462,0.160954962644834
"6948",18.5,"Pa14_32750",4.354,"trial_4",4.16775,0.151290215039396
"6949",18.5,"Pa14_62830",3.808,"trial_4",4.08325,0.104212423283727
"6950",18.5,"Pa14_17250",4.176,"trial_4",4.2425,0.168814740667593
"6951",18.5,"Pa14_20440",4.56,"trial_4",4.201,0.227575994633295
"6952",18.5,"Pa14_68350",4.093,"trial_4",4.002,0.100507047845744
"6953",18.5,"Pa14_72840",4.44,"trial_4",4.27475,0.115112535517785
"6954",18.5,"Pa14",4.698,"trial_4",4.4365,0.151449936722778
"6955",18.75,"Pa14_51430",4.587,"trial_4",5.0115,0.143709487044755
"6956",18.75,"Pa14_16930",3.054,"trial_4",3.4865,0.423959215805797
"6957",18.75,"Pa14_09810",4.086,"trial_4",4.52125,0.473351415441002
"6958",18.75,"Pa14_64590",3.488,"trial_4",3.50925,0.0678507860431009
"6959",18.75,"Pa14_05300",3.371,"trial_4",3.43075,0.169499446901752
"6960",18.75,"Pa14_18520",4.426,"trial_4",4.401,0.0798028821534662
"6961",18.75,"Pa14_01960",3.643,"trial_4",3.6645,0.101502463024303
"6962",18.75,"Pa14_09480",4.686,"trial_4",4.25025,0.255068740734728
"6963",18.75,"Pa14_19120",4.409,"trial_4",4.07225,0.208094279514519
"6964",18.75,"Pa14_48650",3.786,"trial_4",3.97675,0.118214053733048
"6965",18.75,"Pa14_58770",4.722,"trial_4",4.487,0.125019331838454
"6966",18.75,"Pa14_06570",4.759,"trial_4",4.45025,0.165315544237881
"6967",18.75,"Pa14_32750",4.353,"trial_4",4.15625,0.153563979608935
"6968",18.75,"Pa14_62830",3.822,"trial_4",4.0655,0.0991375307338245
"6969",18.75,"Pa14_17250",4.155,"trial_4",4.22175,0.165712288319243
"6970",18.75,"Pa14_20440",4.641,"trial_4",4.20725,0.245277861142555
"6971",18.75,"Pa14_68350",4.059,"trial_4",3.975,0.0971322123019273
"6972",18.75,"Pa14_72840",4.426,"trial_4",4.253,0.118966381805954
"6973",18.75,"Pa14",4.692,"trial_4",4.4185,0.150375363673708
"6974",19,"Pa14_51430",4.582,"trial_4",5.00475,0.145777441670514
"6975",19,"Pa14_16930",3.057,"trial_4",3.4875,0.422191208656299
"6976",19,"Pa14_09810",4.173,"trial_4",4.539,0.476886254781997
"6977",19,"Pa14_64590",3.458,"trial_4",3.4885,0.0669608094335784
"6978",19,"Pa14_05300",3.343,"trial_4",3.4025,0.168923306069155
"6979",19,"Pa14_18520",4.411,"trial_4",4.38175,0.0814569160149503
"6980",19,"Pa14_01960",3.612,"trial_4",3.63675,0.101472800132186
"6981",19,"Pa14_09480",4.694,"trial_4",4.23475,0.26397391758783
"6982",19,"Pa14_19120",4.392,"trial_4",4.05175,0.208865736379458
"6983",19,"Pa14_48650",3.758,"trial_4",3.9525,0.117944549118078
"6984",19,"Pa14_58770",4.706,"trial_4",4.46575,0.124946905390517
"6985",19,"Pa14_06570",4.75,"trial_4",4.432,0.172966759812399
"6986",19,"Pa14_32750",4.348,"trial_4",4.13525,0.158071384190814
"6987",19,"Pa14_62830",3.846,"trial_4",4.07525,0.0968756720406797
"6988",19,"Pa14_17250",4.132,"trial_4",4.19975,0.165864590856518
"6989",19,"Pa14_20440",4.58,"trial_4",4.17675,0.243143090586593
"6990",19,"Pa14_68350",4.02,"trial_4",3.94175,0.100356344260507
"6991",19,"Pa14_72840",4.411,"trial_4",4.2405,0.113631348374176
"6992",19,"Pa14",4.671,"trial_4",4.398,0.147585568400166
"6993",19.25,"Pa14_51430",4.576,"trial_4",4.9855,0.142310985755375
"6994",19.25,"Pa14_16930",3.077,"trial_4",3.48575,0.417428112573491
"6995",19.25,"Pa14_09810",4.245,"trial_4",4.5595,0.485432710750591
"6996",19.25,"Pa14_64590",3.427,"trial_4",3.4645,0.0710240569572498
"6997",19.25,"Pa14_05300",3.313,"trial_4",3.374,0.168734011588259
"6998",19.25,"Pa14_18520",4.4,"trial_4",4.3585,0.0817491080481413
"6999",19.25,"Pa14_01960",3.594,"trial_4",3.6115,0.101323327356866
"7000",19.25,"Pa14_09480",4.704,"trial_4",4.215,0.271383799565609
"7001",19.25,"Pa14_19120",4.374,"trial_4",4.0235,0.210084308473209
"7002",19.25,"Pa14_48650",3.737,"trial_4",3.93025,0.116478449365823
"7003",19.25,"Pa14_58770",4.687,"trial_4",4.44225,0.125986358388518
"7004",19.25,"Pa14_06570",4.743,"trial_4",4.41375,0.178154602803296
"7005",19.25,"Pa14_32750",4.339,"trial_4",4.1175,0.160453783584765
"7006",19.25,"Pa14_62830",3.877,"trial_4",4.08525,0.0889347841585807
"7007",19.25,"Pa14_17250",4.11,"trial_4",4.175,0.164170135327146
"7008",19.25,"Pa14_20440",4.542,"trial_4",4.14775,0.241591381951702
"7009",19.25,"Pa14_68350",3.982,"trial_4",3.9035,0.10123281747207
"7010",19.25,"Pa14_72840",4.396,"trial_4",4.2155,0.119209549393774
"7011",19.25,"Pa14",4.662,"trial_4",4.38775,0.144322771938457
"7012",19.5,"Pa14_51430",4.566,"trial_4",4.973,0.143100780337961
"7013",19.5,"Pa14_16930",3.044,"trial_4",3.47475,0.41633707797889
"7014",19.5,"Pa14_09810",4.245,"trial_4",4.53675,0.486595892399433
"7015",19.5,"Pa14_64590",3.398,"trial_4",3.43675,0.0723456690710187
"7016",19.5,"Pa14_05300",3.287,"trial_4",3.34725,0.167003181107427
"7017",19.5,"Pa14_18520",4.381,"trial_4",4.3405,0.0807944923865483
"7018",19.5,"Pa14_01960",3.567,"trial_4",3.5865,0.100996287060466
"7019",19.5,"Pa14_09480",4.708,"trial_4",4.19175,0.276175178404336
"7020",19.5,"Pa14_19120",4.349,"trial_4",3.99925,0.205025354123175
"7021",19.5,"Pa14_48650",3.712,"trial_4",3.9075,0.115968745789545
"7022",19.5,"Pa14_58770",4.666,"trial_4",4.425,0.124426015500511
"7023",19.5,"Pa14_06570",4.714,"trial_4",4.3875,0.179718529929443
"7024",19.5,"Pa14_32750",4.327,"trial_4",4.097,0.161919218542251
"7025",19.5,"Pa14_62830",3.894,"trial_4",4.08475,0.084357745149255
"7026",19.5,"Pa14_17250",4.093,"trial_4",4.15625,0.160325385284635
"7027",19.5,"Pa14_20440",4.589,"trial_4",4.14075,0.253787764020779
"7028",19.5,"Pa14_68350",3.946,"trial_4",3.86475,0.105153360225276
"7029",19.5,"Pa14_72840",4.378,"trial_4",4.1935,0.123352138206032
"7030",19.5,"Pa14",4.636,"trial_4",4.36725,0.142856206842172
"7031",19.75,"Pa14_51430",4.552,"trial_4",4.96225,0.146194148879723
"7032",19.75,"Pa14_16930",3.056,"trial_4",3.46775,0.408425712339466
"7033",19.75,"Pa14_09810",4.231,"trial_4",4.52125,0.494139719613795
"7034",19.75,"Pa14_64590",3.362,"trial_4",3.4085,0.0721173811689433
"7035",19.75,"Pa14_05300",3.258,"trial_4",3.3225,0.16671657586055
"7036",19.75,"Pa14_18520",4.367,"trial_4",4.32275,0.0781423647368487
"7037",19.75,"Pa14_01960",3.54,"trial_4",3.56125,0.0997792354818041
"7038",19.75,"Pa14_09480",4.715,"trial_4",4.1725,0.281555352757973
"7039",19.75,"Pa14_19120",4.337,"trial_4",3.9815,0.205345846480192
"7040",19.75,"Pa14_48650",3.683,"trial_4",3.886,0.11629989968468
"7041",19.75,"Pa14_58770",4.645,"trial_4",4.40675,0.125524483003649
"7042",19.75,"Pa14_06570",4.715,"trial_4",4.37625,0.186543728117565
"7043",19.75,"Pa14_32750",4.321,"trial_4",4.08175,0.164665000835029
"7044",19.75,"Pa14_62830",3.913,"trial_4",4.09225,0.0773965707681334
"7045",19.75,"Pa14_17250",4.069,"trial_4",4.1355,0.159556938635293
"7046",19.75,"Pa14_20440",4.552,"trial_4",4.11225,0.250926740636917
"7047",19.75,"Pa14_68350",3.917,"trial_4",3.842,0.0976882797473679
"7048",19.75,"Pa14_72840",4.37,"trial_4",4.17875,0.12649201226428
"7049",19.75,"Pa14",4.621,"trial_4",4.347,0.143663959757948
"7050",20,"Pa14_51430",4.539,"trial_4",4.9525,0.149823507278842
"7051",20,"Pa14_16930",3.034,"trial_4",3.45975,0.405924536295438
"7052",20,"Pa14_09810",4.208,"trial_4",4.50625,0.502433805756208
"7053",20,"Pa14_64590",3.334,"trial_4",3.39125,0.0790857920235992
"7054",20,"Pa14_05300",3.231,"trial_4",3.29925,0.167508395311996
"7055",20,"Pa14_18520",4.352,"trial_4",4.31175,0.0794065226120206
"7056",20,"Pa14_01960",3.513,"trial_4",3.53625,0.100911987229797
"7057",20,"Pa14_09480",4.72,"trial_4",4.158,0.290277740563528
"7058",20,"Pa14_19120",4.299,"trial_4",3.96025,0.202329506416308
"7059",20,"Pa14_48650",3.658,"trial_4",3.86425,0.115421239379934
"7060",20,"Pa14_58770",4.624,"trial_4",4.389,0.124446106139699
"7061",20,"Pa14_06570",4.708,"trial_4",4.3535,0.192955305705752
"7062",20,"Pa14_32750",4.311,"trial_4",4.0655,0.16582395283352
"7063",20,"Pa14_62830",3.923,"trial_4",4.0865,0.0708925242885312
"7064",20,"Pa14_17250",4.046,"trial_4",4.1165,0.157561892600971
"7065",20,"Pa14_20440",4.516,"trial_4",4.08975,0.251207210286648
"7066",20,"Pa14_68350",3.89,"trial_4",3.80525,0.101324869438192
"7067",20,"Pa14_72840",4.36,"trial_4",4.152,0.132435518901338
"7068",20,"Pa14",4.602,"trial_4",4.3225,0.145645974884306
"7069",20.25,"Pa14_51430",4.523,"trial_4",4.9385,0.152880399877377
"7070",20.25,"Pa14_16930",3.037,"trial_4",3.458,0.402611682228257
"7071",20.25,"Pa14_09810",4.207,"trial_4",4.49125,0.505993803486433
"7072",20.25,"Pa14_64590",3.305,"trial_4",3.38425,0.0930137758614282
"7073",20.25,"Pa14_05300",3.204,"trial_4",3.27225,0.165416834592694
"7074",20.25,"Pa14_18520",4.34,"trial_4",4.29425,0.0794338036774438
"7075",20.25,"Pa14_01960",3.49,"trial_4",3.512,0.09945099295633
"7076",20.25,"Pa14_09480",4.714,"trial_4",4.1305,0.294265611310598
"7077",20.25,"Pa14_19120",4.281,"trial_4",3.93775,0.201564454124894
"7078",20.25,"Pa14_48650",3.632,"trial_4",3.8425,0.115636283233248
"7079",20.25,"Pa14_58770",4.607,"trial_4",4.3665,0.125854744315289
"7080",20.25,"Pa14_06570",4.703,"trial_4",4.33425,0.197432003062658
"7081",20.25,"Pa14_32750",4.295,"trial_4",4.0425,0.170005146980908
"7082",20.25,"Pa14_62830",3.931,"trial_4",4.0695,0.0609432796404437
"7083",20.25,"Pa14_17250",4.027,"trial_4",4.09325,0.154294294018498
"7084",20.25,"Pa14_20440",4.523,"trial_4",4.06975,0.253024825857069
"7085",20.25,"Pa14_68350",3.862,"trial_4",3.77,0.0969750827102852
"7086",20.25,"Pa14_72840",4.347,"trial_4",4.1355,0.133837276820274
"7087",20.25,"Pa14",4.591,"trial_4",4.30175,0.146820397651916
"7088",20.5,"Pa14_51430",4.511,"trial_4",4.933,0.15833929813326
"7089",20.5,"Pa14_16930",3.038,"trial_4",3.45475,0.397590110331398
"7090",20.5,"Pa14_09810",4.161,"trial_4",4.473,0.516431182895327
"7091",20.5,"Pa14_64590",3.275,"trial_4",3.38275,0.108543674005751
"7092",20.5,"Pa14_05300",3.181,"trial_4",3.249,0.164948982011611
"7093",20.5,"Pa14_18520",4.319,"trial_4",4.27425,0.078871599239946
"7094",20.5,"Pa14_01960",3.461,"trial_4",3.487,0.100049987506246
"7095",20.5,"Pa14_09480",4.703,"trial_4",4.10975,0.296698043752679
"7096",20.5,"Pa14_19120",4.256,"trial_4",3.9165,0.200529507388148
"7097",20.5,"Pa14_48650",3.613,"trial_4",3.823,0.114552026026023
"7098",20.5,"Pa14_58770",4.59,"trial_4",4.3445,0.127602573119301
"7099",20.5,"Pa14_06570",4.675,"trial_4",4.31375,0.19909184438344
"7100",20.5,"Pa14_32750",4.277,"trial_4",4.02475,0.170171176074759
"7101",20.5,"Pa14_62830",3.937,"trial_4",4.06075,0.0545441335067302
"7102",20.5,"Pa14_17250",4.009,"trial_4",4.07475,0.154882953118368
"7103",20.5,"Pa14_20440",4.512,"trial_4",4.05025,0.255860109890802
"7104",20.5,"Pa14_68350",3.816,"trial_4",3.725,0.097873217310287
"7105",20.5,"Pa14_72840",4.316,"trial_4",4.118,0.132761063569105
"7106",20.5,"Pa14",4.562,"trial_4",4.276,0.146819049626856
"7107",20.75,"Pa14_51430",4.48,"trial_4",4.9085,0.160541531490556
"7108",20.75,"Pa14_16930",3.035,"trial_4",3.44675,0.394466174088476
"7109",20.75,"Pa14_09810",4.131,"trial_4",4.446,0.517557887261576
"7110",20.75,"Pa14_64590",3.25,"trial_4",3.39625,0.137435666768128
"7111",20.75,"Pa14_05300",3.157,"trial_4",3.22525,0.163649205619826
"7112",20.75,"Pa14_18520",4.307,"trial_4",4.25225,0.0820318789658428
"7113",20.75,"Pa14_01960",3.438,"trial_4",3.463,0.0996636008447083
"7114",20.75,"Pa14_09480",4.705,"trial_4",4.08675,0.303329956483035
"7115",20.75,"Pa14_19120",4.225,"trial_4",3.89,0.197217730778278
"7116",20.75,"Pa14_48650",3.585,"trial_4",3.8015,0.114840831879026
"7117",20.75,"Pa14_58770",4.574,"trial_4",4.3205,0.129432414796294
"7118",20.75,"Pa14_06570",4.675,"trial_4",4.29775,0.206899885210215
"7119",20.75,"Pa14_32750",4.264,"trial_4",4.003,0.172186429972477
"7120",20.75,"Pa14_62830",3.956,"trial_4",4.07125,0.047478723304936
"7121",20.75,"Pa14_17250",3.994,"trial_4",4.05425,0.152433797105498
"7122",20.75,"Pa14_20440",4.499,"trial_4",4.03,0.257823583095108
"7123",20.75,"Pa14_68350",3.791,"trial_4",3.68425,0.101253292127548
"7124",20.75,"Pa14_72840",4.302,"trial_4",4.09975,0.133374394719026
"7125",20.75,"Pa14",4.55,"trial_4",4.252,0.150136049412969
"7126",21,"Pa14_51430",4.463,"trial_4",4.89625,0.164630077750088
"7127",21,"Pa14_16930",3.02,"trial_4",3.44225,0.391404814950796
"7128",21,"Pa14_09810",4.109,"trial_4",4.4305,0.522108625351724
"7129",21,"Pa14_64590",3.214,"trial_4",3.431,0.18226217380466
"7130",21,"Pa14_05300",3.134,"trial_4",3.203,0.163444689931079
"7131",21,"Pa14_18520",4.289,"trial_4",4.2365,0.0836923931230711
"7132",21,"Pa14_01960",3.412,"trial_4",3.4375,0.0989178952465124
"7133",21,"Pa14_09480",4.695,"trial_4",4.0665,0.306681294940964
"7134",21,"Pa14_19120",4.196,"trial_4",3.8715,0.194666167236802
"7135",21,"Pa14_48650",3.56,"trial_4",3.782,0.115678433599353
"7136",21,"Pa14_58770",4.559,"trial_4",4.304,0.129728562776283
"7137",21,"Pa14_06570",4.654,"trial_4",4.28175,0.205398951230688
"7138",21,"Pa14_32750",4.252,"trial_4",3.98525,0.175709691916335
"7139",21,"Pa14_62830",3.961,"trial_4",4.06625,0.042613329291823
"7140",21,"Pa14_17250",3.975,"trial_4",4.035,0.150526298920377
"7141",21,"Pa14_20440",4.469,"trial_4",4.00525,0.255906354942584
"7142",21,"Pa14_68350",3.75,"trial_4",3.65175,0.0948932514284692
"7143",21,"Pa14_72840",4.275,"trial_4",4.07525,0.133901316274337
"7144",21,"Pa14",4.535,"trial_4",4.23,0.151794268666508
"7145",21.25,"Pa14_51430",4.436,"trial_4",4.88,0.171354894881938
"7146",21.25,"Pa14_16930",3.031,"trial_4",3.43625,0.383549730586965
"7147",21.25,"Pa14_09810",4.081,"trial_4",4.409,0.527602912551981
"7148",21.25,"Pa14_64590",3.189,"trial_4",3.42825,0.196838078548503
"7149",21.25,"Pa14_05300",3.112,"trial_4",3.181,0.163444689931079
"7150",21.25,"Pa14_18520",4.278,"trial_4",4.2165,0.0835758138857569
"7151",21.25,"Pa14_01960",3.389,"trial_4",3.41575,0.0994102400828673
"7152",21.25,"Pa14_09480",4.677,"trial_4",4.045,0.309201929705061
"7153",21.25,"Pa14_19120",4.164,"trial_4",3.854,0.192947747676238
"7154",21.25,"Pa14_48650",3.543,"trial_4",3.7625,0.114700697469545
"7155",21.25,"Pa14_58770",4.543,"trial_4",4.283,0.13203787335458
"7156",21.25,"Pa14_06570",4.647,"trial_4",4.26375,0.21276331724869
"7157",21.25,"Pa14_32750",4.227,"trial_4",3.96275,0.17691493954252
"7158",21.25,"Pa14_62830",3.973,"trial_4",4.0615,0.0376485944846108
"7159",21.25,"Pa14_17250",3.959,"trial_4",4.0145,0.149004753839153
"7160",21.25,"Pa14_20440",4.475,"trial_4",3.9895,0.261357194914036
"7161",21.25,"Pa14_68350",3.714,"trial_4",3.61575,0.0926753967710237
"7162",21.25,"Pa14_72840",4.258,"trial_4",4.05575,0.132514386011482
"7163",21.25,"Pa14",4.513,"trial_4",4.20475,0.152626109059579
"7164",21.5,"Pa14_51430",4.407,"trial_4",4.862,0.175887274506524
"7165",21.5,"Pa14_16930",3.033,"trial_4",3.43525,0.38088370381697
"7166",21.5,"Pa14_09810",4.046,"trial_4",4.39725,0.537519515149605
"7167",21.5,"Pa14_64590",3.165,"trial_4",3.45425,0.228831224195184
"7168",21.5,"Pa14_05300",3.093,"trial_4",3.16025,0.161229326840167
"7169",21.5,"Pa14_18520",4.264,"trial_4",4.20125,0.0819139538377519
"7170",21.5,"Pa14_01960",3.364,"trial_4",3.3925,0.0988454180357728
"7171",21.5,"Pa14_09480",4.668,"trial_4",4.0255,0.311541998238868
"7172",21.5,"Pa14_19120",4.14,"trial_4",3.8345,0.19016549809749
"7173",21.5,"Pa14_48650",3.522,"trial_4",3.74325,0.114410354280837
"7174",21.5,"Pa14_58770",4.523,"trial_4",4.26375,0.13326876040543
"7175",21.5,"Pa14_06570",4.645,"trial_4",4.24725,0.216396385906358
"7176",21.5,"Pa14_32750",4.213,"trial_4",3.94475,0.178940574400181
"7177",21.5,"Pa14_62830",3.977,"trial_4",4.053,0.0326981141148334
"7178",21.5,"Pa14_17250",3.941,"trial_4",3.99525,0.14768343114017
"7179",21.5,"Pa14_20440",4.466,"trial_4",3.96875,0.263078370769371
"7180",21.5,"Pa14_68350",3.679,"trial_4",3.57425,0.0961425807503279
"7181",21.5,"Pa14_72840",4.236,"trial_4",4.037,0.132747253581132
"7182",21.5,"Pa14",4.499,"trial_4",4.182,0.155189668900134
"7183",21.75,"Pa14_51430",4.386,"trial_4",4.84625,0.179267200476458
"7184",21.75,"Pa14_16930",3.019,"trial_4",3.42525,0.377169805923009
"7185",21.75,"Pa14_09810",4.02,"trial_4",4.37975,0.542968442146196
"7186",21.75,"Pa14_64590",3.141,"trial_4",3.488,0.270890199158257
"7187",21.75,"Pa14_05300",3.074,"trial_4",3.14225,0.162458392109077
"7188",21.75,"Pa14_18520",4.247,"trial_4",4.18525,0.0831809022552654
"7189",21.75,"Pa14_01960",3.342,"trial_4",3.37025,0.0989750599898782
"7190",21.75,"Pa14_09480",4.647,"trial_4",4.0045,0.313512493105671
"7191",21.75,"Pa14_19120",4.117,"trial_4",3.81975,0.188766776296395
"7192",21.75,"Pa14_48650",3.501,"trial_4",3.72675,0.115074160870284
"7193",21.75,"Pa14_58770",4.505,"trial_4",4.247,0.133620731924354
"7194",21.75,"Pa14_06570",4.635,"trial_4",4.23,0.218717092762927
"7195",21.75,"Pa14_32750",4.139,"trial_4",3.9075,0.175541305680458
"7196",21.75,"Pa14_62830",3.979,"trial_4",4.043,0.0317568890164008
"7197",21.75,"Pa14_17250",3.921,"trial_4",3.97625,0.146408318866563
"7198",21.75,"Pa14_20440",4.432,"trial_4",3.946,0.258906353726594
"7199",21.75,"Pa14_68350",3.636,"trial_4",3.536,0.0943071223892095
"7200",21.75,"Pa14_72840",4.215,"trial_4",4.012,0.132406570833928
"7201",21.75,"Pa14",4.479,"trial_4",4.157,0.15605394366479
"7202",22,"Pa14_51430",4.356,"trial_4",4.8255,0.182868577581461
"7203",22,"Pa14_16930",2.993,"trial_4",3.41825,0.374357755585037
"7204",22,"Pa14_09810",3.992,"trial_4",4.376,0.555110349390101
"7205",22,"Pa14_64590",3.11,"trial_4",3.53325,0.322729859944815
"7206",22,"Pa14_05300",3.053,"trial_4",3.1215,0.161878812696412
"7207",22,"Pa14_18520",4.227,"trial_4",4.1625,0.0817215801772499
"7208",22,"Pa14_01960",3.318,"trial_4",3.34675,0.0983152878922364
"7209",22,"Pa14_09480",4.626,"trial_4",3.9785,0.314999074072713
"7210",22,"Pa14_19120",4.09,"trial_4",3.79575,0.184500846881525
"7211",22,"Pa14_48650",3.483,"trial_4",3.7095,0.1147900256991
"7212",22,"Pa14_58770",4.49,"trial_4",4.2225,0.135539354678509
"7213",22,"Pa14_06570",4.612,"trial_4",4.2075,0.22000776501448
"7214",22,"Pa14_32750",4.174,"trial_4",3.9015,0.182055623368244
"7215",22,"Pa14_62830",3.98,"trial_4",4.03625,0.0299454364915035
"7216",22,"Pa14_17250",3.905,"trial_4",3.95725,0.14097303229105
"7217",22,"Pa14_20440",4.448,"trial_4",3.93075,0.264118147489591
"7218",22,"Pa14_68350",3.608,"trial_4",3.49625,0.092998543895411
"7219",22,"Pa14_72840",4.193,"trial_4",3.99375,0.132016018598754
"7220",22,"Pa14",4.456,"trial_4",4.1315,0.157652835897952
"7221",22.25,"Pa14_51430",4.333,"trial_4",4.8025,0.185632477402707
"7222",22.25,"Pa14_16930",2.995,"trial_4",3.41175,0.370233344212358
"7223",22.25,"Pa14_09810",3.965,"trial_4",4.349,0.556947484059314
"7224",22.25,"Pa14_64590",3.089,"trial_4",3.557,0.34765020734449
"7225",22.25,"Pa14_05300",3.036,"trial_4",3.1015,0.160463131798761
"7226",22.25,"Pa14_18520",4.214,"trial_4",4.14925,0.0810137591194649
"7227",22.25,"Pa14_01960",3.293,"trial_4",3.325,0.0984547273285206
"7228",22.25,"Pa14_09480",4.598,"trial_4",3.95425,0.312573291405392
"7229",22.25,"Pa14_19120",4.063,"trial_4",3.7805,0.182708556632323
"7230",22.25,"Pa14_48650",3.459,"trial_4",3.69,0.114965936984251
"7231",22.25,"Pa14_58770",4.462,"trial_4",4.1995,0.134901507280929
"7232",22.25,"Pa14_06570",4.597,"trial_4",4.18975,0.221551865635717
"7233",22.25,"Pa14_32750",4.136,"trial_4",3.8755,0.180583544839132
"7234",22.25,"Pa14_62830",3.976,"trial_4",4.02525,0.0260588276789267
"7235",22.25,"Pa14_17250",3.888,"trial_4",3.936,0.139494324854693
"7236",22.25,"Pa14_20440",4.412,"trial_4",3.90925,0.260472127427613
"7237",22.25,"Pa14_68350",3.571,"trial_4",3.4615,0.0920366774715385
"7238",22.25,"Pa14_72840",4.177,"trial_4",3.97,0.130917913212822
"7239",22.25,"Pa14",4.437,"trial_4",4.10825,0.15787937114561
"7240",22.5,"Pa14_51430",4.309,"trial_4",4.78375,0.193714297785854
"7241",22.5,"Pa14_16930",2.997,"trial_4",3.4115,0.365692607709444
"7242",22.5,"Pa14_09810",3.958,"trial_4",4.34,0.559530011110515
"7243",22.5,"Pa14_64590",3.06,"trial_4",3.58575,0.380227645628247
"7244",22.5,"Pa14_05300",3.015,"trial_4",3.0805,0.160296860023312
"7245",22.5,"Pa14_18520",4.186,"trial_4",4.12525,0.07951244661477
"7246",22.5,"Pa14_01960",3.273,"trial_4",3.30375,0.0990011574006419
"7247",22.5,"Pa14_09480",4.572,"trial_4",3.92775,0.313551796624843
"7248",22.5,"Pa14_19120",4.041,"trial_4",3.76425,0.181996508666146
"7249",22.5,"Pa14_48650",3.441,"trial_4",3.673,0.114739560164168
"7250",22.5,"Pa14_58770",4.442,"trial_4",4.1765,0.135589146566629
"7251",22.5,"Pa14_06570",4.579,"trial_4",4.1685,0.222995702499697
"7252",22.5,"Pa14_32750",4.121,"trial_4",3.853,0.184246212082275
"7253",22.5,"Pa14_62830",3.968,"trial_4",4.0185,0.0265251453027752
"7254",22.5,"Pa14_17250",3.871,"trial_4",3.91625,0.137935597895056
"7255",22.5,"Pa14_20440",4.403,"trial_4",3.89075,0.261827670742927
"7256",22.5,"Pa14_68350",3.532,"trial_4",3.42425,0.0880533692332857
"7257",22.5,"Pa14_72840",4.163,"trial_4",3.952,0.131907164324005
"7258",22.5,"Pa14",4.418,"trial_4",4.084,0.159940092951496
"7259",22.75,"Pa14_51430",4.271,"trial_4",4.74825,0.195571544879787
"7260",22.75,"Pa14_16930",2.979,"trial_4",3.41075,0.362379491463484
"7261",22.75,"Pa14_09810",3.947,"trial_4",4.33275,0.569162597594044
"7262",22.75,"Pa14_64590",3.035,"trial_4",3.605,0.400839327744505
"7263",22.75,"Pa14_05300",2.995,"trial_4",3.0615,0.159614379051513
"7264",22.75,"Pa14_18520",4.168,"trial_4",4.105,0.0784038689521549
"7265",22.75,"Pa14_01960",3.248,"trial_4",3.28,0.0984547273285205
"7266",22.75,"Pa14_09480",4.548,"trial_4",3.902,0.313174073000943
"7267",22.75,"Pa14_19120",4.017,"trial_4",3.746,0.179919889580521
"7268",22.75,"Pa14_48650",3.423,"trial_4",3.65475,0.113016499532885
"7269",22.75,"Pa14_58770",4.423,"trial_4",4.14975,0.136948515265166
"7270",22.75,"Pa14_06570",4.559,"trial_4",4.15075,0.221764279885949
"7271",22.75,"Pa14_32750",4.119,"trial_4",3.8335,0.18684507842952
"7272",22.75,"Pa14_62830",3.956,"trial_4",4.015,0.0311849322590254
"7273",22.75,"Pa14_17250",3.854,"trial_4",3.8945,0.137378734404808
"7274",22.75,"Pa14_20440",4.384,"trial_4",3.87025,0.259634478642572
"7275",22.75,"Pa14_68350",3.485,"trial_4",3.383,0.0862940708662343
"7276",22.75,"Pa14_72840",4.133,"trial_4",3.92475,0.128976338269209
"7277",22.75,"Pa14",4.39,"trial_4",4.056,0.15913306800704
"7278",23,"Pa14_51430",4.243,"trial_4",4.7215,0.198441217156786
"7279",23,"Pa14_16930",2.972,"trial_4",3.402,0.361066937469125
"7280",23,"Pa14_09810",3.947,"trial_4",4.32825,0.574831188987979
"7281",23,"Pa14_64590",3.01,"trial_4",3.6205,0.41915917819686
"7282",23,"Pa14_05300",2.979,"trial_4",3.045,0.160206117236515
"7283",23,"Pa14_18520",4.15,"trial_4",4.08925,0.076017952923416
"7284",23,"Pa14_01960",3.226,"trial_4",3.26075,0.0997383034078014
"7285",23,"Pa14_09480",4.517,"trial_4",3.8785,0.311296348624051
"7286",23,"Pa14_19120",3.998,"trial_4",3.73625,0.178369641942419
"7287",23,"Pa14_48650",3.406,"trial_4",3.63925,0.113374287943372
"7288",23,"Pa14_58770",4.402,"trial_4",4.1345,0.135375096183407
"7289",23,"Pa14_06570",4.538,"trial_4",4.13175,0.220958659406385
"7290",23,"Pa14_32750",4.099,"trial_4",3.8135,0.188167257158802
"7291",23,"Pa14_62830",3.946,"trial_4",4.007,0.0310134379476596
"7292",23,"Pa14_17250",3.839,"trial_4",3.87975,0.134783391039104
"7293",23,"Pa14_20440",4.348,"trial_4",3.84675,0.256402474962054
"7294",23,"Pa14_68350",3.432,"trial_4",3.3475,0.0824717123220643
"7295",23,"Pa14_72840",4.107,"trial_4",3.91,0.129868523258461
"7296",23,"Pa14",4.365,"trial_4",4.035,0.158540741346402
"7297",23.25,"Pa14_51430",4.258,"trial_4",4.70425,0.193829123628692
"7298",23.25,"Pa14_16930",2.986,"trial_4",3.40075,0.358396748264639
"7299",23.25,"Pa14_09810",3.963,"trial_4",4.31725,0.573599653504079
"7300",23.25,"Pa14_64590",2.986,"trial_4",3.64475,0.43920142968043
"7301",23.25,"Pa14_05300",2.961,"trial_4",3.02475,0.157793311539706
"7302",23.25,"Pa14_18520",4.13,"trial_4",4.0695,0.0799796849206097
"7303",23.25,"Pa14_01960",3.209,"trial_4",3.23925,0.0969315695048144
"7304",23.25,"Pa14_09480",4.489,"trial_4",3.855,0.310079828431325
"7305",23.25,"Pa14_19120",3.976,"trial_4",3.7185,0.177242066112986
"7306",23.25,"Pa14_48650",3.383,"trial_4",3.622,0.115291659137453
"7307",23.25,"Pa14_58770",4.381,"trial_4",4.1075,0.137621764267139
"7308",23.25,"Pa14_06570",4.529,"trial_4",4.118,0.223631765781757
"7309",23.25,"Pa14_32750",4.047,"trial_4",3.7825,0.18745732847771
"7310",23.25,"Pa14_62830",3.952,"trial_4",4.00525,0.0279325825276981
"7311",23.25,"Pa14_17250",3.824,"trial_4",3.861,0.134425320035575
"7312",23.25,"Pa14_20440",4.321,"trial_4",3.825,0.253152128175925
"7313",23.25,"Pa14_68350",3.393,"trial_4",3.307,0.0833216658498857
"7314",23.25,"Pa14_72840",4.095,"trial_4",3.88575,0.130699002164005
"7315",23.25,"Pa14",4.355,"trial_4",4.01525,0.160612045521706
"7316",23.5,"Pa14_51430",4.184,"trial_4",4.67075,0.206914384468553
"7317",23.5,"Pa14_16930",2.971,"trial_4",3.39775,0.35770061387516
"7318",23.5,"Pa14_09810",3.989,"trial_4",4.3085,0.575208585355492
"7319",23.5,"Pa14_64590",2.967,"trial_4",3.6675,0.460966828163011
"7320",23.5,"Pa14_05300",2.944,"trial_4",3.00775,0.158831868653617
"7321",23.5,"Pa14_18520",4.113,"trial_4",4.04925,0.076085888967666
"7322",23.5,"Pa14_01960",3.183,"trial_4",3.2185,0.0986454087460064
"7323",23.5,"Pa14_09480",4.465,"trial_4",3.83125,0.308931593021281
"7324",23.5,"Pa14_19120",3.957,"trial_4",3.70325,0.176045152825442
"7325",23.5,"Pa14_48650",3.365,"trial_4",3.6045,0.11514157951554
"7326",23.5,"Pa14_58770",4.362,"trial_4",4.085,0.13721941067745
"7327",23.5,"Pa14_06570",4.507,"trial_4",4.09525,0.223566684682669
"7328",23.5,"Pa14_32750",4.067,"trial_4",3.77625,0.192305041968916
"7329",23.5,"Pa14_62830",3.928,"trial_4",3.9855,0.0345964834436489
"7330",23.5,"Pa14_17250",3.811,"trial_4",3.8465,0.132459742311894
"7331",23.5,"Pa14_20440",4.3,"trial_4",3.80725,0.251537729111691
"7332",23.5,"Pa14_68350",3.352,"trial_4",3.27025,0.0842302152832739
"7333",23.5,"Pa14_72840",4.072,"trial_4",3.85875,0.133453721691579
"7334",23.5,"Pa14",4.328,"trial_4",3.9895,0.161057701875239
"7335",23.75,"Pa14_51430",4.213,"trial_4",4.653,0.195659994207639
"7336",23.75,"Pa14_16930",2.973,"trial_4",3.393,0.35651157063972
"7337",23.75,"Pa14_09810",4.038,"trial_4",4.305,0.572426560063967
"7338",23.75,"Pa14_64590",2.946,"trial_4",3.68525,0.477095618473558
"7339",23.75,"Pa14_05300",2.93,"trial_4",2.9895,0.158336403479006
"7340",23.75,"Pa14_18520",4.099,"trial_4",4.0345,0.0777072497690316
"7341",23.75,"Pa14_01960",3.163,"trial_4",3.19875,0.0995626896315415
"7342",23.75,"Pa14_09480",4.439,"trial_4",3.80975,0.307223418974965
"7343",23.75,"Pa14_19120",3.937,"trial_4",3.691,0.17390275060121
"7344",23.75,"Pa14_48650",3.348,"trial_4",3.587,0.11541591455832
"7345",23.75,"Pa14_58770",4.342,"trial_4",4.06525,0.139709445516997
"7346",23.75,"Pa14_06570",4.494,"trial_4",4.07825,0.22441641911114
"7347",23.75,"Pa14_32750",4.01,"trial_4",3.74725,0.188586573841653
"7348",23.75,"Pa14_62830",3.927,"trial_4",3.97375,0.0367636029246319
"7349",23.75,"Pa14_17250",3.795,"trial_4",3.8285,0.130248800378353
"7350",23.75,"Pa14_20440",4.285,"trial_4",3.785,0.251976520070158
"7351",23.75,"Pa14_68350",3.324,"trial_4",3.24025,0.0838226053440637
"7352",23.75,"Pa14_72840",4.06,"trial_4",3.839,0.134997530841617
"7353",23.75,"Pa14",4.307,"trial_4",3.9655,0.162290634357008
"7354",24,"Pa14_51430",4.202,"trial_4",4.62725,0.194271019883735
"7355",24,"Pa14_16930",2.978,"trial_4",3.39,0.347337252057228
"7356",24,"Pa14_09810",4.114,"trial_4",4.312,0.57174775906863
"7357",24,"Pa14_64590",2.925,"trial_4",3.69675,0.491211491281166
"7358",24,"Pa14_05300",2.911,"trial_4",2.9725,0.15752380772442
"7359",24,"Pa14_18520",4.082,"trial_4",4.01875,0.0785550496997701
"7360",24,"Pa14_01960",3.144,"trial_4",3.17825,0.0995877962737737
"7361",24,"Pa14_09480",4.403,"trial_4",3.78175,0.304445500048859
"7362",24,"Pa14_19120",3.913,"trial_4",3.67325,0.1736540502455
"7363",24,"Pa14_48650",3.33,"trial_4",3.57325,0.116330259032922
"7364",24,"Pa14_58770",4.323,"trial_4",4.044,0.139821910538609
"7365",24,"Pa14_06570",4.483,"trial_4",4.06475,0.224325052472225
"7366",24,"Pa14_32750",3.993,"trial_4",3.72775,0.188586573841653
"7367",24,"Pa14_62830",3.918,"trial_4",3.967,0.0379868398264452
"7368",24,"Pa14_17250",3.78,"trial_4",3.81425,0.128907832060999
"7369",24,"Pa14_20440",4.271,"trial_4",3.76675,0.254865119556731
"7370",24,"Pa14_68350",3.286,"trial_4",3.20525,0.0793508821627082
"7371",24,"Pa14_72840",4.041,"trial_4",3.81825,0.135938328541536
"7372",24,"Pa14",4.289,"trial_4",3.9445,0.163323043893587
