Loc_ID,Pa14 gene locus,PA01 gene locus,Gene name,Gene description,z-score trial 1,z-score trial 2
ExMr_nr_mas_01_1_A02,PA14_37530,PA2086,NA,putative hydrolase,-1.0953903488633465,1.2358042642961031
ExMr_nr_mas_01_1_A03,PA14_66480,PA5028,NA,putative ATPase nvolved in chromosome partitioning,0.6184766840745125,0.575513929378606
ExMr_nr_mas_01_1_A04,PA14_01720,PA0140,ahpF,alkyl hydroperoxide reductase subunit F,-0.05253920138066484,0.3857339920593437
ExMr_nr_mas_01_1_A05,PA14_51950,NA,NA,hypothetical protein,0.6104358539148448,-0.5577857405554846
ExMr_nr_mas_01_1_A06,PA14_29220,PA2700,NA,putative porin,1.5347245575028055,-0.5793752524961189
ExMr_nr_mas_01_1_A07,PA14_32470,PA2487,NA,hypothetical protein,-1.7185272844843236,0.589786327757395
ExMr_nr_mas_01_1_A08,PA14_44230,NA,NA,hypothetical protein,0.07316265591181546,-0.22407458795859259
ExMr_nr_mas_01_1_A09,PA14_19910,PA3416,NA,"putative pyruvate dehydrogenase E1 component, beta subunit",2.0234544262468934,0.017878626080558443
ExMr_nr_mas_01_1_A10,PA14_29320,PA2691,NA,conserved hypothetical protein,-1.436646457184273,-0.09601935044572137
ExMr_nr_mas_01_1_A11,PA14_41530,PA1781,nirB,assimilatory nitrite reductase large subunit,-0.19664536277496744,0.04337237462287848
ExMr_nr_mas_01_1_A12,PA14_43270,PA1643,NA,putative ATPase,-0.00542626960908234,-0.4796627012376796
ExMr_nr_mas_01_1_B01,PA14_56640,PA4355,NA,putative MFS transporter,0.7992434101893157,0.5579772160059275
ExMr_nr_mas_01_1_B02,PA14_16130,PA3733,NA,putative carnitine dehydratase,0.986417056830591,0.8003075495476796
ExMr_nr_mas_01_1_B03,PA14_73200,PA5551,NA,hypothetical,0.8794102768640211,0.23591405026679266
ExMr_nr_mas_01_1_B04,PA14_36170,PA2207,NA,putative integral membrane protein,0.884889700086879,1.4731929787788645
ExMr_nr_mas_01_1_B05,PA14_10800,PA4109,ampR,transcriptional regulator AmpR,0.7992434101893157,0.10001057568601716
ExMr_nr_mas_01_1_B06,PA14_05050,PA0387,NA,putative Ham1 protein,0.8272887643028674,0.4334491751540223
ExMr_nr_mas_01_1_B07,PA14_50250,PA1095,NA,hypothetical protein,-1.2970399396155026,-0.9794864910331461
ExMr_nr_mas_01_1_B08,PA14_68680,PA5199,envZ,two-component sensor EnvZ,0.6222255527689357,-0.532187127051669
ExMr_nr_mas_01_1_B09,PA14_50140,PA1101,fliF,Flagella M-ring outer membrane protein precursor,-0.9950945489003367,-0.994029402031415
ExMr_nr_mas_01_1_B10,PA14_31850,PA2529,NA,putative protease,-0.6979624811518179,-1.4201627507670336
ExMr_nr_mas_01_1_B11,NA,NA,NA,NA,-1.5725886808903524,-0.4812810218118121
ExMr_nr_mas_01_1_B12,PA14_72140,PA5466,NA,putative permease,-1.4522687607497495,-0.7187706140726967
ExMr_nr_mas_01_1_C01,PA14_63970,PA4838,NA,putative membrane protein,0.0628317938330014,0.36436499605392253
ExMr_nr_mas_01_1_C02,PA14_71630,PA5427,adhA,"alcohol dehydrogenase, zinc-containing",0.06848663399913543,0.8882019159080989
ExMr_nr_mas_01_1_C03,PA14_25830,PA2954,NA,conserved hypothetical protein,-0.004045929033677453,-0.42406831581204185
ExMr_nr_mas_01_1_C04,PA14_14420,NA,NA,hypothetical protein,0.3301775685219536,-1.0866769391514597
ExMr_nr_mas_01_1_C05,PA14_56620,PA4354,NA,putative transcriptional regulator,1.2199899160934802,-0.07262768268361128
ExMr_nr_mas_01_1_C06,PA14_43950,PA1588,sucC,succinyl-CoA synthetase beta subunit,-0.2805593088631538,0.413648412290182
ExMr_nr_mas_01_1_C07,PA14_46960,PA1338,ggt,gamma-glutamyltranspeptidase precursor,-1.0360897570665735,0.4303885904087875
ExMr_nr_mas_01_1_C08,PA14_29920,PA2644,nuoI,NADH Dehydrogenase I chain I,0.3665285377535778,-0.9184602147806343
ExMr_nr_mas_01_1_C09,PA14_58850,PA4536,NA,conserved hypothetical protein,-1.3765049468391293,-0.9771625474597935
ExMr_nr_mas_01_1_C10,PA14_06950,PA0533,NA,"putative transcriptional regulator, LuxR family",1.887923975056238,0.2506846708491264
ExMr_nr_mas_01_1_C11,PA14_52510,PA0908,NA,hypothetical protein,-0.2902507067536584,-0.8882972625478495
ExMr_nr_mas_01_1_C12,PA14_65280,PA4942,hflK,protease subunit HflK,0.8713537005115344,0.10470891693128394
ExMr_nr_mas_01_1_D01,PA14_71700,PA5433,NA,"putative acetyltransferase, GNAT family",1.5839201558213374,0.8738897388953641
ExMr_nr_mas_01_1_D02,PA14_53380,PA0842,NA,probable glycosyl transferase,0.6332806084965238,0.4186040835020287
ExMr_nr_mas_01_1_D03,PA14_26960,PA2871,NA,putative acyl-CoA thioesterase,1.564288116065066,0.1911620717986257
ExMr_nr_mas_01_1_D04,PA14_25220,PA3003,NA,conserved hypothetical protein,0.3383982315464745,-0.4842489569448647
ExMr_nr_mas_01_1_D05,PA14_47300,PA1310,phnW,2-aminoethylphosphonate:pyruvate aminotransferase,1.0474225581968457,0.4112872818572962
ExMr_nr_mas_01_1_D06,PA14_11900,PA4016,NA,hypothetical protein,0.9271939782987104,0.10273106893553108
ExMr_nr_mas_01_1_D07,PA14_43920,PA1590,braB,branched chain amino acid transporter,-1.4309527418089716,-1.3587023894346206
ExMr_nr_mas_01_1_D08,PA14_71620,PA5426,purE,"phosphoribosylaminoimidazole carboxylase, catalytic subunit",-0.6935601445881056,-1.0021872208567373
ExMr_nr_mas_01_1_D09,PA14_32590,PA2478,NA,probable thiol:disulfide interchange protein,0.46061777845586904,-0.4904588847468724
ExMr_nr_mas_01_1_D10,PA14_45980,PA1428,NA,putative acetyltransferase,-1.0256418618260579,-0.7123458599368289
ExMr_nr_mas_01_1_D11,PA14_54750,NA,NA,hypothetical protein,1.3030070294487894,-0.13945881694435958
ExMr_nr_mas_01_1_D12,PA14_41710,PA1767,NA,putative membrain protein,0.6608334456644074,-0.6288275468895281
ExMr_nr_mas_01_1_E01,PA14_03760,PA0287,NA,putative sodium:solute symporter,-1.7896432390983332,0.7871463381019402
ExMr_nr_mas_01_1_E02,PA14_15540,NA,NA,NA,0.08775283466418898,1.1190930002166457
ExMr_nr_mas_01_1_E03,PA14_65250,PA4939,NA,putative ATP phosphoribosyltransferase,-1.4632026599421644,-0.304776925763321
ExMr_nr_mas_01_1_E04,PA14_67850,PA5138,NA,"putative ABC-type amino acid transport protein, periplasmic component",-0.25054910638882544,-0.47049958304643646
ExMr_nr_mas_01_1_E05,PA14_37880,PA2058,NA,putative binding protein component of ABC transporter,1.005922751085234,-0.5506954973042116
ExMr_nr_mas_01_1_E06,PA14_24290,PA3082,gbt,glycine betaine transmethylase,-0.31651311897034884,0.447322003362163
ExMr_nr_mas_01_1_E07,PA14_43380,PA1634,kdpB,"potassium-transporting ATPase, B chain",-0.7266531026195782,-0.43182921159543003
ExMr_nr_mas_01_1_E08,PA14_53000,PA0871,phhB,pterin-4-alpha-carbinolamine dehydratase,-0.5650597542509329,-1.4360049413959122
ExMr_nr_mas_01_1_E09,NA,NA,NA,NA,-0.5950977833517263,-0.13202863238124563
ExMr_nr_mas_01_1_E10,PA14_26400,PA2912,NA,putative ATP-binding component of ABC transporter,0.9612731527705363,-0.08380482879826649
ExMr_nr_mas_01_1_E11,NA,NA,NA,NA,-0.2931403980928176,-0.3008368404053545
ExMr_nr_mas_01_1_E12,PA14_40730,PA1839,NA,putative Fe-S-cluster redox enzyme,0.6521362477886198,0.0050953375573723255
ExMr_nr_mas_01_1_F01,PA14_40510,PA1856,ccoN-2,"putative cytochrome c oxidase, cbb3-type, subunit",0.04407592957616196,1.1394632927089763
ExMr_nr_mas_01_1_F02,PA14_16460,PA3705,NA,CheW domain protein,0.07101991117779562,0.15249410979580366
ExMr_nr_mas_01_1_F03,PA14_04430,PA0339,NA,conserved hypothetical protein,-0.12086391139136488,-1.0275981984557079
ExMr_nr_mas_01_1_F04,PA14_02990,PA0241,NA,putative MFS transporter,-0.930556227319599,-0.6633851110038333
ExMr_nr_mas_01_1_F05,PA14_69950,PA5299,NA,putative acetyl-CoA hydrolase/transferase,0.35946123835249677,-0.6725380806885972
ExMr_nr_mas_01_1_F06,PA14_71470,PA5416,soxB,"sarcosine oxidase, beta subunit",-0.03032439708762193,-0.8914508402516658
ExMr_nr_mas_01_1_F07,PA14_48230,NA,NA,hypothetical protein,0.05463299168654916,-0.5215950230242861
ExMr_nr_mas_01_1_F08,PA14_30800,PA2575,NA,putative nitroreductase,-0.40520615223549056,-0.6597828208715181
ExMr_nr_mas_01_1_F09,PA14_54410,PA0764,mucB,negative regulator for alginate biosynthesis MucB,-0.8549233866163978,-0.052859292210049896
ExMr_nr_mas_01_1_F10,PA14_59240,NA,pilL2,type IV B pilus protein,0.02604886800389593,-0.7246420712138534
ExMr_nr_mas_01_1_F11,PA14_64670,PA4893,ureG,urease accessory protein UreG,-0.510110930783208,-0.250867666542034
ExMr_nr_mas_01_1_F12,PA14_18110,PA3571,mmsR,transcriptional regulator MmsR,-0.24931887152146676,-0.8525648815397777
ExMr_nr_mas_01_1_G01,PA14_52940,PA0875,NA,conserved hypothetical protein,0.2796841786240896,0.25576212453408365
ExMr_nr_mas_01_1_G02,PA14_60990,PA4609,radA,DNA repair protein RadA,0.6484051886995241,-0.15049115352804035
ExMr_nr_mas_01_1_G03,PA14_42230,PA1726,bglX,periplasmic beta-glucosidase,-0.8857025696376322,0.340302917498778
ExMr_nr_mas_01_1_G04,PA14_22510,NA,NA,hypothetical,-1.687778164941782,-0.3939129266993195
ExMr_nr_mas_01_1_G05,NA,NA,NA,NA,-0.28468148096132706,-0.9548356495573984
ExMr_nr_mas_01_1_G06,PA14_31990,PA2521,czcB,"cobalt/zinc/cadmium efflux RND transporter, membrane fusion protein, CzcB famil",-1.0932795543015987,-0.09780249399611005
ExMr_nr_mas_01_1_G07,PA14_54930,NA,NA,putative non-ribosomal peptide synthetase,-1.3647412933905885,-0.8263868787530363
ExMr_nr_mas_01_1_G08,PA14_04490,PA0343,NA,conserved hypothetical protein,-0.8269908224565854,-0.3848660825470671
ExMr_nr_mas_01_1_G09,PA14_17990,PA3580,NA,conserved hypothetical protein,-0.5128897488776191,-0.7830766072884289
ExMr_nr_mas_01_1_G10,PA14_51310,PA1006,NA,conserved hypothetical protein,-2.5203170242222614,-0.2370675757298222
ExMr_nr_mas_01_1_G11,PA14_52270,PA0927,ldhA,D-lactate dehydrogenase (fermentative),-1.3944378293247877,-0.7271599835856235
ExMr_nr_mas_01_1_G12,PA14_41840,PA1756,cysH,3'-phosphoadenosine-5'-phosphosulfate reductase,-0.5238031497387535,-1.791721103420523
ExMr_nr_mas_01_1_H01,PA14_54070,NA,NA,conserved hypothetical protein,0.12243841036766075,1.8057038561101793
ExMr_nr_mas_01_1_H02,PA14_33650,PA2399,pvdD,pyoverdine synthetase D,1.2123586906034198,1.2884360052475525
ExMr_nr_mas_01_1_H03,PA14_24530,PA3060,NA,hypothetical protein,-1.2449364763925308,0.15175774803834682
ExMr_nr_mas_01_1_H04,PA14_43540,PA1622,NA,putative hydrolase,-1.2487812094373738,1.2366396066778178
ExMr_nr_mas_01_1_H05,PA14_31270,NA,NA,conserved hypothetical protein,0.955690731713229,0.22281123235367326
ExMr_nr_mas_01_1_H06,PA14_39800,PA1912,NA,"probable sigma-70 factor, ECF subfamily",0.4801805112312066,-0.9632357628355761
ExMr_nr_mas_01_1_H07,PA14_47140,PA1322,NA,putative TonB-dependent receptor,-2.2111056887775082,-0.6803140397669062
ExMr_nr_mas_01_1_H08,PA14_55330,PA0695,NA,hypothetical protein,-0.8904687050810255,-0.8218445895235588
ExMr_nr_mas_01_1_H09,PA14_69670,PA5277,lysA,diaminopimelate decarboxylase,-0.15348942052380288,-0.8388940520069479
ExMr_nr_mas_01_1_H10,PA14_21180,PA3312,NA,putative 3-hydroxyisobutyrate dehydrogenase,-1.0024863315019206,-0.8708360882217816
ExMr_nr_mas_01_1_H11,PA14_29070,PA2712,NA,putative membrane protein,-1.1193623790521872,-0.354621250307834
ExMr_nr_mas_01_1_H12,PA14_02890,PA0234,NA,conserved hypothetical protein,-0.8272155891043184,-0.03996522362763674
ExMr_nr_mas_01_2_A01,PA14_69990,PA5302,dadX,catabolic alanine racemase,1.34927626346484,0.43956615987721936
ExMr_nr_mas_01_2_A02,PA14_16450,PA3706,NA,putative chemotaxis protein methyltransferase CheR,0.7583365235431676,0.10816874873716661
ExMr_nr_mas_01_2_A03,PA14_55930,PA4305,NA,putative pilus assembly protein,1.4865406256094422,-1.2971905729968496
ExMr_nr_mas_01_2_A04,PA14_02050,PA0164,NA,putative gamma-glutamyltranspeptidase,1.4648849756786875,-1.0013126942997266
ExMr_nr_mas_01_2_A05,PA14_43670,PA1611,NA,putative sensor/response regulator hybrid,1.0685688193908869,-0.9504948861663342
ExMr_nr_mas_01_2_A06,PA14_39240,PA1954,NA,conserved hypothetical protein,0.5446520535499351,-0.8400322246002964
ExMr_nr_mas_01_2_A07,PA14_35340,PA2261,NA,putative 2-ketogluconate kinase,0.6420039281622255,-0.927968071188574
ExMr_nr_mas_01_2_A08,PA14_61870,PA4677,NA,conserved hypothetical protein,0.19945381196347858,-1.6178939726786528
ExMr_nr_mas_01_2_A09,PA14_37760,PA2068,NA,putative MFS transporter,0.10172760311550437,-1.0881532105824043
ExMr_nr_mas_01_2_A10,PA14_00710,PA0059,osmC,osmotically inducible protein OsmC,0.5345257400918076,-0.353562499722542
ExMr_nr_mas_01_2_A11,PA14_17860,PA3590,NA,putative 3-hydroxyacyl-CoA dehydrogenase,-0.08061820225482848,-0.6586748128590802
ExMr_nr_mas_01_2_A12,PA14_47260,PA1313,NA,putative MFS transporter,-0.5831950570926816,0.05807466233458887
ExMr_nr_mas_01_2_B01,PA14_29710,PA2659,NA,conserved hypothetical protein,-0.7109673746620017,-1.6290873302670321
ExMr_nr_mas_01_2_B02,PA14_45590,PA1458,NA,putative two-component sensor,2.399637583186425,-0.7165352191963538
ExMr_nr_mas_01_2_B03,PA14_41990,PA1744,NA,hypothetical protein,1.2115463123699646,-1.8669087391133927
ExMr_nr_mas_01_2_B04,PA14_63160,PA4777,pmrB,two-component sensor,1.117250213518685,-0.5892365979307155
ExMr_nr_mas_01_2_B05,PA14_02150,PA0172,NA,putative serine phosphatase,-0.0988069667519857,-2.003932870527236
ExMr_nr_mas_01_2_B06,PA14_35430,PA2254,pvcA,pyoverdine biosynthesis protein PvcA,0.5419412480687361,-0.5517858164369613
ExMr_nr_mas_01_2_B07,PA14_56900,PA4376,pncB2,nicotinate phosphoribosyltransferase,-0.3574693334772449,-0.6975643699333407
ExMr_nr_mas_01_2_B08,PA14_23670,PA3127,NA,putative bleomycin resistance protein,0.2335298425014379,-0.18421353638189164
ExMr_nr_mas_01_2_B09,PA14_52280,PA0926,NA,hypothetical protein,0.42333519903539085,-0.4535538670270513
ExMr_nr_mas_01_2_B10,PA14_03730,PA0286,NA,putative fatty acid desaturase,-1.9628175545010231,-0.22667117359118652
ExMr_nr_mas_01_2_B11,PA14_18500,PA3545,algG,alginate-c5-mannuronan-epimerase,0.2872182217196166,-0.32846614684210634
ExMr_nr_mas_01_2_B12,PA14_05400,PA0414,NA,probable methylesterase,0.3159528580763042,-1.0801852005986603
ExMr_nr_mas_01_2_C01,PA14_45330,PA1479,ccmE,cytochrome C-type biogenesis protein CcmE,0.8855742921157419,-0.6109277035938372
ExMr_nr_mas_01_2_C02,PA14_69010,PA5225,NA,conserved hypothetical protein,0.6363084385913564,-1.4944150878093225
ExMr_nr_mas_01_2_C03,PA14_62390,PA4714,NA,putative metal-binding protein,0.772640688417329,-1.2034134665984746
ExMr_nr_mas_01_2_C04,PA14_36150,PA2208,NA,conserved hypothetical protein,0.5882255053302714,-1.6300476303055904
ExMr_nr_mas_01_2_C05,PA14_45240,PA1485,NA,putative amino acid permease,0.26024233257541257,-1.3292532581036074
ExMr_nr_mas_01_2_C06,PA14_41830,PA1757,thrH,homoserine kinase,-0.17290330158259568,-1.721908589166567
ExMr_nr_mas_01_2_C07,PA14_70750,PA5360,phoB,two-component response regulator PhoB,-0.5825464655376459,-1.5514395157027243
ExMr_nr_mas_01_2_C08,PA14_71680,PA5431,NA,"putative transcriptional regulator, GntR family",-0.35204862778351326,-1.2537692028128835
ExMr_nr_mas_01_2_C09,PA14_73220,PA5552,glmU,glucosamine-1-phosphate acetyltransferase/N-acetyl,0.11373657459231909,-1.5879239013913347
ExMr_nr_mas_01_2_C10,PA14_30870,NA,NA,hypothetical,0.07569404882494497,-0.8931715984372807
ExMr_nr_mas_01_2_C11,PA14_12440,PA3973,NA,possible transcriptional regulator acrR family,0.6960315075349627,-0.49532284022499595
ExMr_nr_mas_01_2_C12,PA14_17980,PA3581,glpF,glycerol uptake facilitator protein,-0.1810101566625557,-1.8510095988689252
ExMr_nr_mas_01_2_D01,PA14_68120,PA5158,NA,putative outer membrane protein precursor,0.48911885262420385,0.05334354297530983
ExMr_nr_mas_01_2_D02,PA14_29200,PA2702,NA,hypothetical protein,1.5993678799373283,-0.6945005896427593
ExMr_nr_mas_01_2_D03,PA14_19020,PA3484,NA,hypothetical protein,0.9173257234476454,-0.6542446095072597
ExMr_nr_mas_01_2_D04,PA14_34010,PA2369,NA,conserved hypothetical protein,2.219968381031879,-1.6457520163765393
ExMr_nr_mas_01_2_D05,PA14_50980,PA1032,NA,probable penicillin amidase,2.3283580424046986,-0.744531323343006
ExMr_nr_mas_01_2_D06,PA14_48390,PA1229,NA,putative transcriptional regulator araC family,0.9906259923211659,-0.529741310910862
ExMr_nr_mas_01_2_D07,PA14_33720,PA2394,NA,putative aminotransferase,1.7819858066941585,-1.0399000943164656
ExMr_nr_mas_01_2_D08,PA14_46180,PA1412,NA,putative membrane protein,1.9096259765461432,-0.43906295111998517
ExMr_nr_mas_01_2_D09,PA14_38550,PA2007,maiA,maleylacetoacetate isomerase,-0.29644453068454857,-2.6541774467838657
ExMr_nr_mas_01_2_D10,PA14_55900,PA4303,NA,putative pilus assembly protein,-0.747924437322571,-0.3580633438864883
ExMr_nr_mas_01_2_D11,PA14_12740,PA3952,NA,conserved hypothetical protein,0.11663852581783234,-0.20075042243339822
ExMr_nr_mas_01_2_D12,PA14_70100,PA5309,NA,putative Glycine/D-amino acid oxidase,0.3761867149334736,-0.50451994241757
ExMr_nr_mas_01_2_E01,PA14_00680,PA0056,NA,"putative transcriptional regulator, LysR family",-0.10301186211489129,0.3118413794182916
ExMr_nr_mas_01_2_E02,PA14_32970,PA2447,NA,probable transcriptional regulator,0.4683038717581992,0.19384586645627194
ExMr_nr_mas_01_2_E03,PA14_15580,NA,NA,NA,0.1513577953402754,-0.9957766713342343
ExMr_nr_mas_01_2_E04,PA14_47930,PA1259,NA,conserved hypothetical protein,0.8934417437748947,-1.3390552815875671
ExMr_nr_mas_01_2_E05,PA14_29160,PA2705,NA,conserved hypothetical protein,1.2392701881605266,-0.7064851476600702
ExMr_nr_mas_01_2_E06,PA14_11290,PA4065,NA,putative permease,0.6849097189672981,0.38004224377884377
ExMr_nr_mas_01_2_E07,PA14_52250,PA0929,NA,two-component response regulator,0.008560286467078293,-0.0599489386272548
ExMr_nr_mas_01_2_E08,PA14_18410,PA3550,algF,alginate O-acetyltransferase,-0.5291597876462667,-1.3633155136908561
ExMr_nr_mas_01_2_E09,PA14_02030,PA0163,NA,"putative transcriptional regulator, AraC family",-0.3666535029944673,-0.8688352500754509
ExMr_nr_mas_01_2_E10,PA14_65970,PA4989,NA,putative transcriptional regulator,0.3363440739334508,-0.7799735419823258
ExMr_nr_mas_01_2_E11,PA14_01800,PA0146,NA,putative basic membrane protein (bmp),0.19162260530877767,-0.1875692945777469
ExMr_nr_mas_01_2_E12,PA14_66100,NA,NA,putative membrane protein,0.9567060863512992,-0.09933127999277902
ExMr_nr_mas_01_2_F01,PA14_02310,PA0183,atsA,arylsulfatase,0.7389215446875549,-0.231607456212491
ExMr_nr_mas_01_2_F02,PA14_51930,PA0953,NA,probable thioredoxin,-0.1044141194946985,-0.8554164801157
ExMr_nr_mas_01_2_F03,PA14_68670,PA5198,NA,putative carboxypeptidase,0.6656206396408686,-1.8715530934349616
ExMr_nr_mas_01_2_F04,PA14_36880,PA2141,NA,putative ompetence-damaged protein,0.2617545355940368,-1.222365579800619
ExMr_nr_mas_01_2_F05,PA14_13620,PA3887,nhaP,Na+/H+ antiporter NhaP,-0.04082697054517562,0.25334476860766164
ExMr_nr_mas_01_2_F06,PA14_61000,PA4610,NA,conserved hypothetical protein,-0.3310355297305605,-0.6514772170038091
ExMr_nr_mas_01_2_F07,PA14_43900,PA1592,NA,conserved hypothetical protein,0.7271734921304117,-0.15742771657149074
ExMr_nr_mas_01_2_F08,PA14_19670,PA3433,NA,"putative transcriptional regulator, LysR family",1.0002118355301295,-1.4102416156483784
ExMr_nr_mas_01_2_F09,PA14_27730,PA2815,NA,putative acyl-CoA dehydrogenase,1.9955486343812054,-0.839463114171386
ExMr_nr_mas_01_2_F10,PA14_05540,PA0426,mexB,RND multidrug efflux transporter MexB,0.6659751015453779,-0.5096649953806415
ExMr_nr_mas_01_2_F11,PA14_05600,PA0431,NA,conserved hypothetical protein,-0.009963810686842952,-1.0343321571631678
ExMr_nr_mas_01_2_F12,PA14_25320,PA2997,nqrC,Na+-translocating NADH:ubiquinone oxidoreductase subunit Nrq3,0.25229729001494267,-1.2474162334391474
ExMr_nr_mas_01_2_G01,PA14_41780,PA1762,NA,putative peptidase,0.9981949782825181,0.31160169459362963
ExMr_nr_mas_01_2_G02,PA14_68430,PA5180,NA,putative formate dehydrogenase accessory protein FdhD,0.45163876971381467,-1.2871452886218886
ExMr_nr_mas_01_2_G03,PA14_55890,PA4302,NA,putative type II secretion system protein,0.6334587565461202,-0.9040799930238141
ExMr_nr_mas_01_2_G04,PA14_71140,PA5386,NA,putative 3-hydroxyacyl-CoA dehydrogenase,0.9361979888651456,-0.42353341234744124
ExMr_nr_mas_01_2_G05,PA14_47230,PA1316,NA,putative MFS transporter,0.8540055993534529,-0.5406184352054622
ExMr_nr_mas_01_2_G06,PA14_08030,PA0618,NA,putative phage baseplate assembly protein,-0.32356266901349184,-0.8408859807574361
ExMr_nr_mas_01_2_G07,PA14_33340,NA,NA,hypothetical,-0.8852488404815184,-0.616980767936427
ExMr_nr_mas_01_2_G08,PA14_54330,PA0770,rnc,ribonuclease III,0.08483750811587165,-1.5138937972223676
ExMr_nr_mas_01_2_G09,PA14_56840,PA4371,NA,putative thiol oxidoreductase,-1.1671080352816035,-0.7023020563781514
ExMr_nr_mas_01_2_G10,PA14_45700,PA1451,NA,conserved hypothetical protein,0.11547790616242935,-0.7616664822930853
ExMr_nr_mas_01_2_G11,PA14_34820,PA2304,NA,putative regulatory protein,-0.6569205499036672,-0.9141429114545565
ExMr_nr_mas_01_2_G12,PA14_05310,PA0407,gshB,"glutathione synthetase""",-0.8207006186407744,-1.0560439007055993
ExMr_nr_mas_01_2_H01,PA14_59100,NA,NA,Conserved Hypothetical Protein,0.5794271468673179,0.533905095093045
ExMr_nr_mas_01_2_H02,PA14_55170,NA,cat,chloramphenicol acetyltransferase,0.5831993806800099,0.4287400048379257
ExMr_nr_mas_01_2_H03,PA14_68900,PA5217,NA,"putative iron ABC transporter, periplasmic iron-binding protein",0.5464586076572894,-0.5793752524961189
ExMr_nr_mas_01_2_H04,PA14_09760,PA4185,NA,"putative transcriptional regulator, GntR family",0.40562668225643045,0.05907026254532627
ExMr_nr_mas_01_2_H05,PA14_43760,PA1604,NA,conserved hypothetical protein,0.6526690754086201,0.1259340449601379
ExMr_nr_mas_01_2_H06,PA14_14380,PA3837,NA,putative transmembrane component of ABC transporte,-2.344177390085527,-1.0996792881510675
ExMr_nr_mas_01_2_H07,PA14_42340,PA1717,pscD,type III export protein PscD,0.0823097971149387,-1.316104296353021
ExMr_nr_mas_01_2_H08,PA14_52140,PA0937,NA,conserved hypothetical protein,-1.2449364763925308,-0.3968424602573115
ExMr_nr_mas_01_2_H09,PA14_50710,PA1056,NA,probable NADH dehydrogenase,-1.7032631129811753,-0.5523310424475052
ExMr_nr_mas_01_2_H10,PA14_39860,PA1907,NA,putative dienelactone hydrolase,-1.5951534526092648,-0.7627916294779448
ExMr_nr_mas_01_2_H11,PA14_18350,PA3554,NA,putative transformylase,-0.1984753966195255,-0.45140508900596993
ExMr_nr_mas_01_2_H12,PA14_56520,PA4346,NA,conserved hypothetical protein,0.1684539212502653,-0.0574160620653898
ExMr_nr_mas_01_3_A01,PA14_41860,PA1755,NA,hypothetical protein,1.1998364041595289,-0.23654737288376465
ExMr_nr_mas_01_3_A02,PA14_28630,PA2745,NA,putative hydrolase,1.857062804781924,0.4301531029810893
ExMr_nr_mas_01_3_A03,PA14_06750,PA0519,nirS,nitrite reductase precursor,1.114280535109279,-0.17389864021438786
ExMr_nr_mas_01_3_A04,PA14_50820,PA1047,NA,probable esterase,2.371601001508561,0.40703515226088444
ExMr_nr_mas_01_3_A05,PA14_10540,PA4131,NA,putative iron-sulfur cluster-binding protein,1.051924180837379,-0.18550401401110997
ExMr_nr_mas_01_3_A06,PA14_10300,PA4146,NA,putative efflux protein,1.22923238716515,0.1493026250707118
ExMr_nr_mas_01_3_A07,PA14_21990,PA3247,NA,putative aspartyl aminopeptidase,1.365311052856808,1.0247141600526675
ExMr_nr_mas_01_3_A08,PA14_62300,PA4708,NA,putative periplasmic binding protein,0.6286469853492447,-0.2217385196769834
PAMr_nr_mas_01_1_A01,PA14_28410,PA2759,NA,hypothetical protein,-1.0284262689120307,-1.336909865096081
PAMr_nr_mas_01_1_A02,PA14_42500,PA1703,pcrD,type III secretory apparatus protein PcrD,-1.0319085139087016,-1.5561871137225312
PAMr_nr_mas_01_1_A03,PA14_31260,NA,NA,putative RadC-like protein,-1.6684754938865605,-0.7425677894554444
PAMr_nr_mas_01_1_A04,PA14_28280,PA2770,NA,"putative phenazine biosynthesis protein, PhzF family",-1.3600909250418411,-0.1684896605280486
PAMr_nr_mas_01_1_A05,PA14_68610,PA5193,hslO,"putative chaperonin, 33 kDa",-1.4344178670814902,-0.8971884177778261
PAMr_nr_mas_01_1_A06,PA14_72540,PA5497,NA,putative ribonucleotide reductase,-2.5578029992191667,-1.4550026977907418
PAMr_nr_mas_01_1_A07,PA14_51080,PA1024,NA,Putative dioxygenase,-2.248477097752635,-0.46296286990204577
PAMr_nr_mas_01_1_A08,PA14_53620,PA0826,NA,hypothetical protein,-2.0733895097226496,-1.511377235753466
PAMr_nr_mas_01_1_A09,PA14_01640,PA0133,NA,"putative transcriptional regulator, LysR family",-2.1845472663440106,-0.876556058313289
PAMr_nr_mas_01_1_A10,PA14_00380,PA0031,betC,choline sulfatase,-1.357155622728855,-1.3020664324297138
PAMr_nr_mas_01_1_A11,PA14_14480,PA3830,NA,putative transcriptional regulator,-1.971980397874431,-0.6277246381907933
PAMr_nr_mas_01_1_A12,PA14_33320,NA,NA,hypothetical,-1.975487372411142,-0.7799735419823258
PAMr_nr_mas_01_1_B01,PA14_36520,PA2171,NA,conserved hypothetical protein,-1.080629656949189,-0.28431369969079034
PAMr_nr_mas_01_1_B02,PA14_40710,PA1840,NA,conserved hypothetical protein,-0.8195780303323524,-1.049581716561586
PAMr_nr_mas_01_1_B03,PA14_61340,NA,NA,conserved hypothetical protein,-1.010349640679602,-1.0925839746207573
PAMr_nr_mas_01_1_B04,PA14_12760,PA3950,NA,probable ATP-dependent RNA helicase,-0.5674316388769154,-1.0757626133778968
PAMr_nr_mas_01_1_B05,PA14_32750,PA2465,NA,hypothetical protein,-0.5652753431296702,-0.8665493082203591
PAMr_nr_mas_01_1_B06,PA14_41880,PA1753,NA,universal stress protein,-2.3333130558125434,-0.7507061731189683
PAMr_nr_mas_01_1_B07,PA14_38530,PA2008,fahA,fumarylacetoacetase,-2.480713440047507,-2.026308920442481
PAMr_nr_mas_01_1_B08,PA14_48850,PA1194,NA,probable amino acid permease,-1.8615733625550743,-1.5245997254095731
PAMr_nr_mas_01_1_B09,PA14_66440,PA5025,metY,homocysteine synthase,-2.4239454029967327,-1.0334534313822161
PAMr_nr_mas_01_1_B10,PA14_51520,NA,spcU,SpcU,-1.3486021486824449,-1.3630078733860074
PAMr_nr_mas_01_1_B11,PA14_22860,PA3197,NA,putative transcriptional regulator,-1.4716646335938572,-1.6137411909125228
PAMr_nr_mas_01_1_B12,PA14_20440,PA3373,phnN,ATP-binding component of phosphonate transport,-1.5632316167927187,-1.0528120307047146
PAMr_nr_mas_01_1_C01,PA14_24330,PA3079,NA,putative export protein,-1.815895792592125,-1.0973133499157923
PAMr_nr_mas_01_1_C02,PA14_41590,PA1775,NA,putative cytoplasmic membrane protein,-0.22742003829457225,-0.3100339743775777
PAMr_nr_mas_01_1_C03,PA14_41480,PA1786,nasS,nitrate-binding protein NasS,-1.7967206253215617,-0.6147790218002684
PAMr_nr_mas_01_1_C04,PA14_10120,NA,NA,putative LysR family transcription regulator,-0.526588031501616,-0.5662492954054867
PAMr_nr_mas_01_1_C05,PA14_53940,PA0796,prpB,carboxyphosphonoenolpyruvate phosphonomutase,-1.5708173563893333,-0.4136453817711949
PAMr_nr_mas_01_1_C06,PA14_09660,PA4198,NA,putative AMP-binding enzyme,-1.6960320543661458,-0.4672685265217336
PAMr_nr_mas_01_1_C07,PA14_11030,PA4088,NA,putative aminotransferase,-1.4537586270540013,0.38241439231983826
PAMr_nr_mas_01_1_C08,PA14_08040,PA0619,NA,putative phage tail protein,-1.9749477104407367,-0.44979395693820057
PAMr_nr_mas_01_1_C09,PA14_27090,PA2863,lipH,lipase modulator protein,-0.9764228724942063,-1.0109387608869795
PAMr_nr_mas_01_1_C10,PA14_13780,PA3875,narG,putative respiratory nitrate reductase alpha subun,-1.5271982680508494,-0.7081591146159912
PAMr_nr_mas_01_1_C11,PA14_70350,PA5329,NA,putative thioesterase,-1.084609285848548,-0.7870280396862989
PAMr_nr_mas_01_1_C12,PA14_26600,PA2896,NA,"putative sigma-70 factor, ECF subfamily",-0.8413921226211833,-0.7582921722820622
PAMr_nr_mas_01_1_D01,PA14_43050,PA1656,NA,conserved hypothetical protein,-1.2997049543797832,-0.1759603513364947
PAMr_nr_mas_01_1_D02,PA14_13060,PA3927,NA,probable AraC-type transcriptional regulator,-1.7335689740982179,-0.8022911133031383
PAMr_nr_mas_01_1_D03,PA14_61390,PA4639,NA,putative lipoprotein,-1.4901213604548857,-0.8628363128458926
PAMr_nr_mas_01_1_D04,PA14_71150,PA5387,NA,conserved hypothetical protein,0.06985083324475483,-0.6761472267903842
PAMr_nr_mas_01_1_D05,PA14_19100,PA3479,rhlA,rhamnosyltransferase chain A,-0.36519148681878405,-0.3745038177697072
PAMr_nr_mas_01_1_D06,PA14_60990,PA4609,radA,DNA repair protein RadA,-1.4346654491714257,-0.14946412413780433
PAMr_nr_mas_01_1_D07,PA14_59860,NA,NA,candidate type III effector Hop protein,-1.0600694246044118,0.25576212453408365
PAMr_nr_mas_01_1_D08,PA14_55250,PA0701,NA,probable transcriptional regulator,-0.37187776824704927,-0.6736483804359755
PAMr_nr_mas_01_1_D09,PA14_72280,PA5476,citA,citrate transporter,-1.300189623989833,-1.0024787550391272
PAMr_nr_mas_01_1_D10,PA14_48770,PA1201,NA,putative transcriptional regulator,-1.2334163732621584,-0.9363345962844573
PAMr_nr_mas_01_1_D11,PA14_42470,PA1706,pcrV,type III secretion protein PcrV,-1.136102947302853,-1.3378292453137288
PAMr_nr_mas_01_1_D12,PA14_57690,PA4441,NA,conserved hypothetical protein,-0.7541421661691041,-1.0769416849866231
PAMr_nr_mas_01_1_E01,PA14_55100,PA0714,NA,hypothetical protein,-1.3747880416537799,-0.6686534777139521
PAMr_nr_mas_01_1_E02,PA14_15890,PA3751,purT,phosphoribosylglycinamide formyltransferase 2,-0.6416259598616223,-0.9844275451466149
PAMr_nr_mas_01_1_E03,PA14_63430,PA4801,PA4801,Hypothetical protein,-1.2319778444105745,-1.3990978443788664
PAMr_nr_mas_01_1_E04,PA14_69370,PA5253,algP,alginate regulatory protein AlgP,-1.2394137911844396,-0.42674347292915804
PAMr_nr_mas_01_1_E05,PA14_30910,NA,NA,hypothetical,-0.9953254105228445,-1.082840152760975
PAMr_nr_mas_01_1_E06,PA14_06770,PA0520,nirQ,regulatory protein NirQ,-1.0015618829625257,-2.1306937268904425
PAMr_nr_mas_01_1_E07,PA14_51300,PA1007,NA,conserved hypothetical protein,-1.4326850655652126,0.25165210114319386
PAMr_nr_mas_01_1_E08,PA14_35330,PA2262,NA,putative 2-ketogluconate transporter,-0.9043337331797751,-0.4471095961759059
PAMr_nr_mas_01_1_E09,PA14_54870,NA,NA,hypothetical protein,-1.688809308338287,-1.5742586831968948
PAMr_nr_mas_01_1_E10,PA14_43610,PA1617,NA,putative AMP-binding protein,-1.3390848313059485,-1.1884101142517345
PAMr_nr_mas_01_1_E12,PA14_36260,PA2200,NA,putative signal transduction protein,-1.8166850664436285,-1.615976984805029
PAMr_nr_mas_01_1_F01,PA14_22330,PA3236,NA,putative glycine betaine-binding protein precursor,-0.9091140281124626,-0.9299866223353626
PAMr_nr_mas_01_1_F02,PA14_33040,PA2442,gcvT2,glycine cleavage system protein T2,-1.249742760418581,-1.3694712835900404
PAMr_nr_mas_01_1_F03,PA14_40850,PA1831,NA,putative phosphoglycerate mutase,-1.3706203669872994,-1.4612431972017232
PAMr_nr_mas_01_1_F04,PA14_05080,PA0390,metX,homoserine O-acetyltransferase,0.03761564833398933,-0.33638117529259337
PAMr_nr_mas_01_1_F05,NA,NA,NA,NA,-1.2102004389870076,-1.6361327240883603
PAMr_nr_mas_01_1_F06,PA14_59880,NA,NA,COnserved hypothetical protein,-0.9920941194805944,-1.0586893162762299
PAMr_nr_mas_01_1_F07,PA14_13500,PA3896,NA,putative D-isomer specific 2-hydroxyacid dehydroge,-1.4941191428130514,-0.9559936608654827
PAMr_nr_mas_01_1_F08,PA14_16960,PA3665,NA,"putative transporter, LysE family",-1.5791722617391049,-0.9545461779537272
PAMr_nr_mas_01_1_F09,PA14_12030,PA4005,NA,conserved hypothetical protein,-0.9937095572741607,-1.465927383435933
PAMr_nr_mas_01_1_F10,PA14_18140,PA3569,mmsB,3-hydroxyisobutyrate dehydrogenase,-1.097032568367736,-1.2007103862597055
PAMr_nr_mas_01_1_F11,PA14_21590,PA3282,NA,conserved hypothetical protein,-0.9814887057491634,-1.1290270212799978
PAMr_nr_mas_01_1_F12,PA14_11170,PA4075,NA,conserved hypothetical protein,0.32587611925530385,-0.9585999172291721
PAMr_nr_mas_01_1_G01,PA14_69900,PA5295,NA,putative signal transduction protein,-1.0684722983407207,-0.11668190805484921
PAMr_nr_mas_01_1_G02,PA14_37900,PA2057,NA,putative TonB-dependent receptor,-1.3757690728817389,-0.4869482194246474
PAMr_nr_mas_01_1_G03,PA14_02530,PA0201,NA,putative esterase,-1.3823950432698662,-1.4139603225322743
PAMr_nr_mas_01_1_G04,PA14_67970,PA5145,NA,putative dehydrogenase,-0.6729103808254451,-1.2247760320970351
PAMr_nr_mas_01_1_G05,PA14_70550,PA5343,NA,putative epimerase,-1.0661370392591376,-1.499436440839504
PAMr_nr_mas_01_1_G06,PA14_59070,NA,NA,Conserved Hypothetical Protein,-1.5460711054584886,-0.9438444980286436
PAMr_nr_mas_01_1_G07,PA14_03150,PA0255,NA,putative membrane protein,-0.7346214162895907,-0.885431659280859
PAMr_nr_mas_01_1_G08,PA14_05150,PA0393,proC,pyrroline-5-carboxylate reductase,-1.201367428963816,-1.629407415009999
PAMr_nr_mas_01_1_G09,PA14_72260,PA5475,NA,putative acetyltransferase,-1.952323662638222,-0.44362153185504316
PAMr_nr_mas_01_1_G10,PA14_52910,PA0878,NA,hypothetical protein,-1.5763860586597045,-0.1535731852019266
PAMr_nr_mas_01_1_G11,PA14_40220,PA1878,NA,putative hydrolase,-1.5910908850081615,-1.1980083943853352
PAMr_nr_mas_01_1_G12,PA14_57160,PA4397,apbA,Ketopantoate reductase,-1.1621274448609222,0.6390454734041778
PAMr_nr_mas_01_1_H01,PA14_65040,PA4925,NA,putative mechanosensitive ion channel family protein,-1.5992186487471463,0.18114936974864243
PAMr_nr_mas_01_1_H02,PA14_61860,PA4676,NA,putative carbonic anhydrase,0.599340493767669,-1.286841120696902
PAMr_nr_mas_01_1_H03,NA,NA,NA,NA,0.3063892401422994,-0.7687017494644348
PAMr_nr_mas_01_1_H04,PA14_31280,NA,NA,putative integrase,-1.2871166495867328,-1.3433481735272605
PAMr_nr_mas_01_1_H05,PA14_57910,PA4459,NA,conserved hypothetical protein,0.11799231116841392,-0.9078158870197256
PAMr_nr_mas_01_1_H06,PA14_46370,PA1396,NA,putative two-component sensor,-1.3081920750633482,-0.8545608732917154
PAMr_nr_mas_01_1_H07,PA14_19190,PA3471,NA,putative NAD-linked malate dehydrogenase,-0.6061550418110595,-0.6850395579156137
PAMr_nr_mas_01_1_H08,PA14_46590,NA,NA,putative AcrB/AcrD/AcrF family protein,-1.5443072400633304,-1.2710433582308989
PAMr_nr_mas_01_1_H09,PA14_42390,PA1713,exsA,transcriptional regulator ExsA,-1.3310429615739192,-0.5892365979307155
PAMr_nr_mas_01_1_H10,PA14_67230,PA5090,NA,conserved hypothetical protein,-1.6633381146251403,0.5181188103919848
PAMr_nr_mas_01_1_H12,PA14_71060,PA5379,sdaB,L-serine dehydratase,-1.6190742332953818,-0.6484344029111324
PAMr_nr_mas_01_2_A01,PA14_17860,PA3590,NA,putative 3-hydroxyacyl-CoA dehydrogenase,0.6245451605574881,1.2863635165792455
PAMr_nr_mas_01_2_A02,PA14_39020,PA1972,NA,putative membrane protein,0.05131138489597264,1.449565498450686
PAMr_nr_mas_01_2_A03,PA14_38360,PA2022,NA,putative UDP-glucose 6-dehydrogenas,-0.31837840672068984,0.013119070371608654
PAMr_nr_mas_01_2_A04,PA14_33310,NA,NA,hypothetical,-1.394683840972918,0.5540482496775386
PAMr_nr_mas_01_2_A05,PA14_51430,PA0996,pqsA,probable coenzyme A ligase,3.1044695385943912,2.7047811754075104
PAMr_nr_mas_01_2_A06,PA14_02410,PA0192,NA,putative TonB-dependent receptor,-0.07543106905277959,0.41766042825904043
PAMr_nr_mas_01_2_A07,PA14_55890,PA4302,NA,putative type II secretion system protein,-1.4045322139860974,0.4454426219101129
PAMr_nr_mas_01_2_A08,PA14_08050,PA0620,NA,putative tail fiber protein,-1.1573876932128853,0.5220688647206468
PAMr_nr_mas_01_2_A09,PA14_17740,PA3597,NA,putative amino acid/amine transport protein,-1.0465550548389826,0.9248338408494386
PAMr_nr_mas_01_2_A10,PA14_17980,PA3581,glpF,glycerol uptake facilitator protein,-0.3003704463017671,-0.12435088276445894
PAMr_nr_mas_01_2_A11,PA14_70580,PA5346,NA,putative signal transduction protein,-0.8795799889441707,0.09803134213195865
PAMr_nr_mas_01_2_A12,PA14_56510,PA4345,NA,conserved hypothetical protein,-0.6305061561914912,0.9099419756462078
PAMr_nr_mas_01_2_B01,PA14_08300,PA0641,NA,"putative phage-related protein, tail component",-0.29458574230157414,0.7522223258828149
PAMr_nr_mas_01_2_B02,PA14_51980,PA0950,NA,probable arsenate reductase,-0.24829385977527857,-0.17106482136404744
PAMr_nr_mas_01_2_B03,PA14_44090,NA,NA,putative proteinase inhibitor,-1.0284262689120307,-0.33189484627028565
PAMr_nr_mas_01_2_B04,PA14_68020,NA,NA,conserved hypothetical protein,0.4375029220156267,0.2598696320219186
PAMr_nr_mas_01_2_B05,PA14_67440,PA5106,NA,putative chlorohydrolase,-0.909797224382014,-0.8266708739496861
PAMr_nr_mas_01_2_B06,PA14_30230,PA2620,clpA,"ATP-dependent clp protease, ATP-binding subunit ClpA",-1.8295905942292319,-0.9789054296794713
PAMr_nr_mas_01_2_B07,PA14_63230,PA4783,NA,putative transmembrane protein,-1.0640360479382134,-0.7706729468076949
PAMr_nr_mas_01_2_B08,PA14_31450,NA,NA,hypothetical protein,-1.619839164143074,-0.6230392975762892
PAMr_nr_mas_01_2_B09,PA14_17410,PA3628,NA,putative esterase,-0.5674316388769154,0.8760936002177722
PAMr_nr_mas_01_2_B10,PA14_56660,PA4356,NA,probable xenobiotic reductase B,-1.5880456822408515,-0.15639962502192653
PAMr_nr_mas_01_2_B11,PA14_27150,PA2857,NA,"putative ABC transporter, ATP-binding protein",-1.871916648695899,-1.1376481951275856
PAMr_nr_mas_01_2_B12,PA14_55920,PA4304,NA,putative type II secretion system protein,-1.3140184480197898,-0.36415753055523464
PAMr_nr_mas_01_2_C01,PA14_71190,PA5391,NA,conserved hypothetical protein,-0.37794336302275344,0.7811147902728944
PAMr_nr_mas_01_2_C02,PA14_04780,PA0364,NA,"putative oxidoreductase, GMC family",0.4553052212441505,0.516259156390474
PAMr_nr_mas_01_2_C03,PA14_23920,PA3108,purF,amidophosphoribosyltransferase,-1.09679793930012,0.24294020312598363
PAMr_nr_mas_01_2_C04,PA14_62440,PA4719,NA,putative transporter,-0.45542664555970463,-0.14433133377966187
PAMr_nr_mas_01_2_C05,PA14_71230,PA5395,NA,conserved hypothetical protein,-0.8589884548995277,0.4124679509272505
PAMr_nr_mas_01_2_C06,PA14_00320,PA0028,NA,conserved hypothetical protein,-0.442728124404847,-0.4516736486309059
PAMr_nr_mas_01_2_C07,PA14_18230,PA3563,fruR,transcriptional repressor of fru operon,-0.7688226329364787,0.36555394949325504
PAMr_nr_mas_01_2_C08,PA14_21870,PA3258,NA,putative EAL domain/GGDEF domain protein,-0.5109658208432648,-0.30057425029014184
PAMr_nr_mas_01_2_C09,PA14_19700,PA3430,NA,putative class II aldolase/adducin domain protein,-1.1915939813342273,-0.18731109974123183
PAMr_nr_mas_01_2_C10,PA14_35630,PA2240,NA,conserved hypothetical protein,-2.253269956403014,-0.4524793920034601
PAMr_nr_mas_01_2_C11,PA14_35980,NA,PAGI-1(7),putative acyl-CoA dehydrogenase,0.11334954647302037,-0.4909991501664803
PAMr_nr_mas_01_2_C12,PA14_20960,PA3332,NA,putativ isomerase,-0.6387896306763092,-0.6844834418446845
PAMr_nr_mas_01_2_D01,PA14_12630,NA,NA,NA,0.09105523696240483,0.12026413078584848
PAMr_nr_mas_01_2_D02,PA14_72660,PA5507,NA,putative amidase,-0.21700907570260883,-0.18472969765199052
PAMr_nr_mas_01_2_D03,PA14_54270,PA0774,NA,conserved hypothetical protein,-1.546827199382663,1.1498368408270778
PAMr_nr_mas_01_2_D04,PA14_13140,PA3922,NA,conserved hypothetical protein,-0.9736614112974907,-0.12435088276445894
PAMr_nr_mas_01_2_D05,PA14_35670,PA2237,NA,putative glycosyl hydrolase,0.23504848762011574,-0.7246420712138534
PAMr_nr_mas_01_2_D06,PA14_26360,PA2914,NA,putative permease of ABC transporter,-1.3191209602100527,-0.042744202285535195
PAMr_nr_mas_01_2_D07,PA14_46610,NA,NA,putative methyltransferase,-0.4719731852721506,-9.287647509639893e-4
PAMr_nr_mas_01_2_D08,PA14_14630,PA3821,secD,protein-export membrane protein SecD,-0.803434958858905,0.2572121201836161
PAMr_nr_mas_01_2_D09,PA14_16590,PA3696,NA,conserved hypothetical protein,-0.9543650919044742,0.47053589104397725
PAMr_nr_mas_01_2_D10,PA14_38140,PA2040,NA,putative glutamine synthetase,-0.5879534420736998,-0.2524317308452987
PAMr_nr_mas_01_2_D11,PA14_48060,PA1249,aprA,alkaline metalloproteinase precursor,-1.8114251126105374,-0.5110196126271995
PAMr_nr_mas_01_2_D12,PA14_72210,PA5471,NA,conserved hypothetical protein,-0.8984203073440428,-0.24695910003266902
PAMr_nr_mas_01_2_E01,PA14_38010,PA2049,NA,conserved hypothetical protein,0.27893027719690294,-0.6733707882751002
PAMr_nr_mas_01_2_E02,PA14_70200,PA5317,NA,putative binding protein component of ABC dipeptide transporter,0.48729573376318147,0.246329507636191
PAMr_nr_mas_01_2_E03,PA14_46880,PA1345,gshB,glutathione synthase,-0.531303722181049,-0.8894438466008753
PAMr_nr_mas_01_2_E04,PA14_23430,NA,ORF_11,NA,-1.133270421376146,-0.09678349680235487
PAMr_nr_mas_01_2_E05,PA14_09300,PA4223,NA,putative ATP-binding component of ABC transporter,-0.4926112697333857,0.3039272562054668
PAMr_nr_mas_01_2_E06,PA14_51940,PA0952,NA,hypothetical protein,-1.0586700375790554,-1.2807606558632616
PAMr_nr_mas_01_2_E07,PA14_00810,PA0069,NA,putative DNA repair photolyase,-0.47069882630219745,-0.06527109352142967
PAMr_nr_mas_01_2_E08,PA14_29620,PA2665,NA,putative transcriptional regulator,-1.2238323962878508,0.5457204837832794
PAMr_nr_mas_01_2_E09,PA14_71460,PA5415,glyA1,serine hydroxymethyltransferase,-1.1351586301016114,-0.26730855293932565
PAMr_nr_mas_01_2_E10,PA14_10620,PA4124,hpcB,"homoprotocatechuate 2,3-dioxygenase",-2.3315993506050856,-0.9998554032726116
PAMr_nr_mas_01_2_E11,PA14_26610,PA2895,NA,hypothetical protein,-1.0221630873134688,-0.3588579239866523
PAMr_nr_mas_01_2_E12,PA14_48570,PA1217,NA,putative 2-isopropylmalate synthase,-1.012432753199097,-0.056909601463753706
PAMr_nr_mas_01_2_F01,PA14_67750,PA5130,NA,putative rhodanese-like domain protein,-1.2917132988838702,-0.996359195556152
PAMr_nr_mas_01_2_F02,PA14_32850,NA,NA,hypothetical protein,-0.8256423913994378,-1.238652961889737
PAMr_nr_mas_01_2_F03,PA14_50070,PA1106,NA,conserved hypothetical protein,-0.9445100998996306,-0.5796489831550931
PAMr_nr_mas_01_2_F04,PA14_08380,PA0653,NA,putative redox protein,-1.213067867873773,-0.6958930436326991
PAMr_nr_mas_01_2_F05,PA14_46290,PA1403,NA,"putative transcriptional regulator, TetR family",-1.5516179083350552,-0.5651566237684781
PAMr_nr_mas_01_2_F06,PA14_18550,PA3542,alg44,alginate biosynthesis protein Alg44,-0.8445468120255246,-0.14279226197934558
PAMr_nr_mas_01_2_F07,PA14_36080,PA2214,NA,putative MFS transporter,-0.7069969258302543,0.06528941929950136
PAMr_nr_mas_01_2_F08,PA14_42140,PA1732,NA,putative transglutaminase-like domain protein,-0.9403893396586356,0.5709034465065409
PAMr_nr_mas_01_2_F09,PA14_60060,NA,NA,hypothetical protein,-1.5086324648196177,-0.839463114171386
PAMr_nr_mas_01_2_F10,PA14_68500,PA5186,NA,"putative alcohol dehydrogenase, iron-containing",-1.1405903932316666,-0.26887645461512777
PAMr_nr_mas_01_2_F11,PA14_08090,PA0623,NA,putative phage tail tube protein,-1.2420544697734452,-0.5180680339769891
PAMr_nr_mas_01_2_F12,PA14_22060,PA3241,NA,putative patatin family protein,-0.8341873463865164,-0.5654297749971912
PAMr_nr_mas_01_2_G01,PA14_30430,PA2603,NA,thiosulfate sulfurtransferase,-0.15692292740879385,-2.0675264867751655
PAMr_nr_mas_01_2_G02,PA14_56870,PA4373,NA,conserved hypothetical protein,-0.25260003328370256,-1.7076441985231154
PAMr_nr_mas_01_2_G03,NA,"PA4592, PA4593",NA,NA,-1.6412951251875574,-1.090811317907022
PAMr_nr_mas_01_2_G04,PA14_16210,PA3726,NA,conserved hypothetical protein,-0.8157627296749066,-1.1053017370986733
PAMr_nr_mas_01_2_G05,PA14_63990,PA4839,speA,biosynthetic arginine decarboxylase,0.0949381951767541,-1.1385406732173415
PAMr_nr_mas_01_2_G06,PA14_40980,PA1821,NA,putative Enoyl-CoA hydratase,-1.4517722171460044,-0.6095527683375036
PAMr_nr_mas_01_2_G07,PA14_09610,PA4200,NA,hypothetical,-1.2216780146921153,-0.17673365635334873
PAMr_nr_mas_01_2_G08,PA14_52080,PA0941,NA,hypothetical protein,-1.174230020272999,-0.7009082719168288
PAMr_nr_mas_01_2_G09,PA14_63070,PA4769,NA,"putative transcriptional regulator, GntR family",-1.1080700296103856,-0.7338790393953836
PAMr_nr_mas_01_2_G10,PA14_23720,PA3123,NA,putative translation initiation inhibitor,-1.8108993593374276,-0.4500624520869051
PAMr_nr_mas_01_2_G11,PA14_16430,PA3708,NA,putative methyl-accepting chemotaxis transducer,-0.6146237418776894,-0.07491240297702909
PAMr_nr_mas_01_2_H01,PA14_28600,PA2747,NA,conserved hypothetical protein,-1.2651476230239158,-1.598748694082071
PAMr_nr_mas_01_2_H02,PA14_36130,PA2209,NA,conserved hypothetical protein,-0.47261046169769255,-1.9442901707814926
PAMr_nr_mas_01_2_H03,PA14_00550,PA0043,NA,putative membrane protein,-1.1000835438428482,-1.769132022537968
PAMr_nr_mas_01_2_H04,PA14_52190,PA0933,ygcA,probable RNA methyltransferase,-1.0435299556776774,-2.316747512897476
PAMr_nr_mas_01_2_H05,PA14_19830,PA3421,NA,conserved hypothetical protein,0.17727191959744765,-1.3540924344764593
PAMr_nr_mas_01_2_H06,PA14_44510,PA1542,NA,putative hydrolase,0.20327037365209244,-0.923068402107778
PAMr_nr_mas_01_2_H07,PA14_41750,PA1764,NA,putative outer membrane protein transport protein,-0.615492972258027,-1.3756327059117766
PAMr_nr_mas_01_2_H08,PA14_12680,PA3957,NA,possible short-chain dehydrogenase,-1.3689050688581799,0.3329001874556842
PAMr_nr_mas_01_2_H09,PA14_44260,PA1565,NA,putative oxidoreductase,-0.3748052553307743,-1.1863123193861171
PAMr_nr_mas_01_2_H10,PA14_18520,PA3543,algK,alginate biosynthetic protein AlgK precursor,-1.0279621153649907,-0.7591355907192971
PAMr_nr_mas_01_2_H11,PA14_48740,PA1204,NA,putative oxidoreductase,-0.36435620172227234,-0.7299587725763529
PAMr_nr_mas_01_2_H12,PA14_01380,PA0113,NA,putative cytochrome c oxidase assembly factor,-0.8560523084569409,-0.3662785457083778
PAMr_nr_mas_01_3_A01,PA14_48990,PA0718,NA,hypothetical protein of bacteriophage Pf1,0.5113184113955441,1.279727248012107
PAMr_nr_mas_01_3_A02,PA14_44110,PA1577,NA,putative membrane protein,1.1476908361198284,1.5473694596325653
PAMr_nr_mas_01_3_A03,PA14_67780,PA5132,NA,putative membrane protein,0.391571956719889,1.2499909611997126
PAMr_nr_mas_01_3_A04,PA14_22980,PA3190,gltB,putative binding protein component of ABC sugar transporter,-1.5156509130730307,-0.378221764242006
PAMr_nr_mas_01_3_A05,PA14_41480,PA1786,nasS,nitrate-binding protein NasS,-0.6573580857316091,0.7026595277183267
PAMr_nr_mas_01_3_A06,PA14_08560,PA0668,tyrZ,tyrosyl-tRNA synthetase 2,-1.766631381900373,-0.5245808470491257
PAMr_nr_mas_01_3_A07,PA14_51710,PA0973,oprL,Peptidoglycan associated lipoprotein OprL precursor,0.3862006712541792,0.06255370044290233
PAMr_nr_mas_01_3_A08,PA14_36000,NA,PAGI-1(5),Probable transcriptional regulator,-1.066370526112751,-0.2979489141683807
PAMr_nr_mas_01_3_A09,PA14_31310,PA2568,NA,hypothetical protein,-0.5411752545890075,-0.41417949754860434
PAMr_nr_mas_01_3_A10,NA,NA,NA,NA,-0.6078912807130721,0.2847026711740051
PAMr_nr_mas_01_3_A11,PA14_17440,PA3626,NA,putative tRNA pseudouridine synthase D,-1.1635500678686277,0.4824632915637814
PAMr_nr_mas_01_3_A12,PA14_51160,PA1018,NA,hypothetical protein,-1.1635500678686277,1.055463402327769
PAMr_nr_mas_01_3_B01,PA14_53700,PA0817,NA,probable ring-cleaving dioxygenase,-1.0286583585445703,-1.0150267223324854
PAMr_nr_mas_01_3_B02,PA14_46680,PA1361,NA,putative multidrug efflux transporter,0.172864467394033,-0.7830766072884289
PAMr_nr_mas_01_3_B03,PA14_32590,PA2478,NA,probable thiol:disulfide interchange protein,-0.6988433187372588,-1.281368454460419
PAMr_nr_mas_01_3_B04,PA14_65480,PA4956,rhdA,thiosulfate sulfurtransferase,-0.09800635326466292,-0.6079032178294267
PAMr_nr_mas_01_3_B05,PA14_25970,PA2944,cobN,cobalamin biosynthetic protein CobN,-1.2478198055891772,-1.7410835565160523
PAMr_nr_mas_01_3_B06,PA14_35070,PA2281,NA,"putative transcriptional regulator, AraC family",-2.1082944720834305,-1.4468987155158362
PAMr_nr_mas_01_3_B07,PA14_05500,PA0422,NA,putative cytochrome b561,-0.8610219757436769,-1.1094476108839562
PAMr_nr_mas_01_3_B08,NA,NA,NA,NA,-1.534992168695603,-1.6242878904600888
PAMr_nr_mas_01_3_B09,PA14_72380,PA5483,algB,two-component response regulator AlgB,-0.9911711986186361,-1.830198984309688
PAMr_nr_mas_01_3_B10,PA14_06670,PA0511,nirJ,heme d1 biosynthesis protein NirJ,-0.7804132688794928,-0.787875078021307
PAMr_nr_mas_01_3_B11,PA14_52690,PA0897,aruG,arginine/ornithine succinyltransferase AII subunit,0.2310612610317749,-0.5812916016475168
PAMr_nr_mas_01_3_B12,PA14_04220,PA0323,NA,putative binding protein component of ABC transporter,-1.1709054226138507,-0.5167119932092701
PAMr_nr_mas_01_3_C01,PA14_37610,PA2080,NA,putative kynureninase,-0.17837428124425636,-0.1246066662667988
PAMr_nr_mas_01_3_C02,PA14_24880,PA3031,NA,putative lipoprotein,-0.21537754765223935,-0.6578439269009899
PAMr_nr_mas_01_3_C03,PA14_41630,PA1773,NA,putative cytoplasmic membrane-associated protein,-0.48622111307854043,-0.9858814890555806
PAMr_nr_mas_01_3_C04,PA14_68860,PA5214,gcvH1,glycine cleavage system protein H1,-1.380922001417236,-1.8652508198728712
PAMr_nr_mas_01_3_C05,PA14_26050,PA2938,NA,putative xanthine/uracil permease,-1.1405903932316666,-1.5679122375256331
PAMr_nr_mas_01_3_C06,PA14_66340,PA5019,NA,conserved hypothetical protein,-1.9952168243697357,-1.2519534548629607
PAMr_nr_mas_01_3_C07,PA14_58540,PA4511,NA,NA,-1.9244253371234106,-1.2807606558632616
PAMr_nr_mas_01_3_C08,PA14_61300,PA4633,NA,putative methyl-accepting chemotaxis protein (MCP),-2.3605091969755603,-1.2082216330511621
PAMr_nr_mas_01_3_C09,PA14_23060,PA3184,hexR,"putative transcriptional regulator, RpiR family",-2.644548877929751,-1.6895332657793973
PAMr_nr_mas_01_3_C10,PA14_21120,PA3318,NA,hypothetical protein,0.5296375728599868,-1.379640666452912
PAMr_nr_mas_01_3_C11,PA14_06720,PA0516,nirF,heme d1 biosynthesis protein NirF,-1.915064268323531,-1.4771827897786491
PAMr_nr_mas_01_3_C12,PA14_53260,PA0851,NA,hypothetical,-0.7492562898949476,-1.3960056339517863
PAMr_nr_mas_01_3_D01,PA14_00400,PA0032,NA,"putative transcriptional regulator, LysR family",0.13556502768666018,-0.7386424445703026
PAMr_nr_mas_01_3_D02,PA14_12650,PA3959,NA,hypothetical protein,-0.2558829094535764,-0.26835378001540267
PAMr_nr_mas_01_3_D03,PA14_48680,PA1208,NA,putative flavoprotein involved in K+ transport,-1.231258703475425,-2.0952605646372344
PAMr_nr_mas_01_3_D04,PA14_21050,PA3324,NA,putative short-chain dehydrogenase,-2.480128592752413,-2.0120609851935605
PAMr_nr_mas_01_3_D05,PA14_38160,PA2039,NA,putative branched-chain amino acid transport protein AzlC,0.03722390256669484,-0.4107085047089734
PAMr_nr_mas_01_3_D06,PA14_52980,PA0873,phhR,transcriptional regulator PhhR,-2.022888176421762,-1.0393137780499289
PAMr_nr_mas_01_3_D07,PA14_57190,PA4400,NA,putative pyrophosphohydrolase,-1.9622789796261335,-0.7383621506414874
PAMr_nr_mas_01_3_D08,PA14_00490,PA0040,NA,putative hemolysin activation/secretion protein,-2.167831183887135,-0.9748394084715981
PAMr_nr_mas_01_3_D09,PA14_50940,PA1035,NA,conserved hypothetical protein,-1.6682185251338817,-1.42295571501465
PAMr_nr_mas_01_3_D10,PA14_58270,PA4491,NA,conserved hypothetical protein,-0.7973919842675002,-1.5561871137225312
PAMr_nr_mas_01_3_D11,PA14_20840,PA3342,NA,conserved hypothetical protein,-2.5161983649553568,-1.1189335237668103
PAMr_nr_mas_01_3_D12,NA,NA,NA,NA,-1.2781749192852312,-1.4062153408233609
PAMr_nr_mas_01_3_E01,PA14_40600,PA1850,NA,putative transcriptional regulator,2.9497823122145723,2.492220624466028
PAMr_nr_mas_01_3_E02,PA14_66700,PA5048,NA,putative nuclease,-0.5291597876462667,-1.0911067281739948
PAMr_nr_mas_01_3_E03,PA14_05990,PA0458,NA,"putative drug resistance transporter, EmrB/QacA family",-0.698182678971476,-0.73555985512863
PAMr_nr_mas_01_3_E04,PA14_22370,PA3233,NA,putative signal-transduction protein,-0.8578590054210942,-1.5606212378861681
PAMr_nr_mas_01_3_E05,PA14_39750,PA1916,NA,putative amino acid permease,-0.9775738396312117,-0.877700637677765
PAMr_nr_mas_01_3_E06,PA14_15080,PA3789,NA,putative iron-regulated membrane protein,-0.6650198990265305,-0.4385268510511594
PAMr_nr_mas_01_3_E07,PA14_49710,PA1135,NA,conserved hypothetical protein,-0.5831950570926816,-0.5867699025665903
PAMr_nr_mas_01_3_E08,PA14_43870,PA1595,NA,hypothetical protein,-1.8219494274442523,-1.3777905410311375
PAMr_nr_mas_01_3_E09,PA14_29500,PA2676,NA,putative type II secretion system protein,-1.3833772630689047,-1.5032049230884144
PAMr_nr_mas_01_3_E10,PA14_54900,NA,NA,hypothetical,-2.405425081593631,-0.7235233022548953
PAMr_nr_mas_01_3_E11,PA14_29850,PA2649,nuoN,NADH dehydrogenase I chain N,-1.9865606700934486,-1.5239694918683926
PAMr_nr_mas_01_3_E12,PA14_64700,PA4896,NA,"putative sigma-70 factor, ECF subfamily",-0.49623524548226217,-0.4369188077855567
PAMr_nr_mas_01_3_F01,PA14_61720,PA4667,NA,conserved hypothetical protein,1.0911349971953204,-0.7892870462330785
PAMr_nr_mas_01_3_F02,PA14_56970,NA,NA,conserved hypothetical protein,-0.3955457898007095,-1.0454726554974636
PAMr_nr_mas_01_3_F03,PA14_60690,PA4586,NA,putative lipoprotein,-0.9029686023788258,-0.8255349652740727
PAMr_nr_mas_01_3_F04,PA14_35270,PA2266,NA,putative cytochrome c precursor,-1.66924646320917,-1.2474162334391474
PAMr_nr_mas_01_3_F05,PA14_08740,PA4272,rplJ,50S ribosomal protein L10,-0.9821798177618852,-2.542860773985434
PAMr_nr_mas_01_3_F06,PA14_07870,PA0604,NA,putative binding protein component of ABC transporter,-0.9497794518172038,-0.9464460389134177
PAMr_nr_mas_01_3_F07,NA,NA,NA,NA,-2.229342140957499,0.013369657487996693
PAMr_nr_mas_01_3_F08,PA14_26330,PA2917,NA,"putative transcriptional regulator, AraC family",-0.4677263268275468,-1.2380490199868115
PAMr_nr_mas_01_3_F09,PA14_03430,PA0265,gabD,"succinate-semialdehyde dehydrogenase, NADP-dependent activity",-0.6852041936664662,0.016876894869021875
PAMr_nr_mas_01_3_F10,PA14_49200,PA1178,oprH,PhoP/Q and low Mg2+ inducible outer membrane prote,-1.7499482651346578,-0.874839555253488
PAMr_nr_mas_01_3_F11,PA14_06420,PA0492,NA,putative homologue of lactam utilization protein B,0.04935667794971805,-0.250867666542034
PAMr_nr_mas_01_3_F12,PA14_41560,PA1779,nasA,assimilatory nitrate reductase,-2.290042611490883,-0.45301660800855725
PAMr_nr_mas_01_3_G01,PA14_51090,PA1023,NA,probable short-chain dehydrogenase,-0.325015029340495,-0.8531351043153944
PAMr_nr_mas_01_3_G02,PA14_71070,PA5380,NA,"putative transcriptional regulator, AraC family",0.1694129990385598,-0.7858988215410008
PAMr_nr_mas_01_3_G03,PA14_11610,PA4038,NA,possible ABC transporter permease component,-0.46984939722912733,-1.0077285374229756
PAMr_nr_mas_01_3_G04,PA14_72810,PA5519,NA,putative acyl-CoA thioester hydrolase,0.08911285759593897,-1.6499246626856467
PAMr_nr_mas_01_3_G05,PA14_09280,PA4225,pchF,pyochelin synthetase PchF,-0.798958123380272,-1.4875168571468098
PAMr_nr_mas_01_3_G06,PA14_21610,PA3280,oprO,pyrophosphate-specific outer membrane porin OprO precursor,-0.17979346136699567,-1.1311069803603575
PAMr_nr_mas_01_3_G07,PA14_25810,PA2956,NA,putative oxidase,-1.040273784626291,-0.632965069788805
PAMr_nr_mas_01_3_G08,PA14_28310,PA2767,NA,putative enoyl-CoA hydratase,-1.169481133393613,-0.8147534125399601
PAMr_nr_mas_01_3_G09,PA14_64890,PA4912,NA,putative permease of ABC branched chain amino acid transporter,-1.5855091402255044,-1.40559612829969
PAMr_nr_mas_01_3_G10,PA14_34680,PA2317,NA,putative amino acid oxidase,0.34492972320297827,-0.4032386127867447
PAMr_nr_mas_01_3_G11,PA14_30490,PA2598,NA,putative lavin-dependent oxidoreductase,-1.0895287806738012,-0.4414759316103707
PAMr_nr_mas_01_3_G12,PA14_71800,PA5439,NA,putative glucose-6-phosphate dehydrogenase,-0.23109861830987447,-0.5452465575366562
PAMr_nr_mas_01_3_H01,PA14_28800,NA,NA,putative cell filamentation protein,0.16192830688840054,0.9695294647868349
PAMr_nr_mas_01_3_H02,PA14_71940,PA5450,wzt,ABC subunit of A-band LPS efflux transporter,0.9966819103675194,-1.7274279624370517
PAMr_nr_mas_01_3_H03,PA14_30190,PA2623,icd,isocitrate dehydrogenase,0.6279338168482915,-0.5102068094637016
PAMr_nr_mas_01_3_H04,PA14_65010,PA4923,NA,putative lysine decarboxylase,0.4694011179384777,-1.251348314716625
PAMr_nr_mas_01_3_H05,PA14_36100,PA2212,pdxA,putative pyridoxal phosphate biosynthesis protein,-0.04043032811036459,-1.1932075381179286
PAMr_nr_mas_01_3_H06,PA14_50220,PA1097,fleQ,transcriptional regulator FleQ,-0.3337362485489558,-1.2567965416903142
PAMr_nr_mas_01_3_H07,PA14_47880,PA1264,NA,putative transcriptional regulator,-0.40541632515985704,-1.0672205346258217
PAMr_nr_mas_01_3_H08,PA14_14290,PA3844,PA3844,NA,-0.3771063810404086,0.2254824008170009
PAMr_nr_mas_01_3_H09,PA14_39410,PA1943,NA,putative acetyltransferase,-0.2304853720562407,0.16107903147129576
PAMr_nr_mas_01_3_H10,PA14_20520,NA,NA,hypothetical protein,-1.3390848313059485,-0.6084530229432522
PAMr_nr_mas_01_3_H11,PA14_22520,NA,NA,putative nucleoside-diphosphate-sugar epimerase,-1.2999472845114035,-1.372859365716055
PAMr_nr_mas_01_3_H12,NA,PA1643,NA,NA,-0.3637298107655103,-0.4117763112847443
PAMr_nr_mas_01_4_A02,PA14_32500,PA2484,NA,putative TetR-family transcriptional regulator,-0.5385985765911077,1.1288614822054368
PAMr_nr_mas_01_4_A03,PA14_31640,PA2546,NA,putative ring-cleaving dioxygenase,-2.1014080704573077,1.316558484781382
PAMr_nr_mas_01_4_A04,PA14_18690,PA3529,NA,putative alkyl hydroperoxide reductase subunit,-0.2058008669418607,1.3035458114404883
PAMr_nr_mas_01_4_A05,PA14_59800,NA,pvrS,kinase sensor protein,-0.6753233391985963,0.4041989014931833
PAMr_nr_mas_01_4_A06,PA14_13170,PA3920,NA,probable metal transporting P-type ATPase,-0.8750485874375444,-0.13049237950133535
PAMr_nr_mas_01_4_A07,PA14_72350,PA5480,NA,hypothetical protein,-0.8700678175490546,-0.3480067982334703
PAMr_nr_mas_01_4_A08,PA14_40450,PA1858,str,streptomycin 3''-phosphotransferase,-1.9212142563959411,-0.14227931648293457
PAMr_nr_mas_01_4_A09,PA14_60800,PA4595,NA,"putative ABC transporter, ATP-binding protein",0.06653726397118635,0.9756111892903274
PAMr_nr_mas_01_4_A10,PA14_51770,PA0968,NA,conserved hypothetical protein,-1.825637106366762,0.27097147390153475
PAMr_nr_mas_01_4_A11,PA14_52660,PA0899,aruB,succinylarginine dihydrolase,0.004229752171549946,0.8165561118829455
PAMr_nr_mas_01_4_A12,PA14_60310,NA,pilY1,type 4 fimbrial biogenesis protein PilY1,3.7297736675300395,2.019244255076171
PAMr_nr_mas_01_4_B01,PA14_06960,PA0534,NA,putative oxidoreductase,-1.4530136497411137,0.12100395656524357
PAMr_nr_mas_01_4_B02,PA14_02740,PA0224,NA,putative aldolase,-0.12227015914409245,0.5932347714348376
PAMr_nr_mas_01_4_B03,PA14_36730,PA2152,NA,putative trehalose synthase,-0.978494765171401,-0.7546385835924372
PAMr_nr_mas_01_4_B04,PA14_26230,PA2924,hisQ,histidine transport system permease protein,-0.4902674576043562,-0.02004084657724575
PAMr_nr_mas_01_4_B05,PA14_68140,PA5160,pmrB,drug efflux transporter,-0.1172492903264432,-1.3981700316184624
PAMr_nr_mas_01_4_B06,PA14_13260,PA3915,moaB1,MoaB1,-0.13494057244747898,-0.8611233153874124
PAMr_nr_mas_01_4_B07,PA14_21340,PA3300,fadD2,long-chain-fatty-acid--CoA ligase,1.0743840412637016,1.2054526771745155
PAMr_nr_mas_01_4_B08,PA14_05790,PA0443,NA,"putative permease for cytosine/purines, uracil, thiamine, allantoin",-0.32335521636999887,-1.0784158159066883
PAMr_nr_mas_01_4_B09,PA14_54180,PA0781,NA,hypothetical protein,-0.3279207575507633,-0.7101126040163914
PAMr_nr_mas_01_4_B10,PA14_20240,PA3389,NA,putative ring-cleaving dioxygenase,-0.10281156517728936,0.2337320233087483
PAMr_nr_mas_01_4_B11,PA14_70110,PA5310,NA,putative cardiolipin synthase,-0.1411846125557412,0.3714955587043318
PAMr_nr_mas_01_4_B12,PA14_67450,PA5107,blc,outer membrane lipoprotein Blc,-0.7017068940257275,0.44379773123086647
PAMr_nr_mas_01_4_C01,PA14_33030,PA2443,sdaA,L-serine dehydratase,-0.9916326421034661,0.29191834665750616
PAMr_nr_mas_01_4_C02,PA14_64230,PA4856,NA,putative sensor histidine kinase/response regulator,-1.2379738886946565,-0.22900896006879604
PAMr_nr_mas_01_4_C03,PA14_65630,PA4965,NA,putative aspartyl protease,-1.095859510638256,-0.995194197678664
PAMr_nr_mas_01_4_C04,PA14_28130,PA2780,NA,putative transcriptional regulator,0.5477228865377818,-0.5229520510605473
PAMr_nr_mas_01_4_C05,PA14_70800,PA5365,phoU,phosphate uptake regulatory protein PhoU,-0.08920633153598326,-0.8911640901177426
PAMr_nr_mas_01_4_C06,PA14_24960,PA3024,NA,putative glycerol kinase,0.4679380804451614,-0.5801964779749189
PAMr_nr_mas_01_4_C07,PA14_02930,PA0237,NA,putative oxidoreductase,-0.21966121271176392,0.054339845353990036
PAMr_nr_mas_01_4_C08,PA14_15650,NA,NA,putative regulatory protein,-0.10641788736685706,-0.31740076864889616
PAMr_nr_mas_01_4_C09,PA14_32890,PA2453,NA,hypothetical protein,0.019373581689255855,0.4817622663494468
PAMr_nr_mas_01_4_C10,PA14_69980,PA5301,NA,putative transcriptional regulator,0.1299702650505001,-0.18472969765199052
PAMr_nr_mas_01_4_C11,NA,NA,NA,NA,-0.16602068949713517,0.07771046706533458
PAMr_nr_mas_01_4_C12,PA14_27250,PA2848,NA,"putative transcriptional regulator, LysR family",-1.023090572200821,0.6253350722276325
PAMr_nr_mas_01_4_D01,PA14_20450,PA3372,phnP,putative phosphonate metabolism protein,-0.8204760849326502,-0.09831205062831856
PAMr_nr_mas_01_4_D02,PA14_66420,PA5024,NA,putative membrane protein,-0.7094230130689387,-0.8357650724641111
PAMr_nr_mas_01_4_D03,PA14_21370,PA3299,fadD1,long-chain-fatty-acid--CoA ligase,-1.1130079353760498,-0.8834264648943995
PAMr_nr_mas_01_4_D04,PA14_59440,NA,NA,Conserved Hypothetical protein,-0.2009162711958508,-0.2772447899394461
PAMr_nr_mas_01_4_D05,PA14_62450,PA4720,trmA,tRNA (uracil-5-)-methyltransferase,0.6542672872053245,-0.42273113709295845
PAMr_nr_mas_01_4_D06,PA14_70650,PA5352,NA,putative GlcG protein,0.7731633945215326,-0.31476884215584433
PAMr_nr_mas_01_4_D07,PA14_12990,PA3933,NA,probable choline transporter,0.6316770487056059,-0.26051854266085095
PAMr_nr_mas_01_4_D08,PA14_04330,PA0332,NA,putative integral membrane protein,-0.4981546674479428,-1.1236815137105431
PAMr_nr_mas_01_4_D09,PA14_19140,PA3475,pheC,cyclohexadienyl dehydratase,0.24510025086984577,-0.41952299495063916
PAMr_nr_mas_01_4_D10,PA14_57050,PA4389,NA,putative short chain dehydrogenase,-0.6567017934150624,-0.9542567188372255
PAMr_nr_mas_01_4_D11,PA14_47300,PA1310,phnW,2-aminoethylphosphonate:pyruvate aminotransferase,-0.05253920138066484,-0.48883834943678023
PAMr_nr_mas_01_4_D12,PA14_22420,PA3229,NA,conserved hypothetical protein,-0.531303722181049,0.0013309074401262892
PAMr_nr_mas_01_4_E01,PA14_27640,NA,NA,putative protein associated with synthesis and assembly of refractile inclusion bodies,-0.550847219276722,-1.262249195917687
PAMr_nr_mas_01_4_E02,PA14_72300,PA5477,NA,putative membrane protein,-0.7545865251980151,-2.194461263788237
PAMr_nr_mas_01_4_E03,PA14_13810,PA3873,narJ,respiratory nitrate reductase delta chain,-0.7490342948596231,-0.7921118743071333
PAMr_nr_mas_01_4_E04,PA14_02750,PA0225,NA,putative transcriptional regulator,0.5792474601818676,-1.04341906817983
PAMr_nr_mas_01_4_E05,PA14_66040,PA4994,NA,putative acyl-CoA dehydrogenase,1.0757124794612567,-0.04527154563293188
PAMr_nr_mas_01_4_E06,PA14_62300,PA4708,NA,putative periplasmic binding protein,0.6047116631199467,-0.5004608433233709
PAMr_nr_mas_01_4_E07,PA14_43320,PA1638,NA,putative glutaminase,0.557287037671398,-2.151074997880402
PAMr_nr_mas_01_4_E08,PA14_23160,PA3176,gltS,sodium/glutamate symporter,0.05189767841450086,-0.9152939207644716
PAMr_nr_mas_01_4_E09,PA14_20430,PA3374,phnM,phosphonate metabolism protein,0.25418987828356804,-0.9893722403414883
PAMr_nr_mas_01_4_E10,PA14_55610,PA0669,NA,probable DNA polymerase alpha chain,0.2291616919984836,-0.10340974631376086
PAMr_nr_mas_01_4_E11,PA14_33280,PA2424,pvdL,PvdL,2.2230122761544338,-0.9374894188512892
PAMr_nr_mas_01_4_E12,PA14_61150,PA4621,NA,putative oxidoreductase,-0.9066096105135487,-0.7053694016468616
PAMr_nr_mas_01_4_F01,PA14_09470,PA4211,phzB1,probable phenazine biosynthesis protein,-0.7743923853415962,-0.17080726080329836
PAMr_nr_mas_01_4_F02,PA14_29160,PA2705,NA,conserved hypothetical protein,-0.5940147850750344,-1.8351480415774388
PAMr_nr_mas_01_4_F03,PA14_40100,PA1888,NA,conserved hypothetical protein,-0.7813057425296622,-1.3148824460272392
PAMr_nr_mas_01_4_F04,PA14_66950,PA5067,hisE,phosphoribosyl-ATP pyrophosphohydrolase,-0.28014724036084726,-1.5236543972939856
PAMr_nr_mas_01_4_F05,PA14_24190,PA3090,NA,putative 1-aminocyclopropane-1-carboxylate deaminase,-0.0519431370760012,-0.9867540066444785
PAMr_nr_mas_01_4_F06,PA14_16430,PA3708,NA,putative methyl-accepting chemotaxis transducer,-0.3219032396247282,-1.037848211481251
PAMr_nr_mas_01_4_F07,PA14_21110,PA3319,plcN,non-hemolytic phospholipase C precursor,0.3917570915850647,0.8723466051744849
PAMr_nr_mas_01_4_F08,PA14_37100,PA2124,NA,putative dehydrogenase,-0.30574673021228066,-0.39604336970899956
PAMr_nr_mas_01_4_F10,PA14_23840,PA3114,truA,tRNA-pseudouridine synthase I,-0.7592541933783867,-0.12921243738814972
PAMr_nr_mas_01_4_F11,PA14_04380,PA0335,NA,putative hydrolase,-1.2319778444105745,0.8736693129469569
PAMr_nr_mas_01_4_F12,PA14_10500,PA4133,ccoN,cytochrome c oxidase subunit (cbb3-type),1.0569222039206576,-1.709587558050521
PAMr_nr_mas_01_4_G04,PA14_50720,PA1055,NA,conserved hypothetical protein,-0.8995570724656813,-1.3821082941383531
PAMr_nr_mas_01_4_G05,PA14_35050,PA2283,NA,putative protease,-0.6072401348981696,-1.859616956564452
PAMr_nr_mas_01_4_G06,PA14_45970,PA1429,NA,putative cation-transporting P-type ATPase,-0.3040919989710409,-1.3482577010980263
PAMr_nr_mas_01_4_G07,PA14_27990,PA2794,NA,putative sialidase,-0.3476737770880102,-1.6425440531715838
PAMr_nr_mas_01_4_G08,PA14_34080,PA2364,NA,hypothetical protein,-0.6571393140090005,-0.7596979285790859
PAMr_nr_mas_01_4_G09,PA14_29720,PA2658,NA,putative lipoprotein,-0.7614781118805252,2.172285438064857
PAMr_nr_mas_01_4_G10,PA14_45640,PA1454,fleN,flagellar synthesis regulator FleN,-0.5652753431296702,-1.1887098527775943
PAMr_nr_mas_01_4_G11,PA14_32530,PA2482,NA,putative cytochrome c,-0.7755069285632019,-0.6814256270316057
PAMr_nr_mas_01_4_G12,PA14_37190,PA2118,ada,O6-methylguanine-DNA methyltransferase,-1.6772186906703808,-0.13254079484442047
PAMr_nr_mas_01_4_H01,PA14_61300,PA4633,NA,putative methyl-accepting chemotaxis protein (MCP),-0.4195139506924997,0.8540223464915357
PAMr_nr_mas_01_4_H02,PA14_60850,PA4599,mexC,multidrug efflux RND membrane fusion protein,0.26949886876906265,-0.2699219259697167
PAMr_nr_mas_01_4_H03,PA14_57640,PA4437,NA,hypothetical protein,-0.11042734124508545,-1.2574021733986576
PAMr_nr_mas_01_4_H04,PA14_64270,PA4858,NA,"putative branched-chain amino acid ABC transporter, periplasmic component",0.7515218787819492,-1.0308179442736891
PAMr_nr_mas_01_4_H05,PA14_19310,PA3465,NA,putative transmembrane protein,0.1594314268149866,-0.4532852321406916
PAMr_nr_mas_01_4_H06,PA14_13590,PA3890,NA,putative permease of ABC-type transporter,-0.005229059530849306,-1.1611898035597097
PAMr_nr_mas_01_4_H07,PA14_31620,PA2548,NA,putative ABC-type periplasmic phosphate-binding protein,-1.310619073890913,-1.4428503917079547
PAMr_nr_mas_01_4_H08,PA14_49560,PA1148,toxA,exotoxin A precursor,-0.3312432361219768,-0.8261028955755596
PAMr_nr_mas_01_4_H09,PA14_12710,PA3954,NA,"possible Coenzyme F420-dependent N5,N10-methylene tetrahydromethanopterin reductase",-0.00976645813593486,0.15617470695242905
PAMr_nr_mas_01_4_H10,PA14_22380,PA3232,NA,putative nuclease,-0.5319470452233002,-0.22926876440560584
PAMr_nr_mas_01_4_H11,PA14_58970,NA,RL110,putative phage protein,-0.6661152068909427,-0.5226806234971327
PAMr_nr_mas_01_4_H12,PA14_39090,PA1967,NA,hypothetical protein,3.1189992449728194,-0.12383934500868646
PAMr_nr_mas_02_1_A02,PA14_56450,PA4342,NA,putative amidase,0.7856953129938933,1.2052428784811766
PAMr_nr_mas_02_1_A04,PA14_16440,PA3707,NA,putative purine-binding chemotaxis protein,-0.23580216250055389,0.7139559891540413
PAMr_nr_mas_02_1_A05,PA14_55390,PA0691,NA,hypothetical protein,0.08678120944200982,0.26325039831907854
PAMr_nr_mas_02_1_A06,PA14_35400,PA2256,pvcC,pyoverdine biosynthesis protein PvcC,-1.6466705835106021,1.4844724856808094
PAMr_nr_mas_02_1_A07,PA14_72600,PA5502,NA,putative lipoprotein,-1.2408540237378258,1.3215090634317703
PAMr_nr_mas_02_1_A08,PA14_03320,NA,NA,Hypothetical protein,-1.1524147991732052,1.0794487088447688
PAMr_nr_mas_02_1_A09,PA14_06650,PA0509,nirN,putative c-type cytochrome,-1.0198449739139916,0.16573482195706535
PAMr_nr_mas_02_1_A10,PA14_02410,PA0192,NA,putative TonB-dependent receptor,1.2386230718032172,3.9627072532442473
PAMr_nr_mas_02_1_A11,PA14_02720,PA0222,NA,putative binding protein component of ABC transporter,-0.7828678765271908,0.8619763636984452
PAMr_nr_mas_02_1_A12,PA14_58490,PA4506,dppF,putative dipeptide transport system ATP-binding pr,-1.0432973160595245,1.4246363186635707
PAMr_nr_mas_02_1_B01,PA14_28380,PA2762,NA,conserved hypothetical protein,0.3075151275186067,1.3268680718323738
PAMr_nr_mas_02_1_B02,PA14_40070,PA1890,NA,putative glutathione S-transferase,0.6811980768992183,0.681824218570791
PAMr_nr_mas_02_1_B03,PA14_34630,PA2322,gnuT,gluconate permease,-0.026365719776390833,0.46655537480978326
PAMr_nr_mas_02_1_B04,PA14_58600,PA4516,NA,conserved hypothetical protein,-0.12628974503172913,-0.03365364001424822
PAMr_nr_mas_02_1_B05,PA14_13750,PA3877,narK1,putative nitrite extrusion protein,-0.6144064530710883,1.0691797882247946
PAMr_nr_mas_02_1_B06,PA14_71210,PA5393,NA,putative monooxygenase,-0.35017331875470753,-0.3888558338337703
PAMr_nr_mas_02_1_B07,PA14_68740,PA5204,argA,N-acetylglutamate synthase,0.8162240724568177,0.2972049148716595
PAMr_nr_mas_02_1_B08,PA14_27220,PA2850,ohr,organic hydroperoxide resistance protein,-0.17573951117526337,0.33218336062248766
PAMr_nr_mas_02_1_B09,NA,NA,NA,NA,0.30620157262972364,-0.43263257544051537
PAMr_nr_mas_02_1_B10,PA14_26130,PA2932,morB,morphinone reductase,1.1421073937098765,0.7130529717576648
PAMr_nr_mas_02_1_B11,PA14_64370,PA4867,ureB,urease beta subunit,-0.3986942762547516,1.7490636009603282
PAMr_nr_mas_02_1_B12,PA14_48800,PA1198,NA,putative lipoprotein,-0.2737636320216324,1.6678979753321879
PAMr_nr_mas_02_1_C01,PA14_27250,PA2848,NA,"putative transcriptional regulator, LysR family",0.6054274722334109,0.515329136082955
PAMr_nr_mas_02_1_C02,PA14_19930,NA,NA,conserved hypothetical protein,0.4525555831993566,0.8132205764421777
PAMr_nr_mas_02_1_C03,PA14_20320,PA3383,phnD,binding protein component of ABC phosphonate transporter,0.8995920154006706,0.5102117190090297
PAMr_nr_mas_02_1_C04,PA14_41590,PA1775,NA,putative cytoplasmic membrane protein,1.0338983060630753,0.21308891890867748
PAMr_nr_mas_02_1_C05,PA14_30620,PA2588,NA,"putative transcriptional regulator, AraC family",-0.7828678765271908,-0.019285389404812267
PAMr_nr_mas_02_1_C06,PA14_70310,PA5326,NA,putative amino acid aldolase,-1.2425347124157762,-0.8946059007551269
PAMr_nr_mas_02_1_C07,NA,NA,NA,NA,-2.0917797707980346,-0.38327084602920813
PAMr_nr_mas_02_1_C08,PA14_21000,PA3329,NA,hypothetical protein,-0.31796385047307274,-0.5275680002819736
PAMr_nr_mas_02_1_C09,PA14_48140,PA1245,NA,conserved hypothetical protein,1.1475266880266934,1.444303629764819
PAMr_nr_mas_02_1_C10,PA14_35110,PA2278,arsB,arsenical pump membrane protein,0.43345826002645205,0.6019629053177705
PAMr_nr_mas_02_1_C11,PA14_27570,PA2822,NA,putative GAF domain-containing protein,1.3143665525021784,0.08688726240411805
PAMr_nr_mas_02_1_C12,PA14_47890,PA1263,NA,conserved hypothetical protein,0.6686329286073894,1.5895039639224282
PAMr_nr_mas_02_1_D01,PA14_16340,PA3715,NA,conserved hypothetical protein,0.5641354033923932,0.894577513875827
PAMr_nr_mas_02_1_D02,PA14_52420,PA0916,NA,conserved hypothetical protein,-0.6420624318650329,0.36555394949325504
PAMr_nr_mas_02_1_D03,PA14_11790,PA4023,NA,putative amino acid transporter,-0.7552531226721672,0.17014259297696688
PAMr_nr_mas_02_1_D04,PA14_43070,PA5267,hcpA,secreted protein Hcp,0.005411103023331961,0.6363056333546825
PAMr_nr_mas_02_1_D05,PA14_23750,PA3121,leuC,3-isopropylmalate dehydratase large subunit,-0.10902374132839975,-0.7706729468076949
PAMr_nr_mas_02_1_D06,PA14_72840,PA5521,NA,putative short chain dehydrogenase,0.5787083692904834,0.340302917498778
PAMr_nr_mas_02_1_D07,PA14_02330,PA0184,atsC,"putative BC-type transporter, ATP-binding component",0.32699852039325,0.49903288009194663
PAMr_nr_mas_02_1_D08,PA14_37370,PA2098,NA,putative esterase,1.6814721832081507,0.9612668692093
PAMr_nr_mas_02_1_D09,PA14_72690,PA5508,NA,putative glutamine synthetase,-0.1293061229257658,-1.029646948850275
PAMr_nr_mas_02_1_D10,PA14_03210,PA0261,NA,hypothetical protein,0.3063892401422994,-0.3691960366766137
PAMr_nr_mas_02_1_D11,PA14_04570,PA0349,NA,conserved hypothetical protein,-0.8875178139945518,0.17870497916826034
PAMr_nr_mas_02_1_D12,PA14_48940,PA0723,coaB,coat protein B of bacteriophage Pf1,0.4485206028024377,1.7451930984401764
PAMr_nr_mas_02_1_E01,PA14_59470,NA,NA,Conserved hypothetical protein,-0.8269908224565854,0.019130579833098352
PAMr_nr_mas_02_1_E02,PA14_30600,PA2589,NA,putative permease,-1.3286080621144183,0.3930786952889171
PAMr_nr_mas_02_1_E03,PA14_15920,PA3749,NA,putative major facilitator family transporter,-1.2140239683833687,-0.3888558338337703
PAMr_nr_mas_02_1_E04,PA14_29070,PA2712,NA,putative membrane protein,-0.9964798458934194,0.3531785241582478
PAMr_nr_mas_02_1_E05,PA14_54770,PA0735,NA,hypothetical protein,0.4039639470369938,-0.17750705050000665
PAMr_nr_mas_02_1_E06,PA14_23950,PA3106,NA,putative short-chain dehydrogenase,0.9428153503642374,-0.326620649490194
PAMr_nr_mas_02_1_E07,PA14_27370,PA2840,NA,"putative ATP-dependent RNA helicase, DEAD box family",0.1799532036353738,0.5078843295410014
PAMr_nr_mas_02_1_E08,PA14_09750,PA4186,NA,putative oxidoreductase,1.1281270413136126,-0.17364097085935876
PAMr_nr_mas_02_1_E09,PA14_24360,NA,NA,putative serine protease,0.8193379870215064,0.9888416060853353
PAMr_nr_mas_02_1_E10,PA14_16030,PA3739,NA,putative sodium/hydrogen exchanger,-0.46581617664882924,-0.7768719110167969
PAMr_nr_mas_02_1_E11,PA14_26690,PA2890,NA,putative enoyl-CoA hydratase,0.49822652024786224,0.4310950031100875
PAMr_nr_mas_02_1_E12,PA14_07710,PA0591,NA,putative apaG protein,2.2166460854649093,4.092070816858487
PAMr_nr_mas_02_1_F01,PA14_59940,NA,NA,Conserved hypothetical protein,0.25872976551043897,0.08738294804429117
PAMr_nr_mas_02_1_F02,PA14_55920,PA4304,NA,putative type II secretion system protein,2.3613255779666353,3.4431634541234653
PAMr_nr_mas_02_1_F03,PA14_06620,PA0507,NA,putative acyl-CoA dehydrogenase,-0.20315457287455968,-0.9447115662582247
PAMr_nr_mas_02_1_F04,NA,NA,NA,NA,2.1221985494120568,2.060003705373129
PAMr_nr_mas_02_1_F05,PA14_45810,PA1442,NA,putative flagellar protein FliL,-0.38652886299898265,-0.663662290362696
PAMr_nr_mas_02_1_F06,PA14_48970,PA0720,NA,helix destabilizing protein of bacteriophage Pf1,0.929573650516679,-0.0475469688220525
PAMr_nr_mas_02_1_F07,PA14_31230,NA,NA,conserved hypothetical protein,0.2983144710966773,-0.20126785738954356
PAMr_nr_mas_02_1_F08,PA14_68550,PA5189,NA,"putative transcriptional regulator, LysR family",0.5471810838826117,-0.5564216502684113
PAMr_nr_mas_02_1_F09,PA14_09730,PA4188,NA,putative dihydrodipicolinate synthase,0.4858368576930838,-0.11055303275463646
PAMr_nr_mas_02_1_F10,PA14_15850,PA3755,NA,MutT/nudix family protein,-0.13695410101447741,0.35484577682654606
PAMr_nr_mas_02_1_F11,PA14_47850,PA1267,NA,putative D-amino acid oxidase,-0.5064789451583819,0.7650041066439964
PAMr_nr_mas_02_1_F12,PA14_24020,PA3101,xcpT,general secretion pathway protein G,0.3549935815015325,0.4027803264183723
PAMr_nr_mas_02_1_G01,PA14_18960,PA3488,NA,hypothetical protein,0.3549935815015325,1.507375918256137
PAMr_nr_mas_02_1_G02,PA14_70340,PA5328,NA,putative cytochrome c5,-0.005229059530849306,-0.3308396752168039
PAMr_nr_mas_02_1_G03,PA14_16840,PA3674,NA,putative lipoprotein,-0.17756346507501847,-0.5766385598899608
PAMr_nr_mas_02_1_G04,PA14_36670,PA2157,NA,conserved hypothetical protein,-0.43512131259556924,0.08068810035494103
PAMr_nr_mas_02_1_G05,PA14_65990,PA4990,qacH,putative SMR multidrug efflux transporter,0.28138012616021896,1.563897044519722
PAMr_nr_mas_02_1_G06,PA14_54410,PA0764,mucB,negative regulator for alginate biosynthesis MucB,2.0959993298486563,-0.7059272514628722
PAMr_nr_mas_02_1_G07,PA14_35520,PA2248,bkdA2,"2-oxoisovalerate dehydrogenase, beta subunit""",0.8576165767300458,0.01111403647689192
PAMr_nr_mas_02_1_G08,PA14_13510,PA3895,NA,"putative transcriptional regulator, LysR family",0.7000869423985204,1.6001941922178338
PAMr_nr_mas_02_1_G09,PA14_23760,PA3120,leuD,"3-isopropylmalate dehydratase, small subunit",0.8148396148989263,0.6122841919953198
PAMr_nr_mas_02_1_G10,PA14_27520,PA2826,NA,putative glutathione peroxidase,-0.4399801576570227,0.29071627279176615
PAMr_nr_mas_02_1_G11,PA14_33010,PA2444,glyA2,serine hydroxymethyltransferase,2.4873825876607687,2.85148844160145
PAMr_nr_mas_02_1_G12,PA14_12300,PA3983,NA,Putative Mg2+ and Co2+ transporter CorC,0.07958650905951005,0.8261088010046248
PAMr_nr_mas_02_1_H01,PA14_59310,NA,pilR2,type IV B pilus Protein,-0.846124750912882,0.4023074014079253
PAMr_nr_mas_02_1_H02,PA14_10330,PA4144,NA,putative outer membrane protein precursor,0.7497733427489925,2.8091668140344264
PAMr_nr_mas_02_1_H03,PA14_06830,PA0524,norB,nitric-oxide reductase subunit B,-0.7193576820127903,-0.16977711741106324
PAMr_nr_mas_02_1_H04,PA14_57100,PA4393,NA,putative permease,-1.1134784145770391,1.0685374585916
PAMr_nr_mas_02_1_H05,PA14_37900,PA2057,NA,putative TonB-dependent receptor,-0.9927863991051976,-0.34615591946866364
PAMr_nr_mas_02_1_H06,PA14_47490,PA1293,NA,putative enzyme,0.1931514122964699,-0.20204408464565868
PAMr_nr_mas_02_1_H07,PA14_13660,PA3885,NA,putative protein phosphatase,1.9643480909897637,0.9307376328625933
PAMr_nr_mas_02_1_H08,PA14_42950,PA1665,NA,conserved hypothetical protein,-1.2334163732621584,0.2006725039982289
PAMr_nr_mas_02_1_H09,PA14_16910,PA3669,NA,hypothetical protein,-0.4981546674479428,0.17919392852600763
PAMr_nr_mas_02_1_H10,PA14_15200,PA3779,NA,putative TRAP-type C4-dicarboxylate transport,0.32419214150940073,1.7324045768236191
PAMr_nr_mas_02_1_H11,PA14_19870,PA3418,ldh,leucine dehydrogenase,0.13440789925955665,-0.24175121703772298
PAMr_nr_mas_02_1_H12,PA14_27100,PA2862,lipA,lactonizing lipase precursor,-0.4026846253684349,1.6455368507793013
PAMr_nr_mas_02_2_A01,PA14_16930,PA3667,NA,putative cysteine sulfinate desulfinase,3.584672110873471,3.583127983247512
PAMr_nr_mas_02_2_A02,PA14_09980,PA4167,NA,"putative oxidoreductase, aldo/keto reductase family",0.11779893111925246,1.1010050418069623
PAMr_nr_mas_02_2_A12,PA14_30560,PA2593,NA,hypothetical protein,3.942697798135478,1.037848207371601
PAMr_nr_mas_02_2_B01,PA14_00030,PA0003,recF,DNA replication and repair protein RecF,1.0412484248799696,-0.21240237090763306
PAMr_nr_mas_02_2_B02,PA14_25210,PA3004,NA,putative purine nucleoside phosphorylase,0.6197265555254609,0.055585015338072044
PAMr_nr_mas_02_2_B03,PA14_69300,PA5248,NA,putative iron permease protein,0.9137489093244493,-0.7369608565969268
PAMr_nr_mas_02_2_B04,PA14_33290,PA2423,NA,hypothetical,1.3138869879874484,-0.4923500040570612
PAMr_nr_mas_02_2_B05,PA14_06180,PA0472,NA,"putative RNA polymerase sigma-70 factor, ECF subfamily",0.09241454532043504,-0.7067641131540371
PAMr_nr_mas_02_2_B06,PA14_53670,PA0820,NA,hypothetical protein,-0.578008198388633,-0.01701952807300403
PAMr_nr_mas_02_2_B07,PA14_69770,PA5285,NA,conserved hypothetical protein,-0.555796423539452,-1.900486719222891
PAMr_nr_mas_02_2_B08,PA14_13530,PA3893,NA,putative outer membrane protein,-1.7624564479128526,-0.31950705337403756
PAMr_nr_mas_02_2_B09,PA14_58030,NA,fumC1,fumarate hydratase,-0.24296649262030198,0.01161535112097897
PAMr_nr_mas_02_2_B11,PA14_25910,PA2949,NA,putative lipase,0.5084114588312121,-1.0045198490497074
PAMr_nr_mas_02_2_C01,PA14_11680,PA4032,NA,probable two-component regulator,0.9886060551596878,1.9750564053024202
PAMr_nr_mas_02_2_C02,PA14_47180,PA1319,cyoC,cytochrome o ubiquinol oxidase subunit III,0.9409496206178254,-0.6733707882751002
PAMr_nr_mas_02_2_C03,PA14_01970,PA0158,NA,putative RND efflux transporter,0.3037613847335896,-0.6120278546817729
PAMr_nr_mas_02_2_C04,PA14_48920,PA0725,NA,conserved hypothetical protein,0.6501821598315324,0.22402553165810452
PAMr_nr_mas_02_2_C05,PA14_45120,PA1492,NA,hypothetical protein,1.8928827146949343,2.4480865248925596
PAMr_nr_mas_02_2_C06,PA14_25110,PA3011,topA,DNA topoisomerase I,-0.8355376127665779,-1.1409211952850642
PAMr_nr_mas_02_2_C07,PA14_49640,PA1141,NA,probable transcriptional regulator,0.754143770775879,0.6191562403630254
PAMr_nr_mas_02_2_C08,PA14_03670,PA0281,cysW,sulfate transport protein CysW,0.7453998725617766,1.270591648904557
PAMr_nr_mas_02_2_C09,PA14_46820,PA1350,NA,conserved hypothetical protein,1.353249083380121,0.5720563642441311
PAMr_nr_mas_02_2_C10,PA14_06160,PA0470,NA,putative hydroxamate-type ferrisiderophore receptor,0.43051505140644786,-0.19971567220843958
PAMr_nr_mas_02_2_C11,PA14_16470,PA3704,NA,putative chemotaxis sensor/effector fusion protein,1.4843628581935762,1.1186679608481704
PAMr_nr_mas_02_2_C12,PA14_54700,PA0740,NA,possible beta-lactamase,0.16749469704012027,0.4282689059850609
PAMr_nr_mas_02_2_D01,PA14_32630,PA2475,NA,probable cytochrome P450,1.2115463123699646,0.30464710778669285
PAMr_nr_mas_02_2_D02,PA14_29240,PA2698,NA,putative hydrolase,1.1050325491244963,-0.41391243434551944
PAMr_nr_mas_02_2_D03,PA14_05450,PA0419,NA,conserved hypothetical protein,1.636834879765447,1.0279462281793146
PAMr_nr_mas_02_2_D04,PA14_33170,PA2432,NA,putative transcriptional regulator,0.7057249356422389,-0.61450385432333
PAMr_nr_mas_02_2_D05,PA14_29830,PA2650,NA,putative methyltransferase,0.2964351295874893,0.2868681886673667
PAMr_nr_mas_02_2_D07,PA14_69250,PA5244,NA,putative membrane-associated protein,1.5492157642835942,0.41270405981406577
PAMr_nr_mas_02_2_D08,PA14_66580,PA5037,NA,putative Type II secretory pathway protein,1.337979737838423,-0.3591228049304565
PAMr_nr_mas_02_2_D09,NA,NA,NA,NA,1.1977197872274743,-0.04047040687711396
PAMr_nr_mas_02_2_D10,PA14_52730,PA0894,NA,hypothetical protein,2.1737138733456227,2.546725473838674
PAMr_nr_mas_02_2_D11,PA14_04390,PA0336,ygdP,di)nucleoside polyphosphate hydrolase,0.45072182242789943,0.20724876201445025
PAMr_nr_mas_02_2_D12,PA14_41150,PA1808,NA,putative permease of ABC transporter,1.8222171157997735,0.6720637463106275
PAMr_nr_mas_02_2_E01,PA14_33250,PA2427,NA,hypothetical protein,-1.7846676308255234,0.996637497825496
PAMr_nr_mas_02_2_E02,PA14_26640,PA2893,NA,putative very-long-chain acyl-CoA synthetase,2.179148705950911,2.040395966269996
PAMr_nr_mas_02_2_E03,PA14_32490,PA2485,NA,hypothetical protein,0.4578704648730525,-0.34166305253950185
PAMr_nr_mas_02_2_E04,NA,NA,NA,NA,0.04974766799226214,-0.24071012530017066
PAMr_nr_mas_02_2_E05,PA14_16880,PA3671,NA,putative permease of ABC transporter,1.5547567489772476,-0.036682459253041554
PAMr_nr_mas_02_2_E06,PA14_32740,PA2466,NA,probable TonB-dependent receptor,-0.621363424839779,-1.6054433297262631
PAMr_nr_mas_02_2_E07,PA14_04040,PA0309,NA,conserved hypothetical protein,1.1289502766611184,0.8442879482675865
PAMr_nr_mas_02_2_E08,PA14_52610,PA0902,NA,possible threonine aldolase,0.6485829084298769,-0.369991936233708
PAMr_nr_mas_02_2_E09,PA14_39610,PA1926,NA,conserved hypothetical protein,0.3618798933719816,-0.0662853160910698
PAMr_nr_mas_02_2_E10,PA14_18070,NA,NA,putative periplasmic metal-binding protein,1.1660483380923545,0.302967333953836
PAMr_nr_mas_02_2_E12,PA14_64540,PA4882,NA,"putative oxidoreductase, molybdopterin-binding",-0.45013247574017723,-0.3377012548758458
PAMr_nr_mas_02_2_F01,PA14_19210,PA3469,NA,putative dihydrofolate reductase,-0.19176787683717567,0.6040284331176506
PAMr_nr_mas_02_2_F02,PA14_46440,PA1377,NA,putative acetyltransferase,1.383518800954369,2.201647367965904
PAMr_nr_mas_02_2_F03,PA14_49680,PA1138,NA,probable transcriptional regulator,-0.27911718732532925,0.27362354305155717
PAMr_nr_mas_02_2_F04,PA14_24740,PA3042,NA,conserved hypothetical protein,-0.4146709009296648,-0.1958367793852323
PAMr_nr_mas_02_2_F05,PA14_61170,PA4622,NA,putative transmembrane protein,1.6459393799626447,0.6775132023556851
PAMr_nr_mas_02_2_F06,PA14_61380,NA,NA,conserved hypothetical protein,2.8813964332868807,1.8525415694507819
PAMr_nr_mas_02_2_F07,PA14_21970,PA3249,phnR,putative regulator of 2-aminoethylphosphonate uptake and metabolism operon,0.891561292664955,0.041875420571384686
PAMr_nr_mas_02_2_F08,PA14_39390,PA1944,NA,ribosomal protein S6 modification enzyme,1.2149575953168463,0.4672579904549712
PAMr_nr_mas_02_2_F09,PA14_11940,PA4012,NA,hypothetical protein,1.3319253554631818,1.8852293139211218
PAMr_nr_mas_02_2_F10,PA14_17910,PA3586,NA,"putative hydrolase, alpha/beta fold family",1.6169107542407972,0.38194002969491664
PAMr_nr_mas_02_2_F11,PA14_64740,PA4899,NA,putative aldehyde dehydrogenase,0.2574059705589995,0.009359140217749948
PAMr_nr_mas_02_2_F12,PA14_27830,PA2808,NA,hypothetical protein,-0.9360425783205638,0.07622115477246234
PAMr_nr_mas_02_2_G01,PA14_72920,PA5527,NA,conserved hypothetical protein,-0.40793894878313713,0.37790659285207184
PAMr_nr_mas_02_2_G02,PA14_46640,PA1365,NA,probable siderophore receptor,0.46702350898156475,-0.6650483589280679
PAMr_nr_mas_02_2_G03,PA14_03530,PA0272,PA0272,Probable transcriptional regulator,-0.38171116233476027,0.28734931988386425
PAMr_nr_mas_02_2_G04,PA14_18110,PA3571,mmsR,transcriptional regulator MmsR,-0.1793879486208402,-0.6453929680119134
PAMr_nr_mas_02_2_G05,PA14_21660,PA3275,NA,conserved hypothetical protein,-0.007990564074520161,-0.1638568600239571
PAMr_nr_mas_02_2_G06,PA14_59430,NA,NA,Conserved hypothetical protein,-0.08800728296618443,-0.07415074310659704
PAMr_nr_mas_02_2_G07,PA14_55770,PA4292,NA,putative probable phosphate transporter,0.3107040465520706,-0.6431818809145518
PAMr_nr_mas_02_2_G08,PA14_47520,PA1290,NA,putative transcriptional regulator,0.4268341007553306,-1.1731411764012725
PAMr_nr_mas_02_2_G09,PA14_33500,PA2413,pvdH,2-ketoglutarate 4-aminotransferase,-1.2516663039601963,-0.5556033291826603
PAMr_nr_mas_02_2_G10,PA14_40310,PA1869,NA,putative acyl carrier protein,-0.4144604182078587,0.0642947414874204
PAMr_nr_mas_02_2_G11,PA14_12560,PA3966,NA,conserved hypothetical protein,-0.5028490578414577,-1.0194094464707975
PAMr_nr_mas_02_2_G12,PA14_28320,PA2766,NA,"putative transcriptional regulator, TetR family",0.5303619857955828,0.3412575138667115
PAMr_nr_mas_02_2_H01,PA14_32080,PA2518,xylX,"toluate 1,2-dioxygenase alpha subunit",-0.18993979534428954,1.3136689596186997
PAMr_nr_mas_02_2_H02,PA14_18740,PA3525,argG,argininosuccinate synthase,-0.7372797681323641,-1.1195268388127795
PAMr_nr_mas_02_2_H03,PA14_38680,PA1998,NA,"putative transcriptional regulator, LysR family",-0.45140266971735105,0.1738135250166648
PAMr_nr_mas_02_2_H04,PA14_47270,PA1312,NA,putative LysR family transcriptional regulator,-1.542292000053536,0.4508444254493978
PAMr_nr_mas_02_2_H05,PA14_12700,PA3955,NA,conserved hypothetical protein,-0.4719731852721506,0.2194100247822249
PAMr_nr_mas_02_2_H06,PA14_10650,PA4121,NA,putative 4-hydroxyphenylacetate degradation bifunctional isomerase,-0.39093086175179204,1.5298016615248025
PAMr_nr_mas_02_2_H07,PA14_23970,PA3105,xcpQ,general secretion pathway protein D,1.8601410971554235,4.090569722486834
PAMr_nr_mas_02_2_H08,PA14_56950,PA4381,NA,putative DNA-binding response regulator ColR,-0.5797366755623039,0.1212505470328331
PAMr_nr_mas_02_2_H09,PA14_27980,PA2795,NA,putative TIM-barrel protein,-0.7392742703934414,0.35460762323535405
PAMr_nr_mas_02_2_H10,PA14_48730,PA1205,NA,putative pirin protein,-0.5392426470316048,0.9803858231413143
PAMr_nr_mas_02_2_H11,PA14_22590,PA3219,NA,conserved hypothetical protein,-0.5094698395641832,1.3638519786574184
PAMr_nr_mas_02_2_H12,PA14_28950,PA2722,NA,conserved hypothetical protein,0.49221694113196074,3.6615667480847334
PAMr_nr_mas_02_3_A01,PA14_00380,PA0031,betC,choline sulfatase,2.0028590495975394,0.855569699549936
PAMr_nr_mas_02_3_A02,PA14_65200,PA4937,rnr,exoribonuclease RNase R,0.6179409487590524,0.43439061275753776
PAMr_nr_mas_02_3_A03,PA14_09810,PA4181,NA,conserved hypothetical protein,3.4418394563468717,2.7367520106449237
PAMr_nr_mas_02_3_A04,PA14_46480,PA1374,NA,putative transcriptional regulator,-0.069849710639216675,0.0018329534923621253
PAMr_nr_mas_02_3_A05,PA14_01480,PA0121,NA,putative transcriptional regulator,0.7921256167432377,-0.22537275517578262
PAMr_nr_mas_02_3_A06,PA14_14010,PA3863,NA,putative amino acid oxidase,-0.22108975031943603,-0.07745189379491206
PAMr_nr_mas_02_3_A07,PA14_34920,PA2297,NA,putative ferredoxin,-0.32294033163089936,-4.265496090380513e-4
PAMr_nr_mas_02_3_A08,PA14_08500,PA0664,NA,putative integral membrane protein,1.059419725314064,2.7655790008306
PAMr_nr_mas_02_3_A09,NA,NA,NA,NA,-0.37898974731805923,0.5907060860355834
PAMr_nr_mas_02_3_A10,PA14_39440,PA1941,NA,hypothetical protein,1.0705632161339087,-0.056656385497077306
PAMr_nr_mas_02_3_A11,PA14_02230,PA0177,cheW,putative purine-binding chemotaxis protein,1.849287068122792,2.3598210608841104
PAMr_nr_mas_02_3_A12,PA14_18640,PA3534,NA,"putative oxidoreductase, molybdopterin-binding",-0.3819205507835028,0.3257284708144332
PAMr_nr_mas_02_3_B01,PA14_54540,PA0754,NA,conserved hypothetical protein,0.005214226639134227,-0.13177256580838048
PAMr_nr_mas_02_3_B03,PA14_49650,PA1140,NA,conserved hypothetical protein,0.41448717951945824,1.1114381692604107
PAMr_nr_mas_02_3_B04,PA14_63520,PA4806,NA,putative transcriptional regulator,0.38342061730696664,1.224726149018377
PAMr_nr_mas_02_3_B05,PA14_38580,PA2004,NA,putative H+/gluconate symporter,0.8816368689062563,0.8121083627339135
PAMr_nr_mas_02_3_B06,PA14_38700,PA1996,ppiC1,peptidyl-prolyl cis-trans isomerase C1,-0.4268909792336094,0.15592939660790672
PAMr_nr_mas_02_3_B07,PA14_39770,PA1915,NA,putative regulatory protein,-0.6970817670367347,1.2215875098723232
PAMr_nr_mas_02_3_B08,PA14_33520,PA2411,NA,putative thioesterase,-0.6672107057319014,0.4306240695724639
PAMr_nr_mas_02_3_B09,PA14_61920,PA4681,NA,hypothetical protein,-0.6124511918952307,1.8753637551880558
PAMr_nr_mas_02_3_B10,PA14_24480,PA3064,NA,conserved hypothetical protein,-1.561210298727546,1.8227562071121335
PAMr_nr_mas_02_3_B11,PA14_49440,PA1157,NA,probable two-component response regulator,-1.4408581742353133,1.5284022461983082
PAMr_nr_mas_02_3_B12,PA14_61040,PA4613,katB,catalase,-0.4018443412404369,0.7804442835016091
PAMr_nr_mas_02_3_C01,PA14_63080,PA4770,lldP,L-lactate permease,1.7301348865746256,0.6815973920176442
PAMr_nr_mas_02_3_C02,PA14_54470,PA0760,NA,conserved hypothetical protein,0.5778097816705434,0.857558629318047
PAMr_nr_mas_02_3_C03,PA14_21240,PA3307,NA,conserved hypothetical protein,0.6872063038384812,0.09704150638624322
PAMr_nr_mas_02_3_C04,PA14_67260,PA5093,hutH,histidine/phenylalanine ammonia-lyase,1.4434676303317153,1.6835456160919633
PAMr_nr_mas_02_3_C05,PA14_17350,PA3632,NA,putative redox protein,0.9280439647022433,0.9562608773235252
PAMr_nr_mas_02_3_C06,PA14_38590,PA2003,bdhA,3-hydroxybutyrate dehydrogenase,0.1205057103349916,0.5709034465065409
PAMr_nr_mas_02_3_C07,PA14_06640,PA0508,NA,putative acyl-CoA dehydrogenase,0.8367819407518575,1.0599671828138484
PAMr_nr_mas_02_3_C08,PA14_18450,PA3548,algI,alginate o-acetyltransferase AlgI,0.017212410938155766,1.027730805397853
PAMr_nr_mas_02_3_C09,PA14_12670,PA3958,NA,possible nuclease or phosphatase,-1.4641975949381731,-0.15049115352804035
PAMr_nr_mas_02_3_C10,PA14_60870,PA4601,NA,conserved hypothetical protein,0.3598333997319456,0.9580025155159047
PAMr_nr_mas_02_3_C11,PA14_28040,PA2789,NA,conserved hypothetical protein,-0.9289569436104337,1.3196530244319324
PAMr_nr_mas_02_3_C12,PA14_60300,NA,pilX,type IV pilus biogenesis protein,-0.4014242413147261,0.08267245539173328
PAMr_nr_mas_02_3_D01,PA14_57770,PA4447,hisC1,histidinol-phosphate aminotransferase,1.829142821694061,1.0225585827563497
PAMr_nr_mas_02_3_D02,PA14_31680,PA2543,NA,putative outer membrane protein,0.07199397664751116,0.943838603165356
PAMr_nr_mas_02_3_D03,PA14_16820,PA3676,NA,putative efflux transmembrane protein,0.4039639470369938,1.1536435079260585
PAMr_nr_mas_02_3_D04,NA,NA,NA,NA,2.0211693820841705,1.524202248246894
PAMr_nr_mas_02_3_D05,PA14_23770,PA3119,NA,putative biotin synthesis protein,1.5302471114640444,0.4688971409073964
PAMr_nr_mas_02_3_D06,PA14_61840,PA4674,NA,putative virulence-associated protein,1.559216768994244,0.13159917220070808
PAMr_nr_mas_02_3_D07,PA14_44680,PA1527,NA,putative chromosome segregation protein,0.406180829560442,0.8694798435552449
PAMr_nr_mas_02_3_D08,NA,NA,NA,NA,0.48437764280254864,0.25310298511035934
PAMr_nr_mas_02_3_D09,PA14_67810,PA5134,NA,putative carboxyl-terminal protease,0.3585307384490361,0.627393419133531
PAMr_nr_mas_02_3_D10,PA14_17030,PA3659,NA,succinyldiaminopimelate transaminase,-0.22742003829457225,0.8252207522330861
PAMr_nr_mas_02_3_D11,PA14_62030,NA,NA,putative paraquat-inducible protein A,-2.3794728989431153,0.02688748378824223
PAMr_nr_mas_02_3_D12,NA,NA,NA,NA,-1.0509789752443448,0.6321937745365502
PAMr_nr_mas_02_3_E01,PA14_61980,PA4685,NA,conserved hypothetical protein,0.2049870703454745,0.15592939660790672
PAMr_nr_mas_02_3_E02,PA14_43640,PA1614,gpsA,"glycerol-3-phosphate dehydrogenase, biosynthetic",-0.4041553930580854,-0.3601824332797499
PAMr_nr_mas_02_3_E03,PA14_60700,PA4587,ccpR,cytochrome c551 peroxidase,0.7333132747594382,0.6182403737802916
PAMr_nr_mas_02_3_E04,PA14_50280,PA1093,NA,hypothetical protein,1.5057965427168458,1.877262104850761
PAMr_nr_mas_02_3_E05,PA14_26750,PA2886,NA,conserved hypothetical protein,1.213983132022748,0.5939242475549856
PAMr_nr_mas_02_3_E06,PA14_19740,PA3426,NA,putative enoyl CoA-hydratase/isomerase family protein,1.423705267866398,0.18505854347296927
PAMr_nr_mas_02_3_E07,PA14_31030,NA,NA,putative cation efflux system protein,1.8236913097264484,1.2624837748893438
PAMr_nr_mas_02_3_E08,PA14_64800,PA4904,vanA,vanillate O-demethylase oxygenase subunit,1.124338768796582,0.32907622581464563
PAMr_nr_mas_02_3_E09,PA14_00360,PA0030,NA,"putative glycine betaine/L-proline ABC transporter, periplasmic substrate-binding protein",1.220801203393552,0.9656168719599465
PAMr_nr_mas_02_3_E10,PA14_56280,NA,NA,conserved hypothetical protein,0.380268401736016,2.3451441280389576
PAMr_nr_mas_02_3_E11,PA14_30520,PA2596,NA,putative periplasmic aliphatic sulfonate-binding protein,-0.9729712355966074,0.7121498328205296
PAMr_nr_mas_02_3_E12,PA14_34490,PA2330,NA,putative acyl-CoA dehydrogenase,-0.3030580132060704,1.4382271111401796
PAMr_nr_mas_02_3_F01,PA14_18480,PA3546,algX,alginate biosynthesis protein AlgX,0.6933852477617404,0.42449892400063555
PAMr_nr_mas_02_3_F02,PA14_00340,PA0029,NA,putative sulfate permease,0.16327236989014343,-0.25451771718618765
PAMr_nr_mas_02_3_F04,PA14_24140,PA3094,NA,"putative transcriptional regulator, AraC family",2.133714135735944,4.984701413532779
PAMr_nr_mas_02_3_F05,PA14_63170,PA4778,NA,putative transcriptional regulator,0.4521888738586846,-0.33004840580200756
PAMr_nr_mas_02_3_F06,PA14_21210,PA3310,NA,conserved hypothetical protein,1.4768904912236174,1.9748693408202276
PAMr_nr_mas_02_3_F07,PA14_43850,PA1596,htpG,heat shock protein HtpG,1.6089843902669545,-0.6147790218002684
PAMr_nr_mas_02_3_F08,PA14_07680,PA0588,NA,putative protein kinase,-0.3349831258078022,1.1048395045019905
PAMr_nr_mas_02_3_F09,PA14_67250,PA5092,hutI,imidazolone-5-propionate hydrolase HutI,-0.42984421758958913,-0.03466309452862401
PAMr_nr_mas_02_3_F10,PA14_37880,PA2058,NA,putative binding protein component of ABC transporter,0.23523829245320013,-0.207998145323905
PAMr_nr_mas_02_3_F11,PA14_01840,PA0149,NA,"putative sigma-70 factor, ECF subfamily",-1.3486021486824449,0.06653255925303682
PAMr_nr_mas_02_3_F12,PA14_07280,PA0559,NA,putative periplasmic protein,-1.5003707746263808,0.5669820438051282
PAMr_nr_mas_02_3_G01,PA14_62130,PA4694,ilvC,ketol-acid reductoisomerase,-0.9066096105135487,-0.11438292375186528
PAMr_nr_mas_02_3_G02,PA14_63060,PA4768,smpB,ssrA(tmRNA)-binding protein (small protein B),0.701673139418957,0.5672127780007081
PAMr_nr_mas_02_3_G03,PA14_38460,PA2014,NA,acyl-CoA carboxyltransferase beta chain,0.5814033613193412,-0.08660202681463607
PAMr_nr_mas_02_3_G04,PA14_26730,PA2887,NA,putative short-chain dehydrogenase,-0.5532137436195521,0.7645560350263104
PAMr_nr_mas_02_3_G05,PA14_04890,PA0372,NA,putative zinc protease,0.15674136888792572,-0.9106910676738832
PAMr_nr_mas_02_3_G06,PA14_00070,PA0006,NA,putative histidinol-phosphatase,0.5310863152181403,-0.25895259247685043
PAMr_nr_mas_02_3_G07,PA14_59220,PA0985,NA,pyocin S5,0.7048443326209058,0.1313529617503562
PAMr_nr_mas_02_3_G08,PA14_11340,PA4061,NA,putative thioredoxin,0.7294546832665202,0.587946432898595
PAMr_nr_mas_02_3_G09,PA14_10250,PA4151,acoB,acetoin catabolism protein AcoB,-1.8517762163759979,0.5775876136108139
PAMr_nr_mas_02_3_G10,NA,NA,NA,NA,-2.657469167647003,0.10594477594720605
PAMr_nr_mas_02_3_G11,PA14_52070,PA0942,NA,probable transcriptional regulator,-0.820027041587219,2.152092644840439
PAMr_nr_mas_02_3_G12,PA14_28810,NA,NA,putative DNA helicase,-1.687778164941782,0.6951934317387835
PAMr_nr_mas_02_3_H01,PA14_38040,PA2047,NA,"putative transcriptional regulator, AraC family",-1.0680051770820624,1.470773472800245
PAMr_nr_mas_02_3_H02,PA14_69320,PA5250,NA,putative integral membrane transport protein,0.2004081697517009,1.9533220665022883
PAMr_nr_mas_02_3_H03,PA14_04820,PA0367,NA,"putative transcriptional regulator, TetR family",1.745526198949012,1.7281363142852075
PAMr_nr_mas_02_3_H04,PA14_20750,PA3349,NA,putative chemotaxis signal transduction protein,-0.07503223612748304,-0.7319186196917012
PAMr_nr_mas_02_3_H05,PA14_37660,PA2076,NA,LysR-type transcriptional regulator,1.0479228977939021,0.7620911061606456
PAMr_nr_mas_02_3_H06,PA14_36990,PA2133,NA,putative EAL domain protein,1.0171614435110998,1.0629680246179696
PAMr_nr_mas_02_3_H07,PA14_55320,PA0696,NA,conserved hypothetical protein,0.6668611688283879,1.2220060799247248
PAMr_nr_mas_02_3_H08,PA14_00470,PA0038,NA,conserved hypothetical protein,1.3328816985209073,1.3665151625176326
PAMr_nr_mas_02_3_H09,PA14_40770,PA1838,cysI,sulfite reductase,-0.035078104564472884,-0.10672532647982257
PAMr_nr_mas_02_3_H10,PA14_67990,PA5147,mutY,A/G-specific adenine glycosylase,1.1445712887833464,-0.2662634886522059
PAMr_nr_mas_02_3_H11,PA14_19860,PA3419,NA,conserved hypothetical protein,0.06010004836098535,0.9381646562548785
PAMr_nr_mas_02_3_H12,PA14_62690,PA4739,NA,conserved hypothetical protein,-0.36268596459230423,1.3749075177390546
PAMr_nr_mas_02_4_A01,PA14_70670,PA5353,glcF,"glycolate oxidase, iron-sulfur subunit",0.8583041467117578,0.8156667978750765
PAMr_nr_mas_02_4_A02,PA14_25600,PA2973,NA,putative peptidase,0.16615153707205582,1.3177964719023887
PAMr_nr_mas_02_4_A03,PA14_39790,PA1913,NA,conserved hypothetical protein,-0.9285000801681823,2.8695214987005837
PAMr_nr_mas_02_4_A04,PA14_54510,PA0756,NA,probable two-component response regulator,0.4867486949324245,2.8928922536331787
PAMr_nr_mas_02_4_A05,PA14_12570,PA3965,NA,probable AsnC-family transcriptional regulator,0.5134977435320945,1.7822580832023305
PAMr_nr_mas_02_4_A06,PA14_20080,PA3402,NA,putative membrane protein,0.06146606956142365,1.9870176979584706
PAMr_nr_mas_02_4_A07,PA14_07170,PA0551,epd,D-erythrose 4-phosphate dehydrogenase,-1.2680402443617929,0.5683663299827755
PAMr_nr_mas_02_4_A08,PA14_42620,PA1693,pscR,translocation protein in type III secretion,-0.8879717070405588,0.6620615679441875
PAMr_nr_mas_02_4_A09,PA14_46880,PA1345,gshB,glutathione synthase,-0.7270955216942734,1.2689292937596723
PAMr_nr_mas_02_4_A10,PA14_32080,PA2518,xylX,"toluate 1,2-dioxygenase alpha subunit",0.4821881848340565,1.1532206515432752
PAMr_nr_mas_02_4_A11,PA14_68530,PA5188,NA,"putative 3-hydroxyacyl-CoA dehydrogenase, NAD binding domain",-0.5892518091153418,1.5101832383554235
PAMr_nr_mas_02_4_A12,PA14_46200,PA1411,NA,putative membrane protein,-0.012135097975486868,1.6154082689382292
PAMr_nr_mas_02_4_B01,PA14_35790,NA,NA,Putative homospermidine synthase,0.5641354033923932,1.5831609678144933
PAMr_nr_mas_02_4_B02,NA,"PA0583, PA0584",NA,NA,-1.0309797265184655,1.4085759100411308
PAMr_nr_mas_02_4_B03,PA14_11760,PA4025,NA,NA,-0.3900921479862677,1.3699961934517089
PAMr_nr_mas_02_4_B04,PA14_32670,PA2471,NA,conserved hypothetical protein,-0.1737135165470196,1.8662441934359302
PAMr_nr_mas_02_4_B06,PA14_51150,PA1019,mucK,"cis,cis-muconate transporter MucK",-0.1637955752821174,0.15372119984694496
PAMr_nr_mas_02_4_B08,PA14_37100,PA2124,NA,putative dehydrogenase,-1.234855231547839,-0.9722268381471438
PAMr_nr_mas_02_4_B09,PA14_29920,PA2644,nuoI,NADH Dehydrogenase I chain I,-1.2690047474894044,-1.7890981789239164
PAMr_nr_mas_02_4_B10,NA,NA,NA,NA,-0.3258451002848858,0.40561717673177394
PAMr_nr_mas_02_4_B11,PA14_02300,PA0182,NA,putative short-chain dehydrogenase,-1.0219312374827578,0.07795865364676893
PAMr_nr_mas_02_4_B12,PA14_33410,PA2420,NA,probable porin,0.6457387893356805,3.380799689149629
PAMr_nr_mas_02_4_C01,PA14_44740,PA1523,xdhB,xanthine dehydrogenase,-0.8641865391583031,1.6600604500493752
PAMr_nr_mas_02_4_C02,PA14_31920,PA2525,NA,putative outer membrane protein,-0.66633429137888,1.5597192117901253
PAMr_nr_mas_02_4_C03,PA14_39530,PA1932,NA,putative hydroxylase molybdopterin-containing subunit,0.61686934106664,0.48550022146763033
PAMr_nr_mas_02_4_C04,PA14_73070,PA5541,NA,putative dihydroorotase,1.1422716834450495,0.655916477860973
PAMr_nr_mas_02_4_C05,PA14_66640,PA5042,pilO,type 4 fimbrial biogenesis protein PilO,0.4964060425928751,0.8049858262156044
PAMr_nr_mas_02_4_C06,PA14_54940,NA,NA,putative siderophore biosynthesis enzyme,0.32662440895863565,0.886662070455547
PAMr_nr_mas_02_4_C07,PA14_25130,PA3010,NA,conserved hypothetical protein,0.6916204551860478,0.194089794569717
PAMr_nr_mas_02_4_C08,PA14_71420,PA5411,NA,putative ferredoxin,1.0622490499257506,-0.19221850132073368
PAMr_nr_mas_02_4_C09,PA14_29680,PA2661,NA,hypothetical protein,-0.15187430159543022,-0.24331315757270344
PAMr_nr_mas_02_4_C10,PA14_17810,PA3593,NA,putative acyl-CoA dehydrogenase,0.11431707207383478,0.6525001056533649
PAMr_nr_mas_02_4_C11,PA14_06260,PA0479,NA,"putative transcriptional regulator, LysR family",1.185005089811366,2.043359299029396
PAMr_nr_mas_02_4_C12,PA14_06830,PA0524,norB,nitric-oxide reductase subunit B,1.0535906303303844,-0.0820254006228884
PAMr_nr_mas_02_4_D01,PA14_70720,PA5357,ubiC,chorismate-pyruvate lyase,-0.7568087918666351,1.717259378900717
PAMr_nr_mas_02_4_D02,PA14_65820,PA4979,NA,putative acyl-CoA dehydrogenase,-1.2931655712888313,1.3336637324590692
PAMr_nr_mas_02_4_D03,PA14_71880,PA5444,NA,putative membrane protein,-0.9152654705815503,1.5795903957864055
PAMr_nr_mas_02_4_D04,PA14_56340,PA4334,mntH1,NRAMP protein MntH1,-0.13574590644245946,0.7362670327084887
PAMr_nr_mas_02_4_D05,PA14_64490,PA4877,NA,conserved hypothetical protein,0.024086284591088285,1.6037538202858812
PAMr_nr_mas_02_4_D06,PA14_68060,PA5152,NA,"putative amino acid ABC transporter, ATP-binding protein",-0.0575086042423922,1.6163950043057966
PAMr_nr_mas_02_4_D07,PA14_01830,PA0148,NA,putative adenosine deaminase,1.5283934414442046,0.15175774803834682
PAMr_nr_mas_02_4_D08,PA14_10540,PA4131,NA,putative iron-sulfur cluster-binding protein,0.35871684945445026,-0.6680987179676067
PAMr_nr_mas_02_4_D09,PA14_44490,PA1544,anr,transcriptional regulator Anr,0.2802495453354289,-0.1728680221563707
PAMr_nr_mas_02_4_D10,PA14_06070,PA0464,creC,two-component sensor CreC; catabolite repression sensor kinase for PhoB,0.4417286501723856,-0.6542446095072597
PAMr_nr_mas_02_4_D11,PA14_72890,PA5525,NA,putative transcriptional regulator,0.8850608550872789,-0.8292273717506256
PAMr_nr_mas_02_4_D12,PA14_54030,PA0790,NA,hypothetical protein,0.19467984737952934,0.32094306445841875
PAMr_nr_mas_02_4_E01,PA14_66310,PA5016,aceF,dihydrolipoamide acetyltransferase,-0.5570881617197224,1.247906562416785
PAMr_nr_mas_02_4_E02,PA14_14850,PA3805,pilF,type 4 fimbrial biogenesis protein PilF,0.7752537841892674,3.257397064896169
PAMr_nr_mas_02_4_E03,PA14_36910,PA2138,NA,putative ATP-dependent DNA ligase,-0.29789063526313386,1.122067522180127
PAMr_nr_mas_02_4_E04,PA14_37310,PA2110,NA,putative allophanate hydrolase subunit 2,-0.9736614112974907,1.2476980869221423
PAMr_nr_mas_02_4_E05,PA14_47320,PA1308,NA,conserved hypothetical protein,0.042901826952837285,-0.7518294838285491
PAMr_nr_mas_02_4_E06,PA14_40200,PA1880,NA,putative exported oxidoreductase,-0.7233359521879159,0.03088754143754581
PAMr_nr_mas_02_4_E07,PA14_07370,PA0567,NA,conserved hypothetical protein,0.2207967587706094,2.8860365545514437
PAMr_nr_mas_02_4_E08,PA14_25800,PA2957,NA,"putative transcriptional regulator, TetR family",1.0231918513943232,0.7967409577379796
PAMr_nr_mas_02_4_E09,PA14_08210,PA0633,NA,putative major tail protein V,0.3700592086314854,1.3628273956580657
PAMr_nr_mas_02_4_E10,PA14_37690,PA2072,NA,putative sensory box protein,0.9004457438463994,0.759176840530468
PAMr_nr_mas_02_4_E11,PA14_40900,PA1827,NA,putative short-chain dehydrogenase,1.2913060666545904,1.2668507705240117
PAMr_nr_mas_02_4_E12,PA14_05530,PA0425,mexA,RND multidrug efflux membrane fusion protein MexA precursor,-1.0691730453518768,-1.3081662433202126
PAMr_nr_mas_02_4_F01,PA14_11740,PA4027,NA,NA,0.43805426515192614,1.7730110135414632
PAMr_nr_mas_02_4_F02,PA14_24710,PA3045,NA,putative two-component response regulator,-0.9860975557534951,2.7722266103578614
PAMr_nr_mas_02_4_F03,PA14_05320,PA0408,pilG,type IV pili response regulator PilG,0.7576379256843095,1.1273758911325173
PAMr_nr_mas_02_4_F04,PA14_20490,PA3368,NA,putatative acetyltransferase,-0.7468147758006983,0.8469441849617746
PAMr_nr_mas_02_4_F05,PA14_43720,PA1607,NA,putative transcriptional regulator,-1.6684754938865605,0.7598494757168647
PAMr_nr_mas_02_4_F06,PA14_42700,PA1686,alkA,DNA-3-methyladenine glycosidase II,-0.16743708167120283,0.09382353142447693
PAMr_nr_mas_02_4_F07,PA14_31300,PA2569,NA,hypothetical protein,0.5936061809067543,0.7202737105335016
PAMr_nr_mas_02_4_F08,PA14_47030,PA1332,NA,hypothetical protein,0.10482889060054686,-0.976291276081827
PAMr_nr_mas_02_4_F09,NA,NA,NA,NA,0.2517294023487387,0.2523775823412716
PAMr_nr_mas_02_4_F10,PA14_33690,PA2397,pvdE,pyoverdine biosynthesis protein PvdE,-1.6004895621334891,-1.6750151774242663
PAMr_nr_mas_02_4_F11,PA14_40890,PA1828,NA,putative short-chain dehydrogenase,0.016622871694310707,0.7652281312332163
PAMr_nr_mas_02_4_F12,PA14_14140,PA3855,NA,conserved hypothetical protein,-1.586016366712152,-0.17312566183111303
PAMr_nr_mas_02_4_G01,PA14_19560,PA3444,ssuD,putative sulfonate monooxygenase,0.10444131336973245,1.167371854195694
PAMr_nr_mas_02_4_G02,PA14_14900,PA3801,NA,conserved hypothetical protein,-1.5043750859264926,0.5401628924039699
PAMr_nr_mas_02_4_G04,PA14_27070,PA2864,NA,putative membrane protein,-1.221917353948434,1.0442981564501064
PAMr_nr_mas_02_4_G05,PA14_62520,NA,NA,hypothetical protein,-0.08181584138924748,-1.1296212295166597
PAMr_nr_mas_02_4_G06,PA14_27590,PA2820,NA,conserved hypothetical protein,0.7560657964413603,-1.1097438427674557
PAMr_nr_mas_02_4_G07,PA14_32460,PA2488,NA,putative transcriptional regulator,0.693914588887349,0.8230001159789052
PAMr_nr_mas_02_4_G08,PA14_71780,PA5438,NA,"putative transcriptional regulator, RpiR family",0.5607121536053167,-0.5873179787335159
PAMr_nr_mas_02_4_G09,PA14_69850,PA5291,NA,putative holine-glycine betaine transporter,-0.04737518842468127,0.9132297882005984
PAMr_nr_mas_02_4_G10,PA14_19370,PA3459,NA,"putative asparagine synthetase, glutamine-hydrolyzing",0.31726437611195796,1.34456359279544
PAMr_nr_mas_02_4_G11,PA14_16600,PA3695,NA,"putative hydrolase, alpha/beta family",1.0520908456778066,0.5893264013369807
PAMr_nr_mas_02_4_G12,PA14_01780,PA0144,NA,putative nucleoside 2-deoxyribosyltransferase,-0.5373106337468287,0.4642127911705716
PAMr_nr_mas_02_4_H01,PA14_67680,PA5125,ntrC,two-component response regulator NtrC,-1.7369453331620377,1.9160603848017426
PAMr_nr_mas_02_4_H02,PA14_52230,PA0931,NA,siderophore receptor protein,-0.5855737991181524,0.7135044956464007
PAMr_nr_mas_02_4_H03,PA14_20800,PA3345,NA,putative histidine-containing phosphotransfer (HPt) domain,0.8854031511014482,0.8014217208259645
PAMr_nr_mas_02_4_H04,PA14_05440,PA0418,NA,hypothetical protein,-0.6962011763574217,1.0513859469004014
PAMr_nr_mas_02_4_H05,PA14_14850,PA3805,pilF,type 4 fimbrial biogenesis protein PilF,-1.1101857997604012,-1.4618675664687668
PAMr_nr_mas_02_4_H06,PA14_68710,PA5201,NA,putative transcriptional accessory protein,-0.9170892774119567,-0.33268633346423526
PAMr_nr_mas_02_4_H07,PA14_43920,PA1590,braB,branched chain amino acid transporter,0.3078903784809795,-0.31713752953986585
PAMr_nr_mas_02_4_H08,PA14_36960,PA2135,NA,putative Na+/H+ antiporter,-0.08700825059272727,0.49180330282647516
PAMr_nr_mas_02_4_H09,PA14_47500,PA1292,sseA,3-mercaptopyruvate sulfurtransferase,-0.6913601324900468,0.447322003362163
PAMr_nr_mas_02_4_H10,PA14_19110,PA3478,rhlB,rhamnosyltransferase chain B,-0.4005841257210748,2.084709130508616
PAMr_nr_mas_02_4_H11,NA,NA,NA,NA,0.7724664433853043,0.8294379375480296
PAMr_nr_mas_02_4_H12,PA14_12010,PA4007,proA,probable gamma-glutamyl phosphate reductase,0.2320108302276938,-0.0021844670784823264
PAMr_nr_mas_03_1_A01,PA14_01310,PA0107,NA,putative cytochrome c oxidase assembly protein,0.3182010071249574,0.199453970842907
PAMr_nr_mas_03_1_A02,PA14_21960,PA3250,NA,"putative ABC transporter, periplasmic substrate-binding protein",0.6325679657819051,-0.27358235900595285
PAMr_nr_mas_03_1_A03,PA14_47350,PA1305,NA,conserved hypothetical protein,0.6014895125390544,-0.24279247032886903
PAMr_nr_mas_03_1_A04,PA14_67090,PA5078,NA,"periplasmic glucan biosynthesis protein, MdoG",0.4719606140839044,-0.3427199270901226
PAMr_nr_mas_03_1_A05,PA14_63500,PA4805,NA,putative class III aminotransferase,1.1324066877197743,-0.9487593667563696
PAMr_nr_mas_03_1_A06,PA14_39010,PA1973,pqqF,pyrroloquinoline quinone biosynthesis protein F,-0.3936574549655737,-0.9882084547932386
PAMr_nr_mas_03_1_A07,PA14_23250,PA3169,NA,putative initiation factor 2 subunit,0.5945025123470888,-1.9064885948538126
PAMr_nr_mas_03_1_A08,PA14_56920,PA4378,inaA,InaA protein,0.2979386477632336,-1.1281358075753631
PAMr_nr_mas_03_1_A09,PA14_60830,PA4598,mexD,multidrug efflux RND transporter MexD,0.0138709569083192,-0.7349995364353002
PAMr_nr_mas_03_1_A10,PA14_52370,PA0919,NA,hypothetical protein,0.19792653791709364,-0.044513242672265405
PAMr_nr_mas_03_1_A11,PA14_26750,PA2886,NA,conserved hypothetical protein,0.6047116631199467,-0.49640419819163595
PAMr_nr_mas_03_1_A12,NA,NA,NA,NA,-0.004243101978940231,-0.3100339743775777
PAMr_nr_mas_03_1_B01,PA14_67210,NA,NA,conserved hypothetical protein,1.221774609895185,0.002083962433116778
PAMr_nr_mas_03_1_B02,PA14_43810,PA1600,NA,putative cytochrome c,0.5153132763810451,0.2206249396898532
PAMr_nr_mas_03_1_B03,PA14_59280,NA,pilP2,type IV B pilus protein,0.39934292798084764,0.3128000331106189
PAMr_nr_mas_03_1_B04,NA,NA,NA,NA,0.8651757113346439,-0.3525039161655416
PAMr_nr_mas_03_1_B05,PA14_73050,PA5539,NA,conserved hypothetical protein,0.15904720333303846,-0.9943205819879778
PAMr_nr_mas_03_1_B06,PA14_00700,PA0058,NA,putative protein-disulfide isomerase,1.9840641529481535,2.079554315115058
PAMr_nr_mas_03_1_B07,PA14_43630,PA1615,NA,putative lipase,0.6508928075898672,-1.5514395157027243
PAMr_nr_mas_03_1_B08,PA14_06950,PA0533,NA,"putative transcriptional regulator, LuxR family",-0.7169277563657835,-1.537532574956817
PAMr_nr_mas_03_1_B09,PA14_62890,PA4754,NA,conserved hypothetical protein,-0.6953207090792579,-2.075389948795725
PAMr_nr_mas_03_1_B10,PA14_37650,PA2077,NA,conserved hypothetical protein,0.5412181690350387,-0.6046053328475645
PAMr_nr_mas_03_1_B11,PA14_37260,PA2113,NA,putative outer membrane porin,0.7000869423985204,-0.5395299289968915
PAMr_nr_mas_03_1_B12,PA14_67240,PA5091,hutG,N-formylglutamate amidohydrolase,-0.021618597004368686,2.3985691666621007
PAMr_nr_mas_03_1_C01,PA14_15150,PA3782,NA,putative AraC-like transcriptional regulator,0.40876620427915034,0.042124936105785236
PAMr_nr_mas_03_1_C02,PA14_72540,PA5497,NA,putative ribonucleotide reductase,0.26912131779777837,-0.3493291671375062
PAMr_nr_mas_03_1_C03,PA14_58600,PA4516,NA,conserved hypothetical protein,-0.14259541630854555,0.4058535267963676
PAMr_nr_mas_03_1_C04,NA,NA,NA,NA,1.9584356152220175,1.6630005949142175
PAMr_nr_mas_03_1_C05,PA14_24350,PA3077,NA,putative two-component system regulatory protein,1.161136406987958,-0.7321986445851374
PAMr_nr_mas_03_1_C06,PA14_31190,NA,NA,conserved hypothetical protein,0.5100467851379948,-1.047526871496374
PAMr_nr_mas_03_1_C07,PA14_14830,PA3806,NA,putative Fe-S-cluster redox enzyme,0.6370206571980314,-0.7081591146159912
PAMr_nr_mas_03_1_C08,PA14_19970,PA3411,NA,hypothetical protein,0.5878666297347642,-0.7028596512353854
PAMr_nr_mas_03_1_C09,PA14_15940,PA3747,NA,putative ABC-type transport permease,0.9154524080976496,-1.0484074423304675
PAMr_nr_mas_03_1_C10,PA14_49930,PA1116,NA,conserved hypothetical protein,2.0365773272391916,3.182501267967526
PAMr_nr_mas_03_1_C11,PA14_32740,PA2466,NA,probable TonB-dependent receptor,1.0176641986281252,-0.02886080382422814
PAMr_nr_mas_03_1_C12,PA14_58270,PA4491,NA,conserved hypothetical protein,0.1983083912347403,0.16720440069881812
PAMr_nr_mas_03_1_D01,NA,NA,NA,NA,0.09668474377663852,0.2880709520303909
PAMr_nr_mas_03_1_D02,PA14_25410,NA,NA,conserved hypothetical protein,0.27647947262523037,-0.20333799631553656
PAMr_nr_mas_03_1_D03,PA14_27730,PA2815,NA,putative acyl-CoA dehydrogenase,1.0941156329616337,-0.10647022367947993
PAMr_nr_mas_03_1_D04,PA14_26880,PA2877,NA,"putative transcriptional regulator, LysR family",2.0601864820482296,0.08217642164484791
PAMr_nr_mas_03_1_D05,PA14_54010,PA0791,NA,probable transcriptional regulator,0.8836914845186404,0.10421450958445928
PAMr_nr_mas_03_1_D06,PA14_02070,PA0166,NA,putative xanthine/uracil permease,0.5038666511979879,-0.9719366153358234
PAMr_nr_mas_03_1_D07,PA14_56180,PA4324,NA,conserved hypothetical protein,0.41909707780443584,-0.6065289021035712
PAMr_nr_mas_03_1_D08,PA14_40620,PA1848,NA,putative MFS transporter,1.9445699653400534,0.9388195873478736
PAMr_nr_mas_03_1_D09,PA14_28620,PA2746,NA,conserved hypothetical protein,-0.2462443378081714,-1.1281358075753631
PAMr_nr_mas_03_1_D10,PA14_21090,PA3320,NA,conserved hypothetical protein,0.6041747527622745,-0.7006295497623178
PAMr_nr_mas_03_1_D11,PA14_37410,PA2095,NA,hypothetical protein,0.26383322064701115,-0.6431818809145518
PAMr_nr_mas_03_1_D12,PA14_63940,PA4836,NA,conserved hypothetical protein,1.4622313130444136,1.3828807607231735
PAMr_nr_mas_03_1_E01,PA14_05910,PA0453,NA,putative bacterial periplasmic transport system,0.438789314082213,0.8101059133740112
PAMr_nr_mas_03_1_E02,PA14_33650,PA2399,pvdD,pyoverdine synthetase D,-1.023090572200821,-1.1050057012524206
PAMr_nr_mas_03_1_E03,PA14_12690,PA3956,NA,possible glyoxalase,0.10967158980182565,0.4534263602984974
PAMr_nr_mas_03_1_E04,PA14_51220,PA1014,NA,probable glycosyl transferase,0.991803989174982,-0.6147790218002684
PAMr_nr_mas_03_1_E05,PA14_41920,PA1750,aroF-1,phospho-2-dehydro-3-deoxyheptonate aldolase,1.4608259789501945,-0.4721156949299662
PAMr_nr_mas_03_1_E06,PA14_33500,PA2413,pvdH,2-ketoglutarate 4-aminotransferase,-0.9232485369100301,-1.721908589166567
PAMr_nr_mas_03_1_E07,PA14_06600,PA0506,NA,putative acyl-CoA dehydrogenase,0.8276342221441418,-0.4401352797691725
PAMr_nr_mas_03_1_E08,PA14_15030,PA3792,leuA,2-isopropylmalate synthase,1.204555520168886,-0.5826607576252536
PAMr_nr_mas_03_1_E09,PA14_35160,PA2274,NA,hypothetical protein,1.1481832546699213,-0.6953360273614304
PAMr_nr_mas_03_1_E10,PA14_07150,PA0550,NA,putative hydroxypyruvate isomerase,0.980856941208889,0.5547417638642986
PAMr_nr_mas_03_1_E11,PA14_26060,PA2937,NA,conserved hypothetical protein,0.7120616366001549,-0.3427199270901226
PAMr_nr_mas_03_1_E12,PA14_54970,NA,NA,probable ABC transporter protein,1.3231520878110752,0.3531785241582478
PAMr_nr_mas_03_1_F01,PA14_37790,PA2065,pcoA,copper resistance protein A precursor,-0.7284229658669565,-0.6667120192278345
PAMr_nr_mas_03_1_F02,PA14_40950,PA1823,NA,putative NADH pyrophosphatase,-0.15934770951388644,-0.30293793134835256
PAMr_nr_mas_03_1_F03,PA14_38430,PA2016,NA,"putative transcriptional regulator, MerR family",0.64609437463738,-0.19531976304965193
PAMr_nr_mas_03_1_F04,PA14_65130,PA4931,dnaB,replicative DNA helicase,0.7729891639851753,-0.3567392527741847
PAMr_nr_mas_03_1_F05,PA14_22440,PA3228,NA,putative ATP-binding/permease fusion ABC transporter,1.0243637588680212,-0.42192895774895217
PAMr_nr_mas_03_1_F06,PA14_71490,PA5417,soxD,sarcosine oxidase delta subunit,1.3719669570391737,-0.9954854281861981
PAMr_nr_mas_03_1_F07,PA14_43170,PA1650,NA,"putative transporter, bile acid/Na+ symporter family",0.36690028076388237,-1.1923077598386063
PAMr_nr_mas_03_1_F08,PA14_53680,NA,NA,hypothetical protein,1.1794547232961108,-0.5362654694297024
PAMr_nr_mas_03_1_F09,PA14_15510,NA,NA,NA,0.5738544686745368,-0.3406063444258211
PAMr_nr_mas_03_1_F11,PA14_51690,PA0974,NA,conserved hypothetical protein,1.7570077470155072,0.5123056795527929
PAMr_nr_mas_03_1_F12,PA14_39070,PA1969,NA,conserved hypothetical protein,1.595394866777399,1.9437441272640599
PAMr_nr_mas_03_1_G01,PA14_66830,PA5057,phaD,poly(3-hydroxyalkanoic acid) depolymerase,-0.3882054512642174,-0.11361677065491423
PAMr_nr_mas_03_1_G02,PA14_19030,PA3483,NA,conserved hypothetical protein,0.12089229790543901,2.9298249263052822
PAMr_nr_mas_03_1_G03,PA14_39650,PA1922,NA,putative TonB-dependent receptor,-0.11484069770710065,-0.17003463843302877
PAMr_nr_mas_03_1_G04,PA14_30130,PA2628,NA,putative permease,0.24510025086984577,-1.7193128071194876
PAMr_nr_mas_03_1_G05,PA14_20630,PA3359,NA,conserved hypothetical protein,1.1545811863962812,0.9248338408494386
PAMr_nr_mas_03_1_G06,NA,NA,NA,NA,-0.48387968307419743,-0.8925979633432793
PAMr_nr_mas_03_1_G07,PA14_06280,PA0481,NA,hypothetical protein,-0.4039452623081907,-0.09321822474944472
PAMr_nr_mas_03_1_G08,PA14_07850,PA0602,NA,putative binding protein component of ABC transporter,-0.023200572774951,0.16867365765848905
PAMr_nr_mas_03_1_G09,PA14_14500,PA3828,NA,putative permease,0.9948321101707309,1.343741579256737
PAMr_nr_mas_03_1_G10,PA14_64780,PA4902,NA,putative LysR-type transcriptional regulator,-0.07543106905277959,-0.9791959540666789
PAMr_nr_mas_03_1_G11,PA14_45890,PA1436,NA,putative RND efflux transporter,0.32119728841886075,0.036633449928572856
PAMr_nr_mas_03_1_G12,PA14_26760,PA2885,NA,putative transcriptional regulator,0.007773138572448146,0.1757705345844635
PAMr_nr_mas_03_1_H01,PA14_41630,PA1773,NA,putative cytoplasmic membrane-associated protein,-0.6263685106770125,0.12519476258093537
PAMr_nr_mas_03_1_H02,PA14_44620,PA1533,NA,conserved hypothetical protein,-0.4785614940628425,-0.26574101753864454
PAMr_nr_mas_03_1_H03,PA14_23120,PA3178,NA,hypothetical protein,-0.5547201778857103,-0.6324132526414509
PAMr_nr_mas_03_1_H04,PA14_48490,NA,NA,putative pptidylarginine deiminase,0.419465723592476,-0.40057280825126085
PAMr_nr_mas_03_1_H05,PA14_12080,PA4001,sltB1,soluble lytic transglycosylase B,-1.5347406015803247,-1.4201627507670336
PAMr_nr_mas_03_1_H06,PA14_65560,PA4960,serB,phosphoserine phosphatase,0.9222617882880154,0.4299176072887733
PAMr_nr_mas_03_1_H07,PA14_17460,PA3624,pcm,L-isoaspartate protein carboxylmethyltransferase type II,0.2958712175002305,-0.5933497730097599
PAMr_nr_mas_03_1_H08,PA14_30860,NA,NA,hypothetical,0.35685549127562544,-0.46888386030613866
PAMr_nr_mas_03_1_H09,PA14_36500,PA2172,NA,putative cellulase,2.196397516738739,-0.18576213932160301
PAMr_nr_mas_03_1_H10,PA14_56640,PA4355,NA,putative MFS transporter,0.03546074428750355,2.160832121638476
PAMr_nr_mas_03_1_H11,PA14_46490,PA1373,fabF2,3-oxoacyl-acyl carrier protein synthase II,0.2802495453354289,-0.14997761918363167
PAMr_nr_mas_03_1_H12,PA14_67890,PA5141,hisA,phosphoribosylformimino-5-aminoimidazole carboxamide,1.6684919910770077,0.23688361231131702
PAMr_nr_mas_03_2_A01,PA14_46340,PA1398,NA,hypothetical protein,0.5274638327823751,0.8967745920880567
PAMr_nr_mas_03_2_A02,PA14_58080,PA4475,NA,putative carbon-nitrogen hydrolase,0.6512481013293129,0.2111427646672773
PAMr_nr_mas_03_2_A03,PA14_72520,PA5496,NA,conserved hypothetical protein,0.2373257672705166,-0.7196090791808953
PAMr_nr_mas_03_2_A04,PA14_27900,PA2802,NA,putative transcriptional regulator,1.3668964316057635,-1.315187887751043
PAMr_nr_mas_03_2_A05,PA14_72370,PA5482,NA,conserved hypothetical protein,0.2519187039406697,-2.441303766078489
PAMr_nr_mas_03_2_A06,PA14_71000,PA5376,NA,"putative lycine betaine/L-proline ABC transporter, ATP-binding subunit",1.733724582382033,0.5796606571908817
PAMr_nr_mas_03_2_A07,PA14_07480,NA,NA,putative reverse transcriptase,1.3944181764065533,0.644749882918874
PAMr_nr_mas_03_2_A08,PA14_44340,PA1557,NA,putative cytochrome oxidase subunit (cbb3-type),0.8992504915387216,-0.2908656330603757
PAMr_nr_mas_03_2_A09,PA14_02590,PA0212,mdcE,malonate decarboxylase gamma subunit,-0.368324795303362,-1.5476438543355584
PAMr_nr_mas_03_2_A10,PA14_59750,NA,cupD4,fimbrial subunit,-0.45839333036400404,-1.1929075986186006
PAMr_nr_mas_03_2_A11,PA14_55580,PA0672,nemO,heme oxygenase,-1.1493383122352678,-0.39045239881922045
PAMr_nr_mas_03_2_A12,PA14_17000,PA3661,NA,hypothetical protein,-1.7522916534206692,-0.4982969940598461
PAMr_nr_mas_03_2_B01,PA14_33820,PA2385,pvdQ,penicillin acylase-related protein,-1.5415364516626,-0.2966366311946962
PAMr_nr_mas_03_2_B02,PA14_09850,PA4179,NA,putative porin,-0.6473024623206194,-0.5359935028065788
PAMr_nr_mas_03_2_B03,PA14_37440,PA2092,NA,putative MFS transporter,-0.48409250429486916,-0.8937452825746001
PAMr_nr_mas_03_2_B04,PA14_49560,PA1148,toxA,exotoxin A precursor,-1.0486502078023154,-0.7909818003693817
PAMr_nr_mas_03_2_B05,PA14_49940,PA1115,NA,hypothetical protein,-1.6428305011948736,-2.4543218491813317
PAMr_nr_mas_03_2_B06,NA,"PA0944, PA0943",NA,NA,-0.7956025888871842,-1.5517559177543183
PAMr_nr_mas_03_2_B07,PA14_69670,PA5277,lysA,diaminopimelate decarboxylase,-1.5304655010021952,-1.945296660097349
PAMr_nr_mas_03_2_B08,PA14_26020,PA2939,NA,putative aminopeptidase,-0.3470490470124198,-1.8377890320702592
PAMr_nr_mas_03_2_B09,PA14_28920,PA2725,NA,putative chaperone,-2.52384945374934,-1.2883620982195692
PAMr_nr_mas_03_2_B10,PA14_68660,PA5197,rimK,ribosomal protein S6 modification protein,-1.4873743599002476,-1.328947175471191
PAMr_nr_mas_03_2_B11,PA14_31330,NA,NA,putative EAL domain,-0.4140394739167513,-1.336297014925961
PAMr_nr_mas_03_2_B12,PA14_40040,PA1893,NA,putative penicillin acylase,-0.7951553196585359,-0.5692550601855718
PAMr_nr_mas_03_2_C01,PA14_24430,PA3070,NA,putative MoxR-like ATPase,-0.7810826122319758,-0.26547979723660414
PAMr_nr_mas_03_2_C02,PA14_06000,PA0459,NA,putative ClpA/B protease ATP binding subunit,0.4768938427238222,-0.2667860004503152
PAMr_nr_mas_03_2_C03,PA14_65540,PA4959,NA,conserved hypothetical protein,0.1797617212891026,-0.34034219339703053
PAMr_nr_mas_03_2_C04,PA14_53910,PA0798,pmtA,phospholipid methyltransferase,1.7229493363558783,0.5057889885954266
PAMr_nr_mas_03_2_C05,PA14_22280,NA,NA,putative pirin-related protein,0.21451574226594103,-0.6922732641144858
PAMr_nr_mas_03_2_C06,PA14_27280,PA2846,NA,"putative transcriptional regulator, LysR family",-1.2470988492319819,-0.714021289785237
PAMr_nr_mas_03_2_C07,PA14_06040,PA0462,NA,conserved hypothetical protein,-0.48792451948362986,-1.0825451061957692
PAMr_nr_mas_03_2_C08,PA14_48520,PA1222,NA,putative membrane-bound lytic murein transglycolase A,-0.48281568508912176,-1.4179912486766537
PAMr_nr_mas_03_2_C09,PA14_07860,PA0603,NA,putative ATP-binding component of ABC transporter,-0.10762045490020034,-1.1135960478062041
PAMr_nr_mas_03_2_C10,PA14_43420,PA1631,NA,putative acyl-CoA dehydrogenase,0.590378328543617,1.0447279326949175
PAMr_nr_mas_03_2_C11,PA14_45830,PA1441,NA,putative flagellar hook-length control protein FliK,-0.4704864582676135,-0.8517096382237483
PAMr_nr_mas_03_2_C12,PA14_26910,PA2875,NA,putative MoxR protein,-0.708761260002161,-0.7898519167198155
PAMr_nr_mas_03_2_D01,PA14_18080,PA3574,NA,"putative transcriptional regulator, TetR family",0.6792530080212862,0.6239624900924768
PAMr_nr_mas_03_2_D02,PA14_07340,PA0564,NA,putative transcriptional regulator,0.64609437463738,-0.6889336614535313
PAMr_nr_mas_03_2_D03,PA14_30660,PA2585,uvrC,excinuclease ABC subunit C,0.777517588438385,0.1505302988410814
PAMr_nr_mas_03_2_D04,PA14_20800,PA3345,NA,putative histidine-containing phosphotransfer (HPt) domain,-0.6479577735128268,-0.07999234606772072
PAMr_nr_mas_03_2_D05,PA14_33890,PA2379,NA,putative oxidoreductase,0.48656633807085464,0.86440487842672
PAMr_nr_mas_03_2_D06,PA14_04160,PA0319,NA,putatitve transcriptional regulator,-1.6234100732966994,-0.8337746630779032
PAMr_nr_mas_03_2_D07,PA14_66140,PA5002,NA,conserved hypothetical protein,0.37265948662807225,0.6536390896677783
PAMr_nr_mas_03_2_D08,PA14_59550,NA,NA,Hypothetical protein,-0.34246959018675965,-1.4793735351424813
PAMr_nr_mas_03_2_D09,PA14_17450,PA3625,surE,putative stationary-phase survival protein SurE,0.23998155073488206,-0.6473282670738113
PAMr_nr_mas_03_2_D10,PA14_21840,PA3261,NA,putative periplasmic binding protein,-0.5998651947243827,-1.872216835114923
PAMr_nr_mas_03_2_D11,PA14_54240,PA0776,NA,hypothetical protein,-0.10221071267336371,-1.2413713733321197
PAMr_nr_mas_03_2_D12,PA14_42870,PA1672,NA,putative enzyme,1.110318779219513,-1.7890981789239164
PAMr_nr_mas_03_2_E01,PA14_23640,PA3129,NA,putative tRNA-dihydrouridine synthase,0.1272675610570897,-0.11923725920648699
PAMr_nr_mas_03_2_E02,PA14_22730,PA3206,NA,putative two component sensor histidine kinase protein,0.9367072641841692,-1.3350714824796444
PAMr_nr_mas_03_2_E03,PA14_35010,PA2287,NA,hypothetical protein,-1.0409713935191114,-0.5949957492669129
PAMr_nr_mas_03_2_E04,PA14_39200,PA1958,NA,putative nicotinamide mononucleotide transporter,0.23618723062036912,-0.17132239181138764
PAMr_nr_mas_03_2_E05,PA14_25230,PA3002,mfd,transcription-repair coupling factor,0.14924155730096827,1.5199996197772088
PAMr_nr_mas_03_2_E06,PA14_11700,PA4030,NA,conserved hypothetical protein,-0.6816892204354073,-0.5958188888285356
PAMr_nr_mas_03_2_E07,PA14_65450,PA4954,motA,chemotaxis protein MotA,-0.08660868211749229,-1.2229681117013427
PAMr_nr_mas_03_2_E08,PA14_26510,PA2904,cobI,precorrin-2 methyltransferase CobI,-0.31340553610920585,-1.5685466120482565
PAMr_nr_mas_03_2_E09,PA14_36310,PA2195,hcnC,NA,-0.19298689339459976,-1.1752348569351467
PAMr_nr_mas_03_2_E10,PA14_13190,PA3919,NA,conserved hypothetical protein,0.3737735621354559,-1.412100711478889
PAMr_nr_mas_03_2_E11,PA14_63440,NA,NA,Probable bacteriophage integrase,-0.09460488362524601,-1.0226252644863034
PAMr_nr_mas_03_2_E12,PA14_40700,PA1841,NA,conserved hypothetical protein,-0.16217780520902778,-0.6197339669361542
PAMr_nr_mas_03_2_F01,PA14_67310,PA5097,NA,putative amino acid permease,2.540604728859853,-0.4500624520869051
PAMr_nr_mas_03_2_F02,PA14_25270,PA3000,aroP1,aromatic amino acid transport protein AroP1,0.8288431750308584,-1.1254628764504466
PAMr_nr_mas_03_2_F03,PA14_63860,PA4830,NA,conserved hypothetical protein,3.0506216982153727,2.132935262965168
PAMr_nr_mas_03_2_F04,PA14_46060,PA1422,gbuR,transcriptional regulator,2.144368305070536,2.003429737956178
PAMr_nr_mas_03_2_F05,PA14_11970,PA4010,NA,methylpurine-DNA glycosylase family protein,0.900787202746326,2.085261197357247
PAMr_nr_mas_03_2_F06,PA14_70100,PA5309,NA,putative Glycine/D-amino acid oxidase,-0.9888644894045842,-0.37503482687123957
PAMr_nr_mas_03_2_F07,PA14_65950,PA4987,NA,putative transcriptional regulator,0.39508858666297436,-1.170450260978229
PAMr_nr_mas_03_2_F08,PA14_63640,PA4814,fadH2,"2,4-dienoyl-CoA reductase FadH2",-0.2867435816351485,-1.4518846231491251
PAMr_nr_mas_03_2_F09,PA14_26110,PA2933,NA,putative MFS transporter,-0.1619756132353041,-1.6489615139782756
PAMr_nr_mas_03_2_F10,PA14_45710,PA1450,NA,conserved hypothetical protein,0.4231509923277615,-1.039606929779283
PAMr_nr_mas_03_2_F11,PA14_21680,PA3273,NA,conserved hypothetical protein,0.07004569467379677,-0.616980767936427
PAMr_nr_mas_03_2_F12,PA14_72760,PA5514,NA,putative beta-lactamase,0.2526758532786959,-1.7580290765906623
PAMr_nr_mas_03_2_G01,PA14_45920,PA1434,NA,putative periplasmic protein,-0.636826767950387,-0.13100442471566284
PAMr_nr_mas_03_2_G02,PA14_49530,NA,NA,hypothetical protein,-1.2999472845114035,-1.095243838055885
PAMr_nr_mas_03_2_G03,PA14_64590,PA4887,NA,putative MFS transporter,-0.7810826122319758,-1.1746365958338174
PAMr_nr_mas_03_2_G04,PA14_58070,PA4474,NA,putative tldD protein,1.3548375082366837,1.0035595838119094
PAMr_nr_mas_03_2_G05,PA14_52370,PA0919,NA,hypothetical protein,-1.1975515916179584,-0.3715840186141644
PAMr_nr_mas_03_2_G06,PA14_03700,PA0283,cysP,sulfate-binding protein precursor,-0.2386669143109211,-0.8397476633522666
PAMr_nr_mas_03_2_G07,PA14_33650,PA2399,pvdD,pyoverdine synthetase D,-1.8921218495805272,-0.88027665530797
PAMr_nr_mas_03_2_G08,PA14_02260,PA0179,NA,putative two-component response regulator,-0.3599727758797845,-1.8712212472140761
PAMr_nr_mas_03_2_G09,PA14_03590,PA0276,NA,putative membrane protein,0.031736895617411956,-1.9762358658524377
PAMr_nr_mas_03_2_G10,PA14_48280,PA1237,NA,putative multidrug resistance efflux pump,0.9526436829208859,1.4438986996755072
PAMr_nr_mas_03_2_G11,PA14_67420,PA5105,hutC,histidine utilization genes repressor protein,1.667736503252294,-0.0515940717843135
PAMr_nr_mas_03_2_G12,PA14_54580,PA0751,NA,conserved hypothetical protein,-0.2795291882754196,-1.765537882185288
PAMr_nr_mas_03_2_H01,PA14_71030,PA5378,NA,"putative glycine betaine/L-proline ABC transporter, periplasmic component",0.009937558034008706,1.222215355160072
PAMr_nr_mas_03_2_H02,PA14_62200,PA4700,mrcB,penicillin-binding protein 1B,-1.7541148932057402,-0.3274115147758035
PAMr_nr_mas_03_2_H03,PA14_69610,PA5272,cyaA,adenylate cyclase,-1.6127034285814368,-0.5167119932092701
PAMr_nr_mas_03_2_H04,PA14_39240,PA1954,NA,conserved hypothetical protein,-1.8504534486314397,-1.1573101861773252
PAMr_nr_mas_03_2_H05,PA14_44880,PA1513,NA,putative membrane protein,-0.2558829094535764,-0.4855984524561142
PAMr_nr_mas_03_2_H06,PA14_69560,PA5267,hcpA,secreted protein Hcp,-0.06666258763045327,0.801198901369927
PAMr_nr_mas_03_2_H07,PA14_26670,PA2891,NA,putative biotin carboxylase/biotin carboxyl carrier protein,0.1876077161852967,0.8511477438012396
PAMr_nr_mas_03_2_H08,PA14_46980,PA1336,NA,putative two-component sensor,-0.969291578398221,-2.2220267649262593
PAMr_nr_mas_03_2_H09,PA14_05770,PA0441,dhT,dihydropyrimidinase,-0.2544464400619438,-0.6805919193200288
PAMr_nr_mas_03_2_H10,PA14_63710,PA4819,NA,putative glycosyl transferase,-1.133270421376146,-0.8725515673332624
PAMr_nr_mas_03_2_H11,PA14_37830,PA2062,NA,putative pyridoxal-phosphate dependent enzyme,-0.930556227319599,-0.19480278654736274
PAMr_nr_mas_03_2_H12,PA14_26140,PA2931,NA,putative transcriptional regulator,-0.28715608299673084,0.08465622377513907
PAMr_nr_mas_03_3_A01,PA14_02250,PA0178,cheA,putative two-component sensor,-1.028890456750638,-0.1641141539333039
PAMr_nr_mas_03_3_A02,PA14_05700,PA0438,codB,cytosine permease,-0.3482985692876691,-1.1459826105283228
PAMr_nr_mas_03_3_A03,PA14_02250,PA0178,cheA,putative two-component sensor,-0.6405349124893843,-1.726453625438456
PAMr_nr_mas_03_3_A04,PA14_16560,PA3698,NA,putative lipoprotein,-1.6035408035467569,-1.0352109980333872
PAMr_nr_mas_03_3_A05,PA14_05810,PA0444,amaB,N-carbamoyl-beta-alanine amidohydrolase,-0.005031855642426805,-0.7299587725763529
PAMr_nr_mas_03_3_A06,PA14_39660,PA1921,NA,conserved hypothetical protein,0.48364790825043097,-0.6013090679173522
PAMr_nr_mas_03_3_A07,PA14_53200,PA0856,NA,conserved hypothetical protein,0.041923240472133756,-0.23576714422359193
PAMr_nr_mas_03_3_A08,PA14_21220,PA3309,NA,conserved hypothetical protein,1.2392701881605266,-1.1474719889349907
PAMr_nr_mas_03_3_A09,PA14_13070,PA3926,NA,probable MFS transporter,-0.8621519939993905,-0.45650956080146754
PAMr_nr_mas_03_3_A10,PA14_58900,PA4541,NA,Large exoprotein,-1.1782693981666301,-1.126947706734218
PAMr_nr_mas_03_3_A11,PA14_16830,PA3675,NA,conserved hypothetical protein,-0.5838437156083178,-0.8280910302562895
PAMr_nr_mas_03_3_A12,PA14_34010,PA2369,NA,conserved hypothetical protein,-0.3225254742859685,0.24124490867140058
PAMr_nr_mas_03_3_B01,PA14_30040,PA2635,NA,putative phosphatase,-0.13554456326618314,-0.5118325142585797
PAMr_nr_mas_03_3_B02,PA14_69940,PA5298,xpt,xanthine phosphoribosyltransferase,-1.0087299194042432,-2.2332248425320205
PAMr_nr_mas_03_3_B03,PA14_43550,PA1621,NA,putative hydrolase,-0.6488316281020962,-1.0501689307483522
PAMr_nr_mas_03_3_B04,PA14_21630,PA3278,NA,hypothetical protein,-0.5762801965937371,-0.20152658983122804
PAMr_nr_mas_03_3_B05,PA14_45720,PA1449,flhB,flagellar biosynthetic protein FlhB,-1.537760071956423,-0.9383556662231884
PAMr_nr_mas_03_3_B06,PA14_41980,PA1745,NA,conserved hypothetical protein,-1.0972672061975435,-1.4025009225120642
PAMr_nr_mas_03_3_B07,PA14_40060,PA1891,NA,conserved hypothetical protein,-0.3965951099906443,-1.5764813580335484
PAMr_nr_mas_03_3_B08,PA14_08300,PA0641,NA,"putative phage-related protein, tail component",-1.2803487638193651,-0.8940321430371084
PAMr_nr_mas_03_3_B09,PA14_50470,PA1078,flgC,flagellar basal-body rod protein FlgC,-0.8499585388774689,-1.6092718367765035
PAMr_nr_mas_03_3_B10,PA14_64520,PA4880,NA,putative bacterioferritin,-1.0640360479382134,-0.9112662516711456
PAMr_nr_mas_03_3_B11,PA14_27070,PA2864,NA,putative membrane protein,-0.35017331875470753,-0.06577818564394323
PAMr_nr_mas_03_3_B12,PA14_34440,PA2337,mtlR,transcriptional regulator MtlR,-0.9824102053271999,-0.5958188888285356
PAMr_nr_mas_03_3_C01,PA14_38140,PA2040,NA,putative glutamine synthetase,-0.18730017185217795,-0.48478872258148437
PAMr_nr_mas_03_3_C02,PA14_69840,PA5290,NA,putative magnesium chelatase,-0.548051566488934,-0.9043672956509904
PAMr_nr_mas_03_3_C03,PA14_72170,PA5468,NA,putative citrate transporter,-0.7884500991936144,-0.46323189251441765
PAMr_nr_mas_03_3_C04,PA14_61130,PA4619,NA,putative cytochrome c,-1.046089560155553,-1.7724010942717372
PAMr_nr_mas_03_3_C05,PA14_16660,PA3690,NA,putative metal-transporting P-type ATPase,-1.2586440900335776,-1.6940564182984985
PAMr_nr_mas_03_3_C06,PA14_56840,PA4371,NA,putative thiol oxidoreductase,-1.3858334845570492,-0.7641983288202222
PAMr_nr_mas_03_3_C07,PA14_03350,NA,NA,Hypothetical protein,-1.8971833187756957,-0.3678697471642632
PAMr_nr_mas_03_3_C08,PA14_54600,PA0749,NA,hypothetical protein,-1.6515380594526705,-0.7249217926015596
PAMr_nr_mas_03_3_C09,PA14_15840,PA3756,NA,conserved hypothetical protein,-1.7411033443071602,0.2815734671424663
PAMr_nr_mas_03_3_C10,PA14_14380,PA3837,NA,putative transmembrane component of ABC transporte,-0.6527654784779164,-0.9981070717077416
PAMr_nr_mas_03_3_C11,PA14_72510,PA5495,thrB,homoserine kinase,-1.3583784987105751,-0.3366451704340825
PAMr_nr_mas_03_3_C12,PA14_49580,PA1146,NA,probable iron-containing alcohol dehydrogenase,-0.6481762257662711,0.637447369334021
PAMr_nr_mas_03_3_D01,PA14_55440,PA0686,NA,probable type II secretion system protein,-1.8009183969737266,-1.1576085386598858
PAMr_nr_mas_03_3_D02,PA14_40930,PA1825,NA,conserved hypothetical protein,-0.9511547924618794,-0.9014948227869224
PAMr_nr_mas_03_3_D03,PA14_55180,PA0705,NA,probable glycosyl transferase,-1.2470988492319819,-0.9981070717077416
PAMr_nr_mas_03_3_D04,PA14_70370,PA5331,pyrE,orotate phosphoribosyltransferase,-0.27973519888207904,-0.91558170394415
PAMr_nr_mas_03_3_D05,PA14_25640,PA2969,plsX,fatty acid/phospholipid synthesis protein,-1.5629789164694607,-0.945867831544855
PAMr_nr_mas_03_3_D06,PA14_47090,PA1327,NA,putative protease,-1.898249410996237,-0.23212727621570384
PAMr_nr_mas_03_3_D07,PA14_24980,PA3022,NA,conserved hypothetical protein,-1.0633358735922842,-0.5616066692811988
PAMr_nr_mas_03_3_D08,PA14_00020,PA0002,dnaN,"DNA polymerase III, beta chain",-2.1019587049159774,-0.4775055474291056
PAMr_nr_mas_03_3_D09,PA14_56100,PA4318,NA,putative membrane protein,-1.5903294459371697,-1.334152480011866
PAMr_nr_mas_03_3_D10,PA14_13110,PA3924,NA,probable medium-chain acyl-CoA ligase,-1.3478695352972268,0.1009999735804669
PAMr_nr_mas_03_3_D11,PA14_63730,PA4821,NA,putative transporter,-1.2068567584119005,0.40868907841429286
PAMr_nr_mas_03_3_D12,PA14_13090,PA3925,NA,probable 3-ketoacyl-CoA thiolase,-1.4072432250448241,-0.2456567502997214
PAMr_nr_mas_03_3_E01,PA14_13070,PA3926,NA,probable MFS transporter,-1.0495816112041825,-0.33849342729965104
PAMr_nr_mas_03_3_E02,PA14_04030,PA0308,NA,putative lysophospholipase,-0.6788347519061011,-1.3482577010980263
PAMr_nr_mas_03_3_E03,PA14_53660,PA0821,NA,hypothetical protein,-1.8319638815795485,-1.3562433526657336
PAMr_nr_mas_03_3_E04,PA14_37730,PA2070,NA,putative TonB dependent receptor,0.03408905680543443,-1.4497028326867263
PAMr_nr_mas_03_3_E05,PA14_05070,PA0389,NA,putative methionine biosynthesis protein,-1.3310429615739192,-0.6448401279285525
PAMr_nr_mas_03_3_E06,PA14_45630,PA1455,fliA,motility sigma factor FliA,-1.7815271703369495,-1.0657488608600787
PAMr_nr_mas_03_3_E07,NA,NA,NA,NA,-1.4901213604548857,-0.08736510141692574
PAMr_nr_mas_03_3_E08,PA14_11290,PA4065,NA,putative permease,-0.7599212862798627,-0.7235233022548953
PAMr_nr_mas_03_3_E09,PA14_13030,PA3930,cioA,"CioA, cyanide insensitive terminal oxidase",-1.2547933187574927,-0.17364097085935876
PAMr_nr_mas_03_3_E10,PA14_00760,PA0064,NA,hypothetical protein,-1.785191193551272,0.2729003554119046
PAMr_nr_mas_03_3_E11,PA14_61950,PA4683,NA,hypothetical protein,0.04935667794971805,0.026387308877795668
PAMr_nr_mas_03_3_E12,PA14_41270,PA1798,NA,putative two-component sensor,-1.5138955658760982,0.7153102874312395
PAMr_nr_mas_03_3_F01,PA14_13800,PA3874,narH,respiratory nitrate reductase beta subuni,-0.2476789329838272,-1.275900248021239
PAMr_nr_mas_03_3_F02,PA14_27740,PA2814,NA,conserved hypothetical protein,-1.085077643246195,-0.33532529857790144
PAMr_nr_mas_03_3_F03,PA14_54590,PA0750,ung,uracil-DNA glycosylase,-1.7346076605754814,-0.895753563392373
PAMr_nr_mas_03_3_F04,PA14_60960,PA4607,NA,conserved hypothetical protein,-0.5708832520722742,0.2349443481070741
PAMr_nr_mas_03_3_F05,PA14_27090,PA2863,lipH,lipase modulator protein,1.2319862835435267,0.6296797309577598
PAMr_nr_mas_03_3_F06,PA14_23540,PA3135,act,putative transcriptional activator,-1.4823828883474226,5.777679244312685e-4
PAMr_nr_mas_03_3_F07,PA14_67090,PA5078,NA,"periplasmic glucan biosynthesis protein, MdoG",0.15904720333303846,1.2035642527472863
PAMr_nr_mas_03_3_F08,PA14_68900,PA5217,NA,"putative iron ABC transporter, periplasmic iron-binding protein",-1.140826663401351,-0.450868001999798
PAMr_nr_mas_03_3_F09,PA14_62350,PA4710,NA,putative haem/haemoglobin uptake outer membrane receptor PhuR precursor,-0.953906377259704,-0.04653557436569304
PAMr_nr_mas_03_3_F10,PA14_00750,PA0063,NA,putative aminopeptidase,-0.6556081252045615,0.9823381036462054
PAMr_nr_mas_03_3_F11,PA14_32810,NA,NA,hypothetical protein,-0.9084309061235727,-0.03794487088132725
PAMr_nr_mas_03_3_F12,NA,NA,NA,NA,-1.5865236341503968,-0.047041252538281786
PAMr_nr_mas_03_3_G01,PA14_66150,PA5003,NA,conserved hypothetical protein,-1.2164148563785342,-0.5196956447162046
PAMr_nr_mas_03_3_G02,PA14_10700,PA4117,NA,putative bacteriophytochrome,-1.061002522473003,-1.5863334919344814
PAMr_nr_mas_03_3_G03,PA14_21990,PA3247,NA,putative aspartyl aminopeptidase,-1.840409504273289,-0.33638117529259337
PAMr_nr_mas_03_3_G04,PA14_08260,PA0638,NA,putative minor tail protein L,-0.21884505131202436,-0.5706217621289101
PAMr_nr_mas_03_3_G05,PA14_68260,PA5167,NA,probable c4-dicarboxylate-binding protein,-1.8985159623182768,-0.005701684243596916
PAMr_nr_mas_03_3_G06,PA14_49000,PA0717,NA,hypothetical protein of bacteriophage Pf1,-0.8395901538738618,-0.28195656890906473
PAMr_nr_mas_03_3_G07,PA14_10440,PA4137,NA,putative porin,-0.6643628059489455,-1.556820380664113
PAMr_nr_mas_03_3_G08,PA14_03180,PA0986,NA,conserved hypothetical protein,-1.2032762170350484,-0.20566766626166938
PAMr_nr_mas_03_3_G09,PA14_05410,PA0415,NA,putative chemotaxis protein methyltransferase CheR,-1.6223896064296348,-0.4907290120192271
PAMr_nr_mas_03_3_G10,PA14_19230,PA3468,NA,putative mechanosensitive ion channel family protein,-2.484223667516246,-0.9867540066444785
PAMr_nr_mas_03_3_G11,PA14_35390,PA2257,pvcD,pyoverdine biosynthesis protein PvcD,-1.7541148932057402,-0.9870448710545879
PAMr_nr_mas_03_3_G12,PA14_29850,PA2649,nuoN,NADH dehydrogenase I chain N,-1.6942255893009501,-0.33189484627028565
PAMr_nr_mas_03_3_H01,PA14_61290,PA4632,NA,putative lipoprotein,-0.5032759945783901,0.23276200574174866
PAMr_nr_mas_03_3_H02,PA14_19630,PA3438,folE1,GTP cyclohydrolase I precursor,1.91732744189502,2.886363175292746
PAMr_nr_mas_03_3_H03,PA14_27180,PA2854,NA,putative ErfK/YbiS/YcfS/YnhG family protein,-0.5370960022716972,-0.746214809826773
PAMr_nr_mas_03_3_H04,PA14_73190,PA5550,glmR,GlmR transcriptional regulator,-1.2772090075285798,-0.8102189889130672
PAMr_nr_mas_03_3_H05,PA14_16500,PA3702,NA,putative response regulator of the chemosensory-like operon,-0.7721638918491732,0.45201815535986223
PAMr_nr_mas_03_3_H06,PA14_10970,NA,NA,putative flavodoxin reductase,-0.8977383469801172,-0.3303121519061617
PAMr_nr_mas_03_3_H07,PA14_07170,PA0551,epd,D-erythrose 4-phosphate dehydrogenase,-2.6891308151007074,-0.763072945755444
PAMr_nr_mas_03_3_H08,PA14_40600,PA1850,NA,putative transcriptional regulator,-1.1491017217776682,-0.845725985237225
PAMr_nr_mas_03_3_H09,PA14_09550,PA4204,NA,putative 3-carboxymuconate cyclase,-0.8020915732462033,-0.5414349307559135
PAMr_nr_mas_03_3_H10,PA14_16260,PA3723,NA,"putative oxidoreductase, FAD/FMN-binding",-1.4893720593683504,-0.6853176332356007
PAMr_nr_mas_03_3_H11,PA14_26670,PA2891,NA,putative biotin carboxylase/biotin carboxyl carrier protein,-1.0047980481057606,-1.1641756517413995
PAMr_nr_mas_03_3_H12,PA14_42890,PA1670,stp1,serine/threonine protein phosphatase,-1.5385151663373087,-0.4401352797691725
PAMr_nr_mas_03_4_A01,PA14_66200,PA5007,NA,putative heptose kinase WapQ,-0.6196234595872707,1.7947598789511883
PAMr_nr_mas_03_4_A02,PA14_22450,PA3227,ppiA,peptidyl-prolyl cis-trans isomerase A,0.17842118144200272,1.4830635837887498
PAMr_nr_mas_03_4_A03,PA14_03080,PA0249,NA,putative acetyltransferase,0.9463756603455016,1.1286492750452601
PAMr_nr_mas_03_4_A04,PA14_52300,PA0924,NA,hypothetical protein,0.8452274331243824,0.6264786762368701
PAMr_nr_mas_03_4_A05,PA14_52900,PA0879,NA,probable acyl-CoA dehydrogenase,-0.17513164418800314,0.4310950031100875
PAMr_nr_mas_03_4_A07,PA14_22820,PA3200,NA,putative PHP domain protein,-0.2956183346234386,-0.5618796760354372
PAMr_nr_mas_03_4_A08,PA14_59670,NA,NA,Conserved Hypothetical protein,-0.2257858049110567,0.2162502161785974
PAMr_nr_mas_03_4_A09,PA14_01320,PA0108,coIII,"cytochrome c oxidase, subunit III",0.3583446219306181,-0.431561445019529
PAMr_nr_mas_03_4_A10,PA14_03620,PA0278,NA,putative membrane protein,-1.6952577914532079,-0.6291033023915759
PAMr_nr_mas_03_4_A11,NA,NA,NA,NA,0.4032248123397614,-0.5777331029978449
PAMr_nr_mas_03_4_A12,PA14_08480,PA0662,argC,N-acetyl-gamma-glutamyl-phosphate reductase,0.03506886413477154,1.1110126447179351
PAMr_nr_mas_03_4_B01,PA14_07330,PA0563,NA,conserved hypothetical protein,0.7152275921220419,1.7616273376324598
PAMr_nr_mas_03_4_B02,PA14_45660,PA1453,flhF,flagellar biosynthesis protein FlhF,0.15116543951535155,0.5248557390242351
PAMr_nr_mas_03_4_B04,PA14_07780,PA0596,NA,putative phosphotransferase,1.7602843392934981,-0.7616664822930853
PAMr_nr_mas_03_4_B05,PA14_37820,PA2063,NA,conserved hypothetical protein,0.9207303210473718,0.7710501468560269
PAMr_nr_mas_03_4_B06,PA14_73120,PA5545,NA,putative periplasmic transport protein,0.680844472797108,1.7955284599620531
PAMr_nr_mas_03_4_B07,PA14_54230,PA0777,NA,hypothetical protein,0.25078280882729886,0.4360378108004281
PAMr_nr_mas_03_4_B08,PA14_62100,PA4691,PA4691,NA,0.582121830672509,1.7296887239067515
PAMr_nr_mas_03_4_B09,PA14_04250,PA0326,NA,putative ATP-binding component of ABC transporter,0.14789448915060335,0.5600563260210831
PAMr_nr_mas_03_4_B10,PA14_30410,PA2604,NA,putative 24K membrane protein,0.47835479654216034,0.02163378679639244
PAMr_nr_mas_03_4_B11,PA14_41710,PA1767,NA,putative membrain protein,-0.026365719776390833,1.303959300256745
PAMr_nr_mas_03_4_B12,PA14_25320,PA2997,nqrC,Na+-translocating NADH:ubiquinone oxidoreductase subunit Nrq3,0.023104762947139097,1.356061221348971
PAMr_nr_mas_03_4_C01,PA14_38340,PA2024,NA,putative ring-cleaving dioxygenase,1.2476766413200828,1.6236923397533964
PAMr_nr_mas_03_4_C02,PA14_68930,PA5219,NA,putative permease,0.5040485066369128,-0.14741053682017083
PAMr_nr_mas_03_4_C03,PA14_69070,PA5231,NA,putative ATP-binding/permease fusion ABC transporter,1.357536909222721,0.8571166958698729
PAMr_nr_mas_03_4_C04,PA14_46270,PA1405,NA,putative helicase,0.704492056851328,-0.9928648085442229
PAMr_nr_mas_03_4_C05,PA14_39850,PA1908,NA,putative MFS transporter,0.26477785019289435,-0.23576714422359193
PAMr_nr_mas_03_4_C06,PA14_10200,PA4156,NA,putative TonB-dependent receptor protein,0.5511532188092102,1.1039875910230388
PAMr_nr_mas_03_4_C07,PA14_38750,PA1991,NA,putative iron-containing alcohol dehydrogenase,1.1617915530469614,0.4925032798608326
PAMr_nr_mas_03_4_C08,PA14_58470,PA4505,dppD,putative dipeptide ABC transporter,0.8807805807295772,1.8263909902732973
PAMr_nr_mas_03_4_C09,PA14_48830,PA1196,NA,putative transcriptional regulator,0.44815365787683953,-0.33189484627028565
PAMr_nr_mas_03_4_C10,PA14_12540,PA3968,NA,possible pseudouridylate synthase,0.3466081527518496,-0.07795990730978802
PAMr_nr_mas_03_4_C11,PA14_13590,PA3890,NA,putative permease of ABC-type transporter,0.7921256167432377,0.31327930860155323
PAMr_nr_mas_03_4_C12,PA14_52880,PA0881,NA,putative protein involved in propionate catabolism,0.42204563865477507,1.257073077746885
PAMr_nr_mas_03_4_D01,PA14_35740,NA,tnpA,Transposase,-1.2483004891244716,0.6138882995642642
PAMr_nr_mas_03_4_D02,PA14_70830,PA5367,pstA,"hosphate ABC transporter, permease protein",0.19047575589669138,0.4663211532446554
PAMr_nr_mas_03_4_D03,PA14_60110,NA,NA,hypothetical protein,-0.8628301025194757,0.4157727195549606
PAMr_nr_mas_03_4_D04,PA14_58660,PA4521,NA,transmembrane protein,-0.8402658315925072,-0.1417664101950528
PAMr_nr_mas_03_4_D05,PA14_00960,PA0080,NA,putative lipoprotein,0.5962947917084815,1.458056733489682
PAMr_nr_mas_03_4_D06,PA14_61820,PA4673,NA,putative GTP-binding protein,0.3425045331217378,1.1078203502153736
PAMr_nr_mas_03_4_D08,PA14_00660,PA0054,NA,RNA 2'-phosphotransferase,-0.6133201217429837,-0.43906295111998517
PAMr_nr_mas_03_4_D09,PA14_04670,PA0357,mutM,formamidopyrimidine-DNA glycosylase,0.303573638711954,0.10619192043843241
PAMr_nr_mas_03_4_D10,PA14_34810,PA2305,NA,putative non-ribosomal peptide synthetase,0.5136793204264539,-0.16231330371427635
PAMr_nr_mas_03_4_D11,PA14_53650,PA0822,NA,hypothetical protein,0.3213845085647857,0.2126024332629824
PAMr_nr_mas_03_4_D12,PA14_16560,PA3698,NA,putative lipoprotein,0.7588604209672183,1.9615744153176171
PAMr_nr_mas_03_4_E01,PA14_31370,PA2564,NA,putative trans-aconitate methyltransferase,0.8371268770399838,0.6047168011153843
PAMr_nr_mas_03_4_E02,PA14_56730,PA4362,NA,conserved hypothetical protein,0.8908773526994767,1.6954524709023961
PAMr_nr_mas_03_4_E03,PA14_16660,PA3690,NA,putative metal-transporting P-type ATPase,-0.974581763514564,-0.021803910812609392
PAMr_nr_mas_03_4_E04,PA14_23470,PA3141,wbpM,NA,-0.6483946856152718,-0.8648353627428335
PAMr_nr_mas_03_4_E05,PA14_01150,PA0094,PA0094,NA,-0.2780873031315843,0.4138844796443631
PAMr_nr_mas_03_4_E06,PA14_36180,PA2206,NA,"putative transcriptional regulator, LysR family",-0.40730819791808615,0.8617555460428803
PAMr_nr_mas_03_4_E07,PA14_47910,PA1261,NA,putative transcriptional regulator,0.39416334854348445,-0.6545214115413387
PAMr_nr_mas_03_4_E08,PA14_34180,PA2357,msuE,NADH-dependent FMN reductase,0.18454703012121468,-0.246438129806633
PAMr_nr_mas_03_4_E09,PA14_01340,PA0110,NA,conserved hypothetical protein,0.6011313937845526,1.2079697499797755
PAMr_nr_mas_03_4_E10,PA14_49420,PA1158,NA,probable two-component sensor,0.2304914506213139,0.3992325761156025
PAMr_nr_mas_03_4_E12,PA14_45210,PA1486,NA,putative D-aminopeptidase,0.04505418085668117,0.3989959927217256
PAMr_nr_mas_03_4_F01,PA14_72340,PA5479,gltP,proton-glutamate symporter,-0.4836668690620675,1.5750252315239983
PAMr_nr_mas_03_4_F02,PA14_02360,PA0186,atsR,putative binding protein component of ABC transporter,0.34437014703373947,0.6847722662230737
PAMr_nr_mas_03_4_F03,PA14_58890,PA4540,NA,putative hemolysin activation/secretion protein,-1.1313827799358855,-0.19868108152558317
PAMr_nr_mas_03_4_F04,PA14_63680,PA4817,NA,conserved hypothetical protein,0.7945569895087586,1.9030264822152672
PAMr_nr_mas_03_4_F05,PA14_59900,NA,NA,Conserved hypothetical protein,-0.6283281083703631,-1.0775312984932666
PAMr_nr_mas_03_4_F06,PA14_09690,PA4196,NA,putative two-component response regulator,0.008757058033040822,-0.005199111760270346
PAMr_nr_mas_03_4_F07,PA14_63320,PA4791,NA,conserved hypothetical protein,0.12900514708010954,0.02663740099342839
PAMr_nr_mas_03_4_F08,PA14_66560,PA5035,gltD,glutamate synthase small chain,0.45145539096190257,0.135783368233079
PAMr_nr_mas_03_4_F09,PA14_23650,PA3128,NA,putative short-chain dehydrogenase,-0.3140269297326088,0.07994381589873802
PAMr_nr_mas_03_4_F10,PA14_00300,PA0026,plcB,"phospholipase C, PlcB",-0.15369133958563178,-0.14125354310969288
PAMr_nr_mas_03_4_F11,PA14_14360,PA3839,NA,putative sodium/sulphate transporter,0.44613507762513765,0.42638417975736576
PAMr_nr_mas_03_4_F12,PA14_39300,PA1949,rbsR,ribose operon repressor RbsR,0.14288856308512018,0.8860020285013434
PAMr_nr_mas_03_4_G01,PA14_36760,PA2150,NA,putative KU domain protein,-0.24952389393869562,0.8405231454283055
PAMr_nr_mas_03_4_G02,PA14_58180,PA4483,gatA,Glu-tRNA(Gln) amidotransferase subunit A,-1.3169336618462086,0.36198645698111753
PAMr_nr_mas_03_4_G03,PA14_47940,PA1258,NA,putative permease of ABC transporter,-0.3936574549655737,0.32429320721593663
PAMr_nr_mas_03_4_G04,PA14_11480,PA4049,NA,hypothetical protein,-0.22149796358577728,0.16499991187385515
PAMr_nr_mas_03_4_G05,PA14_04920,PA0375,ftsX,"cell division ABC transporter, permease protein FtsX",0.350336391690301,1.050956596898144
PAMr_nr_mas_03_4_G06,PA14_20870,PA3339,NA,putative membrane protein,1.7650472434510245,1.1585044420016655
PAMr_nr_mas_03_4_G07,PA14_02550,PA0208,mdcA,malonate decarboxylase alpha subunit,0.781868766943476,0.9018251435719954
PAMr_nr_mas_03_4_G08,PA14_32330,PA2500,NA,putative cyanate permease,0.9887744080619035,0.49506923777873213
PAMr_nr_mas_03_4_G09,PA14_22470,PA3225,NA,"putative transcriptional regulator, LysR family",1.632429637509295,-0.5917042004090176
PAMr_nr_mas_03_4_G10,PA14_61060,PA4615,NA,putative ferredoxin--NADP+ reductase,1.1226909810906527,0.7060504634468605
PAMr_nr_mas_03_4_G11,PA14_60190,PA4542,clpB,clpB protein,0.16327236989014343,0.6310511442216604
PAMr_nr_mas_03_4_G12,PA14_49610,PA1144,NA,probable MFS transporter,0.25683854447193993,1.2058722548834504
PAMr_nr_mas_03_4_H01,PA14_18160,PA3567,NA,putative zinc-binding dehydrogenase,-0.6922400448907076,0.5431738257718608
PAMr_nr_mas_03_4_H02,PA14_68780,PA5207,NA,probable phosphate transporter,-1.0747818367855295,-0.060708988071125715
PAMr_nr_mas_03_4_H03,PA14_58050,PA4472,pmbA,PmbA protein,0.07802981432908913,1.0500978144680932
PAMr_nr_mas_03_4_H04,PA14_21110,PA3319,plcN,non-hemolytic phospholipase C precursor,0.09319116093734371,0.3560364180114238
PAMr_nr_mas_03_4_H05,PA14_16680,PA3688,NA,conserved hypothetical protein,1.1650662590271599,1.2518663666611116
PAMr_nr_mas_03_4_H06,PA14_37350,PA2107,NA,conserved hypothetical protein,0.31332900041934925,-0.7249217926015596
PAMr_nr_mas_03_4_H07,PA14_38950,PA1977,NA,putative transmembrane protein,-0.7911313287449709,-0.8269548811665459
PAMr_nr_mas_03_4_H08,PA14_34360,PA2342,mtlD,mannitol dehydrogenase,0.4521888738586846,-1.7222331325396054
PAMr_nr_mas_03_4_H09,PA14_56160,PA4322,NA,putative methanol dehydrogenase regulatory protein,-0.29355331965490994,-0.9765816873046512
PAMr_nr_mas_03_4_H10,NA,NA,NA,NA,-0.6735683684845772,-0.26104060727700634
PAMr_nr_mas_03_4_H11,PA14_24630,PA3051,NA,hypothetical protein,0.6893254835156701,0.14266930258208863
PAMr_nr_mas_03_4_H12,PA14_05690,PA0437,codA,cytosine deaminase,0.7048443326209058,-0.4000397744099377
PAMr_nr_mas_04_1_A01,PA14_34210,PA2354,NA,putative transcriptional regulator,-0.9004666326694563,2.4322038060485287
PAMr_nr_mas_04_1_A02,PA14_08220,PA0634,NA,hypothetical protein,-0.2898380021760892,2.281468345375443
PAMr_nr_mas_04_1_A03,PA14_35880,NA,PAGI-1(16),Probable aldehyde dehydrogenase,-0.5306604650024292,2.0489120231274773
PAMr_nr_mas_04_1_A04,PA14_63480,PA4804,NA,putative amino acid permease,-0.7350643968296076,1.6915509116402259
PAMr_nr_mas_04_1_A05,PA14_47190,PA1318,cyoB,cytochrome o ubiquinol oxidase subunit I,-0.5883862012767214,1.7521583963260206
PAMr_nr_mas_04_1_A07,PA14_03650,PA0280,cysA,sulfate transport protein CysA,-0.7804132688794928,2.5693628745882964
PAMr_nr_mas_04_1_A08,PA14_70530,PA5342,NA,putative AraC-family transcriptional regulator,-0.9780342855283614,2.5613113402639844
PAMr_nr_mas_04_1_A09,PA14_41220,PA1803,lon,Lon protease,-0.4226744738162066,3.6692732360638454
PAMr_nr_mas_04_1_A10,PA14_42750,PA1682,NA,putative MFS metabolite transporter,-1.331773615454382,1.0678950674649759
PAMr_nr_mas_04_1_A11,PA14_69110,PA5234,NA,"putative oxidoreductase, zinc-binding",-1.1441353790246884,0.08986082713745425
PAMr_nr_mas_04_1_A12,PA14_06660,PA0510,nirE,putative uroporphyrin-III c-methyltransferase,-1.9212142563959411,2.0205449674725946
PAMr_nr_mas_04_1_B01,PA14_19650,PA3436,NA,putative membrane protein,-0.032106615936890806,2.290041039107141
PAMr_nr_mas_04_1_B02,PA14_23530,PA3136,NA,putative secretion protein,0.5778097816705434,0.7875929038220622
PAMr_nr_mas_04_1_B03,PA14_59380,NA,NA,Conserved hypothetical protein,-0.144409772452894,0.9116956761483169
PAMr_nr_mas_04_1_B04,PA14_03520,PA0271,NA,conserved hypothetical protein,0.6500044853320683,0.7942878257303899
PAMr_nr_mas_04_1_B05,PA14_54860,NA,NA,hypothetical,0.17497276506198975,1.438024465719002
PAMr_nr_mas_04_1_B06,PA14_49960,PA1114,NA,hypothetical protein,1.0263722347060042,1.7643302969874457
PAMr_nr_mas_04_1_B07,PA14_60230,PA4545,comL,competence lipoprotein ComL,-0.030126403973495607,1.0721765137790114
PAMr_nr_mas_04_1_B08,PA14_01510,PA0124,NA,putative plasmid stabilisation system protein,-1.2941339394156852,0.5966814438030636
PAMr_nr_mas_04_1_B09,NA,NA,NA,NA,-1.8156327233398146,0.734466872668721
PAMr_nr_mas_04_1_B10,PA14_41090,PA1812,mltD,membrane-bound lytic murein transglycosylase D precursor,-1.2422945865061905,1.6082994876521668
PAMr_nr_mas_04_1_B11,PA14_66670,PA5045,ponA,penicillin-binding protein 1A,-2.8090725117320594,2.0911470859574615
PAMr_nr_mas_04_1_B12,PA14_36110,PA2211,NA,putative hydrolase,-1.2774504715468549,1.4614906094699245
PAMr_nr_mas_04_1_C01,PA14_16990,PA3662,NA,hypothetical protein,0.02624509263223583,2.901859375785557
PAMr_nr_mas_04_1_C02,PA14_62040,NA,NA,putative paraquat-inducible protein A,0.0825042725304719,1.780525228037901
PAMr_nr_mas_04_1_C03,PA14_10090,NA,NA,putative LysR family transcription regulator,-0.2043758008715447,1.9956017260318675
PAMr_nr_mas_04_1_C04,PA14_15420,NA,tnpA,NA,-0.04340575689569858,2.186076171024491
PAMr_nr_mas_04_1_C06,NA,NA,NA,NA,0.33858493985032917,2.5897055813212395
PAMr_nr_mas_04_1_C07,PA14_16480,PA3703,NA,"putative methylesterase, CheB-like",-0.51759516572019,1.4323479078173333
PAMr_nr_mas_04_1_C08,PA14_19810,PA3422,NA,conserved hypothetical protein,-0.23191637310056815,1.5403877749864647
PAMr_nr_mas_04_1_C09,PA14_00460,PA0037,trpI,trpBA operon transcriptional activator,-0.5497718209879738,3.124278466743418
PAMr_nr_mas_04_1_C10,PA14_65280,PA4942,hflK,protease subunit HflK,-2.152269530144544,0.9453653848702045
PAMr_nr_mas_04_1_C11,PA14_26460,PA2909,cobK,"ppfam02571, CbiJ, Precorrin-6x reductase",-0.8603440623311688,2.795275981593276
PAMr_nr_mas_04_1_C12,PA14_65000,PA4922,azu,azurin precursor,-0.5670003205211008,1.1428523373887418
PAMr_nr_mas_04_1_D01,PA14_30340,PA2611,cysG,siroheme synthase,0.9429849346902619,1.734537690390843
PAMr_nr_mas_04_1_D02,PA14_51110,PA1021,NA,probable enoyl-CoA hydratase/isomerase,0.2348586770530086,1.777636141275414
PAMr_nr_mas_04_1_D03,PA14_02830,PA0230,pcaB,"3-carboxy-cis,cis-muconate cycloisomerase",-0.26718089679704465,2.4762685541416785
PAMr_nr_mas_04_1_D04,PA14_21020,PA3327,NA,putative non-ribosomal peptide synthetase,-0.5529985682060264,2.169560230624356
PAMr_nr_mas_04_1_D05,PA14_51020,PA1029,NA,hypothetical protein,-0.6503611661439253,1.0905556672431251
PAMr_nr_mas_04_1_D06,PA14_51390,PA0999,pqsD,3-oxoacyl-[acyl-carrier-protein] synthase III,0.25002543131540234,2.0121788420455284
PAMr_nr_mas_04_1_D07,PA14_61050,PA4614,mscL,large conductance mechanosensitive channel,-0.5719622701735817,0.4482614967317596
PAMr_nr_mas_04_1_D08,PA14_38510,PA2009,hmgA,"homogentisate 1,2-dioxygenase",-3.6091289271015237,-2.48588688055367
PAMr_nr_mas_04_1_D09,PA14_15180,PA3781,NA,"putative ABC transport system, membrane protein",-0.2021370641699015,4.443733766977836
PAMr_nr_mas_04_1_D10,NA,NA,NA,NA,-1.4649438995917148,1.350930785662069
PAMr_nr_mas_04_1_D11,PA14_71820,PA5440,NA,putative peptidase,-1.4898715834969796,1.437821814177744
PAMr_nr_mas_04_1_D12,PA14_69240,PA5243,hemB,delta-aminolevulinic acid dehydratase,-1.304795850933805,1.7853376100936624
PAMr_nr_mas_04_1_E01,PA14_64240,PA4857,NA,"putative membrane protein, MarC family",0.3800829280312059,2.6322425325283056
PAMr_nr_mas_04_1_E02,PA14_39730,PA1917,NA,conserved hypothetical protein,1.9574256118576838,3.4091088614621756
PAMr_nr_mas_04_1_E03,PA14_01220,NA,NA,Hypothetical protein,-0.017072634171965178,2.250659273889205
PAMr_nr_mas_04_1_E04,PA14_62420,PA4717,NA,putative zinc metallopeptidase,-0.34954834010865704,2.128731571551063
PAMr_nr_mas_04_1_E05,PA14_28520,NA,NA,hypothetical protein,0.08289320530392214,2.5214254326656356
PAMr_nr_mas_04_1_E06,PA14_41280,PA1797,NA,putative beta-lactamase,0.8165701391852606,5.4854021611357675
PAMr_nr_mas_04_1_E07,NA,NA,NA,NA,-2.0975549798458037,1.5809791773520945
PAMr_nr_mas_04_1_E08,PA14_02190,PA0174,NA,putative chemotaxis protein,-1.2085283762704047,2.076238412861047
PAMr_nr_mas_04_1_E09,PA14_09790,PA4182,NA,putative transcriptional regulator,-1.2750362488517624,2.6510428404636586
PAMr_nr_mas_04_1_E10,PA14_53520,PA0831,oruR,transcriptional regulator OruR,-0.3932379020632234,3.7849636950065024
PAMr_nr_mas_04_1_E11,PA14_48830,PA1196,NA,putative transcriptional regulator,0.28138012616021896,3.7274398277081997
PAMr_nr_mas_04_1_E12,PA14_59850,NA,NA,Conserved hypothetical protein,-1.859983597990435,1.2743304429076208
PAMr_nr_mas_04_1_F01,PA14_57780,PA4448,hisD,histidinol dehydrogenase,-1.4274895265233156,1.257073077746885
PAMr_nr_mas_04_1_F02,PA14_72650,PA5506,NA,putative transcriptional regulator,0.05052957509136137,2.147171682395988
PAMr_nr_mas_04_1_F03,PA14_50920,PA1037,NA,conserved hypothetical protein,0.2424466306176136,1.8359468114667505
PAMr_nr_mas_04_1_F04,PA14_50790,PA1050,NA,conserved hypothetical protein,-0.3387252429444246,2.3228019436639564
PAMr_nr_mas_04_1_F05,PA14_44190,PA1569,NA,putative sugar MFS transporter,0.48747806945646516,1.8588254124335142
PAMr_nr_mas_04_1_F06,PA14_51690,PA0974,NA,conserved hypothetical protein,-0.6226687150671179,1.5902964170096223
PAMr_nr_mas_04_1_F07,PA14_69170,PA5238,NA,putative acyltransferase,-1.9784563420887207,1.699741567543762
PAMr_nr_mas_04_1_F08,PA14_30990,NA,NA,hypothetical,-1.6821098992121841,1.5924751805617299
PAMr_nr_mas_04_1_F09,NA,NA,NA,NA,-0.9559708569474974,2.159558323330783
PAMr_nr_mas_04_1_F10,PA14_35920,NA,PAGI-1(12),Predicted symporter,-1.1965979942741864,2.3908374252118683
PAMr_nr_mas_04_1_F11,PA14_50180,PA1099,fleR,two-component response regulator,-2.4340968423445175,1.5944552609904104
PAMr_nr_mas_04_1_F12,PA14_31850,PA2529,NA,putative protease,-1.2897774577018615,1.122067522180127
PAMr_nr_mas_04_1_G01,PA14_36470,PA2174,NA,hypothetical protein,0.002063365210084892,2.0607424993742076
PAMr_nr_mas_04_1_G02,PA14_28060,PA2787,cpg2,carboxypeptidase G2 precursor,-0.17817156739221232,1.7316287310059664
PAMr_nr_mas_04_1_G03,PA14_60730,PA4589,NA,putative outer membrane protein,-0.8859294465035955,2.597893619564848
PAMr_nr_mas_04_1_G04,PA14_38220,PA2033,NA,putative siderophore-interacting protein,-0.1490488421229995,0.8194455686792447
PAMr_nr_mas_04_1_G05,PA14_48100,PA1247,aprE,alkaline protease secretion protein AprE,0.37080225501932795,1.9819741275550538
PAMr_nr_mas_04_1_G06,PA14_66770,PA5053,hslV,heat shock protein HslV,-0.12126566434800289,1.53379838360854
PAMr_nr_mas_04_1_G07,PA14_24560,PA3058,pelG,PelG,-0.6597650775716318,1.4550253828991746
PAMr_nr_mas_04_1_G08,PA14_44950,PA1507,NA,putative transporter,-0.9727411938762515,1.8191194539629842
PAMr_nr_mas_04_1_G09,PA14_50040,PA1109,NA,probable transcriptional regulator,-1.3084347327629664,1.947501811468225
PAMr_nr_mas_04_1_G10,PA14_60550,PA4576,NA,putative ATP-dependent protease,-1.7661093634149791,0.8380859704634004
PAMr_nr_mas_04_1_G11,PA14_09630,PA4199,NA,putative acyl-CoA dehydrogenase,-0.9374149149448815,1.7629789534106328
PAMr_nr_mas_04_1_G12,PA14_56090,PA4317,NA,conserved hypothetical protein,-2.09397922454181,0.5250879263115198
PAMr_nr_mas_04_1_H01,PA14_20880,PA3338,NA,conserved hypothetical protein,0.03604851869147431,2.427309242651588
PAMr_nr_mas_04_1_H02,PA14_45430,PA1470,NA,putative short-chain dehydrogenase,-1.1920703823267382,1.7560248843802218
PAMr_nr_mas_04_1_H03,PA14_03170,PA0987,NA,conserved hypothetical protein,0.5035029245285144,1.8391926931478841
PAMr_nr_mas_04_1_H04,PA14_51630,PA0978,RS04,putative transposase,-0.6669915906823838,1.3521624480201453
PAMr_nr_mas_04_1_H05,PA14_54000,PA0792,prpD,propionate catabolic protein PrpD,-0.2867435816351485,3.387168306940741
PAMr_nr_mas_04_1_H06,PA14_25780,PA2959,NA,"putative deoxyribonuclease, TatD family",-0.8067946800697404,1.769732951472562
PAMr_nr_mas_04_1_H07,PA14_06210,PA0475,NA,putative transcriptional regulator,1.206019353007403,3.317850872421237
PAMr_nr_mas_04_1_H08,PA14_69630,PA5274,rnk,nucleoside diphosphate kinase regulator,-0.9672227178515789,1.1831774310800856
PAMr_nr_mas_04_1_H09,NA,NA,NA,NA,-1.6919037542797624,1.4471374563864878
PAMr_nr_mas_04_1_H10,PA14_28150,PA2778,NA,conserved hypothetical protein,-0.8393649441139369,2.0283439514515123
PAMr_nr_mas_04_1_H11,PA14_51360,PA1001,phnA,anthranilate synthase component I,-1.6328572572773927,3.5079307738227525
PAMr_nr_mas_04_1_H12,PA14_05220,PA0399,NA,cystathionine beta-synthase,-2.064077686713681,0.3581790398944869
PAMr_nr_mas_04_2_A01,PA14_45070,PA1496,NA,putative potassium channel,-0.032502733232787434,0.06180740168505178
PAMr_nr_mas_04_2_A03,PA14_68330,PA5171,arcA,arginine deiminase,0.8132817354121908,-0.013244791990411559
PAMr_nr_mas_04_2_A04,PA14_31100,NA,NA,putative plasmid partitioning protein,0.27647947262523037,0.6090748259708332
PAMr_nr_mas_04_2_A05,PA14_51470,PA0992,cupC1,fimbrial subunit CupC1,1.6089843902669545,0.9797349367282535
PAMr_nr_mas_04_2_A07,PA14_29150,PA2706,NA,conserved hypothetical protein,0.7708980206060005,-0.39018627827314656
PAMr_nr_mas_04_2_A08,PA14_19020,PA3484,NA,hypothetical protein,0.8734116810365401,0.4150646918553057
PAMr_nr_mas_04_2_A09,PA14_23130,PA3177,NA,putative sensory box/GGDEF domain protein,0.06946109225544879,0.7387414644765257
PAMr_nr_mas_04_2_A10,PA14_42130,PA1733,NA,putative proteasome-type protease,0.27798777318440476,0.6611515392579064
PAMr_nr_mas_04_2_A11,PA14_02770,PA0227,NA,"putative CoA transferase, subunit B",0.05951451977506395,-0.14510100207942167
PAMr_nr_mas_04_2_A12,PA14_40800,PA1835,NA,conserved hypothetical protein,2.174550307491961,0.6118258051038646
PAMr_nr_mas_04_2_B01,NA,NA,NA,NA,-0.8003008391183938,0.98298873761055106
PAMr_nr_mas_04_2_B04,PA14_33170,PA2432,NA,putative transcriptional regulator,0.44925442836817286,-0.13023637154617126
PAMr_nr_mas_04_2_B05,PA14_53100,NA,NA,hypothetical protein,0.04720579768741726,0.7522223258828149
PAMr_nr_mas_04_2_B06,PA14_14940,PA3798,NA,putative aminotransferase,0.6546223901803361,1.3673343911006421
PAMr_nr_mas_04_2_B07,PA14_71530,PA5420,purU2,formyltetrahydrofolate deformylase,0.9536595300511035,1.0651106617048647
PAMr_nr_mas_04_2_B08,PA14_11600,PA4039,NA,possible ABC transporter component,0.6872063038384812,0.3391094810335613
PAMr_nr_mas_04_2_B09,PA14_29300,PA2692,NA,putative transcriptional regulator,0.5142240196266101,0.38905195034797935
PAMr_nr_mas_04_2_B10,PA14_68800,PA5208,NA,putative phosphate transport regulator,0.6240099424565084,-0.20152658983122804
PAMr_nr_mas_04_2_B11,PA14_45760,PA1447,fliQ,flagellar biosynthetic protein FliQ,-1.2538309945885593,0.2815734671424663
PAMr_nr_mas_04_2_B12,PA14_27490,PA2829,NA,hypothetical protein,0.24472123087294456,1.1020703901473694
PAMr_nr_mas_04_2_C01,PA14_64310,PA4862,NA,putative ABC transport ATP-binding subunit,2.1071403045302346,0.619843058273317
PAMr_nr_mas_04_2_C03,PA14_73090,PA5542,NA,putative beta-lactamase,0.8994212557902096,0.02788772177294467
PAMr_nr_mas_04_2_C04,PA14_38300,PA2028,NA,putative glutamate uptake regulatory protein,1.2310144579397766,1.4333619311381416
PAMr_nr_mas_04_2_C05,PA14_32160,PA2512,antA,anthranilate dioxygenase large subunit,1.184678733355514,0.9914412431713822
PAMr_nr_mas_04_2_C08,PA14_54490,PA0758,NA,hypothetical protein,1.5256119105996875,0.8626387730681392
PAMr_nr_mas_04_2_C09,PA14_22960,PA3191,NA,putative two-component sensor,1.4609821427064433,0.26107724410255867
PAMr_nr_mas_04_2_C10,PA14_22630,PA3216,NA,putative membrane protein,0.3566693251253956,0.3257284708144332
PAMr_nr_mas_04_2_C11,PA14_34190,PA2356,msuD,FMNH2-dependent methanesulfonate sulfonatase,-0.35184023247057866,0.2067618527545287
PAMr_nr_mas_04_2_C12,PA14_71890,PA5445,NA,putative coenzyme A transferase,-0.6966414562697736,0.3726832494711882
PAMr_nr_mas_04_2_D01,PA14_24170,PA3092,PA3092,NA,-0.37083256762469413,0.6379040093361019
PAMr_nr_mas_04_2_D02,PA14_71640,PA5428,NA,"putative transcriptional regulator, LysR family",0.43952427702929153,0.17063216663164382
PAMr_nr_mas_04_2_D03,PA14_58110,PA4478,NA,putative Maf-like protein,-0.1248825974388068,0.17943838984479135
PAMr_nr_mas_04_2_D04,PA14_15600,NA,NA,NA,1.7549217528108616,1.1686376713109383
PAMr_nr_mas_04_2_D05,PA14_51570,NA,RS10,hypothetical protein,0.8667207782271406,0.26566418895196914
PAMr_nr_mas_04_2_D06,PA14_19340,PA3462,NA,putative sensor/response regulator hybrid,1.8047954552948622,0.8292160464910451
PAMr_nr_mas_04_2_D07,PA14_48760,PA1202,NA,putative hydrolase,1.761624271063564,0.5505796031758979
PAMr_nr_mas_04_2_D08,PA14_55110,PA0713,NA,hypothetical protein,1.3730755892189668,0.5403945506356154
PAMr_nr_mas_04_2_D09,PA14_12850,PA3944,NA,probable acetyltransferase,1.121372439707217,0.9834224585407016
PAMr_nr_mas_04_2_D10,PA14_69580,PA5269,NA,conserved hypothetical protein,0.2310612610317749,1.2337154532631713
PAMr_nr_mas_04_2_D11,PA14_64190,PA4853,fis,DNA-binding protein Fis,0.034285030495400576,0.6951934317387835
PAMr_nr_mas_04_2_D12,PA14_02580,PA0211,mdcD,malonate decarboxylase beta subunit,0.8319508432839288,1.2888504261789175
PAMr_nr_mas_04_2_E01,PA14_69990,PA5302,dadX,catabolic alanine racemase,-0.9433651731536193,0.2376106919184873
PAMr_nr_mas_04_2_E02,PA14_44260,PA1565,NA,putative oxidoreductase,0.5056849687677397,-0.10774583467660862
PAMr_nr_mas_04_2_E03,PA14_68620,PA5194,NA,conserved hypothetical protein,-0.6339926039395012,-0.5034372758817237
PAMr_nr_mas_04_2_E04,PA14_33230,PA2429,NA,hypothetical protein,-0.37961766155346643,0.24100268878118658
PAMr_nr_mas_04_2_E05,PA14_18670,PA3531,bfrB,bacterioferritin,0.8711821717031482,1.1069688151243795
PAMr_nr_mas_04_2_E06,PA14_64220,PA4855,purD,phosphoribosylamine--glycine ligase,-0.7973919842675002,0.3412575138667115
PAMr_nr_mas_04_2_E07,PA14_65110,PA4930,alr,biosynthetic alanine racemase,2.2054203504712815,0.29336055109950704
PAMr_nr_mas_04_2_E08,PA14_27430,PA2835,NA,putative multidrug efflux MFS transporter,1.3724421090695527,1.504166113598893
PAMr_nr_mas_04_2_E09,PA14_56750,PA4364,NA,conserved hypothetical protein,0.6503598293067497,0.997935932990897
PAMr_nr_mas_04_2_E10,PA14_56810,PA4369,NA,putative lemA-like protein,1.1758606951506123,1.2770293880285264
PAMr_nr_mas_04_2_E11,PA14_50460,PA1079,flgD,flagellar basal-body rod modification protein FlgD,0.47817219589152776,0.2402759766444512
PAMr_nr_mas_04_2_E12,PA14_29000,PA2719,NA,putative protease,0.20231645055200048,0.5713646373729376
PAMr_nr_mas_04_2_F01,PA14_07740,PA0593,pdxA,pyridoxal phosphate biosynthetic protein PdxA,-0.254651629869005,0.3731582669220442
PAMr_nr_mas_04_2_F03,PA14_20960,PA3332,NA,putativ isomerase,0.6350618617295235,-0.40243876021705594
PAMr_nr_mas_04_2_F04,PA14_65860,NA,NA,putative sensor histidine kinase/response regulator,0.3878681133687998,0.06255370044290233
PAMr_nr_mas_04_2_F05,PA14_53400,PA0840,NA,probable oxidoreductase,0.7441747551772385,0.02538684719291552
PAMr_nr_mas_04_2_F06,PA14_28400,PA2760,NA,"putative outer membrane porin, OprD family",0.5540404677481456,1.1398870169139703
PAMr_nr_mas_04_2_F07,PA14_31290,PA2570,pa1L,PA-I galactophilic lectin,0.8995920154006706,1.571847632265859
PAMr_nr_mas_04_2_F08,PA14_47370,PA1303,lepB,signal peptidase,-0.529374148182166,1.1745416625859648
PAMr_nr_mas_04_2_F09,PA14_73350,PA5563,soj,chromosome partitioning protein,-0.15752903521060307,1.024283099987114
PAMr_nr_mas_04_2_F10,PA14_31900,PA2526,NA,putative efflux transporter,-0.23396122584486675,0.8564537411187465
PAMr_nr_mas_04_2_F11,PA14_67920,PA5142,hisH1,lutamine amidotransferase class-I,0.005017344085673133,-0.29637420539406856
PAMr_nr_mas_04_2_F12,PA14_48090,PA1248,aprF,alkaline protease secretion outer membrane protein AprF precursor,-0.13494057244747898,0.016125498308852272
PAMr_nr_mas_04_2_G01,PA14_68870,PA5215,gcvT1,glycine-cleavage system protein T1,-0.6215809543804321,-0.09652877168102038
PAMr_nr_mas_04_2_G02,PA14_47330,PA1307,NA,putative glutamine amidotransferase,-0.5585955253258437,-0.17132239181138764
PAMr_nr_mas_04_2_G03,PA14_37550,PA2085,NA,putative ring-hydroxylating dioxygenase small subunit,-0.01568973286914472,-0.4398671815407971
PAMr_nr_mas_04_2_G04,PA14_41140,PA1809,NA,"putative ABC transporter, permease protein",0.2796841786240896,0.6465742702351719
PAMr_nr_mas_04_2_G06,PA14_10700,PA4117,NA,putative bacteriophytochrome,0.15520367566275464,0.4770868923392191
PAMr_nr_mas_04_2_G07,PA14_16070,PA3736,hom,homoserine dehydrogenase,-0.100808946913794,0.4897029334998069
PAMr_nr_mas_04_2_G08,PA14_52740,PA0893,argR,transcriptional regulator ArgR,-0.34559158502697684,-0.02205581495184135
PAMr_nr_mas_04_2_G09,PA14_43280,PA1642,selD,selenophosphate synthetase,-0.39114055768795186,0.12790506652981
PAMr_nr_mas_04_2_G10,PA14_70060,PA5306,NA,putative lipoprotein,-0.4819646164137035,0.15249410979580366
PAMr_nr_mas_04_2_G11,PA14_18910,PA3492,NA,"putative NADH:ubiquinone oxidoreductase, subunit RnfD",-0.32356266901349184,-0.500731373551316
PAMr_nr_mas_04_2_G12,PA14_24370,PA3076,NA,hypothetical protein,-0.24419548417797668,-0.5215950230242861
PAMr_nr_mas_04_2_H01,PA14_26870,PA2878,NA,conserved hypothetical protein,0.14981878382328645,0.3000867429856768
PAMr_nr_mas_04_2_H02,PA14_04340,PA0333,NA,putative epimerase,-0.41046258564395566,-0.03087842287514655
PAMr_nr_mas_04_2_H03,PA14_09150,PA4236,katA,catalase,-0.3036783842454604,-0.0361775610956889
PAMr_nr_mas_04_2_H04,PA14_48170,PA1242,NA,conserved hypothetical protein,0.26383322064701115,-0.14997761918363167
PAMr_nr_mas_04_2_H05,PA14_55880,PA4301,NA,putative pilus assembly protein,-0.684984450220212,0.32070370453159075
PAMr_nr_mas_04_2_H06,PA14_28510,PA2752,NA,putative membrane protein,-1.8019682782505735,-0.34034219339703053
PAMr_nr_mas_04_2_H07,NA,NA,NA,NA,0.16327236989014343,-0.07948417866181355
PAMr_nr_mas_04_2_H08,NA,PA1015,NA,NA,-0.7434869666340721,-0.03920752005954065
PAMr_nr_mas_04_2_H09,PA14_35330,PA2262,NA,putative 2-ketogluconate transporter,-0.40100416947618506,0.4041989014931833
PAMr_nr_mas_04_2_H10,PA14_58630,PA4519,NA,putative ornithine decarboxylase,-0.5506321248932862,0.04112681829381816
PAMr_nr_mas_04_2_H11,PA14_19540,PA3445,NA,putative ABC-type transporter periplasmic sulfonate-binding protein,-0.6002987751873662,0.15642000832911732
PAMr_nr_mas_04_2_H12,NA,NA,NA,NA,0.11973246382775181,1.673965767171017
PAMr_nr_mas_04_3_A01,PA14_56730,PA4362,NA,conserved hypothetical protein,-0.21558146549094312,0.030137712240263896
PAMr_nr_mas_04_3_A02,PA14_71530,PA5420,purU2,formyltetrahydrofolate deformylase,0.17899573354213544,0.034385636884937634
PAMr_nr_mas_04_3_A03,PA14_01600,PA0130,NA,putative aldehyde dehydrogenase,-0.12126566434800289,0.2637332259147558
PAMr_nr_mas_04_3_A04,PA14_68610,PA5193,hslO,"putative chaperonin, 33 kDa",-1.229341396629095,-0.7198885908343654
PAMr_nr_mas_04_3_A05,PA14_24330,PA3079,NA,putative export protein,-0.6244095239683718,0.5001982118029081
PAMr_nr_mas_04_3_A07,PA14_16630,PA3692,NA,"putative outer membrane protein, OmpA",0.29229859847366435,0.6545501376998691
PAMr_nr_mas_04_3_A08,PA14_31470,PA2557,NA,putative acyl-CoA synthetases (AMP-forming),-1.2233535809784688,1.7976416039291363
PAMr_nr_mas_04_3_A09,PA14_55900,PA4303,NA,putative pilus assembly protein,0.04035718500871967,0.245361309595703
PAMr_nr_mas_04_3_A10,PA14_47250,PA1314,NA,conserved hypothetical protein,-1.649744340098469,1.3932930343323584
PAMr_nr_mas_04_3_A11,PA14_27580,PA2821,NA,putative glutathione S-transferase,-0.8233956492025334,0.2972049148716595
PAMr_nr_mas_04_3_A12,PA14_46010,PA1425,NA,putative ATP-binding component of ABC transporter,-1.429963056922825,2.367765033684482
PAMr_nr_mas_04_3_B01,NA,NA,NA,NA,-0.7641478535672439,0.36816890574082617
PAMr_nr_mas_04_3_B02,PA14_70950,PA5373,betB,betaine aldehyde dehydrogenase,0.5451940743252363,-0.4262083561771702
PAMr_nr_mas_04_3_B03,PA14_49320,PA1167,NA,hypothetical,0.4633638912722064,0.8245546385175425
PAMr_nr_mas_04_3_B04,PA14_43270,PA1643,NA,putative ATPase,0.4633638912722064,-0.1376645706798283
PAMr_nr_mas_04_3_B05,PA14_03100,NA,NA,hypothetical protein,0.3041368599472983,-0.19454431323179525
PAMr_nr_mas_04_3_B06,NA,NA,NA,NA,0.14115481285167936,0.3307494771834548
PAMr_nr_mas_04_3_B07,PA14_51590,NA,RS08,hypothetical protein,0.1774634778372722,-0.09372743336345539
PAMr_nr_mas_04_3_B08,PA14_45560,PA1460,NA,putative chemotaxis transmembrane proton channel,1.945726605605954,0.5946136528373202
PAMr_nr_mas_04_3_B09,PA14_24150,PA3093,PA3093,NA,1.213983132022748,0.4122318337321682
PAMr_nr_mas_04_3_B10,PA14_45180,PA1488,NA,putative oxidoreductase,0.20536849480979621,0.7667960939715095
PAMr_nr_mas_04_3_B11,PA14_24290,PA3082,gbt,glycine betaine transmethylase,0.7371694980275694,0.6691101087122139
PAMr_nr_mas_04_3_B12,PA14_01200,NA,NA,Hypothetical protein,-0.052141818894499814,2.2537106640105664
PAMr_nr_mas_04_3_C01,NA,NA,NA,NA,-0.2302809699387896,0.852032368107324
PAMr_nr_mas_04_3_C02,PA14_03830,PA0293,aguB,N-carbamoylputrescine amidohydrolase,-0.8236202872721228,0.1222368182932206
PAMr_nr_mas_04_3_C03,PA14_44210,PA1567,NA,putative Glycine/D-amino acid oxidase,0.3832352366331565,0.2981656617692479
PAMr_nr_mas_04_3_C04,PA14_41970,PA1746,NA,conserved hypothetical protein,1.6474555148332197,-0.33954980269667023
PAMr_nr_mas_04_3_C05,PA14_39360,PA1945,NA,putative sigma-54 dependent transcriptional regulator,2.0883725973049256,-0.06856787752562003
PAMr_nr_mas_04_3_C06,NA,NA,NA,NA,1.7651960260434554,1.9309522377005064
PAMr_nr_mas_04_3_C08,PA14_16330,PA3716,NA,conserved hypothetical protein,-0.7169277563657835,0.030137712240263896
PAMr_nr_mas_04_3_C09,PA14_04070,PA0312,NA,conserved hypothetical protein,0.13440789925955665,-0.1880857140575896
PAMr_nr_mas_04_3_C10,PA14_54830,PA0730,NA,putative transferase,-0.7953789502928917,1.2197036214575256
PAMr_nr_mas_04_3_C11,PA14_42160,PA1730,NA,conserved hypothetical protein,-0.25034405051547637,-0.003189198158898906
PAMr_nr_mas_04_3_C12,PA14_02470,PA0196,pntB,"pyridine nucleotide transhydrogenase, beta subunit",-0.7076584930863529,1.724642078913057
PAMr_nr_mas_04_3_D01,PA14_00310,PA0027,NA,putative peptidyl-prolyl isomerase,0.4498047413025479,1.1760168490857204
PAMr_nr_mas_04_3_D02,PA14_19800,PA3423,NA,"putative transcriptional regulator, AraC family",1.0124671214433614,-0.6079032178294267
PAMr_nr_mas_04_3_D03,PA14_14040,PA3861,NA,putative ATP-dependent RNA helicase RhlB,-0.4611493639589482,0.7459346274800838
PAMr_nr_mas_04_3_D04,PA14_28280,PA2770,NA,"putative phenazine biosynthesis protein, PhzF family",1.3384574670135534,0.42261313841722775
PAMr_nr_mas_04_3_D05,PA14_01430,PA0117,NA,putative short chain dehydrogenase,0.17343952783101782,-0.08787386603223488
PAMr_nr_mas_04_3_D06,PA14_21770,PA3265,NA,putative DMT superfamily transport protein,0.713996576754407,0.30464710778669285
PAMr_nr_mas_04_3_D07,PA14_03720,PA0285,NA,putative sensory box/GGDEF domain/EAL domain protein,0.7173373432077113,0.3312274723758427
PAMr_nr_mas_04_3_D08,PA14_60650,PA4583,NA,conserved hypothetical protein,0.9717479433914102,-0.4575846814139089
PAMr_nr_mas_04_3_D09,PA14_55760,PA4291,NA,conserved hypothetical protein,0.2063219546788002,-0.2571261123630703
PAMr_nr_mas_04_3_D10,PA14_07840,PA0601,NA,putative two-component response regulator,-0.9401604877586854,0.28036953845744034
PAMr_nr_mas_04_3_D11,PA14_71850,PA5442,NA,conserved hypothetical protein,-1.0057229729545687,-0.18266529075710766
PAMr_nr_mas_04_3_D12,PA14_38840,PA1984,NA,NAD+ dependent acetaldehyde dehydrogenase,0.5258330340485056,1.4618944793733288
PAMr_nr_mas_04_3_E01,PA14_45680,PA1452,flhA,flagellar biosynthesis protein FlhA,-1.0425994488839274,-1.0528120307047146
PAMr_nr_mas_04_3_E02,PA14_59720,NA,cupD2,putative pili assembly chaperone,0.6500044853320683,-0.1230721114862107
PAMr_nr_mas_04_3_E03,NA,NA,NA,NA,-0.8222725793118653,-0.7176528235473733
PAMr_nr_mas_04_3_E04,PA14_31950,PA2524,NA,putative heavy metal sensor histidine kinase,-0.9761927043657159,1.0696079738230446
PAMr_nr_mas_04_3_E05,PA14_71680,PA5431,NA,"putative transcriptional regulator, GntR family",-0.6997242798276896,-0.2443546532882792
PAMr_nr_mas_04_3_E06,PA14_46850,PA1347,NA,putative transcriptional regulator,1.5662847961118578,0.5290338814431733
PAMr_nr_mas_04_3_E08,PA14_03070,PA0248,NA,putative transcriptional regulator,0.27025390265648364,0.46468137332913956
PAMr_nr_mas_04_3_E09,PA14_04510,PA0344,NA,conserved hypothetical protein,-0.7873332578221867,-0.18189130188630467
PAMr_nr_mas_04_3_E10,PA14_67680,PA5125,ntrC,two-component response regulator NtrC,-0.5616113378709199,0.17063216663164382
PAMr_nr_mas_04_3_E11,PA14_06480,PA0496,NA,putative hydrolase,-1.212111912834016,0.3684065785118751
PAMr_nr_mas_04_3_E12,PA14_70980,PA5375,betT1,choline/carnitine/betaine transporter family protein,-1.3733167819616208,0.14365243089533894
PAMr_nr_mas_04_3_F01,PA14_18300,PA3559,NA,putative nucleotide sugar dehydrogenase,-1.6661631533758927,1.0292386196525003
PAMr_nr_mas_04_3_F02,PA14_21000,PA3329,NA,hypothetical protein,-0.5892518091153418,-0.022811584115002614
PAMr_nr_mas_04_3_F03,PA14_51280,PA1009,NA,Putative glycine cleavage system transcriptional repressor,0.9724231370395479,-0.06932890391525887
PAMr_nr_mas_04_3_F04,PA14_24490,PA3063,NA,conserved hypothetical protein,0.048574624863484434,-0.18369741481344476
PAMr_nr_mas_04_3_F05,NA,NA,NA,NA,0.48492488810200696,0.18310424128701644
PAMr_nr_mas_04_3_F06,PA14_59050,PA3849,NA,Nucleoid-associated protein,-0.3867384120672141,-0.09219992343357938
PAMr_nr_mas_04_3_F07,PA14_01170,PA0096,NA,conserved hypothetical protein,1.4947781997413252,-0.09321822474944472
PAMr_nr_mas_04_3_F08,PA14_44800,PA1519,NA,putative transporter,-0.3712506270091535,0.13971905308978377
PAMr_nr_mas_04_3_F09,PA14_62670,PA4737,NA,conserved hypothetical protein,0.2836406776744206,0.32548928153292456
PAMr_nr_mas_04_3_F10,PA14_69130,PA5235,glpT,glycerol-3-phosphate transporter,-0.5860063944423745,-0.4353111497876832
PAMr_nr_mas_04_3_F11,PA14_68390,PA5177,NA,putative hydrolase,-0.2636866218636522,-0.020796388812517073
PAMr_nr_mas_04_3_F12,PA14_37030,PA2130,cupA3,usher,-0.6551707112189625,-0.05513729032974356
PAMr_nr_mas_04_3_G01,PA14_20000,PA3409,NA,"putative Fe2+-dicitrate sensor, membrane component",-0.9486335645446622,-0.3588579239866523
PAMr_nr_mas_04_3_G02,PA14_07450,PA0574,PA0574,Hypothetical protein,-0.23191637310056815,-0.4393310172170617
PAMr_nr_mas_04_3_G03,PA14_54000,PA0792,prpD,propionate catabolic protein PrpD,-0.9095694840377658,-0.17828053379701772
PAMr_nr_mas_04_3_G04,PA14_66660,PA5044,pilM,type 4 fimbrial biogenesis protein PilM,-0.29706424903457396,0.1911620717986257
PAMr_nr_mas_04_3_G05,PA14_64590,PA4887,NA,putative MFS transporter,2.664697436048551,3.496011510510583
PAMr_nr_mas_04_3_G06,PA14_26560,PA2900,NA,putative outer membrane protein precursor,0.5702565675931852,-0.5490603507179292
PAMr_nr_mas_04_3_G07,PA14_66540,PA5033,NA,hypothetical protein,1.1035449952122258,-0.12332784624653421
PAMr_nr_mas_04_3_G08,PA14_35230,PA2269,NA,putative efflux protein,-0.20559726628445335,0.11829086316156716
PAMr_nr_mas_04_3_G09,PA14_29260,PA2696,NA,putative transcriptional regulator,-1.039808755058575,-0.33849342729965104
PAMr_nr_mas_04_3_G10,PA14_14520,PA3826,NA,putative membrane protein,-0.8741426991777973,-0.7349995364353002
PAMr_nr_mas_04_3_G11,PA14_38660,PA1999,NA,"putative CoA transferase, subunit A",-0.8081390717484929,0.781561757567515
PAMr_nr_mas_04_3_G12,PA14_15190,PA3780,NA,putative TRAP-type C4-dicarboxylate transport protein,-0.08121699328598339,0.5572840361522121
PAMr_nr_mas_04_3_H01,PA14_57560,PA4430,NA,putative cytochrome b,1.3394128164051506,0.4466172970016075
PAMr_nr_mas_04_3_H02,PA14_16150,PA3731,NA,putative phage shock protein,-0.5762801965937371,0.518816047790188
PAMr_nr_mas_04_3_H03,PA14_52160,PA0935,NA,conserved hypothetical protein,-0.2912825868142249,0.1760151206534217
PAMr_nr_mas_04_3_H04,PA14_15250,PA3775,NA,putative membrane protein,-0.4757978137554952,-0.050835054023414594
PAMr_nr_mas_04_3_H05,PA14_42970,PA1663,NA,putative sigma-54 dependent transcriptional regulator,-0.3040919989710409,1.8005220918497409
PAMr_nr_mas_04_3_H06,PA14_33810,PA2386,pvdA,L-ornithine N5-oxygenase,-0.5079742143923852,0.7042421776424773
PAMr_nr_mas_04_3_H07,PA14_46140,PA1416,NA,putative oxidoreductase,-1.0677716294754271,0.43839024965077417
PAMr_nr_mas_04_3_H08,PA14_33980,NA,NA,hypothetical,-1.1024314566080786,0.009359140217749948
PAMr_nr_mas_04_3_H09,PA14_52400,PA0917,kup,potassium uptake protein Kup,-0.7459271876676051,0.4303885904087875
PAMr_nr_mas_04_3_H10,PA14_14960,PA3797,NA,putative amidohydrolase,-0.9619387226887508,-0.09525529110024372
PAMr_nr_mas_04_3_H11,PA14_46700,PA1360,NA,putative membrane protein,-1.351533456765624,0.723881168169804
PAMr_nr_mas_04_3_H12,PA14_31060,NA,NA,hypothetical,-1.0251779139220822,0.21016947583676307
PAMr_nr_mas_04_4_A01,PA14_68000,PA5148,NA,conserved hypothetical protein,1.1604811926080663,1.2433186046554985
PAMr_nr_mas_04_4_A02,NA,NA,NA,NA,-0.23518845701355742,1.1464513228400195
PAMr_nr_mas_04_4_A03,PA14_33340,NA,NA,hypothetical,-0.057906326317968,2.3212032231287374
PAMr_nr_mas_04_4_A04,PA14_20290,PA3385,NA,DNA binding-protein,1.2107338290844203,1.3140818251169415
PAMr_nr_mas_04_4_A05,PA14_63500,PA4805,NA,putative class III aminotransferase,1.7280399498396442,0.6568272167593272
PAMr_nr_mas_04_4_A07,PA14_36500,PA2172,NA,putative cellulase,0.5252893403936896,0.7400907700326571
PAMr_nr_mas_04_4_A08,PA14_03480,PA0268,NA,"putative transcriptional regulator, GntR family",0.4200186517220189,0.6990406398385144
PAMr_nr_mas_04_4_A09,PA14_72000,PA5454,rmd,oxidoreductase Rmd,2.1349767571328253,1.2445701769995894
PAMr_nr_mas_04_4_A10,PA14_30850,NA,NA,NA,-0.08361272824049099,0.4770868923392191
PAMr_nr_mas_04_4_A11,PA14_57070,PA4391,NA,conserved hypothetical protein,2.368898571527909,3.1163929550971865
PAMr_nr_mas_04_4_B01,PA14_01140,NA,NA,conserved hypothetical protein,-0.1702708242795076,1.2583220874622356
PAMr_nr_mas_04_4_B02,PA14_67630,PA5121,NA,putative small-conductance mechanosensitive channel,0.3776712714969782,1.3706103056113876
PAMr_nr_mas_04_4_B03,PA14_39350,PA1946,rbsB,binding protein component precursor of ABC ribose transporter,0.20212564855114135,0.4301531029810893
PAMr_nr_mas_04_4_B04,PA14_27400,PA2838,NA,"putative ranscriptional regulator, LysR family",2.2029230165877642,2.991038396198538
PAMr_nr_mas_04_4_B05,PA14_05300,PA0406,NA,putative tonB domain protein,2.940410934314642,2.7294004936038947
PAMr_nr_mas_04_4_B06,PA14_58090,PA4476,NA,conserved hypothetical protein,0.3910165193910644,-0.77179960533497
PAMr_nr_mas_04_4_B07,PA14_64170,PA4851,NA,conserved hypothetical protein,1.3801978433200144,1.0083143791014098
PAMr_nr_mas_04_4_B08,PA14_00780,PA0066,NA,putative carbonic anhydrases,0.7952514946617761,1.7118142923180584
PAMr_nr_mas_04_4_B09,PA14_25820,PA2955,NA,putative lipoprotein,-0.7657057269226072,0.46069738157197604
PAMr_nr_mas_04_4_B10,PA14_61410,NA,NA,conserved hypothetical protein,0.47762436209640136,-0.9588895637665935
PAMr_nr_mas_04_4_B11,PA14_43110,PA1655,NA,putative glutathione S-transferase,-0.18709716981708072,0.46842885306381726
PAMr_nr_mas_04_4_B12,PA14_07070,PA0545,NA,putative reductase,-0.8549233866163978,0.8009760745145814
PAMr_nr_mas_04_4_C01,PA14_52630,PA0901,aruE,succinylglutamate desuccinylase,0.26893253380404997,0.33719954107673306
PAMr_nr_mas_04_4_C02,PA14_43240,PA1644,NA,conserved hypothetical protein,0.14731708580629624,1.55474220743205
PAMr_nr_mas_04_4_C03,PA14_55140,PA0709,NA,hypothetical protein,0.7635735330317448,1.0704642630579648
PAMr_nr_mas_04_4_C04,PA14_18230,PA3563,fruR,transcriptional repressor of fru operon,0.6232962473927922,-0.12077093713203287
PAMr_nr_mas_04_4_C05,PA14_73120,PA5545,NA,putative periplasmic transport protein,0.11373657459231909,0.20992613156909593
PAMr_nr_mas_04_4_C06,PA14_49350,PA1164,NA,conserved hypothetical protein,0.5673767625758062,-0.08787386603223488
PAMr_nr_mas_04_4_C08,PA14_54570,PA0752,NA,conserved hypothetical protein,0.3125791254983735,1.0948226837031025
PAMr_nr_mas_04_4_C09,PA14_68980,PA5223,ubiH,2-octaprenyl-6-methoxyphenyl hydroxylase,0.5424835027391735,-0.18395547063534315
PAMr_nr_mas_04_4_C10,PA14_31800,PA2533,NA,putative sodium:alanine symporter,0.3460487260531549,-0.464308090833969
PAMr_nr_mas_04_4_C11,PA14_10960,NA,NA,putative ferridoxin oxidoreductase subunit,0.08464310490767776,0.9355442924578252
PAMr_nr_mas_04_4_C12,PA14_57140,PA4396,NA,putative two-component  response regulator,-0.6571393140090005,0.3017672379965586
PAMr_nr_mas_04_4_D01,PA14_67380,PA5102,NA,putative fatty acid desaturase,-0.942449381950356,0.806321877824457
PAMr_nr_mas_04_4_D02,PA14_09150,PA4236,katA,catalase,-0.8398153717065487,-0.021048255130438016
PAMr_nr_mas_04_4_D03,PA14_25560,PA2976,rne,ribonuclease E,0.3637397638747746,-0.4834393898921853
PAMr_nr_mas_04_4_D04,PA14_57760,PA4446,algW,AlgW protein,-0.32563757226760137,-1.6441478430661653
PAMr_nr_mas_04_4_D05,PA14_47760,PA1273,cobB,"cobyrinic acid a,c-diamide synthase",-0.6781762125235404,-0.6098277328511641
PAMr_nr_mas_04_4_D06,PA14_35640,PA2239,NA,putative glycosyltransferase,0.23220072684677132,-0.6142286981299869
PAMr_nr_mas_04_4_D07,PA14_51790,PA0966,ruvA,Holliday junction DNA helicase RuvA,0.6516033749786353,-0.9164451275454212
PAMr_nr_mas_04_4_D08,PA14_17600,PA3611,NA,putative secreted protein,0.3069522090496851,-1.9038204317854954
PAMr_nr_mas_04_4_D09,PA14_62410,PA4716,NA,hypothetical,0.8555534152119368,-0.7392030675556814
PAMr_nr_mas_04_4_D10,PA14_64770,PA4901,mdlC,benzoylformate decarboxylase,0.3320468457244427,-0.622212812262328
PAMr_nr_mas_04_4_D11,PA14_60730,PA4589,NA,putative outer membrane protein,0.5076845104922387,-0.7521103408910589
PAMr_nr_mas_04_4_D12,PA14_29550,PA2671,NA,conserved hypothetical protein,-0.6779567147336305,0.24923326383354813
PAMr_nr_mas_04_4_E01,PA14_09820,PA4180,NA,putative acetolactate synthase large subunit,0.44338142263664837,0.2538283094674186
PAMr_nr_mas_04_4_E02,PA14_49070,PA1188,NA,hypothetical,-0.9877114522967498,0.9156398272968541
PAMr_nr_mas_04_4_E03,PA14_23810,PA3116,asd,putative aspartate-semialdehyde dehydrogenase,-1.4282314834003176,-0.6200093489774425
PAMr_nr_mas_04_4_E04,PA14_63010,PA4763,recN,DNA repair protein RecN,1.1353678131315896,0.5359916760400518
PAMr_nr_mas_04_4_E05,NA,NA,NA,NA,1.7296860303595467,0.22135378306298015
PAMr_nr_mas_04_4_E06,PA14_63570,PA4810,fdnI,"nitrate-inducible formate dehydrogenase, gamma subunit",0.5901989547805064,-0.38752565313598974
PAMr_nr_mas_04_4_E08,PA14_72020,PA5456,NA,conserved hypothetical protein,0.522388846046709,-0.8323533034784446
PAMr_nr_mas_04_4_E09,PA14_55380,PA0692,NA,hypothetical protein,-0.03171052361294028,-0.06349657281534402
PAMr_nr_mas_04_4_E10,PA14_64950,PA4918,pncA,nicotinamidase,0.4754325491191507,-0.769828077038721
PAMr_nr_mas_04_4_E11,PA14_46070,PA1421,gbuA,guanidinobutyrase,0.17248106452669146,-0.6249681592841787
PAMr_nr_mas_04_4_E12,PA14_45050,PA1498,pykF,pyruvate kinase I,1.5552182772021317,0.22256834612093862
PAMr_nr_mas_04_4_F01,PA14_24180,PA3091,PA3091,NA,1.5186526913318072,2.217002079897692
PAMr_nr_mas_04_4_F02,PA14_34340,PA2344,mtlZ,fructokinase,-1.1422444710315778,0.17307949925342175
PAMr_nr_mas_04_4_F03,PA14_22190,NA,NA,NA,-1.0175277154652655,-0.17364097085935876
PAMr_nr_mas_04_4_F04,NA,NA,NA,NA,0.20078987228130665,1.3091257617356027
PAMr_nr_mas_04_4_F05,PA14_59590,NA,NA,Hypothetical protein,1.2232344369436166,-0.577185809126337
PAMr_nr_mas_04_4_F06,PA14_61960,PA4684,NA,conserved hypothetical protein,0.9256637129402207,-0.6354488086796556
PAMr_nr_mas_04_4_F07,PA14_05740,PA0439,NA,putative dihydroorotate dehydrogenase,1.3419597048337002,-1.5787047693604193
PAMr_nr_mas_04_4_F08,PA14_63540,PA4808,selA,L-seryl-tRNA(ser) selenium transferase,0.7745570649063711,-0.7554815428918854
PAMr_nr_mas_04_4_F09,PA14_47060,PA1330,NA,putative short chain dehydrogenase,0.6970896994510057,-0.10442975034521386
PAMr_nr_mas_04_4_F10,PA14_56880,PA4374,NA,putative membrane fusion protein,0.8877987011948326,-0.32266772065245053
PAMr_nr_mas_04_4_F11,PA14_08450,PA0659,NA,putative membrane protein,0.08347655932565987,0.01111403647689192
PAMr_nr_mas_04_4_F12,PA14_56960,PA4382,NA,hypothetical protein,-0.262248367425257,1.1772810365811541
PAMr_nr_mas_04_4_G01,PA14_64920,PA4915,NA,putative methyl-accepting chemotaxis protein,-1.505877360856739,0.8349828306098652
PAMr_nr_mas_04_4_G02,PA14_70570,PA5345,recG,ATP-dependent DNA helicase RecG,0.6131172741788935,-0.020796388812517073
PAMr_nr_mas_04_4_G03,PA14_46330,PA1399,NA,putative transcriptional regulator,0.01996286290082989,0.7683636904061584
PAMr_nr_mas_04_4_G04,PA14_50810,PA1048,NA,probable outer membrane protein precursor,0.8450551895636353,-0.4802020980633707
PAMr_nr_mas_04_4_G05,NA,NA,NA,NA,0.009544082677751692,0.694967056673126
PAMr_nr_mas_04_4_G06,NA,NA,NA,NA,0.5693567703088359,-1.1456847745129162
PAMr_nr_mas_04_4_G07,PA14_57970,PA4465,NA,putative ATP kinase,0.1805276156627769,-1.328947175471191
PAMr_nr_mas_04_4_G08,PA14_71440,PA5413,ltaA,low specificity L-threonine aldolase,0.5742141454921379,1.4445060856463219
PAMr_nr_mas_04_4_G09,PA14_61040,PA4613,katB,catalase,-0.24972892304627797,0.5600563260210831
PAMr_nr_mas_04_4_G10,PA14_34660,PA2320,gntR,transcriptional regulator GntR,0.2845823341494673,0.9081878166902665
PAMr_nr_mas_04_4_G11,PA14_61940,PA4682,NA,hypothetical protein,-1.3381095108310561,1.582962652538861
PAMr_nr_mas_04_4_G12,PA14_50900,PA1039,NA,conserved hypothetical protein,-0.10681871763727784,-0.15049115352804035
PAMr_nr_mas_04_4_H01,PA14_24820,PA3036,NA,putative oxidase,-0.7290867931390553,-0.10315476953079325
PAMr_nr_mas_04_4_H02,PA14_38290,PA2029,NA,conserved hypothetical protein,-1.1186560123044598,0.20992613156909593
PAMr_nr_mas_04_4_H03,PA14_19400,PA3456,NA,putative D-amino acid oxidase family protein,-0.6411895181771772,-0.3166110823006171
PAMr_nr_mas_04_4_H04,PA14_68490,PA5185,NA,putative thioesterase,-0.4285783740300201,1.0841500505395159
PAMr_nr_mas_04_4_H05,PA14_22120,NA,NA,NA,-0.8795799889441707,-0.932005780891437
PAMr_nr_mas_04_4_H06,PA14_23930,PA3107,metZ,o-succinylhomoserine sulfhydrylase,-0.14703143442307176,0.7214012493958556
PAMr_nr_mas_04_4_H07,PA14_31810,PA2532,tpx,thiol peroxidase,-0.36790693054617146,-0.5172543766317949
PAMr_nr_mas_04_4_H08,PA14_41450,PA1788,NA,conserved hypothetical protein,-0.01667748845398644,0.9198005843661021
PAMr_nr_mas_04_4_H09,PA14_38460,PA2014,NA,acyl-CoA carboxyltransferase beta chain,-1.699130060503615,-0.9343141349053415
PAMr_nr_mas_04_4_H10,PA14_70290,PA5324,NA,putative transcriptional regulator,0.015443627230145668,1.2826314231312475
PAMr_nr_mas_04_4_H11,PA14_08340,PA0649,trpG,anthranilate synthase component II,-1.1106560676762467,0.8648463321445174
PAMr_nr_mas_04_4_H12,PA14_67920,PA5142,hisH1,lutamine amidotransferase class-I,0.0544376516536857,0.47053589104397725
PAMr_nr_mas_05_1_A03,PA14_42030,PA1740,NA,conserved hypothetical protein,1.097756713028413,1.0494536555093807
PAMr_nr_mas_05_1_A04,PA14_28560,PA2750,NA,conserved hypothetical protein,1.0710617164174128,0.8871020623581322
PAMr_nr_mas_05_1_A05,PA14_50670,PA1060,NA,hypothetical protein,0.7506476715917303,0.5630583480828251
PAMr_nr_mas_05_1_A06,PA14_59010,NA,RL107,Conserved hypothetical protein,0.902323538194186,-0.24279247032886903
PAMr_nr_mas_05_1_A07,PA14_70690,PA5355,glcD,glycolate oxidase subunit GlcD,-0.0519431370760012,0.7484054974247448
PAMr_nr_mas_05_1_A08,PA14_05740,PA0439,NA,putative dihydroorotate dehydrogenase,1.610356976724987,1.1690595572908316
PAMr_nr_mas_05_1_A09,PA14_41930,PA1749,NA,putative acetyltransferase,2.158638986311122,1.343741579256737
PAMr_nr_mas_05_1_A10,PA14_69000,PA5224,pepP,aminopeptidase P,0.17018015587548763,0.9187058984070994
PAMr_nr_mas_05_1_A11,PA14_42910,PA1668,NA,putative outer membrane protein,-0.7761757494086835,1.4144759695068736
PAMr_nr_mas_05_1_A12,PA14_45870,PA1438,NA,putative two-component sensor,-1.0244820562947994,1.8024417304003788
PAMr_nr_mas_05_1_B01,PA14_50630,PA1064,NA,hypothetical protein,1.8623389544159792,0.9810366464238224
PAMr_nr_mas_05_1_B02,PA14_64470,PA4875,NA,conserved hypothetical protein,0.6601239214281307,0.4948360094195245
PAMr_nr_mas_05_1_B03,PA14_04950,PA0378,NA,putative transglycosylase,-0.15227804240566006,0.34292773080328176
PAMr_nr_mas_05_1_B04,PA14_03090,PA0250,NA,putative CBS domain,0.90556567987873,-0.8130526445751224
PAMr_nr_mas_05_1_B05,PA14_06990,PA0537,NA,putative exported protein,1.07654261072498,-0.16745987284831554
PAMr_nr_mas_05_1_B06,PA14_16280,PA3721,NA,putative transciptional regulator,1.4411182250443897,-0.27384389493286526
PAMr_nr_mas_05_1_B07,PA14_39590,PA1927,metE,5-methyltetrahydropteroyltriglutamate-homocysteine S-methyltransferase,0.16461614543129893,-0.13535838737290726
PAMr_nr_mas_05_1_B08,PA14_09320,PA4222,NA,putative ATP-binding component of ABC transporter,2.0542214595960693,0.5427106931832039
PAMr_nr_mas_05_1_B09,PA14_44150,PA1573,NA,putative periplasmic protein,-0.11183125479037105,-0.2563434873393727
PAMr_nr_mas_05_1_B10,PA14_65170,PA4934,rpsR,30S ribosomal protein S18,-0.9348991933950843,0.21357536928643855
PAMr_nr_mas_05_1_B11,PA14_32670,PA2471,NA,conserved hypothetical protein,-1.0082672185802182,-0.39018627827314656
PAMr_nr_mas_05_1_B12,PA14_07790,PA0597,NA,putative nucleotidyltransferase,0.059904878228582155,0.9274583897126347
PAMr_nr_mas_05_1_C01,PA14_70640,PA5351,rubA1,Rubredoxin 1,-1.5256908872239097,0.5176539452071338
PAMr_nr_mas_05_1_C02,PA14_67850,PA5138,NA,"putative ABC-type amino acid transport protein, periplasmic component",-1.7275998568482778,0.5006642878264369
PAMr_nr_mas_05_1_C03,PA14_48590,PA1216,NA,conserved hypothetical protein,-0.6144064530710883,0.17112170456927092
PAMr_nr_mas_05_1_C04,PA14_48640,PA1211,NA,conserved hypothetical protein,0.8752975712029148,-0.5381695444999804
PAMr_nr_mas_05_1_C05,PA14_58950,NA,RL112,conserved hypothetical protein,-0.6044192825661873,-0.5793752524961189
PAMr_nr_mas_05_1_C06,PA14_20780,PA3346,NA,putative sensor histidine kinase/response regulator,0.4463186117214847,-0.39311418492577344
PAMr_nr_mas_05_1_C07,PA14_40350,PA1866,NA,putative DNA helicase,0.610793442742048,-0.48991866282337826
PAMr_nr_mas_05_1_C08,PA14_70160,PA5313,NA,putative pyridoxal-dependent aminotransferase,-0.48877639589827876,-0.07389687569426845
PAMr_nr_mas_05_1_C09,PA14_23750,PA3121,leuC,3-isopropylmalate dehydratase large subunit,-0.9824102053271999,-0.5626987629497212
PAMr_nr_mas_05_1_C10,PA14_51500,PA0989,NA,hypothetical protein,-0.790237458422419,-0.08863708529047402
PAMr_nr_mas_05_1_C11,PA14_44440,PA1549,NA,putative cation-transporting P-type ATPase,-2.490957090018142,-0.32635704844095964
PAMr_nr_mas_05_1_C12,PA14_19830,PA3421,NA,conserved hypothetical protein,-1.7794344017318175,0.246329507636191
PAMr_nr_mas_05_1_D01,PA14_66100,NA,NA,putative membrane protein,-0.5687257716284921,-0.6371051455065995
PAMr_nr_mas_05_1_D02,NA,NA,NA,NA,-1.200651782914095,0.4999651616506597
PAMr_nr_mas_05_1_D03,PA14_10740,PA4114,NA,putative spermidine acetyltransferase,0.22555092786096909,0.183592870197335
PAMr_nr_mas_05_1_D04,PA14_17620,PA3609,potC,polyamine transport protein PotC,1.8504613810457107,-0.5020841883193119
PAMr_nr_mas_05_1_D05,PA14_12350,PA3980,NA,conserved hypothetical protein,1.9273397536150683,-0.07212007268957342
PAMr_nr_mas_05_1_D06,PA14_58570,PA4514,NA,putative outer membrane ferric siderophore receptor,0.5470004726145773,-0.9632357628355761
PAMr_nr_mas_05_1_D07,PA14_49280,PA1171,NA,probable transglycolase,1.0642454534229278,-0.5969165653413686
PAMr_nr_mas_05_1_D08,PA14_33740,PA2392,pvdP,PvdP,0.5078662554622886,0.10446171781142846
PAMr_nr_mas_05_1_D09,PA14_06680,PA0512,nirH,heme d1 biosynthesis protein NirH,1.011963950277192,-0.45704709957513034
PAMr_nr_mas_05_1_D10,PA14_70860,PA5369,NA,"putative phosphate ABC transporter, periplasmic phosphate-binding protein",-1.0135903364303809,-1.0123984612360033
PAMr_nr_mas_05_1_D11,PA14_29280,PA2694,NA,putative thioredoxin,-1.3720909953360612,0.1328300889594388
PAMr_nr_mas_05_1_D12,PA14_50730,PA1054,NA,probable NADH dehydrogenase,-0.14965419076930558,0.19677241873411097
PAMr_nr_mas_05_1_E04,PA14_09520,PA4207,mexI,probable RND efflux transporter,0.04172750488475298,-0.7184911489841297
PAMr_nr_mas_05_1_E05,PA14_45770,PA1446,fliP,flagellar biosynthetic protein FliP,0.45108861740080364,-0.2908656330603757
PAMr_nr_mas_05_1_E06,PA14_30470,PA2599,NA,putative periplasmic aliphatic sulfonate-binding protein,1.1742263661208356,0.5487289249574471
PAMr_nr_mas_05_1_E07,PA14_72410,PA5486,NA,putative antibiotic transporter,-8.920031411747549e-4,0.15617470695242905
PAMr_nr_mas_05_1_E08,PA14_57180,PA4399,NA,putative cob(I)alamin adenosyltransferase,-0.23150748240104446,-0.5834823853287386
PAMr_nr_mas_05_1_E09,PA14_29350,PA2688,pfeA,ferric enterobactin receptor,0.4113505155890029,-0.34430555110002686
PAMr_nr_mas_05_1_E10,PA14_34710,PA2314,NA,putative major facilitator family transporter,0.2545683275359732,-0.46753772181625725
PAMr_nr_mas_05_1_E11,PA14_12420,NA,NA,NA,-1.647951132681786,0.6641086813504241
PAMr_nr_mas_05_1_E12,PA14_55960,PA4307,pctC,chemotactic transducer PctC,-1.0214675634862604,0.609991944335959
PAMr_nr_mas_05_1_F01,PA14_52670,PA0898,aruD,succinylglutamate 5-semialdehyde dehydrogenase,-0.8254176810227534,0.680009391416682
PAMr_nr_mas_05_1_F02,PA14_39850,PA1908,NA,putative MFS transporter,-0.3160986857729718,0.1996976951771706
PAMr_nr_mas_05_1_F03,PA14_16360,PA3713,NA,putative oxidase,0.16461614543129893,0.4360378108004281
PAMr_nr_mas_05_1_F04,PA14_58620,PA4518,NA,conserved hypothetical protein,0.43474548038382743,-0.34430555110002686
PAMr_nr_mas_05_1_F05,PA14_44520,PA1541,NA,putative drug efflux transporter,0.7138206977255506,-0.745373013788953
PAMr_nr_mas_05_1_F06,PA14_23170,PA3175,NA,putative arginase family protein,1.0881529467567437,-0.763072945755444
PAMr_nr_mas_05_1_F07,PA14_15450,NA,merD,NA,1.2143079699137618,-0.6015836948234
PAMr_nr_mas_05_1_F08,PA14_70310,PA5326,NA,putative amino acid aldolase,0.7424241729902594,-1.0628064812873843
PAMr_nr_mas_05_1_F09,PA14_27960,PA2796,tal,transaldolase,0.8056598702495152,0.31902794592726025
PAMr_nr_mas_05_1_F10,PA14_65740,PA4973,thiC,thiamin biosynthesis protein ThiC,-0.2952052773300968,-0.7358400320220526
PAMr_nr_mas_05_1_F11,PA14_23700,PA3124,NA,"transcriptional regulator, LysR family",-1.12760919754817,0.013870803648132021
PAMr_nr_mas_05_1_F12,PA14_26310,PA2918,NA,putative short-chain dehydrogenase,-0.8884256328787592,0.08068810035494103
PAMr_nr_mas_05_1_G01,PA14_50660,PA1061,NA,putative cysteine synthase,-1.2216780146921153,-0.2979489141683807
PAMr_nr_mas_05_1_G02,PA14_66530,PA5032,NA,putative transcriptional regulator,-0.3047124721173546,0.2521357639904176
PAMr_nr_mas_05_1_G03,PA14_59060,NA,NA,putative DNA binding protein,0.009544082677751692,-0.5906073761643204
PAMr_nr_mas_05_1_G04,PA14_43310,PA1639,NA,conserved hypothetical protein,0.9345001062749718,0.4058535267963676
PAMr_nr_mas_05_1_G05,PA14_32140,PA2514,antC,anthranilate dioxygenase reductase,0.3460487260531549,-0.5010019146866403
PAMr_nr_mas_05_1_G06,NA,NA,NA,NA,0.3540624196640868,-0.8369027143958908
PAMr_nr_mas_05_1_G07,PA14_61470,PA4646,upp,uracil phosphoribosyltransferase,1.2578463374875672,-0.6348967872480539
PAMr_nr_mas_05_1_G08,PA14_68440,PA5181,NA,"putative oxidoreductase, molybdopterin-binding",-0.31029948950067915,-0.5411627545331132
PAMr_nr_mas_05_1_G09,PA14_47130,PA1323,NA,conserved hypothetical protein,0.3810102418085044,-0.7366806329010688
PAMr_nr_mas_05_1_G10,PA14_66160,PA5004,NA,putative glycosyl transferase,-0.13634997468718332,-0.052859292210049896
PAMr_nr_mas_05_1_G11,PA14_59800,NA,pvrS,kinase sensor protein,-0.5229465113180899,-0.17956987079308853
PAMr_nr_mas_05_1_G12,PA14_20050,PA3404,NA,putative outer membrane protein,0.38286445887572296,-0.17750705050000665
PAMr_nr_mas_05_1_H01,PA14_29650,PA2663,NA,hypothetical protein,0.8807805807295772,0.21697953485851465
PAMr_nr_mas_05_1_H02,PA14_21860,PA3259,NA,conserved hypothetical protein,-1.497619290244038,-0.5717153241437226
PAMr_nr_mas_05_1_H03,PA14_50130,PA1102,fliG,flagellar motor switch protein FliG,-0.0696504680798935,-0.1834393689154337
PAMr_nr_mas_05_1_H04,PA14_13410,PA3903,NA,peptide chain release factor 3,0.40470299479256655,-0.5422515256709889
PAMr_nr_mas_05_1_H05,PA14_03220,PA0262,PA0262,Hypothetical protein,0.7543185246798639,-0.5892365979307155
PAMr_nr_mas_05_1_H06,NA,NA,NA,NA,0.4927635040905652,-0.8711219709522863
PAMr_nr_mas_05_1_H07,PA14_42260,PA1724,pscK,PscK type III export protein,0.03859490590469202,-0.9302750363608084
PAMr_nr_mas_05_1_H08,PA14_67040,PA5075,NA,"putative amino acid ABC transporter, permease protein",-0.1329276889527707,-0.8731234911783207
PAMr_nr_mas_05_1_H09,PA14_26330,PA2917,NA,"putative transcriptional regulator, AraC family",-0.8870639537359832,-1.0103549696470007
PAMr_nr_mas_05_1_H10,PA14_62710,PA4740,pnp,polyribonucleotide nucleotidyltransferase,1.1907135854219957,-0.23446696469501718
PAMr_nr_mas_05_1_H11,NA,NA,NA,NA,-1.4309527418089716,-0.877700637677765
PAMr_nr_mas_05_1_H12,NA,NA,NA,NA,0.06770695856390758,-0.4371867882367994
PAMr_nr_mas_05_2_A01,NA,NA,NA,NA,0.7127653201497217,1.8464425209067887
PAMr_nr_mas_05_2_A02,PA14_50910,PA1038,NA,hypothetical protein,0.8422986502179145,0.7445864966475159
PAMr_nr_mas_05_2_A03,PA14_43350,PA1636,kdpD,two-component sensor KdpD,0.7649693319848447,-0.13049237950133535
PAMr_nr_mas_05_2_A04,PA14_02910,PA0236,NA,"putative transcriptional regulator, IclR family",0.765492676659403,-0.2958493845805432
PAMr_nr_mas_05_2_A05,PA14_38510,PA2009,hmgA,"homogentisate 1,2-dioxygenase",-3.282164564372036,-2.4822511541383143
PAMr_nr_mas_05_2_A06,PA14_02450,NA,NA,"putative NAD(P) transhydrogenase, subunit alpha part 1",0.4752498635194654,0.10767459625826793
PAMr_nr_mas_05_2_A07,PA14_02500,PA0198,exbB,transport protein ExbB,0.7227842568446236,0.23688361231131702
PAMr_nr_mas_05_2_A08,PA14_67300,PA5096,NA,putative binding protein component of ABC transporter,-0.6009492019882725,0.5966814438030636
PAMr_nr_mas_05_2_A09,PA14_30090,PA2631,NA,putative acyltransferase,-0.29375979061290586,0.09010856472800358
PAMr_nr_mas_05_2_A10,PA14_26550,PA2901,NA,putative lipoprotein,-1.1358668546964739,-0.4099077612754144
PAMr_nr_mas_05_2_A11,PA14_01300,PA0106,coxA,"cytochrome c oxidase, subunit I",-0.7572533395362998,-0.007209627582954042
PAMr_nr_mas_05_2_A12,PA14_68850,PA5213,gcvP1,glycine cleavage system protein P1,-1.0996140665590104,0.11607024323829283
PAMr_nr_mas_05_2_B01,PA14_41080,NA,NA,putative hydroxyacylglutathione hydrolase,-0.5160976053539885,0.9410022294345868
PAMr_nr_mas_05_2_B02,PA14_69480,PA5262,algZ,alginate biosynthesis protein AlgZ/FimS,0.51785414133995,-0.10953209756696532
PAMr_nr_mas_05_2_B03,PA14_72790,PA5517,NA,putative membrane protein,1.3022062884183714,0.36293797378759207
PAMr_nr_mas_05_2_B04,PA14_51680,PA0975,NA,probable radical activating enzyme,0.4192814034021669,-0.8428785009984332
PAMr_nr_mas_05_2_B05,PA14_65320,PA4945,miaA,delta 2-isopentenylpyrophosphate transferase,0.1588550827805809,-1.2220643341381243
PAMr_nr_mas_05_2_B06,PA14_08010,PA0616,NA,putative baseplate assembly protein V,0.3082656070329499,-0.8229798735983422
PAMr_nr_mas_05_2_B07,PA14_23520,PA3137,NA,putative MFS transporter,0.6281121165627273,-1.4784345566898447
PAMr_nr_mas_05_2_B08,PA14_42400,PA1712,exsB,exoenzyme S synthesis protein B,-1.05820364449072,-1.424197405711755
PAMr_nr_mas_05_2_B09,PA14_69590,PA5270,NA,putative ABC-type amino acid transporter,-1.5216729721474656,-1.4984946508768304
PAMr_nr_mas_05_2_B10,PA14_58650,PA4520,NA,putative methyl-accepting chemotaxis protein,-0.3722958971851935,-0.6238658847013212
PAMr_nr_mas_05_2_B11,PA14_39360,PA1945,NA,putative sigma-54 dependent transcriptional regulator,-0.7888968913350701,-1.199209145340629
PAMr_nr_mas_05_2_B12,PA14_72280,PA5476,citA,citrate transporter,-1.1469728084662543,-1.360239745160648
PAMr_nr_mas_05_2_C01,PA14_51960,PA0951,NA,probable ribonuclease,-0.07483282915833707,0.6606964786285294
PAMr_nr_mas_05_2_C02,PA14_50740,PA1053,NA,conserved hypothetical protein,0.2194649465286822,-0.7779996109493721
PAMr_nr_mas_05_2_C03,PA14_07210,PA0554,NA,conserved hypothetical protein,-0.29851049627157356,0.033636198507213985
PAMr_nr_mas_05_2_C04,PA14_02370,PA0189,NA,putative outer membrane porin,0.08367099863081573,-0.06831422124162341
PAMr_nr_mas_05_2_C05,PA14_05860,NA,NA,putative long-chain acyl-CoA thioester hydrolase family protein,0.12977725331600876,-0.2477406312195755
PAMr_nr_mas_05_2_C06,PA14_60230,PA4545,comL,competence lipoprotein ComL,-0.3672801855138181,0.2560038122358852
PAMr_nr_mas_05_2_C07,PA14_05890,PA0452,NA,putative stomatin-like transmembrane protein,0.3889794956511701,0.21479134096728314
PAMr_nr_mas_05_2_C08,PA14_20150,PA3396,nosL,putative nitrous oxide reductase protein,-0.03864574695560214,0.10545045965481922
PAMr_nr_mas_05_2_C09,PA14_49590,PA1145,NA,probable transcriptional regulator,-0.1990855263709285,-0.7986134954449255
PAMr_nr_mas_05_2_C10,PA14_40080,PA1889,NA,hypothetical protein,-0.9266729585306895,-1.1210103559880313
PAMr_nr_mas_05_2_C11,PA14_23790,PA3118,leuB,3-isopropylmalate dehydrogenase,0.47397091557005216,-0.5175255847844519
PAMr_nr_mas_05_2_C12,PA14_10530,PA4132,NA,"putative transcriptional regulator, GntR family",-0.9824102053271999,-1.3987885592040914
PAMr_nr_mas_05_2_D01,NA,PA1560,NA,NA,0.4170691392485594,-1.653136157198955
PAMr_nr_mas_05_2_D02,PA14_02790,PA0228,pcaF,beta-ketoadipyl CoA thiolase PcaF,-0.6331208106140152,-0.3406063444258211
PAMr_nr_mas_05_2_D03,PA14_46490,PA1373,fabF2,3-oxoacyl-acyl carrier protein synthase II,0.7530951452680146,-0.4358469929908466
PAMr_nr_mas_05_2_D04,PA14_72490,PA5493,polA,DNA polymerase I,0.31332900041934925,0.17503672288141012
PAMr_nr_mas_05_2_D05,PA14_12490,PA3970,NA,AMP nucleosidase,1.2128460671297971,-0.859696151482167
PAMr_nr_mas_05_2_D06,PA14_02900,PA0235,pcaK,4-hydroxybenzoate transporter PcaK,1.3387759329514102,-0.3202970806320311
PAMr_nr_mas_05_2_D07,PA14_52110,PA0939,NA,hypothetical protein,-0.12126566434800289,-0.3853979123411126
PAMr_nr_mas_05_2_D08,PA14_50850,PA1044,NA,hypothetical protein,0.27629090959385055,-0.47157694771908815
PAMr_nr_mas_05_2_D09,PA14_13040,PA3929,cioB,"CioB, cyanide insensitive terminal oxidase",-0.048566507064332756,-0.7134627666861924
PAMr_nr_mas_05_2_D10,PA14_48390,PA1229,NA,putative transcriptional regulator araC family,0.5893020091428374,-0.9461569290011305
PAMr_nr_mas_05_2_D11,PA14_48610,PA1214,NA,putative sparagine synthase,-0.7821983429696793,-0.6894901464852058
PAMr_nr_mas_05_2_D12,PA14_00980,NA,NA,conserved hypothetical protein,-0.7217885477854518,-1.1453869517167403
PAMr_nr_mas_05_2_E01,PA14_15580,NA,NA,NA,-1.0142849887541436,-0.5034372758817237
PAMr_nr_mas_05_2_E02,PA14_12710,PA3954,NA,"possible Coenzyme F420-dependent N5,N10-methylene tetrahydromethanopterin reductase",-1.162601616740447,-0.2511283186098955
PAMr_nr_mas_05_2_E03,PA14_47380,PA1302,NA,putative heme utilization protein precursor,-1.6743886777505441,0.22135378306298015
PAMr_nr_mas_05_2_E04,PA14_59410,NA,NA,Hypothetical Protein,-1.1630758244078776,-1.1346741251790564
PAMr_nr_mas_05_2_E05,PA14_55820,PA4297,NA,putative membrane protein,-0.8558265078608229,0.2526193919777961
PAMr_nr_mas_05_2_E06,PA14_70670,PA5353,glcF,"glycolate oxidase, iron-sulfur subunit",-0.1935964903763641,0.12149712843875807
PAMr_nr_mas_05_2_E07,PA14_00890,PA0075,NA,putative serine/threonine phosphoprotein phosphatase,-1.1951678695745354,-0.7664496613385766
PAMr_nr_mas_05_2_E08,NA,NA,NA,NA,-1.2620154519945552,-0.7439702550281224
PAMr_nr_mas_05_2_E09,PA14_51670,PA0976,NA,conserved hypothetical protein,-1.6155057868378653,-0.3718494024069569
PAMr_nr_mas_05_2_E10,PA14_58880,PA4539,NA,putative ATPase,-0.7448178787986247,-1.1132996458136208
PAMr_nr_mas_05_2_E11,PA14_12060,PA4003,pbpA,FtsI / penicillin-binding protein 2,-1.532476950692968,-2.7174966195528745
PAMr_nr_mas_05_2_E12,PA14_65700,PA4970,NA,conserved hypothetical protein,-0.7866632482788602,-0.9946117745806445
PAMr_nr_mas_05_2_F01,PA14_17880,PA3589,NA,acetyl-CoA acetyltransferase (thiolase),2.1247281696654223,3.317697735055845
PAMr_nr_mas_05_2_F02,PA14_60920,PA4604,NA,putative cobalamin synthesis protein/P47K family protein,-0.7061149445006101,-0.3599175105046678
PAMr_nr_mas_05_2_F03,PA14_01540,PA0126,NA,hypothetical protein,-0.06108900959334788,-0.46538446178718346
PAMr_nr_mas_05_2_F04,PA14_49840,PA1124,dgt,deoxyguanosinetriphosphate triphosphohydrolase,1.546751535013448,-0.07262768268361128
PAMr_nr_mas_05_2_F05,PA14_37630,PA2079,NA,putative amino acid permease,0.24964670832030916,-0.030626187314238038
PAMr_nr_mas_05_2_F06,PA14_16250,PA3724,lasB,elastase LasB,0.9146007164442452,0.6191562403630254
PAMr_nr_mas_05_2_F07,PA14_24920,PA3027,NA,putative transcriptional regulator,-0.10140966537365984,-0.008466505948032485
PAMr_nr_mas_05_2_F08,PA14_47100,PA1326,ilvA2,"threonine dehydratase, biosynthetic",-0.12367672170994602,0.534832544508207
PAMr_nr_mas_05_2_F09,PA14_35380,PA2258,ptxR,transcriptional regulator PtxR,0.6041747527622745,-0.1502343814431379
PAMr_nr_mas_05_2_F11,PA14_32700,PA2469,NA,probable transcriptional regulator,-1.4099554063624569,-1.074583748914569
PAMr_nr_mas_05_2_F12,PA14_68120,PA5158,NA,putative outer membrane protein precursor,-1.2444560501431239,-0.7456536007344822
PAMr_nr_mas_05_2_G01,PA14_47210,PA1317,cyoA,cytochrome o ubiquinol oxidase subunit II,-0.17087822115293522,-0.6473282670738113
PAMr_nr_mas_05_2_G02,PA14_11290,PA4065,NA,putative permease,-0.14965419076930558,-0.479932394230538
PAMr_nr_mas_05_2_G03,PA14_44560,PA1538,NA,putative flavin-containing monooxygenase,-0.024585128396136077,-1.4875168571468098
PAMr_nr_mas_05_2_G04,PA14_33190,PA2431,NA,hypothetical protein,0.7162825562181053,-0.4616179186021215
PAMr_nr_mas_05_2_G05,PA14_05150,PA0393,proC,pyrroline-5-carboxylate reductase,0.21927466458961045,0.3688818988002404
PAMr_nr_mas_05_2_G06,PA14_30840,PA2571,NA,putative signal transduction histidine kinase,-0.46666506059076496,-0.5121035033549182
PAMr_nr_mas_05_2_G07,PA14_04410,PA0337,ptsP,phosphoenolpyruvate-protein phosphotransferase,-0.3047124721173546,1.230581017019138
PAMr_nr_mas_05_2_G08,PA14_29770,PA2653,NA,putative permease,-0.021816322193960333,-0.2362872865833005
PAMr_nr_mas_05_2_G09,PA14_45100,PA1494,NA,putative mucoidy inhibitor A,-0.27479280768392134,0.04985531924698783
PAMr_nr_mas_05_2_G10,PA14_68070,PA5153,NA,"putative ABC transporter, periplasmic amino acid-binding protein",-1.2535904365746084,-1.9914212852359643
PAMr_nr_mas_05_2_G11,PA14_49720,NA,NA,hypothetical protein,-0.7390526277622667,-1.114188891072752
PAMr_nr_mas_05_2_H01,PA14_30350,PA2610,NA,putative glutathione S-transferase,-0.24337612976262257,0.08862200196860429
PAMr_nr_mas_05_2_H02,NA,NA,NA,NA,-0.4134081103542758,0.09728897901190778
PAMr_nr_mas_05_2_H03,PA14_71200,PA5392,NA,"putative translation initiation inhibitor, yjgF family",-1.3344534068659926,-0.0571628269862782
PAMr_nr_mas_05_2_H04,PA14_30740,PA2580,NA,putative NADPH specific quinone oxidoreductase,-1.212111912834016,0.72906349309234
PAMr_nr_mas_05_2_H05,PA14_09730,PA4188,NA,putative dihydrodipicolinate synthase,0.24225704342107068,-1.3096920628479074
PAMr_nr_mas_05_2_H06,PA14_65040,PA4925,NA,putative mechanosensitive ion channel family protein,-0.5321615008760778,-1.0633948539922247
PAMr_nr_mas_05_2_H07,PA14_30600,PA2589,NA,putative permease,-0.7712727157210681,-0.6900466776713939
PAMr_nr_mas_05_2_H08,PA14_01730,PA0141,NA,conserved hypothetical protein,-1.0256418618260579,-0.10570497346390344
PAMr_nr_mas_05_2_H09,PA14_71280,PA5399,NA,putative ferredoxin,-1.0027174648912063,-0.5131875691932132
PAMr_nr_mas_05_2_H10,PA14_09940,PA4171,NA,putative protease,-0.43638847518541557,0.5434053800796638
PAMr_nr_mas_05_2_H11,NA,NA,NA,NA,-0.9909404895842733,0.33576672926133455
PAMr_nr_mas_05_3_A01,PA14_25770,PA2960,pilZ,type 4 fimbrial biogenesis protein PilZ,0.20365190234340197,2.6831018014798724
PAMr_nr_mas_05_3_A02,PA14_17480,PA3622,rpoS,sigma factor RpoS,2.3977544274709057,1.5183979258395943
PAMr_nr_mas_05_3_A03,PA14_18350,PA3554,NA,putative transformylase,1.3662623281095745,0.13479908622493103
PAMr_nr_mas_05_3_A04,PA14_22830,PA3199,NA,putative SUA5/yciO/yrdC family:Sua5/YciO/YrdC/YwlC protein family,0.04427159201756263,0.47965875116921997
PAMr_nr_mas_05_3_A05,PA14_64660,PA4892,ureF,urease accessory protein UreF,1.1527773010861984,3.4416602626236443
PAMr_nr_mas_05_3_A06,PA14_52800,PA0887,acsA,acetyl-coenzyme A synthetase,0.2926747593123481,-0.06400353084731622
PAMr_nr_mas_05_3_A07,PA14_21890,PA3256,NA,putative quinone oxidoreductase,1.142435968884446,0.5364552725932239
PAMr_nr_mas_05_3_A08,PA14_20270,PA3387,rhlG,beta-ketoacyl reductase,0.5102284617897795,1.00745012143561
PAMr_nr_mas_05_3_A09,PA14_41430,PA1790,NA,putative tRNA-(ms(2)io(6)a)-hydroxylase,0.7455748698318718,0.29095670479308444
PAMr_nr_mas_05_3_A10,PA14_63470,PA4803,PA4803,Putative methyltransferase,0.5731350532633517,0.7006241434465781
PAMr_nr_mas_05_3_A11,PA14_69220,PA5241,ppx,exopolyphosphatase,-0.6841055532806153,1.3188279533899736
PAMr_nr_mas_05_3_A12,PA14_29880,PA2647,nuoL,NADH dehydrogenase I chain L,-1.1188914590634593,-0.0019333078132808246
PAMr_nr_mas_05_3_B01,PA14_27850,PA2806,NA,putative GTP cyclohydrolase,-0.4794121018603542,1.006369642791664
PAMr_nr_mas_05_3_B02,NA,NA,NA,NA,-1.3706203669872994,0.13996495676395007
PAMr_nr_mas_05_3_B03,PA14_26780,PA2883,NA,hypothetical protein,0.009740823436069851,-0.14304874943262244
PAMr_nr_mas_05_3_B04,PA14_22600,NA,NA,putative glycosyl transferase,0.3007567749630558,-0.47642723052379654
PAMr_nr_mas_05_3_B05,PA14_72010,PA5455,NA,putative glycosyltransferase,0.16807024913932983,0.084408284797967
PAMr_nr_mas_05_3_B06,PA14_10040,PA4163,NA,amidase family protein,-0.34746552682741966,0.41648067255369553
PAMr_nr_mas_05_3_B07,PA14_04510,PA0344,NA,conserved hypothetical protein,-0.45140266971735105,0.7107948964543422
PAMr_nr_mas_05_3_B08,PA14_44160,PA1572,NA,putative ATP-NAD kinase,-1.0626357772645596,-0.4329003847641628
PAMr_nr_mas_05_3_B09,PA14_51550,NA,RS12,putative transposase,-1.4756506857413005,0.514631536251294
PAMr_nr_mas_05_3_B10,PA14_09240,PA4228,pchD,pyochelin biosynthesis protein PchD,-0.3326973731540371,-0.4691531204136442
PAMr_nr_mas_05_3_B11,PA14_06790,PA0521,NA,cytochrome c oxidase subunit,-1.5073799950683107,0.13455299316169306
PAMr_nr_mas_05_3_B12,PA14_52190,PA0933,ygcA,probable RNA methyltransferase,-1.049348747409092,1.1675828402981185
PAMr_nr_mas_05_3_C01,PA14_01620,PA0132,aptA,beta-alanine--pyruvate transaminase,-0.2331432048839495,0.26735332590437993
PAMr_nr_mas_05_3_C02,PA14_43660,PA1612,NA,putative ABC transporter substrate-binding protein,-1.7390239947703985,0.46280684832954794
PAMr_nr_mas_05_3_C03,PA14_31500,PA2555,NA,putative acyl-coenzyme A synthetases/AMP-(fatty) acid ligases,0.3425045331217378,-0.5553305776630759
PAMr_nr_mas_05_3_C04,PA14_65870,NA,NA,putative membrane protein,0.8598509041188125,-0.2693991699311306
PAMr_nr_mas_05_3_C05,PA14_29880,PA2647,nuoL,NADH dehydrogenase I chain L,-1.085077643246195,0.0013309074401262892
PAMr_nr_mas_05_3_C06,PA14_12160,PA3992,NA,putative murein transglycosylase,-0.9232485369100301,0.08837420948687444
PAMr_nr_mas_05_3_C07,PA14_18250,PA3562,NA,"putative phosphotransferase system, fructose-specific component",-1.5071295310756656,1.3281041585095346
PAMr_nr_mas_05_3_C08,PA14_45110,PA1493,cysP,sulfate-binding protein of ABC transporter,-0.8818469158293021,-1.0869721674555235
PAMr_nr_mas_05_3_C09,PA14_13870,PA3869,NA,hypothetical protein,-1.2238323962878508,-0.6106526940031166
PAMr_nr_mas_05_3_C10,PA14_63010,PA4763,recN,DNA repair protein RecN,-0.43955750019586215,-0.5398020389954261
PAMr_nr_mas_05_3_C11,PA14_38320,PA2026,NA,"putative transporter, bile acid/Na+ symporter family",-0.23989506505338445,-0.388589776598234
PAMr_nr_mas_05_3_C12,PA14_63040,PA4766,NA,conserved hypothetical protein,-1.2269455855470015,0.3593690898236586
PAMr_nr_mas_05_3_D01,PA14_57710,PA4442,cysN,ATP sulfurylase GTP-binding subunit/APS kinase,-1.7548964436767334,0.8243325859170243
PAMr_nr_mas_05_3_D02,PA14_02550,PA0208,mdcA,malonate decarboxylase alpha subunit,0.24036085675006183,0.21187263865592312
PAMr_nr_mas_05_3_D03,PA14_04010,NA,NA,hypothetical protein,1.0457544717200344,0.14979372153288625
PAMr_nr_mas_05_3_D04,PA14_62910,PA4756,carB,carbamoylphosphate synthetase large subunit,1.2042301776622457,3.9086569167941656
PAMr_nr_mas_05_3_D05,PA14_49210,PA1177,napE,periplasmic nitrate reductase protein NapE,0.10521644392454217,0.07721406636172205
PAMr_nr_mas_05_3_D06,PA14_59780,NA,rcsC,kinase sensor protein,-0.7164860526511253,-0.46673016832921854
PAMr_nr_mas_05_3_D07,PA14_11180,PA4074,NA,putative transcriptional regulator,-0.143401732134561,-0.14074071522087117
PAMr_nr_mas_05_3_D08,PA14_09580,PA4202,NA,hypothetical,0.1799532036353738,0.4649156521381716
PAMr_nr_mas_05_3_D09,PA14_25150,PA3008,NA,putative cell division inhibitor,-0.5197351570510492,0.14733787972089055
PAMr_nr_mas_05_3_D10,PA14_53030,PA0868,NA,conserved hypothetical protein,0.10870334852042277,0.9222082650334986
PAMr_nr_mas_05_3_D11,PA14_65720,PA4972,NA,putative lipoprotein,0.5545816792468614,0.26421601877089157
PAMr_nr_mas_05_3_D12,PA14_00530,PA0042,NA,hypothetical protein,0.7171615576726517,0.9740912748548399
PAMr_nr_mas_05_3_E01,PA14_09570,PA4203,NA,putative LysR-family transcriptional regulator,-0.18933055302565852,-0.22641146980758
PAMr_nr_mas_05_3_E02,PA14_58410,PA4501,NA,putative outer membrane porin,-0.870520451688478,-0.41952299495063916
PAMr_nr_mas_05_3_E03,PA14_41760,PA1763,NA,conserved hypothetical protein,-1.17304246200938,-0.2769831214266179
PAMr_nr_mas_05_3_E04,PA14_20280,PA3386,NA,conserved hypothetical protein,-0.49090659238814555,-0.3152951448745018
PAMr_nr_mas_05_3_E05,PA14_52660,PA0899,aruB,succinylarginine dihydrolase,0.10463510497367619,-0.1875692945777469
PAMr_nr_mas_05_3_E06,PA14_16190,PA3728,NA,hypothetical protein,-0.6821284845658088,0.39804957572326866
PAMr_nr_mas_05_3_E07,PA14_17760,PA3596,NA,putative methylated-DNA--protein-cysteine methyltransferase,-0.11564345932530057,-0.5018136035456737
PAMr_nr_mas_05_3_E08,PA14_63960,PA4837,NA,putative uter membrane protein precursor,-0.10942473788128201,-0.591429977539363
PAMr_nr_mas_05_3_E09,PA14_67370,PA5101,NA,"putative ABC-type phosphate/phosphonate transport system, periplasmic component",-1.7904292217718423,-0.6597828208715181
PAMr_nr_mas_05_3_E10,PA14_14530,PA3825,NA,putative membrane protein,-0.1458213006584115,0.2707303247215141
PAMr_nr_mas_05_3_E11,PA14_13990,PA3865,NA,putative amino acid ABC transporter,-0.029136531980724533,0.29071627279176615
PAMr_nr_mas_05_3_E12,PA14_35850,NA,NA,Hypothetical protein,-0.7439305726982056,-0.0026868138133679578
PAMr_nr_mas_05_3_F01,PA14_06130,PA0468,NA,putative streptogramin lyase,1.3146862418444423,0.05234709264559876
PAMr_nr_mas_05_3_F02,PA14_15790,PA3760,NA,putative phosphoenolpyruvate-protein phosphotransferase,-0.10301186211489129,0.8613138889303656
PAMr_nr_mas_05_3_F03,PA14_73020,PA5536,NA,"putative C4-type zinc finger protein, DksA/TraR family",0.655510059822912,0.8085480395156394
PAMr_nr_mas_05_3_F04,PA14_52050,PA0944,purN,phosphoribosylaminoimidazole synthetase,0.5549424610147898,-0.3060908018435778
PAMr_nr_mas_05_3_F05,PA14_70780,PA5363,NA,putative peptidase,-0.11363674755906691,-0.4035052514988267
PAMr_nr_mas_05_3_F06,PA14_47140,PA1322,NA,putative TonB-dependent receptor,-1.1125374914024342,0.34364341081547584
PAMr_nr_mas_05_3_F07,NA,NA,NA,NA,-0.1838500289525772,-0.10519485513401708
PAMr_nr_mas_05_3_F08,PA14_01870,PA0151,NA,putative TonB-dependent receptor,-1.5644952708841273,1.0828681930773916
PAMr_nr_mas_05_3_F09,PA14_52930,PA0876,NA,probable transcriptional regulator,-1.7896432390983332,-0.19221850132073368
PAMr_nr_mas_05_3_F10,PA14_07600,PA0583,NA,putative 2-amino-4-hydroxy-6-hydroxymethyldihydropteridine pyrophosphokinase,-0.5532137436195521,-0.09423668062269044
PAMr_nr_mas_05_3_F11,PA14_11210,PA4072,NA,putative amino acid permease,1.1365189851233108,-0.005199111760270346
PAMr_nr_mas_05_3_F12,PA14_49800,PA1127,NA,probable oxidoreductase,1.8994397405779186,-0.16179886383914013
PAMr_nr_mas_05_3_G01,PA14_15740,PA3763,purL,phosphoribosylformylglycinamidine synthase,-0.36143357805880827,1.0984475154738702
PAMr_nr_mas_05_3_G02,PA14_30100,PA2630,NA,conserved hypothetical protein,-0.4639066070138678,0.556590784682839
PAMr_nr_mas_05_3_G03,PA14_46380,PA1395,NA,hypothetical protein,-0.11785158277981736,0.615950160266801
PAMr_nr_mas_05_3_G04,PA14_22290,PA3239,vacJ,putative surface lipoprotein,0.5767313068597187,0.701076504420763
PAMr_nr_mas_05_3_G05,PA14_72970,PA5531,tonB,periplasmic protein tonB,-1.4858765020212596,0.6591035233514816
PAMr_nr_mas_05_3_G06,PA14_58040,PA4471,NA,conserved hypothetical protein,-0.9360425783205638,0.24923326383354813
PAMr_nr_mas_05_3_G07,PA14_04960,PA0379,NA,putative membrane protein,-0.033493135745387814,0.6200719819554421
PAMr_nr_mas_05_3_G08,PA14_69430,PA5258,NA,putative uroporphyrin-III C-methyltransferase,-1.64897575996499,0.4731102614987337
PAMr_nr_mas_05_3_G09,PA14_23000,PA3188,NA,putative permease of ABC sugar transporter,-1.0467878151141268,-0.7560435745957091
PAMr_nr_mas_05_3_G10,PA14_66820,PA5056,phaC1,poly(3-hydroxyalkanoic acid) synthase 1,-0.8184556425613296,-0.004696576915778771
PAMr_nr_mas_05_3_G11,PA14_05560,PA0428,NA,"putative ATP-dependent RNA helicase, DEAD box family",-0.779967079589337,-0.18369741481344476
PAMr_nr_mas_05_3_G12,PA14_66710,PA5049,rpmE,50S ribosomal protein L31,-0.6278925893956178,-0.9196119649564842
PAMr_nr_mas_05_3_H01,PA14_72770,PA5515,NA,conserved hypothetical protein,0.7499482182513661,0.7232049175763394
PAMr_nr_mas_05_3_H02,PA14_44710,PA1524,xdhA,xanthine dehydrogenase,-0.2956183346234386,0.3935522711595411
PAMr_nr_mas_05_3_H03,PA14_46470,PA1375,pdxB,erythronate-4-phosphate dehydrogenase,-1.3738071635803357,1.146874606013666
PAMr_nr_mas_05_3_H04,PA14_58250,PA4489,NA,putative membrane protein,0.8129354875069639,0.003840762157251283
PAMr_nr_mas_05_3_H05,PA14_27700,NA,NA,putative transcriptional regulator,0.06478231368186005,-0.2919145363425188
PAMr_nr_mas_05_3_H06,PA14_68970,PA5222,NA,conserved hypothetical protein,-0.3293741257447696,0.69179700359695
PAMr_nr_mas_05_3_H07,PA14_22640,PA3215,NA,"putative transcriptional regulator, AraC family",0.11895912214585382,-0.015761046757219548
PAMr_nr_mas_05_3_H08,PA14_17380,PA3630,NA,"putative transcriptional regulator, LysR family",-0.17128318502589315,0.8553486709579792
PAMr_nr_mas_05_3_H09,PA14_11960,PA4011,NA,hypothetical protein,-0.7032493599323133,0.06081220754040035
PAMr_nr_mas_05_3_H10,PA14_72710,PA5510,NA,putative amino acid transporter,-0.8368881693912739,0.817889861938613
PAMr_nr_mas_05_3_H11,PA14_73250,PA5555,atpG,ATP synthase gamma chain,-0.36498265513390005,0.8363129234170196
PAMr_nr_mas_05_3_H12,PA14_59070,NA,NA,Conserved Hypothetical Protein,-0.3593468217585611,1.06703845028602
PAMr_nr_mas_05_4_A01,PA14_67970,PA5145,NA,putative dehydrogenase,0.23087132997005624,0.5752834804558387
PAMr_nr_mas_05_4_A02,PA14_59690,NA,NA,Conserved hypothetical protein,-1.509634620414164,0.12396244425310324
PAMr_nr_mas_05_4_A03,PA14_61120,PA4618,NA,putative xanthine dehydrogenase accessory factor X,-0.15227804240566006,1.0093945446690096
PAMr_nr_mas_05_4_A04,PA14_52420,PA0916,NA,conserved hypothetical protein,-0.174929034927037,0.7331164356384295
PAMr_nr_mas_05_4_A05,PA14_18790,PA3521,NA,putative outer membrane efflux protein,-0.5463317828571195,0.8738897388953641
PAMr_nr_mas_05_4_A06,PA14_31560,PA2551,NA,"putative transcriptional regulator, LysR family",-0.9230203084827941,-0.46673016832921854
PAMr_nr_mas_05_4_A07,PA14_12300,PA3983,NA,Putative Mg2+ and Co2+ transporter CorC,-0.5064789451583819,0.4008884263542467
PAMr_nr_mas_05_4_A08,PA14_56590,PA4352,NA,putative universal stress protein,-1.0409713935191114,-0.08507613789208163
PAMr_nr_mas_05_4_A09,PA14_62630,PA4733,acsB,acetyl-coenzyme A synthetase,-0.763480311786997,-0.2987364071580001
PAMr_nr_mas_05_4_A10,PA14_47900,PA1262,NA,putative MFS transporter,0.08289320530392214,0.3669804155930086
PAMr_nr_mas_05_4_A11,PA14_26960,PA2871,NA,putative acyl-CoA thioesterase,-0.48600821974564234,0.9593084475660888
PAMr_nr_mas_05_4_B01,PA14_65190,PA4936,NA,"putative RNA methyltransferase, TrmH family, group 3",1.2610713732254908,0.611596599914925
PAMr_nr_mas_05_4_B02,PA14_45260,NA,NA,conserved hypothetical protein,-0.27191154054923955,0.5893264013369807
PAMr_nr_mas_05_4_B03,PA14_72900,PA5526,NA,putative lipoprotein,-0.2487038444075037,0.739191263143273
PAMr_nr_mas_05_4_B04,PA14_21190,PA3311,NA,conserved hypothetical protein,1.5725778646845499,-0.6040558428986007
PAMr_nr_mas_05_4_B05,PA14_59320,NA,pilS2,type IV B pilus protein,1.5950891462952983,0.2733824891651656
PAMr_nr_mas_05_4_B06,PA14_59540,NA,NA,putative DNA/RNA helicase,1.7394040763339635,-0.8136195193332496
PAMr_nr_mas_05_4_B07,PA14_54810,PA0732,NA,hypothetical protein,1.7781266434106913,0.6417841951896256
PAMr_nr_mas_05_4_B08,PA14_59620,NA,NA,Conserved hypothetical protein,0.6140108266921936,0.4630411925944415
PAMr_nr_mas_05_4_B09,PA14_36060,PA2216,NA,conserved hypothetical protein,1.2906642878504953,-0.7986134954449255
PAMr_nr_mas_05_4_B10,PA14_52240,PA0930,NA,two-component sensor,1.357536909222721,0.7153102874312395
PAMr_nr_mas_05_4_B11,PA14_52090,PA0940,NA,hypothetical protein,0.7101261003710736,1.7724326483538848
PAMr_nr_mas_05_4_C01,PA14_07050,PA0543,NA,putative depolymerase,-0.09940749382404918,1.0794487088447688
PAMr_nr_mas_05_4_C02,PA14_23510,PA3138,uvrB,excinuclease ABC subunit B,0.2962471645152515,-0.06679248486861418
PAMr_nr_mas_05_4_C03,PA14_12010,PA4007,proA,probable gamma-glutamyl phosphate reductase,0.11528444870766143,1.300443832877807
PAMr_nr_mas_05_4_C04,PA14_51840,NA,NA,NA,0.5853539264472497,0.14832032430653885
PAMr_nr_mas_05_4_C05,PA14_61620,PA4659,NA,"putative transcriptional regulator, MerR family",0.7432995250524547,0.4862008562949901
PAMr_nr_mas_05_4_C06,PA14_03160,PA0256,NA,hypothetical protein,-0.010358534386472848,0.9462376756102032
PAMr_nr_mas_05_4_C07,PA14_39060,PA1970,NA,putative lipoprotein,1.190061448363277,-0.915006149926735
PAMr_nr_mas_05_4_C08,PA14_41160,PA1807,NA,putative ATP-binding component of ABC transporter,0.694091026019291,0.8176675886720205
PAMr_nr_mas_05_4_C09,PA14_51980,PA0950,NA,probable arsenate reductase,-0.13031190411324522,0.4310950031100875
PAMr_nr_mas_05_4_C10,PA14_59840,NA,NA,Conserved hypothetical protein,0.9224319282744005,0.5593633609255768
PAMr_nr_mas_05_4_C11,PA14_49540,NA,NA,hypothetical protein,-0.20824458958764927,0.3543694611913468
PAMr_nr_mas_05_4_C12,PA14_26650,PA2892,NA,putative short-chain dehydrogenase,2.3167852295252085,0.11582346232184275
PAMr_nr_mas_05_4_D01,PA14_52050,PA0944,purN,phosphoribosylaminoimidazole synthetase,-2.5082628526788486,-0.6167055101573635
PAMr_nr_mas_05_4_D02,PA14_32350,PA2498,NA,conserved hypothetical protein,-1.8538932241833055,0.10915694453557698
PAMr_nr_mas_05_4_D03,PA14_23680,PA3126,ibpA,putative small heat shock protein,-1.279624065402206,-0.17054971012838943
PAMr_nr_mas_05_4_D04,PA14_50270,PA1094,fliD,flagellar capping protein FliD,-1.0733791694586754,-0.8388940520069479
PAMr_nr_mas_05_4_D05,PA14_10290,PA4147,acoR,transcriptional regulator AcoR,-0.5220899896772407,1.2194942678700693
PAMr_nr_mas_05_4_D06,PA14_54690,PA0741,NA,conserved hypothetical protein,-0.9840231548696335,0.06628394968638132
PAMr_nr_mas_05_4_D07,PA14_48040,PA1250,aprI,alkaline proteinase inhibitor AprI,-0.3096784643956434,0.39828619248750297
PAMr_nr_mas_05_4_D08,PA14_39320,PA1948,rbsC,"ribose ABC transporter, permease protein",-0.4230959970451541,0.15323039075423966
PAMr_nr_mas_05_4_D09,PA14_24860,PA3032,snr1,cytochrome c Snr1,-1.1611792084439951,-0.28562357466478705
PAMr_nr_mas_05_4_D10,PA14_21510,PA3289,NA,conserved hypothetical protein,-0.5570881617197224,-0.252171028142779
PAMr_nr_mas_05_4_D11,PA14_34900,PA2298,NA,puccinate dehydrogenase,-0.9481752681451282,-0.029869537516448254
PAMr_nr_mas_05_4_D12,PA14_01610,PA0131,NA,conserved hypothetical protein,-0.8204760849326502,-0.04628274956929503
PAMr_nr_mas_05_4_E01,PA14_67020,PA5073,NA,conserved hypothetical protein,-1.3004319728157863,0.5090481251815733
PAMr_nr_mas_05_4_E02,PA14_66140,PA5002,NA,conserved hypothetical protein,-0.9298707701681641,0.23591405026679266
PAMr_nr_mas_05_4_E03,PA14_12140,PA3995,NA,putative transcriptional regulator,-1.1469728084662543,0.9351074656555073
PAMr_nr_mas_05_4_E04,PA14_57650,PA4438,NA,putative ATPase,-0.5336628954385654,-1.6393376228969623
PAMr_nr_mas_05_4_E05,PA14_34540,PA2326,NA,"putative xenobiotic compound monooxygenase, DszA family",-0.5998651947243827,-1.3096920628479074
PAMr_nr_mas_05_4_E06,PA14_31960,PA2523,NA,putative DNA-binding heavy metal response regulator,-0.3150627223603942,0.4008884263542467
PAMr_nr_mas_05_4_E07,PA14_60600,PA4581,rtcR,transcriptional regulatory protein RtcR,-1.3988675134517172,0.09382353142447693
PAMr_nr_mas_05_4_E08,PA14_25050,PA3016,NA,conserved hypothetical protein,-1.2109171735338606,-1.1731411764012725
PAMr_nr_mas_05_4_E09,PA14_59680,NA,NA,Hypothetical protein,-1.249742760418581,-0.9803581774190242
PAMr_nr_mas_05_4_E10,NA,NA,NA,NA,1.4459726947004772,2.2601678544123196
PAMr_nr_mas_05_4_E11,PA14_46760,PA1355,NA,conserved hypothetical protein,0.7168099718474975,0.05707891438128119
PAMr_nr_mas_05_4_E12,NA,"PA0998, PA0997",NA,NA,-2.158100634495028,0.18896544111346789
PAMr_nr_mas_05_4_F01,PA14_14340,PA3840,PA3840,NA,-0.2597835540999756,0.49506923777873213
PAMr_nr_mas_05_4_F02,PA14_68350,PA5173,arcC,carbamate kinase,-0.25424125695571603,-0.07262768268361128
PAMr_nr_mas_05_4_F03,PA14_56680,PA4358,NA,putative ferrous iron transport protein B,-0.6353005207787021,-0.3081935388290973
PAMr_nr_mas_05_4_F04,PA14_14430,NA,NA,hypothetical protein,0.8421263263472222,-0.8280910302562895
PAMr_nr_mas_05_4_F05,PA14_12610,PA3963,NA,probable cation efflux family protein,0.34119827370104683,-1.4077636221722154
PAMr_nr_mas_05_4_F06,PA14_38250,PA2032,NA,"putative transcriptional regulator, GntR",-0.3144412262931542,-0.7839231469360557
PAMr_nr_mas_05_4_F07,PA14_30280,PA2616,trxB1,thioredoxin reductase 1,0.1601998032971377,-2.14243130673538
PAMr_nr_mas_05_4_F08,PA14_71690,PA5432,NA,"putative acetyltransferase, GNAT family",0.3921273449507264,-0.14458788007045967
PAMr_nr_mas_05_4_F09,PA14_08440,PA0658,NA,putative short chain alcohol dehydrogenase,0.00816672484668263,-0.8485746783422156
PAMr_nr_mas_05_4_F10,PA14_72640,PA5505,NA,"putative ABC transporter, periplasmic binding protein",0.8768401513206061,-0.5053320569732427
PAMr_nr_mas_05_4_F11,PA14_33860,PA2382,lldA,L-lactate dehydrogenase,2.3962744090615056,0.7884859461135737
PAMr_nr_mas_05_4_F12,PA14_53230,PA0853,NA,probable oxidoreductase,1.6155395989297754,-0.7232436391582712
PAMr_nr_mas_05_4_G01,PA14_40240,PA1876,NA,putative ATP-binding/permease fusion ABC transporter,-0.6152756533888146,-0.47642723052379654
PAMr_nr_mas_05_4_G02,PA14_39640,PA1923,NA,putative CobN/Magnesium chelatase,-0.21925311875951492,-0.08965484602472132
PAMr_nr_mas_05_4_G03,PA14_49170,PA1180,phoQ,two-component sensor PhoQ,-0.4934637818767075,-0.6617222752507348
PAMr_nr_mas_05_4_G04,PA14_03360,NA,NA,Hypothetical protein,-0.47091120151514426,-0.2995239925781904
PAMr_nr_mas_05_4_G05,PA14_64990,PA4921,NA,putative phospholipase,-1.2326970676665354,-0.6617222752507348
PAMr_nr_mas_05_4_G06,PA14_63840,PA4828,NA,putative membrane protein,-0.15328750795090712,0.15200321093626734
PAMr_nr_mas_05_4_G07,PA14_30490,PA2598,NA,putative lavin-dependent oxidoreductase,-1.2039921620917629,-0.1330529964024719
PAMr_nr_mas_05_4_G08,PA14_05660,PA0436,NA,putative transciptional regulator,-0.8727841116375504,0.4901697390590104
PAMr_nr_mas_05_4_G09,PA14_58350,PA4496,NA,putative binding protein component of ABC transpor,-0.5118208272386319,-0.7464954319754894
PAMr_nr_mas_05_4_G10,PA14_69760,PA5284,NA,putative fimbrial protein,-0.4643309056692634,0.12297642661670806
PAMr_nr_mas_05_4_G11,PA14_50180,PA1099,fleR,two-component response regulator,-1.2415742638356744,-0.7932421385971614
PAMr_nr_mas_05_4_G12,PA14_21160,PA3314,NA,probable ABC transporter ATP-binding component,-0.6464288203702188,0.5440999950635981
PAMr_nr_mas_05_4_H01,PA14_54930,NA,NA,putative non-ribosomal peptide synthetase,-0.9534476961026392,-0.09092726406361262
PAMr_nr_mas_05_4_H02,PA14_69840,PA5290,NA,putative magnesium chelatase,-0.35184023247057866,-0.134846009814022
PAMr_nr_mas_05_4_H03,PA14_08330,PA0648,NA,hypothetical protein,1.8768255619208865,3.0933140826635372
PAMr_nr_mas_05_4_H04,PA14_04150,PA0318,NA,putative fumarylacetoacetate hydrolase family protein,-0.2908698144534876,-0.07643598213392874
PAMr_nr_mas_05_4_H05,PA14_67350,PA5100,hutU,urocanase,-1.0965633189940034,-1.2713468108712198
PAMr_nr_mas_05_4_H06,PA14_15830,PA3757,NA,"putative transcriptional regulator, GntR family",-1.1236022480276575,-0.2966366311946962
PAMr_nr_mas_05_4_H07,PA14_49260,PA1173,napB,cytochrome c-type protein NapB precursor,-0.07124458549332227,-0.5449742266651362
PAMr_nr_mas_05_4_H08,PA14_30200,PA2622,cspD,cold-shock protein CspD,-0.43448782712360046,-0.12358359075378775
PAMr_nr_mas_05_4_H09,PA14_55360,PA0693,exbB2,transport protein ExbB2,0.2623215179060823,0.41175957441479455
PAMr_nr_mas_05_4_H10,PA14_64720,PA4898,NA,putative outer membrane porin,-0.21537754765223935,-0.8386095390213404
PAMr_nr_mas_05_4_H11,PA14_72420,PA5487,NA,putative GGDEF domain protein,0.3631818605294806,0.7299643585710299
PAMr_nr_mas_05_4_H12,PA14_70620,PA5349,NA,putative rubredoxin reductase,-0.8813934650145366,1.1360725354714203
PAMr_nr_mas_06_1_A01,PA14_18520,PA3543,algK,alginate biosynthetic protein AlgK precursor,2.986148707993799,3.078412966857238
PAMr_nr_mas_06_1_A02,NA,NA,NA,NA,1.170138682680834,3.111657196196384
PAMr_nr_mas_06_1_A03,PA14_27500,PA2828,NA,putative aminotransferase,0.8131086138447347,1.8382381850440155
PAMr_nr_mas_06_1_A04,PA14_31870,PA2528,NA,putative RND efflux membrane fusion protein precursor,1.3896816405722399,1.3262499430946042
PAMr_nr_mas_06_1_A05,NA,NA,NA,NA,1.6083742555781475,2.1393271360151576
PAMr_nr_mas_06_1_A06,PA14_15160,NA,NA,conserved hypothetical protein,1.074217966738176,1.2075503034093682
PAMr_nr_mas_06_1_A07,PA14_45460,PA1467,NA,putative transcriptional regulator,0.9120449485604356,2.2207901904508236
PAMr_nr_mas_06_1_A08,PA14_07980,PA0613,NA,conserved hypothetical protein,1.0903067918124842,1.4905072882352661
PAMr_nr_mas_06_1_A09,PA14_71450,PA5414,NA,hypothetical protein,0.5659363649338596,1.7294946923442946
PAMr_nr_mas_06_1_A10,PA14_32860,PA2455,NA,hypothetical protein,0.6587046325362172,2.440237131823079
PAMr_nr_mas_06_1_A11,PA14_16350,PA3714,NA,putative two-component response regulator,0.08678120944200982,1.507375918256137
PAMr_nr_mas_06_1_A12,PA14_51040,PA1028,NA,probable oxidoreductase,-0.28241395163494637,2.274494958196301
PAMr_nr_mas_06_1_B01,PA14_38770,PA1990,NA,putative dipeptidyl aminopeptidase,1.4150593128944213,1.748096184614013
PAMr_nr_mas_06_1_B02,PA14_53430,PA0837,slyD,peptidyl-prolyl cis-trans isomerase SlyD,1.9299490391371945,1.2524913853536028
PAMr_nr_mas_06_1_B03,PA14_43790,PA1601,NA,putative aldehyde dehydrogenase,1.4309273048540434,1.9959746956561129
PAMr_nr_mas_06_1_B04,PA14_48350,PA1231,NA,putative membrain protein,0.310516507876236,0.3144773475820505
PAMr_nr_mas_06_1_B05,PA14_03770,PA0288,speB1,agmatinase,0.5134977435320945,1.4582587748460971
PAMr_nr_mas_06_1_B06,PA14_63390,PA4799,NA,putative adenylate kinase,-0.5476215764472476,1.2865707942534663
PAMr_nr_mas_06_1_B07,PA14_58920,NA,RL114,conserved hypothetical protein,-0.40121420188479096,1.4764176302534406
PAMr_nr_mas_06_1_B08,PA14_34730,PA2312,NA,"putative transcriptional regulator, XRE family",0.17612244749642433,1.4556317625825206
PAMr_nr_mas_06_1_B09,PA14_12860,PA3943,NA,conserved hypothetical protein,-0.4039452623081907,1.5465719203782853
PAMr_nr_mas_06_1_B10,PA14_47670,PA1279,cobU,nicotinate-nucleotide--dimethylbenzimidazole phosphoribosyltransferase,-0.13675271911774137,1.9166265023133358
PAMr_nr_mas_06_1_B11,NA,PA2728,NA,NA,-0.6501426379110558,1.4723865737174466
PAMr_nr_mas_06_1_B12,PA14_36170,PA2207,NA,putative integral membrane protein,-0.5103246423935137,0.4843323341601865
PAMr_nr_mas_06_1_C01,PA14_28440,PA2756,NA,hypothetical protein,0.5720557756713035,1.780525228037901
PAMr_nr_mas_06_1_C02,NA,NA,NA,NA,0.6384448522539491,1.4463279137514577
PAMr_nr_mas_06_1_C03,PA14_34850,PA2301,NA,putative tRNA synthase,0.38490346582236723,2.030941599728404
PAMr_nr_mas_06_1_C04,PA14_58320,PA4494,NA,putative two-component sensor,-0.8675789124855056,1.2518663666611116
PAMr_nr_mas_06_1_C05,PA14_01960,PA0157,NA,putative RND efflux membrane fusion protein precursor,2.9292951423841913,5.137752381353521
PAMr_nr_mas_06_1_C06,PA14_37510,PA2088,NA,conserved hypothetical protein,-0.012727397486040579,1.677877561672466
PAMr_nr_mas_06_1_C07,PA14_04520,PA0345,NA,conserved hypothetical protein,2.1153071966109995,0.5748225588655953
PAMr_nr_mas_06_1_C08,PA14_10340,PA4143,NA,putative toxin transporter,0.08911285759593897,0.9985850563657717
PAMr_nr_mas_06_1_C09,PA14_36170,PA2207,NA,putative integral membrane protein,1.976731823962026,1.365900675436385
PAMr_nr_mas_06_1_C10,PA14_66790,PA5054,hslU,heat shock protein HslU,-0.2873623438337627,2.076238412861047
PAMr_nr_mas_06_1_C11,PA14_39970,PA1899,phzA2,probable phenazine biosynthesis protein,0.7982022854135282,2.239159226179358
PAMr_nr_mas_06_1_C12,PA14_72550,PA5498,NA,"putative zinc ABC transporter, periplasmic zinc-binding protein",0.5171282847672071,1.6921362901689994
PAMr_nr_mas_06_1_D01,NA,NA,NA,NA,-0.8240695875073532,0.6383606182647299
PAMr_nr_mas_06_1_D02,PA14_18450,PA3548,algI,alginate o-acetyltransferase AlgI,-0.8029871317392057,1.5121877481561468
PAMr_nr_mas_06_1_D03,PA14_28250,NA,NA,putative secreted acid phosphatase,-0.6799324709519373,1.38185907938557
PAMr_nr_mas_06_1_D04,PA14_62250,PA4703,NA,conserved hypothetical protein,0.5336208108098519,2.1292800284975395
PAMr_nr_mas_06_1_D05,PA14_24580,PA3056,NA,hypothetical protein,-0.4321655933605055,0.9569140446215039
PAMr_nr_mas_06_1_D06,PA14_24260,PA3084,NA,hypothetical,-0.22313108192278144,2.3582311371315687
PAMr_nr_mas_06_1_D07,PA14_69070,PA5231,NA,putative ATP-binding/permease fusion ABC transporter,0.48255314748331996,0.6600138298148741
PAMr_nr_mas_06_1_D08,PA14_16890,PA3670,NA,putative auxiliary component of ABC transporter,0.5167653250324564,1.237057238874882
PAMr_nr_mas_06_1_D09,PA14_64880,PA4911,NA,putative permease of ABC branched-chain amino acid transporter,-0.6770788002477451,-0.3271478826567994
PAMr_nr_mas_06_1_D10,PA14_66120,PA5001,NA,conserved hypothetical protein,-1.2109171735338606,0.7672440160375631
PAMr_nr_mas_06_1_D11,PA14_30140,PA2627,NA,conserved hypothetical protein,-1.257199774218628,0.6017333629759005
PAMr_nr_mas_06_1_D12,PA14_60500,PA4572,fklB,FKBP-type peptidyl-prolyl cis-trans isomerase,-0.8357626853781125,1.5189986058705547
PAMr_nr_mas_06_1_E01,PA14_48200,PA1240,NA,putative enoyl-CoA hydratase/isomerase,-0.7324069819500101,0.893258921560051
PAMr_nr_mas_06_1_E02,PA14_69620,PA5273,NA,conserved hypothetical protein,1.2209634482835385,0.8791777905315047
PAMr_nr_mas_06_1_E03,PA14_20600,NA,NA,putative lipoprotein or ydcl precursor,1.3645182134439542,3.2569334843572495
PAMr_nr_mas_06_1_E04,PA14_43160,PA1651,NA,putative benzoate transporter,0.7771693639475418,1.142005236676495
PAMr_nr_mas_06_1_E05,PA14_15700,PA3766,NA,putative amino acid permease,1.3551551450248327,0.7585041379108439
PAMr_nr_mas_06_1_E06,PA14_64810,PA4905,vanB,vanillate O-demethylase oxidoreductase,-1.2037535046748065,0.4442677411430164
PAMr_nr_mas_06_1_E07,PA14_06870,PA0527,dnr,transcriptional regulator Dnr,1.423076872157853,0.2279098133920407
PAMr_nr_mas_06_1_E08,PA14_26920,NA,NA,conserved hypothetical protein,-0.22496884759278213,0.7484054974247448
PAMr_nr_mas_06_1_E09,PA14_32940,PA2449,NA,probable transcriptional regulator,-0.5302316634676028,0.40798030283755454
PAMr_nr_mas_06_1_E10,PA14_63770,PA4823,NA,hypothetical protein,0.6204406561668752,1.2956846788573066
PAMr_nr_mas_06_1_E11,PA14_25990,PA2942,NA,"putative mMagnesium chelatase, subunit ChlI",-0.7654831499352583,0.7976327834314773
PAMr_nr_mas_06_1_E12,PA14_19520,PA3447,NA,"putative sulfonate transport system, ATP-binding protein",0.03408905680543443,1.7498374336275213
PAMr_nr_mas_06_1_F01,PA14_42880,PA1671,stk1,serine-threonine kinase Stk1,-0.5011416009421205,0.34817427914521937
PAMr_nr_mas_06_1_F02,PA14_23360,NA,wzz,NA,1.1999991913160548,1.4207771980797843
PAMr_nr_mas_06_1_F03,PA14_35530,PA2247,bkdA1,2-oxoisovalerate dehydrogenase (alpha subunit),1.1184047094966993,0.3817028358064204
PAMr_nr_mas_06_1_F04,PA14_10600,PA4126,NA,putative MFS transporter,1.612796390290856,0.6465742702351719
PAMr_nr_mas_06_1_F05,PA14_31730,PA2539,NA,putative dual specificity phosphatase,0.9988673359692024,0.0028369329223786204
PAMr_nr_mas_06_1_F06,PA14_56480,PA4344,NA,Metal-dependent amidase/aminoacylase/carboxypeptid,1.263327913687734,1.584747279053086
PAMr_nr_mas_06_1_F07,PA14_03370,NA,NA,Hypothetical protein,0.624723556459956,-0.5558760917894777
PAMr_nr_mas_06_1_F08,NA,NA,NA,NA,1.7690631373236734,0.9193627314127357
PAMr_nr_mas_06_1_F09,PA14_27110,PA2861,ligT,2'-5' RNA ligase,1.7217509453002573,0.561672966327516
PAMr_nr_mas_06_1_F10,PA14_71740,PA5436,NA,putative biotin carboxylase subunit of a transcarboxylase,-0.32439254809099966,0.6005855334672954
PAMr_nr_mas_06_1_F11,PA14_53040,PA0867,NA,hypothetical protein,-1.0346957001523371,1.3669247893114862
PAMr_nr_mas_06_1_F12,PA14_47560,PA1286,NA,putative MFS transporter,0.465925847468168,0.838750742338658
PAMr_nr_mas_06_1_G01,PA14_32610,PA2476,dsbG,thiol:disulfide interchange protein DsbG,0.9803512320809682,0.22572518159413857
PAMr_nr_mas_06_1_G02,PA14_60410,PA4564,NA,NA,0.9941593205048059,0.5127709153921179
PAMr_nr_mas_06_1_G03,PA14_55400,NA,NA,hypothetical protein,-0.3181711251777972,0.00910840328190961
PAMr_nr_mas_06_1_G04,PA14_15140,PA3783,NA,conserved hypothetical protein,0.4165159514788205,0.46069738157197604
PAMr_nr_mas_06_1_G05,PA14_31350,NA,NA,"putative NADH dehydrogenase, FAD-containing subunit",0.7708980206060005,-0.16051293667626856
PAMr_nr_mas_06_1_G06,PA14_27800,PA2810,NA,putative sensor histidine kinase,0.7959459230548103,0.3854969322473357
PAMr_nr_mas_06_1_G07,PA14_37080,PA2126,NA,putative transcriptional regulator,-0.6538586519450766,1.0704642630579648
PAMr_nr_mas_06_1_G08,PA14_62360,PA4711,NA,"putative iron-sulfur cluster-binding protein, Rieske family",-1.2020831565361119,1.0990869884495948
PAMr_nr_mas_06_1_G09,PA14_03930,PA0301,spuE,polyamine transport protein,3.3268595889995964,1.3681535196771255
PAMr_nr_mas_06_1_G11,NA,NA,NA,NA,-1.273829485285838,0.1992102376557613
PAMr_nr_mas_06_1_H01,PA14_12370,PA3978,NA,hypothetical protein,-0.5355937872049619,0.41836818213239396
PAMr_nr_mas_06_1_H02,PA14_68230,PA5165,NA,probable two-component sensor,-0.22680715096182313,1.5617089803626716
PAMr_nr_mas_06_1_H03,PA14_41610,PA1774,NA,conserved hypothetical protein,-0.3666535029944673,1.1466629677645066
PAMr_nr_mas_06_1_H04,PA14_40550,PA1853,NA,"putative transcriptional regulator, LysR family",-1.0010997096947045,1.2680979617251522
PAMr_nr_mas_06_1_H05,PA14_72060,PA5460,NA,conserved hypothetical protein,-1.0122012621434315,0.23421697951233517
PAMr_nr_mas_06_1_H06,PA14_09440,PA4214,phzE1,phenazine biosynthesis protein PhzE,-0.5375252725541535,0.8882019159080989
PAMr_nr_mas_06_1_H07,PA14_36190,PA2205,NA,hypothetical protein,-0.9474878862193066,0.7717215929473448
PAMr_nr_mas_06_1_H08,PA14_53780,PA0811,NA,probable MFS transporter,-1.423039624281035,0.8796182734481333
PAMr_nr_mas_06_1_H09,PA14_54080,PA0788,NA,conserved hypothetical protein,-1.113948929010681,0.5376141238659901
PAMr_nr_mas_06_1_H10,PA14_29390,PA2685,NA,conserved hypothetical protein,0.1264951463299082,2.8974588314101024
PAMr_nr_mas_06_1_H11,NA,NA,NA,NA,-0.7699361884906145,1.0723905144011772
PAMr_nr_mas_06_1_H12,PA14_19210,PA3469,NA,putative dihydrofolate reductase,0.43290651341914793,0.5074187547614253
PAMr_nr_mas_06_2_A01,PA14_42230,PA1726,bglX,periplasmic beta-glucosidase,0.29305089763183323,0.3438819538577931
PAMr_nr_mas_06_2_A02,PA14_64420,PA4871,NA,conserved hypothetical protein,0.3099538582598759,-0.16154165869093823
PAMr_nr_mas_06_2_A03,PA14_01910,PA0154,pcaG,"protocatechuate 3,4-dioxygenase, alpha subunit",0.709070101967513,-0.6880990204290054
PAMr_nr_mas_06_2_A04,PA14_69810,PA5288,glnK,Nitrogen regulatory protein PII,1.862924919861647,-0.22589209239271463
PAMr_nr_mas_06_2_A05,PA14_70050,PA5305,NA,conserved hypothetical protein,0.6620749203105045,-0.7799735419823258
PAMr_nr_mas_06_2_A06,PA14_56770,PA4365,NA,putative permease,-0.9886338650542813,0.17405818242860985
PAMr_nr_mas_06_2_A07,PA14_62530,PA4725,cbrA,two-component sensor CbrA,1.2797440063698824,-1.076646897660579
PAMr_nr_mas_06_2_A08,PA14_64710,PA4897,NA,putative extracellular heme-binding protein,1.1473625356449586,-0.052859292210049896
PAMr_nr_mas_06_2_A09,PA14_42160,PA1730,NA,conserved hypothetical protein,-1.134686524718613,0.12075735703532199
PAMr_nr_mas_06_2_A10,PA14_48910,NA,NA,conserved hypothetical protein,-0.28550624001825436,1.2776520673838418
PAMr_nr_mas_06_2_A11,PA14_26050,PA2938,NA,putative xanthine/uracil permease,-0.8675789124855056,1.2435272162582531
PAMr_nr_mas_06_2_A12,PA14_69280,PA5247,NA,conserved hypothetical protein,-0.4566979103822705,0.4681946968860375
PAMr_nr_mas_06_2_B01,PA14_38690,PA1997,NA,putative AMP-(fatty) acid ligase,1.0693998949713412,0.14537255891662568
PAMr_nr_mas_06_2_B02,PA14_71820,PA5440,NA,putative peptidase,0.6547999341419852,-0.14946412413780433
PAMr_nr_mas_06_2_B03,PA14_46240,PA1408,NA,putative mechanosensitive ion channel family protein,-0.34663259480264075,-1.3433481735272605
PAMr_nr_mas_06_2_B04,PA14_69330,PA5251,NA,conserved hypothetical protein,0.9912991604245301,-0.06222934527895042
PAMr_nr_mas_06_2_B05,NA,NA,NA,NA,0.28759468683173134,-1.4335174171753908
PAMr_nr_mas_06_2_B06,PA14_26390,PA2913,NA,putative iron transport system substrate-binding protein,0.34269111944294595,-1.1995093666559882
PAMr_nr_mas_06_2_B07,PA14_67810,PA5134,NA,putative carboxyl-terminal protease,1.0540904790016776,-0.8266708739496861
PAMr_nr_mas_06_2_B08,PA14_53880,PA0801,NA,hypothetical protein,-0.608759580118356,-1.1073743537971699
PAMr_nr_mas_06_2_B09,PA14_67350,PA5100,hutU,urocanase,-1.0027174648912063,-0.895466629330285
PAMr_nr_mas_06_2_B10,PA14_68510,PA5187,NA,putative acyl-CoA dehydrogenase,-0.5163115206966613,0.139473140403705
PAMr_nr_mas_06_2_B11,PA14_64610,PA4888,NA,putative fatty acid desaturase,-1.2624972228406808,0.07448320587716149
PAMr_nr_mas_06_2_B12,PA14_69880,PA5293,NA,"putative transcriptional regulator, LysR family",-0.44167107188015414,0.3355278975441932
PAMr_nr_mas_06_2_C01,PA14_62870,PA4752,rrmJ,cell division protein FtsJ,0.9103405255549242,0.9396927293800731
PAMr_nr_mas_06_2_C02,PA14_19130,PA3476,rhlI,autoinducer synthesis protein RhlI,1.2128460671297971,1.7011057053704692
PAMr_nr_mas_06_2_C03,PA14_60700,PA4587,ccpR,cytochrome c551 peroxidase,-1.1915939813342273,-1.6009794972446079
PAMr_nr_mas_06_2_C04,PA14_31500,PA2555,NA,putative acyl-coenzyme A synthetases/AMP-(fatty) acid ligases,0.8260795122567781,-1.8582920288263045
PAMr_nr_mas_06_2_C05,PA14_14600,PA3823,tgt,queuine tRNA-ribosyltransferase,-1.5591896307345126,-1.2184504406843955
PAMr_nr_mas_06_2_C06,PA14_47280,PA1311,phnX,2-phosphonoacetaldehyde hydrolase,0.13093523479432656,-1.0725212343285033
PAMr_nr_mas_06_2_C07,PA14_28710,PA2739,pheT,"phenylalanyl-tRNA synthetase, beta subunit",0.25305439373468613,-1.2677062845998062
PAMr_nr_mas_06_2_C08,PA14_07730,PA0592,ksgA,"rRNA (adenine-N6,N6)-dimethyltransferase",-0.5633353094791164,-1.8675720215246434
PAMr_nr_mas_06_2_C09,PA14_32300,PA2502,NA,putative kinase,0.19487087562437594,-0.9429775418257986
PAMr_nr_mas_06_2_C10,PA14_34130,PA2361,NA,conserved hypothetical protein,0.9801826533259984,-0.44442630885738105
PAMr_nr_mas_06_2_C11,PA14_52430,PA0915,NA,conserved hypothetical protein,-0.9118472590361256,-0.6711504643079427
PAMr_nr_mas_06_2_C12,PA14_06310,PA0484,NA,putative ACT domain protein,1.551063302189037,-0.8588399988165013
PAMr_nr_mas_06_2_D01,PA14_38640,PA2000,NA,"putative CoA transferase, subunit B",-1.1813600874098047,-1.0973133499157923
PAMr_nr_mas_06_2_D02,PA14_02760,PA0226,NA,"putative CoA transferase, subunit A",-1.534992168695603,-0.11974844623359722
PAMr_nr_mas_06_2_D03,PA14_22940,PA3192,gltR,two-component response regulator GltR,-2.0468598194101792,-0.612302920639633
PAMr_nr_mas_06_2_D04,PA14_45590,PA1458,NA,putative two-component sensor,-0.22435619930730838,-0.9835553299966969
PAMr_nr_mas_06_2_D05,PA14_70360,PA5330,NA,conserved hypothetical protein,-0.42984421758958913,-0.34536284197246053
PAMr_nr_mas_06_2_D06,PA14_03130,PA0254,NA,putative 3-polyprenyl-4-hydroxybenzoate decarboxylase,-2.1594897906807184,-1.2377470694182804
PAMr_nr_mas_06_2_D07,PA14_24020,PA3101,xcpT,general secretion pathway protein G,-2.2801210904672153,-0.7912643010117912
PAMr_nr_mas_06_2_D08,PA14_25400,PA2990,NA,putative phosphodiesterase,-1.218806654529412,-0.837471607699148
PAMr_nr_mas_06_2_D09,PA14_00600,PA0048,NA,putative transcriptional regulator,-1.8822769903445002,-0.9545461779537272
PAMr_nr_mas_06_2_D10,PA14_07020,PA0540,NA,putative membrane protein,-0.43469898185086536,-1.220257144116967
PAMr_nr_mas_06_2_D11,NA,NA,NA,NA,-2.151991993448752,-0.5305564839068202
PAMr_nr_mas_06_2_D12,PA14_20060,NA,NA,conserved hypothetical protein,-1.3254441028630863,0.7089878889346182
PAMr_nr_mas_06_2_E01,PA14_52350,PA0920,NA,conserved hypothetical protein,-0.060691086005604473,1.0158718891207739
PAMr_nr_mas_06_2_E02,PA14_29760,PA2654,NA,putative chemotaxis transducer,-1.3860791595257662,-0.4923500040570612
PAMr_nr_mas_06_2_E03,PA14_55410,NA,NA,hypothetical protein,-1.022858688143041,-0.6883772225687302
PAMr_nr_mas_06_2_E04,PA14_25690,PA2965,fabF1,beta-ketoacyl-acyl carrier protein synthase II,-0.9011488892427453,-0.5577857405554846
PAMr_nr_mas_06_2_E05,PA14_25620,PA2971,NA,conserved hypothetical protein,-0.7439305726982056,-0.9835553299966969
PAMr_nr_mas_06_2_E06,PA14_60920,PA4604,NA,putative cobalamin synthesis protein/P47K family protein,-1.2685224774180317,-0.7870280396862989
PAMr_nr_mas_06_2_E07,PA14_62230,PA4701,NA,conserved hypothetical protein,-0.25075416895470437,-0.011735491926010243
PAMr_nr_mas_06_2_E08,PA14_71740,PA5436,NA,putative biotin carboxylase subunit of a transcarboxylase,-0.808587266240717,0.4247346099390133
PAMr_nr_mas_06_2_E09,PA14_52790,PA0888,aotJ,arginine/ornithine binding protein AotJ,-1.5453151025112106,-1.1156712284344692
PAMr_nr_mas_06_2_E10,PA14_37380,PA2097,NA,putative flavin-binding monooxygenase,0.23523829245320013,-1.3500997004255149
PAMr_nr_mas_06_2_E11,PA14_58100,PA4477,cafA,cytoplasmic axial filament protein,-0.4258365875671335,-0.29479986608180103
PAMr_nr_mas_06_2_E12,PA14_15630,NA,NA,NA,-0.49516915326173194,0.07721406636172205
PAMr_nr_mas_06_2_F01,PA14_07310,PA0562,NA,putative hydrolase,-0.6639247820721123,-0.10621513057719727
PAMr_nr_mas_06_2_F02,PA14_43400,PA1633,kdpA,"potassium-transporting ATPase, A chain",-0.849281818053219,-0.2555609535856775
PAMr_nr_mas_06_2_F03,PA14_57210,PA4402,argJ,N-acetylglutamate synthase,0.032325018473432866,-0.7182116955343716
PAMr_nr_mas_06_2_F04,PA14_23610,PA3132,NA,putative hydrolase,-0.2960314190737246,-1.3304777282726996
PAMr_nr_mas_06_2_F05,PA14_50680,PA1059,NA,conserved hypothetical protein,0.914430364258596,-0.5308282302471657
PAMr_nr_mas_06_2_F06,PA14_43380,PA1634,kdpB,"potassium-transporting ATPase, B chain",0.4312509828259306,-1.3136608181493103
PAMr_nr_mas_06_2_F07,PA14_15290,PA3771,NA,putative regulatory protein,0.903347553161422,-0.9029309055121475
PAMr_nr_mas_06_2_F08,PA14_57490,PA4424,NA,putative endonuclease,-0.5216617726393079,-1.2664932146321077
PAMr_nr_mas_06_2_F09,PA14_30210,NA,NA,putative cytoplasmic protease,1.1784747376717835,-0.5289262369337899
PAMr_nr_mas_06_2_F10,PA14_33000,PA2445,gcvP2,glycine cleavage system protein P2,0.6896786106472302,-1.2250773995268787
PAMr_nr_mas_06_2_F11,PA14_69190,PA5239,rho,transcription termination factor Rho,-0.9877114522967498,-2.2360272843406563
PAMr_nr_mas_06_2_F12,PA14_70480,PA5339,NA,putative endoribonuclease L-PSP,0.1607760239985091,0.06802402325295386
PAMr_nr_mas_06_2_G01,PA14_58820,PA4533,NA,conserved hypothetical protein,1.0185020344345526,0.8309909695295683
PAMr_nr_mas_06_2_G02,NA,NA,NA,NA,0.6177623601688302,0.2053009129473184
PAMr_nr_mas_06_2_G03,PA14_33360,NA,NA,hypothetical protein,-0.3208663187756315,-0.3646877214932434
PAMr_nr_mas_06_2_G04,NA,NA,NA,NA,0.3928677862321966,-1.1839156423330435
PAMr_nr_mas_06_2_G05,PA14_33260,PA2426,pvdS,sigma factor PvdS,-0.2929339474878171,-0.9086783118661083
PAMr_nr_mas_06_2_G06,PA14_10890,PA4098,NA,putative short-chain dehydrogenase,0.39601368855175456,-0.4479147916539269
PAMr_nr_mas_06_2_G07,PA14_07710,PA0591,NA,putative apaG protein,1.0359037368131532,-0.6697631348205008
PAMr_nr_mas_06_2_G08,PA14_22020,PA3244,minD,cell division inhibitor MinD,1.042917707943713,0.6154920237488241
PAMr_nr_mas_06_2_G09,PA14_14060,PA3860,NA,putative long-chain-fatty-acid-CoA ligase,0.640580539718647,-0.5196956447162046
PAMr_nr_mas_06_2_G10,PA14_72990,PA5533,NA,conserved hypothetical protein,0.7862169342104482,-0.8917376026401369
PAMr_nr_mas_06_2_G11,PA14_58760,NA,pilC,type 4 fimbrial biogenesis protein pilC,1.9023517792315814,2.2909333985084213
PAMr_nr_mas_06_2_G12,PA14_73370,PA5565,gidA,glucose-inhibited division protein A,-0.8386893632649073,0.8705825891259358
PAMr_nr_mas_06_2_H01,PA14_34330,PA2345,NA,putative transmembrane protein,0.4774417402159192,0.6584207124517157
PAMr_nr_mas_06_2_H02,PA14_34970,PA2290,gcd,glucose dehydrogenase,-0.4617855434306066,1.372656940321338
PAMr_nr_mas_06_2_H03,PA14_26220,PA2925,hisM,"histidine ABC transporter, inner membrane permease",-0.1718906797797324,0.06180740168505178
PAMr_nr_mas_06_2_H04,PA14_61640,PA4660,phr,deoxyribodipyrimidine photolyase,-0.5723939293051299,0.26252609177798186
PAMr_nr_mas_06_2_H05,PA14_68090,PA5155,NA,"putative amino acid ABC transporter, permease protein",-0.17209319108453805,-0.012490099522404456
PAMr_nr_mas_06_2_H06,PA14_53390,PA0841,NA,hypothetical protein,-0.4632702127509546,0.5306580122771936
PAMr_nr_mas_06_2_H07,PA14_33240,PA2428,NA,hypothetical protein,0.044467248365939877,-1.4621797728900376
PAMr_nr_mas_06_2_H08,PA14_56160,PA4322,NA,putative methanol dehydrogenase regulatory protein,-0.03864574695560214,-0.3609772643676528
PAMr_nr_mas_06_2_H09,PA14_56720,PA4361,NA,probable dehydrogenase,-0.21231957399398382,0.6927028858769141
PAMr_nr_mas_06_2_H10,PA14_05540,PA0426,mexB,RND multidrug efflux transporter MexB,0.8608818642184802,1.1842298136527813
PAMr_nr_mas_06_2_H11,PA14_39860,PA1907,NA,putative dienelactone hydrolase,1.5084318728469772,1.34456359279544
PAMr_nr_mas_06_2_H12,PA14_37870,PA2059,NA,"putative peptide ABC transporter, permease protein",0.5033210532973633,1.285119716055184
PAMr_nr_mas_06_3_A01,PA14_61590,PA4656,NA,putative sugar nucleotide epimerase,2.8813964332868807,1.7511914260956485
PAMr_nr_mas_06_3_A02,NA,NA,NA,NA,1.8359137879435177,2.2669770431106193
PAMr_nr_mas_06_3_A03,PA14_31240,NA,NA,hypothetical,0.809125500656295,1.364466653371169
PAMr_nr_mas_06_3_A04,PA14_10640,PA4122,NA,putative 4-hydroxyphenylacetate degradation bifunctional isomerase,1.3549963286380082,0.4948360094195245
PAMr_nr_mas_06_3_A05,PA14_24690,PA3047,NA,putative D-alanyl-D-alanine carboxypeptidase,0.10734756000404123,-0.8017251947308149
PAMr_nr_mas_06_3_A06,PA14_06700,PA0514,nirL,heme d1 biosynthesis protein NirL,1.4807834579309787,0.19018588027000707
PAMr_nr_mas_06_3_A07,PA14_31930,NA,NA,hypothetical protein,0.3704307428097397,-0.13587080405953122
PAMr_nr_mas_06_3_A08,PA14_13620,PA3887,nhaP,Na+/H+ antiporter NhaP,0.11547790616242935,0.5600563260210831
PAMr_nr_mas_06_3_A09,PA14_69020,PA5226,NA,conserved hypothetical protein,-0.9027411094126097,0.19067399378647742
PAMr_nr_mas_06_3_A10,NA,PA2451,NA,NA,-0.30843659830515535,0.3338558374619987
PAMr_nr_mas_06_3_A11,PA14_58750,PA4526,pilB,type 4 fimbrial biogenesis protein PilB,0.6444940822774167,1.0106905138692104
PAMr_nr_mas_06_3_A12,NA,NA,NA,NA,1.7308829090157314,0.9300819124261054
PAMr_nr_mas_06_3_B01,PA14_57900,PA4458,NA,putative phophatase,2.2712405777490563,1.4798421253259295
PAMr_nr_mas_06_3_B02,PA14_64510,PA4879,NA,putative exported protein,0.28138012616021896,0.7234303420134931
PAMr_nr_mas_06_3_B03,PA14_10850,PA4100,NA,putative dehydrogenase,0.8660341287374623,-0.17492941659154004
PAMr_nr_mas_06_3_B04,PA14_01770,NA,NA,putative outer membrane protein,0.3811956881415569,-0.9124167675997278
PAMr_nr_mas_06_3_B05,PA14_01070,PA0088,NA,conserved hypothetical protein,0.30657690204959315,-0.38433429490151383
PAMr_nr_mas_06_3_B06,PA14_34420,PA2338,NA,putative binding protein component of ABC maltose/mannitol transporter,1.308449363747765,0.04062770370655642
PAMr_nr_mas_06_3_B07,PA14_56070,PA4315,mvaT,"transcriptional regulator MvaT, P16 subunit",0.5287319392209546,-0.9777434579015081
PAMr_nr_mas_06_3_B08,PA14_39560,PA1930,NA,putative chemotaxis transducer,1.0267069182668709,-1.0062698524956033
PAMr_nr_mas_06_3_B09,PA14_05880,PA0451,NA,putative membrane-bound protease,0.5592702270981375,-0.5447019068457819
PAMr_nr_mas_06_3_B10,PA14_14080,PA3859,NA,putative Phospholipase/Carboxylesterase,1.7186040808291232,0.17943838984479135
PAMr_nr_mas_06_3_B11,PA14_41670,PA1770,ppsA,phosphoenolpyruvate synthase,0.5876871842498124,0.04611592332905095
PAMr_nr_mas_06_3_B12,PA14_48300,PA1236,NA,putative MFS transporter,1.1786380792242765,-0.028104353058764023
PAMr_nr_mas_06_3_C01,PA14_51050,PA1027,NA,probable aldehyde dehydrogenase,2.7302402909342725,0.6565995436230506
PAMr_nr_mas_06_3_C02,PA14_34130,PA2361,NA,conserved hypothetical protein,0.9397620495276928,0.5973705658797054
PAMr_nr_mas_06_3_C03,PA14_33780,PA2388,NA,putative transmembrane sensor,-0.3478820342512788,0.019631295937194856
PAMr_nr_mas_06_3_C04,PA14_62190,PA4699,NA,conserved hypothetical protein,1.1522852424676968,0.7517733999103371
PAMr_nr_mas_06_3_C05,PA14_36220,PA2203,NA,putative amino acid permease,0.7340145823264944,1.0668242789032254
PAMr_nr_mas_06_3_C06,PA14_29690,PA2660,NA,conserved hypothetical protein,0.4080276343374658,-0.0660317460765723
PAMr_nr_mas_06_3_C07,PA14_44070,PA1580,gltA,citrate synthase,-1.0956249253716754,-0.3867276712697854
PAMr_nr_mas_06_3_C08,PA14_01470,PA0120,NA,putative transcriptional regulator,0.5441099860117474,0.8294379375480296
PAMr_nr_mas_06_3_C09,PA14_22990,PA3189,NA,putative permease of ABC sugar transporter,1.4789151349376628,0.3674558369130389
PAMr_nr_mas_06_3_C10,PA14_42760,PA1681,aroC,chorismate synthase,0.9434936602066548,-0.06958259856010385
PAMr_nr_mas_06_3_C11,PA14_54630,PA0746,NA,probable acyl-CoA dehydrogenase,0.12321132394800804,-0.24201151521289596
PAMr_nr_mas_06_3_C12,PA14_26010,PA2940,NA,acyl-CoA thiolase,0.19334248701667636,0.26590552026556263
PAMr_nr_mas_06_3_D01,PA14_00480,PA0039,NA,conserved hypothetical protein,0.9414585109503194,-0.2801238172517975
PAMr_nr_mas_06_3_D02,PA14_59130,NA,NA,conserved hypothetical protein,-0.14662803060356552,0.12790506652981
PAMr_nr_mas_06_3_D03,PA14_70470,PA5338,spoT,"guanosine-3',5'-bis(diphosphate) 3'-pyrophosphohydrolase",-0.8409415819816012,-0.5449742266651362
PAMr_nr_mas_06_3_D04,PA14_56360,PA4335,NA,conserved hypothetical protein,0.2158486038939877,-1.461555374573107
PAMr_nr_mas_06_3_D05,PA14_29930,PA2643,nuoH,NADH dehydrogenase I chain H,-1.332747952819549,-1.255888196607412
PAMr_nr_mas_06_3_D06,PA14_37360,PA2099,NA,putative short-chain dehydrogenase,-0.5028490578414577,-0.4000397744099377
PAMr_nr_mas_06_3_D07,PA14_09460,PA4212,phzC1,phenazine biosynthesis protein PhzC,-0.14662803060356552,0.5890964263045586
PAMr_nr_mas_06_3_D08,PA14_33370,PA2422,NA,hypothetical protein,-1.0098868205632485,0.21308891890867748
PAMr_nr_mas_06_3_D09,PA14_63450,NA,NA,Hypothetical protein,0.20784718957912138,0.34769748968197817
PAMr_nr_mas_06_3_D10,PA14_44370,PA1554,ccoN,cytochrome oxidase subunit (cbb3-type),-1.9254960621578185,-0.9850090849058707
PAMr_nr_mas_06_3_D11,PA14_21130,PA3317,NA,putative outer membrane lipoprotein,-0.4796247718042391,0.09753644251097021
PAMr_nr_mas_06_3_D12,PA14_58530,PA4510,NA,putative allophanate hydrolase subunit 1,0.590378328543617,1.060395956673095
PAMr_nr_mas_06_3_E01,PA14_30080,PA2632,NA,conserved hypothetical protein,0.5713361542655645,1.1899098292198365
PAMr_nr_mas_06_3_E02,PA14_03920,PA0300,spuD,polyamine transport protein,-0.8981929789981659,0.3087248086981249
PAMr_nr_mas_06_3_E03,NA,NA,NA,NA,-0.6582332488053002,-0.6415240435971576
PAMr_nr_mas_06_3_E04,PA14_64840,PA4907,NA,putative oxidoreductase,-0.03686167253620659,0.12297642661670806
PAMr_nr_mas_06_3_E05,PA14_27470,PA2831,NA,putative zinc carboxypeptidase,0.03624443127428407,0.049107606755766385
PAMr_nr_mas_06_3_E06,NA,NA,NA,NA,-0.42562573046544683,-0.43049048555543834
PAMr_nr_mas_06_3_E07,NA,PA0078,NA,NA,0.1694129990385598,0.319506776805399
PAMr_nr_mas_06_3_E08,PA14_14140,PA3855,NA,conserved hypothetical protein,-0.4564860150485766,0.507185955257245
PAMr_nr_mas_06_3_E09,NA,NA,NA,NA,0.28684173404915086,-0.31134888032287616
PAMr_nr_mas_06_3_E10,NA,NA,NA,NA,0.047792474422215105,-0.36442262078767546
PAMr_nr_mas_06_3_E11,PA14_42450,PA1708,popB,translocator protein PopB,0.10909066293841707,-0.0662853160910698
PAMr_nr_mas_06_3_E12,PA14_10910,PA4096,NA,putative major facilitator family transporter,0.46482799415650544,0.21065613789877088
PAMr_nr_mas_06_3_F01,PA14_63110,PA4773,NA,putative S-adenosylmethionine decarboxylase proenzyme,0.9390833366817887,1.1553346670322355
PAMr_nr_mas_06_3_F02,PA14_13490,PA3897,NA,putative membrane protein,0.32381786293141956,0.9810366464238224
PAMr_nr_mas_06_3_F03,PA14_46140,PA1416,NA,putative oxidoreductase,-0.21700907570260883,0.3300324205448637
PAMr_nr_mas_06_3_F04,PA14_08520,PA0666,NA,putative chaperone,2.2979509118512813,1.5732380171019238
PAMr_nr_mas_06_3_F05,PA14_21320,PA3301,NA,putative lysophospholipase,1.4040381349552742,1.5081781295677514
PAMr_nr_mas_06_3_F06,PA14_11910,PA4015,NA,NA,0.8970301338211679,0.37814392096881577
PAMr_nr_mas_06_3_F07,PA14_54390,PA0766,mucD,serine protease MucD precursor,-0.03785276244861798,0.4932031838833027
PAMr_nr_mas_06_3_F08,PA14_24940,PA3026,NA,putative oxidase,-0.3086435589417981,0.26880081922444404
PAMr_nr_mas_06_3_F09,PA14_41840,PA1756,cysH,3'-phosphoadenosine-5'-phosphosulfate reductase,-0.05373149966117453,-0.1435617537530496
PAMr_nr_mas_06_3_F10,PA14_47730,PA1275,cobD,cobalamin biosynthetic protein CobD,0.03663623811443758,0.5660590276740955
PAMr_nr_mas_06_3_F11,PA14_63250,PA4785,NA,putative acyl-CoA thiolase,-0.5131035550296719,0.2152776679476048
PAMr_nr_mas_06_3_F12,PA14_65640,PA4966,NA,conserved hypothetical protein,0.6154402464427955,0.6001263466808257
PAMr_nr_mas_06_3_G01,PA14_67470,PA5109,NA,conserved hypothetical protein,0.40248559068037804,0.2572121201836161
PAMr_nr_mas_06_3_G02,PA14_51510,PA0988,NA,hypothetical protein,0.4547553898927808,0.5927750813265559
PAMr_nr_mas_06_3_G03,PA14_14060,PA3860,NA,putative long-chain-fatty-acid-CoA ligase,0.7197978244367356,0.5727480198142944
PAMr_nr_mas_06_3_G04,PA14_33900,PA2378,NA,putative aldehyde dehydrogenase,1.2892200458126397,-0.056656385497077306
PAMr_nr_mas_06_3_G05,PA14_20690,PA3354,NA,conserved hypothetical protein,1.895943511698456,1.1682157588040094
PAMr_nr_mas_06_3_G06,PA14_07930,PA0608,NA,putative phosphoglycolate phosphatase,-0.22108975031943603,0.3465053677842665
PAMr_nr_mas_06_3_G07,PA14_60250,PA4546,pilS,kinase sensor protein of two component regulatory,0.8474661698260144,2.2946800126275977
PAMr_nr_mas_06_3_G08,PA14_49250,PA1174,napA,periplasmic nitrate reductase protein NapA,0.3056385364569898,0.30728590307973974
PAMr_nr_mas_06_3_G09,PA14_33600,PA2403,NA,putative iron-regulated membrane protein,1.0702308606371587,1.7279422378268794
PAMr_nr_mas_06_3_G10,PA14_21640,PA3277,NA,"putative oxidoreductase, short chain dehydrogenase/reductase",0.28156853652042796,-0.2699219259697167
PAMr_nr_mas_06_3_G11,PA14_08000,PA0615,NA,conserved hypothetical protein,0.8479826881097919,0.9988014168703472
PAMr_nr_mas_06_3_G12,PA14_30650,PA2586,gacA,response regulator GacA,1.3094092865170008,1.0152244359731386
PAMr_nr_mas_06_3_H01,PA14_61080,PA4616,NA,putative C4-dicarboxylate-binding protein,1.8115926964654998,2.824842110855131
PAMr_nr_mas_06_3_H02,PA14_48700,PA1207,kefB,glutathione-regulated potassium-efflux system protein KefB,1.0599191104819663,1.497541038344878
PAMr_nr_mas_06_3_H03,PA14_55080,NA,NA,hypothetical protein,0.9573828982967557,1.2919577675931333
PAMr_nr_mas_06_3_H04,PA14_12490,PA3970,NA,AMP nucleosidase,1.3406863896705559,0.2567288231142546
PAMr_nr_mas_06_3_H05,PA14_17550,PA3615,NA,putative lysine decarboxylase,0.85022044346082,0.7757488591528667
PAMr_nr_mas_06_3_H06,PA14_24780,PA3039,NA,putative ammonium transporter,1.090141137634569,8.288238222413459e-4
PAMr_nr_mas_06_3_H07,PA14_31580,PA2550,NA,putative acyl-CoA dehydrogenase,0.5261954703490651,-0.16977711741106324
PAMr_nr_mas_06_3_H08,NA,NA,NA,NA,0.6428933822169567,0.29095670479308444
PAMr_nr_mas_06_3_H09,PA14_25480,PA2984,NA,putative competence protein,0.9715791336414914,2.1693785107692793
PAMr_nr_mas_06_3_H10,PA14_05200,PA0397,NA,putative cation efflux system protein,0.7262958903401663,1.3295459719002736
PAMr_nr_mas_06_3_H11,PA14_41420,PA1791,NA,conserved hypothetical protein,0.6725290423436843,0.9134489184361761
PAMr_nr_mas_06_3_H12,PA14_57260,PA4406,lpxC,UDP-3-O-acyl-N-acetylglucosamine deacetylase,0.6571075492129708,0.2283951905493324
PAMr_nr_mas_06_4_A01,PA14_49870,NA,NA,probable peptide deformylase,1.3621390947489156,1.1627284807348492
PAMr_nr_mas_06_4_A02,PA14_26420,PA2911,NA,putative TonB-dependent receptor,1.0089440767675268,1.4219961075305434
PAMr_nr_mas_06_4_A03,PA14_70980,PA5375,betT1,choline/carnitine/betaine transporter family protein,0.5724155554684971,0.8844616780737888
PAMr_nr_mas_06_4_A04,PA14_34050,PA2366,NA,conserved hypothetical protein,0.8110307828761144,1.1536435079260585
PAMr_nr_mas_06_4_A05,PA14_43200,PA1647,NA,putative sulfate transporter,0.1684539212502653,0.28927349984056705
PAMr_nr_mas_06_4_A06,PA14_63850,PA4829,lpd3,dihydrolipoamide dehydrogenase 3,1.2949950231518335,-0.1471538825904501
PAMr_nr_mas_06_4_A07,PA14_47800,PA1271,NA,putative tonB-dependent receptor,0.4179910106443413,0.5572840361522121
PAMr_nr_mas_06_4_A08,PA14_10850,PA4100,NA,putative dehydrogenase,0.35908905492753923,0.8207787445850846
PAMr_nr_mas_06_4_A09,PA14_48710,PA1206,NA,conserved hypothetical protein,0.54609733838848,-0.43263257544051537
PAMr_nr_mas_06_4_A10,PA14_31690,PA2542,NA,conserved hypothetical protein,-0.02775097313738027,-0.3102969349540011
PAMr_nr_mas_06_4_A11,PA14_40110,PA1887,NA,hypothetical protein,-0.3810830388538928,0.6196141267808868
PAMr_nr_mas_06_4_A12,PA14_26980,PA2869,NA,conserved hypothetical protein,-0.947258775621194,0.14045673707916762
PAMr_nr_mas_06_4_B01,PA14_55060,PA0987,NA,conserved hypothetical protein,0.001669396405930003,1.0717484920586386
PAMr_nr_mas_06_4_B02,PA14_73100,PA5543,NA,conserved hypothetical protein,0.6864997517447798,0.563289217236223
PAMr_nr_mas_06_4_B03,PA14_58260,PA4490,NA,conserved hypothetical protein,1.535496208571249,0.7259095111268632
PAMr_nr_mas_06_4_B04,PA14_26130,PA2932,morB,morphinone reductase,1.6975846092049764,0.7204992334638666
PAMr_nr_mas_06_4_B05,PA14_58010,PA4469,NA,conserved hypothetical protein,1.5070368357646875,0.31160169459362963
PAMr_nr_mas_06_4_B06,PA14_27960,PA2796,tal,transaldolase,0.7780398889903821,0.021133220104028936
PAMr_nr_mas_06_4_B07,NA,NA,NA,NA,1.0467553767486981,-0.5706217621289101
PAMr_nr_mas_06_4_B09,PA14_69370,PA5253,algP,alginate regulatory protein AlgP,1.3562667473430428,-0.531915325674093
PAMr_nr_mas_06_4_B10,PA14_49680,PA1138,NA,probable transcriptional regulator,0.9161336783055971,0.05135049432087377
PAMr_nr_mas_06_4_B11,PA14_38050,PA2046,NA,conserved hypothetical protein,-0.6350825157306451,-0.4008393410513591
PAMr_nr_mas_06_4_B12,PA14_22770,PA3203,NA,conserved hypothetical protein,0.19467984737952934,1.6453403704926783
PAMr_nr_mas_06_4_C01,PA14_71100,PA5383,NA,putative membrane protein,0.9837218576743616,1.8969731696639998
PAMr_nr_mas_06_4_C02,PA14_47160,PA1320,cyoD,cytochrome o ubiquinol oxidase subunit IV,1.1422716834450495,1.569860868318143
PAMr_nr_mas_06_4_C03,PA14_59140,NA,NA,conserved hypothetical protein,0.5242018119199393,0.9996667891320558
PAMr_nr_mas_06_4_C04,NA,NA,NA,NA,2.070540802622802,1.2987888577780315
PAMr_nr_mas_06_4_C05,PA14_34230,PA2353,NA,putative ATPase,2.261074552310169,0.07448320587716149
PAMr_nr_mas_06_4_C06,PA14_26940,PA2872,NA,conserved hypothetical protein,2.286458840778471,1.1303467444466737
PAMr_nr_mas_06_4_C07,PA14_53730,PA0815,NA,probable transcriptional regulator,1.109988520106887,0.46046295543580495
PAMr_nr_mas_06_4_C08,PA14_61090,PA4617,NA,putative nucleotide methyltransferase,1.2282601354759946,0.35055771841583394
PAMr_nr_mas_06_4_C09,PA14_32540,PA2481,NA,hypothetical protein,0.6845563236982539,0.040877265640869916
PAMr_nr_mas_06_4_C10,PA14_32580,PA2479,NA,probable two-component response regulator,0.2979386477632336,0.7423390098539967
PAMr_nr_mas_06_4_C11,PA14_72620,PA5503,NA,putative ATP-binding component of ABC transporter,0.7576379256843095,1.6979872684568926
PAMr_nr_mas_06_4_C12,PA14_03800,PA0291,oprE,anaerobically-induced outer membrane porin OprE precursor,0.42167714421247354,0.6670645208033421
PAMr_nr_mas_06_4_D01,PA14_27780,PA2811,NA,"putative ABC transporter, permease protein",0.7101261003710736,0.8238884586700859
PAMr_nr_mas_06_4_D02,PA14_01440,PA0118,NA,putative 2-hydroxychromene-2-carboxylate isomerase,-0.5439678487279017,1.5179974426101082
PAMr_nr_mas_06_4_D03,PA14_01350,PA0111,NA,conserved hypothetical protein,0.34418361056859853,1.22326163344452
PAMr_nr_mas_06_4_D04,PA14_64870,PA4910,NA,"putative branched-chain amino acid ABC transporter, ATP-binding protein",0.5173097567720355,0.7674679658584581
PAMr_nr_mas_06_4_D05,PA14_30570,PA2592,NA,putative periplasmic spermidine/putrescine-binding protein,1.7485104369108218,1.2633158027285918
PAMr_nr_mas_06_4_D06,PA14_41010,PA1819,NA,putative amino acid permease,1.093784521028444,0.4660869235035314
PAMr_nr_mas_06_4_D07,PA14_43490,PA1626,NA,putative cyanate MFS transporter,1.2073202515030015,-0.9852998736865649
PAMr_nr_mas_06_4_D08,PA14_67930,PA5143,hisB,imidazoleglycerol-phosphate dehydratase,1.3215556312299988,0.4567110229903876
PAMr_nr_mas_06_4_D09,PA14_51880,PA0958,oprD,"Basic amino acid, basic peptide and imipenem outer membrane porin OprD precursor",0.93857425392881,0.5969111590256289
PAMr_nr_mas_06_4_D10,PA14_64060,PA4844,NA,putative chemotaxis transducer,1.050423998295328,1.211114763789604
PAMr_nr_mas_06_4_D11,PA14_60020,NA,NA,Conserved hypothetical protein,0.6215116549739829,0.7256841699629378
PAMr_nr_mas_06_4_D12,PA14_05480,PA0421,NA,putative monoamine oxidase,0.5390484325076698,0.9838561514382134
PAMr_nr_mas_06_4_E01,PA14_21400,PA3297,hrpA,putative ATP-dependent helicase,0.16538388815248425,1.5690659979990875
PAMr_nr_mas_06_4_E02,PA14_56700,PA4360,NA,conserved hypothetical protein,0.13845691676024902,0.9992341169516119
PAMr_nr_mas_06_4_E03,PA14_42520,PA1701,NA,conserved hypothetical protein,0.03800736967745949,1.015008604373778
PAMr_nr_mas_06_4_E04,PA14_24240,PA3086,NA,hypothetical,1.2855276960879012,1.0089624993074524
PAMr_nr_mas_06_4_E05,PA14_71840,PA5441,NA,conserved hypothetical protein,0.5953987159355066,1.0753858067096995
PAMr_nr_mas_06_4_E06,PA14_36300,PA2196,NA,"putative transcriptional regulator, TetR family",0.08153183525211352,0.9988014168703472
PAMr_nr_mas_06_4_E07,PA14_71250,PA5397,NA,conserved hypothetical protein,-0.10321216543798739,-1.1026378845429168
PAMr_nr_mas_06_4_E08,PA14_64440,PA4872,NA,carboxyphosphonoenolpyruvate phosphonomutase,1.2797440063698824,0.04237444236226528
PAMr_nr_mas_06_4_E09,PA14_34050,PA2366,NA,conserved hypothetical protein,0.9970181791725816,0.7189204137541848
PAMr_nr_mas_06_4_E10,PA14_35830,NA,tnpT,Cointegrate resolution protein T,1.0487567085905354,1.2416494783117609
PAMr_nr_mas_06_4_E11,NA,NA,NA,NA,0.1811019751805029,0.12790506652981
PAMr_nr_mas_06_4_E12,PA14_37340,PA2108,NA,glyoxylate carboligase,-0.0020745398277467373,-0.11463832755846091
PAMr_nr_mas_06_4_F01,PA14_07010,PA0539,NA,putative membrane protein,0.6309642240757883,1.4977418943355598
PAMr_nr_mas_06_4_F02,PA14_40050,PA1892,NA,hypothetical protein,-0.24829385977527857,1.8355648397863429
PAMr_nr_mas_06_4_F03,PA14_25920,PA2948,cobM,precorrin-3 methylase,0.3084532129058727,0.9855906427743787
PAMr_nr_mas_06_4_F04,PA14_72750,PA5513,NA,putative hydrolase,0.1220519179191922,0.9484179064861917
PAMr_nr_mas_06_4_F05,PA14_66050,PA4995,NA,putative acyl-CoA dehydrogenase,0.06536735157851724,1.2724613063080898
PAMr_nr_mas_06_4_F06,PA14_45580,PA1459,NA,putative chemotaxis methylesterase,-0.5259452569112057,0.3836001521893306
PAMr_nr_mas_06_4_F07,PA14_28070,PA2786,NA,conserved hypothetical protein,0.9946639195081393,-0.4280814515398113
PAMr_nr_mas_06_4_F08,PA14_40290,PA1871,lasA,staphylolytic protease preproenzyme LasA,0.6234746787591214,0.9773478128988697
PAMr_nr_mas_06_4_F09,PA14_67640,PA5122,NA,conserved hypothetical protein,0.5138608920734606,0.8216673813905172
PAMr_nr_mas_06_4_F10,PA14_30050,PA2634,NA,putative isocitrate lyase,0.5104101331884526,1.0520299203977168
PAMr_nr_mas_06_4_F11,PA14_51150,PA1019,mucK,"cis,cis-muconate transporter MucK",-0.19928891612173544,0.7650041066439964
PAMr_nr_mas_06_4_F12,PA14_49610,PA1144,NA,probable MFS transporter,-1.463451378921137,0.4261485517524964
PAMr_nr_mas_06_4_G01,NA,NA,NA,NA,0.5374206382535621,3.2929969300593602
PAMr_nr_mas_06_4_G02,PA14_42080,PA1737,NA,putative 3-hydroxyacyl-CoA dehydrogenase,-0.93810119567812,2.3495682704211625
PAMr_nr_mas_06_4_G03,PA14_64910,PA4914,NA,"putative transcriptional regulator, LysR family",-0.3343596562477027,1.3710196824956593
PAMr_nr_mas_06_4_G04,PA14_39750,PA1916,NA,putative amino acid permease,-0.4446312672172079,1.6557459058944102
PAMr_nr_mas_06_4_G05,PA14_26260,PA2922,NA,putative hydrolase,-0.03131445625776617,0.8049858262156044
PAMr_nr_mas_06_4_G06,PA14_47550,PA1287,NA,putative glutathione peroxidase,0.17612244749642433,0.4763853051808181
PAMr_nr_mas_06_4_G07,PA14_56030,PA4311,NA,putative glycosyl transferase,0.809471958582306,-0.3525039161655416
PAMr_nr_mas_06_4_G08,PA14_42860,PA1673,NA,putative hemerythrin,0.7129412287235927,1.2138392505797213
PAMr_nr_mas_06_4_G09,PA14_72430,PA5488,NA,putative hydrolase,0.7111819213207612,0.06852110425978396
PAMr_nr_mas_06_4_G10,PA14_36730,PA2152,NA,putative trehalose synthase,0.4894834129240972,0.9975031491855361
PAMr_nr_mas_06_4_G11,PA14_67630,PA5121,NA,putative small-conductance mechanosensitive channel,-0.5276594686363709,1.3173838349064035
PAMr_nr_mas_06_4_G12,PA14_25470,PA2985,NA,conserved hypothetical protein,1.3936290016913726,0.9431841617882248
PAMr_nr_mas_06_4_H01,PA14_51070,PA1025,NA,probable porin,0.4179910106443413,1.2125819325957117
PAMr_nr_mas_06_4_H02,PA14_59150,NA,ssb,Single-stranded DNA-binding protein,0.1711389702170578,0.6958725111167648
PAMr_nr_mas_06_4_H03,PA14_69260,PA5245,NA,putative enhancing lycopene biosynthesis protein 2,-0.724441474420216,0.7949569506798072
PAMr_nr_mas_06_4_H04,PA14_28350,PA2764,NA,conserved hypothetical protein,0.692326431701489,1.0815860906899424
PAMr_nr_mas_06_4_H05,PA14_60190,PA4542,clpB,clpB protein,-0.3295817772191861,0.8943577664831633
PAMr_nr_mas_06_4_H06,PA14_29130,PA2707,NA,"putative ATPase, AAA family",0.029972196669056067,0.5992078788276315
PAMr_nr_mas_06_4_H07,PA14_19710,PA3429,NA,"putative hydrolase, alpha/beta fold family",-0.06865435004583162,0.2104128112797735
PAMr_nr_mas_06_4_H08,PA14_50060,PA1107,NA,hypothetical protein,-1.0785238146287528,0.04835981093693975
PAMr_nr_mas_06_4_H09,PA14_26500,PA2905,cobH,precorrin isomerase CobH,0.11238187185935815,-0.06958259856010385
PAMr_nr_mas_06_4_H10,PA14_17530,PA3617,recA,RecA protein,-0.2908698144534876,0.9884082353028655
PAMr_nr_mas_06_4_H11,PA14_31890,PA2527,NA,putative RND efflux transporter,-0.7437087657510933,1.2664349886043698
PAMr_nr_mas_06_4_H12,PA14_37140,PA2121,NA,"putative transcriptional regulator, LysR family",-0.47154837022894935,0.7985244906099283
PAMr_nr_mas_07_1_A01,PA14_09210,PA4231,pchA,salicylate biosynthesis isochorismate synthase,0.5880460700948094,1.0704642630579648
PAMr_nr_mas_07_1_A02,PA14_23210,PA3172,NA,putative phosphoglycolate phosphatase,2.0880899478610577,1.0007483475406127
PAMr_nr_mas_07_1_A03,PA14_54980,NA,NA,probable ABC-type transporter protein,0.7924730133200496,0.8882019159080989
PAMr_nr_mas_07_1_A05,PA14_41520,PA1782,NA,putative serine/threonine-protein kinase,0.4838303498343315,1.3611877373810486
PAMr_nr_mas_07_1_A06,PA14_61880,PA4678,rimI,peptide n-acetyltransferase RimI,0.8150126887777797,0.27892453884493895
PAMr_nr_mas_07_1_A07,PA14_68280,PA5168,NA,probable dicarboxylate transporter,0.025460157346480394,1.3256317574100724
PAMr_nr_mas_07_1_A08,PA14_03270,NA,NA,Hypothetical protein,0.6567525866701918,1.1050524659729817
PAMr_nr_mas_07_1_A09,PA14_32840,NA,NA,hypothetical protein,0.24149863742259814,1.1875963291706555
PAMr_nr_mas_07_1_A10,PA14_01500,PA0123,NA,putative transcriptional regulator,0.031736895617411956,0.8998492935169106
PAMr_nr_mas_07_1_A11,PA14_51000,PA1031,NA,conserved hypothetical protein,2.0291634035027726,1.9230391649503313
PAMr_nr_mas_07_1_A12,PA14_07140,PA0549,NA,hypothetical protein,-0.7379445318727769,1.1764382713818509
PAMr_nr_mas_07_1_B01,PA14_67520,PA5113,NA,conserved hypothetical protein,1.2071576539204347,0.9303004930247892
PAMr_nr_mas_07_1_B02,PA14_54810,PA0732,NA,hypothetical protein,1.0952743873327069,0.891500395307965
PAMr_nr_mas_07_1_B03,PA14_09350,PA4220,NA,conserved hypothetical protein,1.3702244254338447,1.8231389085984195
PAMr_nr_mas_07_1_B04,PA14_59480,NA,NA,Conserved hypothetical protein,1.4235481748312582,0.7310902703658774
PAMr_nr_mas_07_1_B05,PA14_57540,PA4429,NA,putative cytochrome c1 precursor,-1.7364257751954222,-0.3477423557219371
PAMr_nr_mas_07_1_B06,PA14_27460,PA2832,tpm,thiopurine methyltransferase,0.8372993380829508,1.3849236568322378
PAMr_nr_mas_07_1_B07,PA14_39420,PA1942,NA,hypothetical protein,1.2089459959389823,1.2171909472068543
PAMr_nr_mas_07_1_B08,PA14_63160,PA4777,pmrB,two-component sensor,0.7013206857971968,0.9265836541478473
PAMr_nr_mas_07_1_B09,PA14_26890,PA2876,pyrF,orotidine-5'-phosphate decarboxylase,0.3923124634518373,4.194037376237847
PAMr_nr_mas_07_1_B10,PA14_45790,PA1444,fliN,flagellar motor switch protein FliN,-0.2462443378081714,-0.15100472717706157
PAMr_nr_mas_07_1_B11,PA14_32390,PA2494,mexF,RND multidrug efflux transporter MexF,-0.32895884338322107,1.3898240713820396
PAMr_nr_mas_07_1_B12,PA14_02070,PA0166,NA,putative xanthine/uracil permease,-0.829014011811264,2.3238675457795908
PAMr_nr_mas_07_1_C01,PA14_60760,PA4591,NA,conserved hypothetical protein,1.0277108619952446,0.39710302521979324
PAMr_nr_mas_07_1_C02,PA14_46920,PA1341,NA,putative permease of ABC transporter,0.39323797415315026,0.6097626764959057
PAMr_nr_mas_07_1_C03,PA14_00790,PA0067,prlC,oligopeptidase A,-0.7332926620313468,0.19165011431160117
PAMr_nr_mas_07_1_C04,NA,NA,NA,NA,0.6942674581967416,0.853359085934366
PAMr_nr_mas_07_1_C05,PA14_39250,PA1953,NA,putative double-glycine peptidase,1.423862356973869,0.8998492935169106
PAMr_nr_mas_07_1_C06,PA14_56300,PA4333,NA,putative fumarase,0.7590350437347413,1.0354816717633644
PAMr_nr_mas_07_1_C07,PA14_65430,PA4953,motB,chemotaxis protein MotB,-0.41867141296129506,0.3752954294128037
PAMr_nr_mas_07_1_C08,PA14_04610,PA0352,NA,putative xanthine/uracil permease family protein,1.891278844796494,1.7610479903734195
PAMr_nr_mas_07_1_C09,PA14_65580,PA4962,NA,putative membrane-bound metal-dependent hydrolase,-1.4104486560476432,1.2680979617251522
PAMr_nr_mas_07_1_C10,PA14_27020,PA2866,mttC,secretion protein MttC,0.696560625770706,1.630587928180613
PAMr_nr_mas_07_1_C11,PA14_15770,PA3762,NA,conserved hypothetical protein,0.4367677225663207,0.8405231454283055
PAMr_nr_mas_07_1_D01,PA14_49900,PA1119,NA,probable outer membrane protein precursor,0.6526690754086201,1.0481651520474315
PAMr_nr_mas_07_1_D02,PA14_03880,PA0298,spuB,glutamine synthetase,0.7308580816388168,0.6872657568379953
PAMr_nr_mas_07_1_D03,PA14_26070,PA2936,NA,putative cytochrome b561,0.9671884874204245,1.8093478855725593
PAMr_nr_mas_07_1_D04,PA14_72390,PA5484,NA,putative two-component sensor,0.5325347236011607,0.8434023023205398
PAMr_nr_mas_07_1_D05,PA14_69710,PA5280,sss,site-specific recombinase,1.021517318593,0.3137585498621959
PAMr_nr_mas_07_1_D06,PA14_73190,PA5550,glmR,GlmR transcriptional regulator,-0.7012662590240196,1.2316259917939563
PAMr_nr_mas_07_1_D07,PA14_50050,PA1108,NA,probable MFS transporter,0.3798974488510823,0.47474798314895666
PAMr_nr_mas_07_1_D08,PA14_01100,PA0090,NA,putative ClpA/B-type chaperone,1.6178246915707664,1.5463725207524577
PAMr_nr_mas_07_1_D09,PA14_05840,PA0447,gcdH,glutaryl-CoA dehydrogenase,-0.08361272824049099,0.36793122455106386
PAMr_nr_mas_07_1_D10,PA14_59250,NA,pilN2,Type IV B pilus protein,0.5846358266137249,1.2687214704067225
PAMr_nr_mas_07_1_D11,PA14_05060,PA0388,NA,conserved hypothetical protein,-0.03864574695560214,2.0896760977602913
PAMr_nr_mas_07_1_D12,PA14_31460,PA2558,NA,putative transport protein,-0.2663585396103463,1.7550584712165176
PAMr_nr_mas_07_1_E01,PA14_27310,PA2844,NA,conserved hypothetical protein,0.7874338819987795,0.37933043565865837
PAMr_nr_mas_07_1_E02,PA14_09320,PA4222,NA,putative ATP-binding component of ABC transporter,0.4231509923277615,1.9744951962101294
PAMr_nr_mas_07_1_E03,PA14_45450,PA1468,NA,hypothetical protein,0.9621185416237706,0.8214452332218513
PAMr_nr_mas_07_1_E04,PA14_57880,PA4456,NA,putative toluene tolerance ABC efflux transporter,1.112134894099998,0.6335646741275318
PAMr_nr_mas_07_1_E05,PA14_50360,PA1086,flgK,flagellar hook-associated protein 1 FlgK,1.772482060533211,2.3108912103558805
PAMr_nr_mas_07_1_E06,PA14_20180,PA3394,nosF,"ATP/GTP binding protein NosF""",0.015640183344933126,0.42968210333129125
PAMr_nr_mas_07_1_E07,PA14_13670,PA3884,NA,hypothetical protein,-0.9495502576432616,0.8648463321445174
PAMr_nr_mas_07_1_E08,PA14_26620,PA2894,NA,conserved hypothetical protein,0.3982333775035056,0.6897583212090214
PAMr_nr_mas_07_1_E09,PA14_32790,NA,NA,hypothetical protein,-0.3094714696672909,-0.017774730171840124
PAMr_nr_mas_07_1_E10,PA14_66490,PA5029,NA,"putative transcriptional regulator, LysR family",1.249453489103666,1.4699667768978557
PAMr_nr_mas_07_1_E11,PA14_46810,PA1351,NA,"putative sigma-70 factor, ECF subfamily",-0.1234757649209227,1.1595607009973512
PAMr_nr_mas_07_1_E12,PA14_19640,PA3437,NA,"oxidoreductase, short chain dehydrogenase/reductase",-1.8695282247529668,1.0068018551272668
PAMr_nr_mas_07_1_F01,PA14_70810,PA5366,pstB,"phosphate ABC transporter, ATP-binding protein",-1.6114300424506027,-1.2055166154976922
PAMr_nr_mas_07_1_F02,PA14_37380,PA2097,NA,putative flavin-binding monooxygenase,0.20822844045828665,5.777679244312685e-4
PAMr_nr_mas_07_1_F03,PA14_38770,PA1990,NA,putative dipeptidyl aminopeptidase,0.5413989465950547,1.3881909974771085
PAMr_nr_mas_07_1_F04,PA14_49520,NA,NA,pyocin protein,0.9860802201561525,1.2472811165005013
PAMr_nr_mas_07_1_F05,PA14_00150,PA0014,NA,hypothetical protein,0.8936126659715249,0.9145444622855284
PAMr_nr_mas_07_1_F06,PA14_04020,PA0307,NA,conserved hypothetical protein,0.28477064851015127,0.3783812406918415
PAMr_nr_mas_07_1_F07,PA14_36630,PA2160,NA,putative glycosyl hydrolase,0.4466856638312229,0.5817330605145018
PAMr_nr_mas_07_1_F08,PA14_14390,PA3836,NA,"putative ABC-type transport protein, periplasmic c",0.7742086762907537,0.4294465911080471
PAMr_nr_mas_07_1_F09,PA14_11060,PA4086,cupB1,putative fimbrial subunit CupB1,0.5925304143624552,-0.33902159420990563
PAMr_nr_mas_07_1_F10,PA14_10530,PA4132,NA,"putative transcriptional regulator, GntR family",-0.2415329729059085,0.045866556158502124
PAMr_nr_mas_07_1_F11,PA14_18760,PA3523,NA,putative RND efflux membrane fusion protein precursor,0.9343302927778415,0.1782159941792957
PAMr_nr_mas_07_1_F12,PA14_35590,PA2243,NA,"putative succinate dehydrogenase, flavoprotein subunit",-0.3867384120672141,0.8394154483612292
PAMr_nr_mas_07_1_G01,PA14_05160,PA0394,NA,putative PLP dependent enzyme,0.6331024553955931,1.7162873660199578
PAMr_nr_mas_07_1_G02,PA14_29330,NA,NA,NA,0.8002843624744491,0.7714977850488467
PAMr_nr_mas_07_1_G03,PA14_31650,PA2545,xthA,exodeoxyribonuclease III,0.28401735720011734,0.7288382578235918
PAMr_nr_mas_07_1_G04,PA14_49080,PA1187,NA,probable acyl-CoA dehydrogenase,0.3850887972822511,-0.07034374004967833
PAMr_nr_mas_07_1_G05,PA14_23460,NA,wbpL,putative glycosyltransferase L,1.6826782807737812,1.361597689513878
PAMr_nr_mas_07_1_G06,PA14_31270,NA,NA,conserved hypothetical protein,-0.07124458549332227,0.5062546764648654
PAMr_nr_mas_07_1_G07,PA14_52130,PA0938,NA,hypothetical protein,0.5779895094760084,0.18310424128701644
PAMr_nr_mas_07_1_G08,PA14_05390,PA0413,chpA,ChpA,0.3369043653435396,-0.10774583467660862
PAMr_nr_mas_07_1_G09,PA14_02730,PA0223,NA,putative dihydrodipicolinate synthetase,-0.8770873136963109,-0.16179886383914013
PAMr_nr_mas_07_1_G10,PA14_61430,PA4642,NA,conserved hypothetical protein,0.29962967576070076,-0.10672532647982257
PAMr_nr_mas_07_1_G11,PA14_20010,PA3408,hasR,Haem uptake outer membrane receptor HasR precursor,-0.0756304950097449,0.1630397580563654
PAMr_nr_mas_07_1_G12,PA14_18010,PA3579,NA,putative glycerol kinase,2.187500817895113,0.3826515610574437
PAMr_nr_mas_07_1_H01,PA14_42980,PA1662,NA,putative ClpA/B-type protease,-0.829014011811264,0.6349352936954533
PAMr_nr_mas_07_1_H02,PA14_73160,PA5548,NA,putative permease,-0.004834657943413046,0.7560369844916185
PAMr_nr_mas_07_1_H03,PA14_56000,PA4309,pctA,chemotactic transducer PctA,0.17688878559607182,0.9593084475660888
PAMr_nr_mas_07_1_H04,PA14_53120,PA0862,NA,conserved hypothetical protein,0.6313206464996771,0.5985189454255574
PAMr_nr_mas_07_1_H05,PA14_31580,PA2550,NA,putative acyl-CoA dehydrogenase,-0.06666258763045327,0.05956800726092665
PAMr_nr_mas_07_1_H06,PA14_27200,PA2852,NA,conserved hypothetical protein,-0.2487038444075037,-0.3181905479433729
PAMr_nr_mas_07_1_H07,NA,NA,NA,NA,0.7714208717029604,-0.1200040543515573
PAMr_nr_mas_07_1_H08,PA14_37990,PA2050,NA,"putative sigma-70 factor, ECF subfamily",0.5964739915284284,-0.1340775168270913
PAMr_nr_mas_07_1_H09,PA14_19230,PA3468,NA,putative mechanosensitive ion channel family protein,0.6587046325362172,-0.12614157207022303
PAMr_nr_mas_07_1_H10,PA14_50760,PA1052,NA,Putative glycerate kinase,-0.44907417688024326,-0.2780298567080462
PAMr_nr_mas_07_1_H11,PA14_54390,PA0766,mucD,serine protease MucD precursor,-0.7173694911349535,0.21965302536197448
PAMr_nr_mas_07_1_H12,PA14_67180,NA,NA,conserved hypothetical protein,2.8947106777272245,0.4221416092010507
PAMr_nr_mas_07_2_A01,PA14_73150,PA5547,NA,putative phosphatase,1.8121834135407153,0.4686630010707502
PAMr_nr_mas_07_2_A02,PA14_00440,PA0035,trpA,tryptophan synthase alpha chain,-0.0424137907295609,-0.09347282422616353
PAMr_nr_mas_07_2_A03,PA14_66040,PA4994,NA,putative acyl-CoA dehydrogenase,-0.694440365167678,0.44003646627362836
PAMr_nr_mas_07_2_A04,PA14_39820,PA1910,NA,putative tonB-dependent receptor protein,1.07521434805175,-0.39870737502747305
PAMr_nr_mas_07_2_A05,PA14_56010,PA4310,pctB,chemotactic transducer PctB,0.5504311992167553,0.13799747499996545
PAMr_nr_mas_07_2_A06,PA14_66170,PA5005,NA,putative carbamoyltransferase,-0.2764398394743833,-0.3548859640584996
PAMr_nr_mas_07_2_A07,PA14_43480,PA1627,NA,"putative transcriptional regulator, GntR family",-0.432587753844889,0.42379181651191544
PAMr_nr_mas_07_2_A08,PA14_25760,PA2961,holB,"DNA polymerase III, delta prime subunit",-0.20457936195064505,-1.0287688363700493
PAMr_nr_mas_07_2_A09,PA14_09200,PA4232,ssb,single-stranded DNA-binding protein,0.45805365649014784,0.2593865263297818
PAMr_nr_mas_07_2_A10,PA14_06430,PA0493,NA,putative biotin-requiring enzyme,0.5180355923814061,-0.3572688578658662
PAMr_nr_mas_07_2_A11,PA14_47430,PA1297,NA,putative metal transporter,0.31014141373047355,0.23276200574174866
PAMr_nr_mas_07_2_A12,PA14_52770,PA0890,aotM,arginine/ornithine transport protein AotM,1.9136958514311229,-0.8141864419854978
PAMr_nr_mas_07_2_B01,PA14_27140,PA2858,NA,"putative ABC transporter, permease protein",1.6642600887345733,0.2801287267971257
PAMr_nr_mas_07_2_B02,PA14_61560,PA4654,NA,putative MFS transporter,0.12475686592410799,1.0037757839797317
PAMr_nr_mas_07_2_B03,PA14_60540,PA4575,NA,conserved hypothetical protein,0.7581618813604418,-0.29637420539406856
PAMr_nr_mas_07_2_B04,PA14_40420,PA1861,modC,molybdenum transport protein ModC,1.2821545241384387,0.18994181019602263
PAMr_nr_mas_07_2_B05,PA14_52230,PA0931,NA,siderophore receptor protein,0.6361303713242346,0.028887810679791952
PAMr_nr_mas_07_2_B06,PA14_64180,PA4852,NA,putative tRNA-dihydrouridine synthase,-0.5512774301356433,-1.3842682130200885
PAMr_nr_mas_07_2_B07,PA14_50010,PA1112,NA,putative dehydrogenase,-0.5422491823733003,-0.8212770195077385
PAMr_nr_mas_07_2_B08,PA14_34770,PA2309,NA,"putative ABC transporter, periplasmic binding protein",0.3631818605294806,0.2702480003604576
PAMr_nr_mas_07_2_B09,PA14_12090,PA4000,NA,"possible lipoprotein, rlpA family",0.05052957509136137,-0.2777681575793676
PAMr_nr_mas_07_2_B10,PA14_30800,PA2575,NA,putative nitroreductase,0.9450195896583972,0.06553806571563317
PAMr_nr_mas_07_2_B11,PA14_45880,PA1437,NA,putative two-component response regulator,0.6638480300969726,-0.5262100385045305
PAMr_nr_mas_07_2_B12,PA14_06480,PA0496,NA,putative hydrolase,1.2768501637670935,-1.4881436760644173
PAMr_nr_mas_07_2_C01,PA14_20110,PA3400,NA,"putative ABC-type multidrug transport system, permease component",1.805091140479478,1.2809720484067366
PAMr_nr_mas_07_2_C02,PA14_21410,PA3296,phoA,alkaline phosphatase,1.0946122681459893,0.2035960810576255
PAMr_nr_mas_07_2_C03,PA14_23100,PA3180,NA,"putative 7,8-dihydro-8-oxoguanine-triphosphatase",-0.41909266770410375,-0.06324310816167136
PAMr_nr_mas_07_2_C04,PA14_21700,PA3271,NA,putative sensory box histidine kinase/response regulator,-0.9348991933950843,-0.16154165869093823
PAMr_nr_mas_07_2_C05,PA14_15070,PA3790,oprC,outer membrane copper receptor OprC,0.28514726029991266,0.07125439177144559
PAMr_nr_mas_07_2_C06,PA14_33700,PA2396,pvdF,pyoverdine synthetase F,-0.06148695838448046,-0.23602721036350122
PAMr_nr_mas_07_2_C07,NA,NA,NA,NA,-1.2085283762704047,-0.9032181589426133
PAMr_nr_mas_07_2_C08,PA14_65740,PA4973,thiC,thiamin biosynthesis protein ThiC,-0.31962223960452085,0.14463541518685388
PAMr_nr_mas_07_2_C09,PA14_17920,PA3585,glpM,membrane protein GlpM,-0.1500577889378512,-0.027347987560807925
PAMr_nr_mas_07_2_C10,PA14_03220,PA0262,PA0262,Hypothetical protein,0.44815365787683953,-0.6686534777139521
PAMr_nr_mas_07_2_C11,NA,NA,NA,NA,-1.1146547667339022,-1.2844082735338773
PAMr_nr_mas_07_2_C12,PA14_33810,PA2386,pvdA,L-ornithine N5-oxygenase,-0.5698044192451204,-1.1941074370675746
PAMr_nr_mas_07_2_D01,PA14_46580,NA,NA,NA,-0.5058382244052414,0.8994101367048152
PAMr_nr_mas_07_2_D02,PA14_52780,PA0889,aotQ,arginine/ornithine transport protein AotQ,1.030387261273929,0.43980131719586685
PAMr_nr_mas_07_2_D03,PA14_39140,PA1963,NA,hypothetical protein,-0.5285167499157325,0.12001750406494964
PAMr_nr_mas_07_2_D04,PA14_57110,PA4394,NA,putative mechanosensitive ion channel family protein,-0.13111664500280343,-0.4721156949299662
PAMr_nr_mas_07_2_D05,PA14_05960,PA0456,NA,putative major cold shock protein,1.356743088139069,1.2069210843880673
PAMr_nr_mas_07_2_D06,PA14_40130,PA1885,NA,putative acetyltransferase,1.604864830844973,0.1630397580563654
PAMr_nr_mas_07_2_D07,PA14_38330,PA2025,gor,glutathione reductase,0.49003021371523847,-1.5501740566687017
PAMr_nr_mas_07_2_D08,PA14_16180,PA3729,NA,conserved hypothetical protein,0.3247535175751706,-0.40057280825126085
PAMr_nr_mas_07_2_D09,PA14_20580,PA3364,amiC,aliphatic amidase expression-regulating protein,-0.12066304454607585,-0.09729297605607697
PAMr_nr_mas_07_2_D10,PA14_29520,PA2674,NA,type II secretion system protein,1.6911144872646413,-0.6803140397669062
PAMr_nr_mas_07_2_D11,PA14_13430,PA3901,fecA,Fe(III) dicitrate transport protein FecA,1.4786036937515816,-0.7926769826540988
PAMr_nr_mas_07_2_D12,PA14_01790,PA0145,NA,putative nucleoside 2-deoxyribosyltransferase,-0.9002392302739254,-0.6933868344623074
PAMr_nr_mas_07_2_E01,PA14_01400,PA0115,NA,putative acyltransferase,-0.692680047306009,-0.18911867226590884
PAMr_nr_mas_07_2_E02,PA14_69300,PA5248,NA,putative iron permease protein,-0.5585955253258437,0.09976320341606128
PAMr_nr_mas_07_2_E03,PA14_23840,PA3114,truA,tRNA-pseudouridine synthase I,-1.3451840168341886,-0.5681618990202887
PAMr_nr_mas_07_2_E04,PA14_06250,PA0478,NA,"putative acetyltransferase, GNAT family",-0.6499241172785082,-0.3787530676595284
PAMr_nr_mas_07_2_E05,PA14_56260,PA4331,NA,putative ferredoxin reductase,-0.3078157572954504,-0.4737321961442458
PAMr_nr_mas_07_2_E06,PA14_67130,PA5082,NA,putative binding protein component of ABC transporter,-0.17736077738086403,0.276515514439072
PAMr_nr_mas_07_2_E07,PA14_05180,PA0395,pilT,twitching motility protein PilT,-0.3485068471617172,0.6093041173138791
PAMr_nr_mas_07_2_E08,PA14_72200,PA5470,NA,putative peptide chain release factor,-0.6007323855730928,-0.08889151100222367
PAMr_nr_mas_07_2_E09,PA14_07770,PA0595,ostA,organic solvent tolerance protein OstA precursor,-0.24419548417797668,-0.09627405622905555
PAMr_nr_mas_07_2_E10,PA14_23330,PA3162,rpsA,30S ribosomal protein S1,0.9071008474705646,-0.2443546532882792
PAMr_nr_mas_07_2_E11,PA14_25470,PA2985,NA,conserved hypothetical protein,-0.016084816469014943,-0.9730975819044032
PAMr_nr_mas_07_2_E12,PA14_72450,PA5489,dsbA,thiol:disulfide interchange protein DsbA,-0.15672090446744866,1.9664460370330037
PAMr_nr_mas_07_2_F01,PA14_52180,PA0934,relA,GTP pyrophosphokinase,-0.9429072608666625,-0.08990931033040565
PAMr_nr_mas_07_2_F02,PA14_19850,PA3420,NA,putative transcriptional regulator,-0.5355937872049619,0.16083390035877615
PAMr_nr_mas_07_2_F03,PA14_52400,PA0917,kup,potassium uptake protein Kup,-0.9068372435946268,-0.2924390494755956
PAMr_nr_mas_07_2_F04,PA14_54520,PA0755,NA,probable porin,-0.829913416241336,-0.3968424602573115
PAMr_nr_mas_07_2_F05,PA14_07700,PA0590,apaH,bis(5'-nucleosyl)-tetraphosphatase,-0.6359545813119338,0.6750160843544292
PAMr_nr_mas_07_2_F06,PA14_03980,PA0305,NA,putative penicillin amidase,0.09765483880948105,0.3691195463187488
PAMr_nr_mas_07_2_F07,NA,NA,NA,NA,-0.4915457921940475,-0.7540766695521649
PAMr_nr_mas_07_2_F08,PA14_10470,PA4136,NA,putative MFS transporter,-0.6379171715363021,0.05682995430304184
PAMr_nr_mas_07_2_F09,NA,NA,NA,NA,1.472995110931773,0.14635529127163133
PAMr_nr_mas_07_2_F10,PA14_11350,NA,NA,hypothetical,0.8421263263472222,-0.2550393151115939
PAMr_nr_mas_07_2_F11,PA14_04300,PA0329,NA,conserved hypothetical protein,0.6384448522539491,-0.4661918533262828
PAMr_nr_mas_07_2_F12,PA14_21250,PA3306,alkB,putative alkylated DNA repair protein,-0.5979144528240973,-1.2350301255695648
PAMr_nr_mas_07_2_G01,PA14_06690,PA0513,nirG,heme d1 biosynthesis protein NirG,-0.913670073768518,0.6415560110633723
PAMr_nr_mas_07_2_G02,PA14_07440,PA0573,NA,hypothetical protein,-1.8918555693793184,0.7261348447235346
PAMr_nr_mas_07_2_G03,PA14_70300,PA5325,NA,putative enzyme,-0.2601942891780243,-0.4855984524561142
PAMr_nr_mas_07_2_G04,PA14_04000,PA0306,NA,putative transcriptional regulator,-0.9789552785652861,-0.8110689599710241
PAMr_nr_mas_07_2_G05,PA14_41690,PA1768,NA,conserved hypothetical protein,-0.5760642297814181,-0.7257610267353465
PAMr_nr_mas_07_2_G06,NA,NA,NA,NA,-0.3445507477038526,-1.0651602817177286
PAMr_nr_mas_07_2_G07,PA14_04410,PA0337,ptsP,phosphoenolpyruvate-protein phosphotransferase,0.2462371736945917,-0.4232659766044756
PAMr_nr_mas_07_2_G09,PA14_20740,PA3350,flgA,putative flagella basal body P-ring formation protein,-0.615058342036028,-1.7443389886136724
PAMr_nr_mas_07_2_G10,PA14_71320,PA5402,NA,hypothetical protein,0.9842272955900327,-1.178226962802969
PAMr_nr_mas_07_2_G11,PA14_66350,PA5020,NA,putative acyl-CoA dehydrogenase,0.25854066902158684,-0.9713562073683353
PAMr_nr_mas_07_2_G12,PA14_68680,PA5199,envZ,two-component sensor EnvZ,-1.2279038003554226,-1.066926174049876
PAMr_nr_mas_07_2_H01,NA,NA,NA,NA,-1.5811993675759026,0.3638893556845466
PAMr_nr_mas_07_2_H02,PA14_65520,PA4958,NA,conserved hypothetical protein,-1.9059839941703276,0.6545501376998691
PAMr_nr_mas_07_2_H03,PA14_39830,PA1909,NA,putative membrane protein,-1.0281941878523828,-0.2579088286780467
PAMr_nr_mas_07_2_H04,PA14_05750,PA0440,NA,putative glutamate synthase beta subunit,-0.5454720675358694,-1.3994071438100142
PAMr_nr_mas_07_2_H05,PA14_31720,PA2540,NA,putative lysophospholipas,-0.4817518672564292,-0.9670047471254739
PAMr_nr_mas_07_2_H06,PA14_07660,PA0587,NA,conserved hypothetical protein,-0.29582487345374453,-1.2220643341381243
PAMr_nr_mas_07_2_H07,PA14_48560,PA1218,NA,conserved hypothetical protein,-0.30553986497276575,-0.9184602147806343
PAMr_nr_mas_07_2_H08,PA14_72030,PA5457,NA,conserved hypothetical protein,1.7013432473368773,-0.7168146028336516
PAMr_nr_mas_07_2_H09,PA14_73410,PA5568,NA,"putative inner membrane protein, 60 kDa",0.34474320335060005,-1.9463033004054673
PAMr_nr_mas_07_2_H10,PA14_48930,NA,NA,conserved hypothetical protein,1.9062808917298386,-0.5960932911230509
PAMr_nr_mas_07_2_H11,PA14_20860,PA3340,NA,putative Tfp pilus assembly protein FimV,0.4721433953457996,-0.9086783118661083
PAMr_nr_mas_07_2_H12,PA14_29270,PA2695,NA,putative outer membrane lipoprotein,1.813807599187582,-0.8116356671634561
PAMr_nr_mas_07_3_A01,PA14_17050,PA3657,map,"methionine aminopeptidase, type I",1.385415703221523,0.7744067056314351
PAMr_nr_mas_07_3_A02,PA14_29820,PA2651,NA,putative exported protein,1.4832736913552078,0.5681356354506574
PAMr_nr_mas_07_3_A03,PA14_23050,PA3185,NA,putative aldose 1-epimerase,1.5831544294622142,1.295891668801278
PAMr_nr_mas_07_3_A04,PA14_59180,NA,topA,topoisomerase I,1.9520843238177246,1.5936632989337203
PAMr_nr_mas_07_3_A05,PA14_29210,PA2701,NA,putative MFS transporter,1.5879004292513936,1.9870176979584706
PAMr_nr_mas_07_3_A06,PA14_33760,PA2390,NA,putative ATP-binding/permease fusion ABC transporter,0.8198568227740127,1.6248749440053076
PAMr_nr_mas_07_3_A07,PA14_09180,PA4234,uvrA,excinuclease ABC subunit A,0.8348844525950663,0.2006725039982289
PAMr_nr_mas_07_3_A08,PA14_50290,PA1092,fliC,flagellin type B,0.393793215142103,0.6568272167593272
PAMr_nr_mas_07_3_A09,PA14_34690,PA2316,NA,"putative transcriptional regulator, LysR family",1.8359137879435177,2.0707082651553708
PAMr_nr_mas_07_3_A10,PA14_71560,PA5421,fdhA,glutathione-independent formaldehyde dehydrogenase,1.401358643004391,0.5646742653713109
PAMr_nr_mas_07_3_A11,NA,NA,NA,NA,0.8252156182809774,1.815863845336078
PAMr_nr_mas_07_3_A12,PA14_68290,PA5169,NA,probable C4-dicarboxylate transporter,1.4235481748312582,0.7620911061606456
PAMr_nr_mas_07_3_B01,PA14_38060,PA2045,NA,conserved hypothetical protein,2.9657799682566357,-0.43209698885699527
PAMr_nr_mas_07_3_B02,PA14_73110,PA5544,NA,putative transport protein,0.5084114588312121,-0.3166110823006171
PAMr_nr_mas_07_3_B03,PA14_57080,PA4392,NA,putative methyltransferase,1.302526597076727,0.13086051374573549
PAMr_nr_mas_07_3_B04,PA14_49780,PA1129,NA,probable fosfomycin resistance protein,1.5472136516264317,0.6570548821709167
PAMr_nr_mas_07_3_B05,PA14_58000,PA4468,sodM,superoxide dismutase,1.210246288676788,-0.07592808397616412
PAMr_nr_mas_07_3_B06,PA14_17310,PA3636,kdsA,2-dehydro-3-deoxyphosphooctonate aldolase,0.7729891639851753,-0.12614157207022303
PAMr_nr_mas_07_3_B07,PA14_73140,PA5546,NA,putative cyclopropan-fatty-acyl-phospholipid synthase,0.49804449621694463,0.2482654847148315
PAMr_nr_mas_07_3_B08,PA14_13850,PA3870,moaA1,molybdenum cofactor biosynthesis protein A,1.5598316957857066,1.0837227919269492
PAMr_nr_mas_07_3_B09,PA14_16860,PA3673,plsB,glycerol-3-phosphate acyltransferase,0.589660802763509,0.8256647913099809
PAMr_nr_mas_07_3_B10,PA14_57780,PA4448,hisD,histidinol dehydrogenase,-0.3622684746764296,0.36293797378759207
PAMr_nr_mas_07_3_B11,PA14_46540,NA,NA,NA,1.1716105551026725,0.08366441289343084
PAMr_nr_mas_07_3_B12,PA14_15560,NA,NA,conserved hypothetical protein,-0.4131976699313518,0.6244200486680357
PAMr_nr_mas_07_3_C01,PA14_63220,PA4782,NA,hypothetical protein,0.4006371559382437,-0.17003463843302877
PAMr_nr_mas_07_3_C02,PA14_16930,PA3667,NA,putative cysteine sulfinate desulfinase,-0.10802136189923117,1.1911714022203939
PAMr_nr_mas_07_3_C03,PA14_27810,PA2809,NA,putative two-component response regulator,-0.12970841608037537,-0.44067150836321767
PAMr_nr_mas_07_3_C04,PA14_35190,PA2272,pbpC,penicillin-binding protein 3A,0.2335298425014379,0.2885519970164735
PAMr_nr_mas_07_3_C05,PA14_47600,PA1284,NA,putative acyl-CoA dehydrogenase,-0.10601708266611425,0.811440946009253
PAMr_nr_mas_07_3_C06,PA14_55200,PA0704,NA,probable amidase,0.7599080847808904,0.05384171265578581
PAMr_nr_mas_07_3_C07,PA14_08710,PA4275,nusG,transcription antitermination protein NusG,2.0427014705520015,0.4358025215492813
PAMr_nr_mas_07_3_C08,PA14_63620,PA4813,lipC,lipase LipC,0.9438327876686327,0.7216267344340359
PAMr_nr_mas_07_3_C09,PA14_51750,PA0969,tolQ,TolQ protein,0.1253363461630831,-0.006455613553736119
PAMr_nr_mas_07_3_C10,PA14_14370,PA3838,NA,putative ABC-transporter ATP-binding component,0.9139192799872297,0.24705556449878208
PAMr_nr_mas_07_3_C11,PA14_24730,PA3043,NA,putative deoxyguanosinetriphosphate triphosphohydrolase,0.940271036052248,-0.6481578518567109
PAMr_nr_mas_07_3_C12,PA14_39330,PA1947,rbsA,"ribose ABC transporter, ATP-binding protein",-0.6907002790487541,0.018880207768807167
PAMr_nr_mas_07_3_D01,PA14_16130,PA3733,NA,putative carnitine dehydratase,-1.0316763041891344,0.5461834086891579
PAMr_nr_mas_07_3_D02,PA14_32930,PA2450,NA,hypothetical protein,1.3503889062800676,-0.34456985820032326
PAMr_nr_mas_07_3_D03,PA14_27050,PA2865,NA,"putative transglycosylase, SLT family",0.4017462820383858,-0.1963538355602425
PAMr_nr_mas_07_3_D04,PA14_47000,PA1334,NA,"putative oxidoreductase, FMN-binding",0.1832075109845627,-0.2597355218876911
PAMr_nr_mas_07_3_D05,PA14_22000,PA3246,rluA,ribosomal large subunit pseudouridine synthase A,2.287417316615423,0.3930786952889171
PAMr_nr_mas_07_3_D06,PA14_52120,NA,NA,hypothetical protein,0.2278316518814245,0.7139559891540413
PAMr_nr_mas_07_3_D07,NA,NA,NA,NA,-0.0305223964411912,-0.06552463479246741
PAMr_nr_mas_07_3_D08,PA14_28300,PA2768,NA,hypothetical protein,0.9938228986538576,0.534600694171888
PAMr_nr_mas_07_3_D09,PA14_28220,PA2773,NA,conserved hypothetical protein,-0.5635508391941294,0.19287006531908607
PAMr_nr_mas_07_3_D10,PA14_08180,PA0630,NA,hypothetical protein,1.8583822576207671,1.035696845856542
PAMr_nr_mas_07_3_D11,PA14_40380,PA1864,NA,"putative transcriptional regulator, TetR family",1.396154011942797,0.426619799488344
PAMr_nr_mas_07_3_D12,PA14_37250,PA2114,NA,putative major facilitator family transporter,0.48492488810200696,0.3058466888378571
PAMr_nr_mas_07_3_E01,PA14_21150,PA3315,NA,probable ABC transporter permease component,0.7886505941239357,0.7459346274800838
PAMr_nr_mas_07_3_E02,PA14_55850,PA4299,NA,putative pilus assembly protein,1.2530056778937542,0.10619192043843241
PAMr_nr_mas_07_3_E03,PA14_38820,PA1986,pqqB,pyrroloquinoline quinone biosynthesis protein B,0.3646694927103834,0.35627452089838335
PAMr_nr_mas_07_3_E04,PA14_43760,PA1604,NA,conserved hypothetical protein,1.566131227864532,-0.40857340119623475
PAMr_nr_mas_07_3_E05,PA14_50530,PA1073,braD,branched-chain amino acid transport protein BraD,0.9157930524354233,0.6579654665810595
PAMr_nr_mas_07_3_E06,PA14_00170,PA0016,trkA,potassium uptake protein TrkA,-1.2123508879585823,0.205057392052053
PAMr_nr_mas_07_3_E07,PA14_62150,PA4695,ilvH,acetolactate synthase isozyme III small subunit,0.37655788696056214,0.27434665275730913
PAMr_nr_mas_07_3_E08,PA14_43740,PA1605,NA,putative 5-oxo-L-prolinase,1.3167638261726302,-0.15974149865117057
PAMr_nr_mas_07_3_E09,PA14_14710,PA3815,NA,putative Rrf2 family protein,0.9277039839393713,-0.43879489573163716
PAMr_nr_mas_07_3_E10,PA14_50100,PA1104,fliI,flagellum-specific ATP synthase FliI,0.6345275387816284,0.5524297711087565
PAMr_nr_mas_07_3_E11,PA14_18430,PA3549,algJ,alginate o-acetyltransferase AlgJ,0.42444032588275193,0.6141174264874398
PAMr_nr_mas_07_3_E12,PA14_24950,NA,NA,putative glycerol-3-phosphate dehydrogenase,0.902323538194186,0.9788669899532745
PAMr_nr_mas_07_3_F01,PA14_68380,PA5176,NA,putative DP compound hydrolase,-0.1842558297979454,0.48316424354743387
PAMr_nr_mas_07_3_F02,PA14_59910,NA,NA,Conserved hypothetical protein,0.4790851460808204,0.008105361834840877
PAMr_nr_mas_07_3_F03,PA14_43670,PA1611,NA,putative sensor/response regulator hybrid,0.46629175594690764,0.02188405614010527
PAMr_nr_mas_07_3_F04,PA14_61170,PA4622,NA,putative transmembrane protein,0.20689396115700376,0.22256834612093862
PAMr_nr_mas_07_3_F05,PA14_59990,NA,NA,Conserved hypothetical protein,1.46457283824077,0.4597596278833489
PAMr_nr_mas_07_3_F06,PA14_57890,PA4457,NA,putative sugar isomerase,0.6615428897850384,-0.047799841257421996
PAMr_nr_mas_07_3_F07,PA14_54150,PA0783,putP,sodium/proline symporter PutP,0.8973717783924525,-0.19842245877755463
PAMr_nr_mas_07_3_F08,PA14_06500,PA0500,bioB,biotin synthase,1.0253680770425824,0.3907103144553491
PAMr_nr_mas_07_3_F09,PA14_20040,PA3405,hasE,metalloprotease secretion protein,0.8305698471552451,-0.01022653127170401
PAMr_nr_mas_07_3_F10,PA14_27880,PA2804,NA,putative phosphohydrolase,0.9563676530365515,-0.46027323682610993
PAMr_nr_mas_07_3_F11,PA14_22050,PA3242,htrB,putative lipid A biosynthesis lauroyl/myristoyl acyltransferase,-0.25485682637735746,-0.7805376289489973
PAMr_nr_mas_07_3_F12,PA14_49250,PA1174,napA,periplasmic nitrate reductase protein NapA,0.7811727808461981,-0.27960026585232484
PAMr_nr_mas_07_3_G01,PA14_29410,PA2683,NA,putative serine/threonine dehydratase,-0.08141660297851985,0.4538956962788336
PAMr_nr_mas_07_3_G02,PA14_72250,PA5474,NA,putative metalloprotease,0.17133071552832765,0.034635431077922524
PAMr_nr_mas_07_3_G03,PA14_09780,PA4183,NA,conserved hypothetical protein,-0.20681896920563073,-0.17132239181138764
PAMr_nr_mas_07_3_G04,PA14_39160,PA1961,NA,"transcriptional regulator, LysR family",0.3813811290012378,-0.6092778150908108
PAMr_nr_mas_07_3_G05,NA,NA,NA,NA,-0.41930330566736335,0.6472582876171004
PAMr_nr_mas_07_3_G06,PA14_06230,PA0476,NA,putative cytosine/uracil/thiamine/allantoin permeases,0.3657849857424603,0.14291509816473824
PAMr_nr_mas_07_3_G07,PA14_51580,NA,RS09,hypothetical protein,0.9031768955897587,0.10940397074754872
PAMr_nr_mas_07_3_G08,PA14_56220,PA4328,NA,putative universal stress protein,0.4911236725566054,0.7585041379108439
PAMr_nr_mas_07_3_G09,PA14_66380,PA5021,NA,putative sodium/hydrogen antiporter,-0.23580216250055389,-0.874553514095309
PAMr_nr_mas_07_3_G10,PA14_56410,PA4339,NA,putative phospholipase,0.608468751496491,-0.21551297739523192
PAMr_nr_mas_07_3_G11,PA14_19350,PA3461,NA,putative peptidase or cellulase,2.412132810015997,-0.25999651865965734
PAMr_nr_mas_07_3_G12,PA14_33910,PA2377,NA,"putative ABC-type transport protein, periplasmic component",1.1345454182709644,0.3010470773832576
PAMr_nr_mas_07_3_H01,PA14_24170,PA3092,PA3092,NA,-0.2902507067536584,0.09184247180702426
PAMr_nr_mas_07_3_H02,PA14_59270,NA,pilO2,type IV b pilus protein,0.6373767362282579,0.36935718542092766
PAMr_nr_mas_07_3_H03,PA14_08030,PA0618,NA,putative phage baseplate assembly protein,-0.15591287765391168,0.017878626080558443
PAMr_nr_mas_07_3_H04,PA14_61990,PA4686,NA,conserved hypothetical protein,1.1251625006216388,0.05707891438128119
PAMr_nr_mas_07_3_H05,PA14_04230,PA0324,NA,putative permease of ABC transporter,0.18244194323819202,0.3522256223200246
PAMr_nr_mas_07_3_H06,PA14_03190,PA0259,NA,conserved hypothetical protein,0.2632663747415038,-0.4988378909613547
PAMr_nr_mas_07_3_H07,PA14_13560,PA3892,NA,putative fusaric acid resistance protein,1.0089440767675268,-0.40670574275931937
PAMr_nr_mas_07_3_H08,PA14_64850,PA4908,NA,putative ornithine cyclodeaminase,1.6322776775009062,-0.6125779978736865
PAMr_nr_mas_07_3_H09,PA14_51640,NA,NA,conserved hypothetical protein,-0.09040560897552181,-0.6989574599186288
PAMr_nr_mas_07_3_H10,PA14_05290,PA0405,NA,putative transcriptional activator of alginate synthesis,-0.34892342362377377,0.02688748378824223
PAMr_nr_mas_07_3_H11,PA14_11000,PA4091,hpaA,4-hydroxyphenylacetate 3-monooxygenase large chain,-0.018653465602286416,-0.10289980243632614
PAMr_nr_mas_07_3_H12,PA14_04870,PA0371,NA,putative peptidase,0.7497733427489925,-0.5015430296829432
PAMr_nr_mas_07_4_A01,PA14_62260,PA4704,ppkA,cAMP-dependent protein kinase,1.0530907418902011,0.2957635365527912
PAMr_nr_mas_07_4_A02,PA14_05640,PA0434,NA,putative outer membrane ferric siderophore receptor,-0.025376440045380255,0.7824556028476468
PAMr_nr_mas_07_4_A03,PA14_15280,PA3772,NA,conserved hypothetical protein,1.6730230113358748,0.5006642878264369
PAMr_nr_mas_07_4_A04,PA14_20760,PA3348,NA,putative chemotaxis protein methyltransferase,0.4947671615894863,0.0063496784355066525
PAMr_nr_mas_07_4_A05,PA14_02090,PA0167,NA,"putative transcriptional regulator, TetR family",0.7113578742307758,0.8758732466552626
PAMr_nr_mas_07_4_A06,PA14_00560,PA0044,exoT,exoenzyme T,-0.7386093659548435,-0.017271252662089218
PAMr_nr_mas_07_4_A07,PA14_07360,PA0566,NA,hypothetical protein,0.9482397797737055,0.3424505683847405
PAMr_nr_mas_07_4_A08,PA14_31010,NA,NA,putative cation efflux system protein,0.6977950617292233,-0.04501876845756648
PAMr_nr_mas_07_4_A09,PA14_52380,PA0918,NA,cytochrome b561,0.5787083692904834,0.14561825549884055
PAMr_nr_mas_07_4_A10,PA14_01030,PA0085,NA,conserved hypothetical protein,0.5909164191093237,0.9458015444145702
PAMr_nr_mas_07_4_A11,PA14_69870,PA5292,NA,phosphorylcholine phosphatase,-0.9562002854584793,0.9418750875181614
PAMr_nr_mas_07_4_A12,PA14_29800,PA2652,NA,putative chemotaxis transducer,0.7593842747106928,-0.3965760861675233
PAMr_nr_mas_07_4_B01,PA14_53970,PA0794,NA,probable aconitate hydratase,1.009950862554317,1.6325567954545102
PAMr_nr_mas_07_4_B02,PA14_47440,PA1296,NA,putative 2-hydroxyacid dehydrogenase,-1.4326850655652126,-0.06045562869077667
PAMr_nr_mas_07_4_B03,PA14_14600,PA3823,tgt,queuine tRNA-ribosyltransferase,-0.8736898040224994,0.6729722963774056
PAMr_nr_mas_07_4_B04,PA14_23670,PA3127,NA,putative bleomycin resistance protein,-0.7036901340379867,0.8281064811296112
PAMr_nr_mas_07_4_B05,PA14_21080,PA3321,NA,putative LysR-family transcriptional activator,-0.8481541119590815,1.5244023077722022
PAMr_nr_mas_07_4_B06,PA14_09260,PA4227,pchR,transcriptional regulator PchR,-2.2139078538791113,0.2545535554293989
PAMr_nr_mas_07_4_B07,NA,NA,NA,NA,-1.1512313566866759,0.5167241182108423
PAMr_nr_mas_07_4_B08,PA14_65540,PA4959,NA,conserved hypothetical protein,-0.9390163532773841,1.049238922113899
PAMr_nr_mas_07_4_B09,PA14_53560,PA0827,NA,hypothetical protein,-1.696290163208187,0.3453130340554476
PAMr_nr_mas_07_4_B10,PA14_59980,NA,NA,Conserved hypothetical protein,-0.35475839603739584,1.4420762118163923
PAMr_nr_mas_07_4_B11,PA14_31440,PA2559,NA,hypothetical protein,-1.231258703475425,-0.2733208332723925
PAMr_nr_mas_07_4_B12,PA14_57560,PA4430,NA,putative cytochrome b,-2.409471739635411,-0.9725170735116202
PAMr_nr_mas_07_4_C01,PA14_61120,PA4618,NA,putative xanthine dehydrogenase accessory factor X,-1.1137136673894492,0.533441322310053
PAMr_nr_mas_07_4_C02,PA14_54150,PA0783,putP,sodium/proline symporter PutP,-0.06885356101896122,0.5041588264913036
PAMr_nr_mas_07_4_C03,NA,NA,NA,NA,-0.9562002854584793,0.31064286967034094
PAMr_nr_mas_07_4_C04,PA14_18360,PA3553,NA,putative glycosyl transferase,0.6921499450092542,0.2254824008170009
PAMr_nr_mas_07_4_C05,PA14_10830,NA,NA,"putative transcriptional regulator, LysR family",-1.0822680224116037,0.7522223258828149
PAMr_nr_mas_07_4_C06,PA14_26420,PA2911,NA,putative TonB-dependent receptor,-0.3512150880009684,0.0814323022642082
PAMr_nr_mas_07_4_C07,PA14_26390,PA2913,NA,putative iron transport system substrate-binding protein,-1.5370050683120848,0.002083962433116778
PAMr_nr_mas_07_4_C08,PA14_37560,PA2084,NA,"asparagine synthetase, glutamine-hydrolysing",-1.195882891234174,0.5619038831507809
PAMr_nr_mas_07_4_C09,PA14_30750,PA2579,NA,putative tryptophan oxygenase,-0.2591675018235694,0.09605152460397541
PAMr_nr_mas_07_4_C10,PA14_61530,PA4651,NA,putative pili assembly chaperone,-1.1861179646480084,-0.4616179186021215
PAMr_nr_mas_07_4_C11,NA,NA,NA,NA,-2.039767764448024,0.7326662295590236
PAMr_nr_mas_07_4_C12,PA14_56170,PA4323,NA,conserved hypothetical protein,-0.007398710915747694,0.06305118683903965
PAMr_nr_mas_07_4_D01,PA14_00080,PA0007,NA,conserved hypothetical protein,-1.2892935905867475,0.3441204884202378
PAMr_nr_mas_07_4_D02,PA14_51990,PA0949,wrbA,Trp repressor binding protein WrbA,-0.751920842304124,-0.2777681575793676
PAMr_nr_mas_07_4_D03,PA14_34940,PA2292,NA,conserved hypothetical protein,-0.29417275288500677,0.5308899988805474
PAMr_nr_mas_07_4_D04,PA14_10470,PA4136,NA,putative MFS transporter,0.5091383230715691,0.31711228064895397
PAMr_nr_mas_07_4_D05,PA14_12180,PA3990,NA,conserved hypothetical protein,0.35611079357572295,0.722754045981473
PAMr_nr_mas_07_4_D06,PA14_09740,PA4187,NA,putative MFS transporter,-1.1770810762432689,-0.37583141932282593
PAMr_nr_mas_07_4_D07,PA14_27440,PA2834,NA,putative transcriptional regulator,-0.362059740120953,-1.042539151687512
PAMr_nr_mas_07_4_D08,PA14_18180,PA3566,NA,putative Antibiotic biosynthesis monooxygenase,0.32568903290375883,1.033329551244571
PAMr_nr_mas_07_4_D09,PA14_19190,PA3471,NA,putative NAD-linked malate dehydrogenase,-1.5675290780346518,0.38478570255691025
PAMr_nr_mas_07_4_D10,PA14_28210,PA2774,NA,hypothetical protein,-0.23191637310056815,1.3049929108362794
PAMr_nr_mas_07_4_D11,PA14_24620,PA3052,NA,hypothetical protein,-0.22313108192278144,0.7555883136674735
PAMr_nr_mas_07_4_D12,PA14_61460,PA4645,NA,putative hypoxanthine phosphoribosyltransferase,0.44099394505427153,1.1343765141024331
PAMr_nr_mas_07_4_E01,PA14_50560,PA1070,braG,branched-chain amino acid transport protein BraG,0.5325347236011607,0.22305410979494705
PAMr_nr_mas_07_4_E02,NA,NA,NA,NA,-0.3403891217946812,1.4224023614816346
PAMr_nr_mas_07_4_E03,PA14_56240,PA4329,pykA,putative pyruvate kinase,-2.031594559124114,0.23033634815541282
PAMr_nr_mas_07_4_E04,PA14_01080,PA0089,NA,conserved hypothetical protein,-0.2284416500570623,-0.3332140434647487
PAMr_nr_mas_07_4_E05,PA14_18550,PA3542,alg44,alginate biosynthesis protein Alg44,0.6038167870325425,0.15175774803834682
PAMr_nr_mas_07_4_E06,PA14_05750,PA0440,NA,putative glutamate synthase beta subunit,0.3566693251253956,0.6591035233514816
PAMr_nr_mas_07_4_E07,PA14_44770,PA1521,NA,probable guanine deaminase,-1.131854637131599,-1.405905727418851
PAMr_nr_mas_07_4_E08,PA14_20570,PA3365,amiB,"putative ATPases with chaperone activity, ATP-binding subunit",0.1446218350353022,0.48456592788383956
PAMr_nr_mas_07_4_E09,PA14_46970,PA1337,ansB,glutaminase-asparaginase,-0.01667748845398644,0.6031104992573897
PAMr_nr_mas_07_4_E10,PA14_64140,PA4850,prmA,ribosomal protein L11 methyltransferase,-0.172498233276955,0.4656184394910543
PAMr_nr_mas_07_4_E11,PA14_33560,PA2407,NA,putative adhesion protein,0.2964351295874893,0.5292659242030487
PAMr_nr_mas_07_4_E12,PA14_11660,PA4034,aqpZ,aquaporin Z,0.12301810446658255,0.3128000331106189
PAMr_nr_mas_07_4_F01,PA14_27390,PA2839,NA,putative dioxygenase,0.3886090567331588,0.1987227447202369
PAMr_nr_mas_07_4_F02,PA14_69010,PA5225,NA,conserved hypothetical protein,-0.46030122485307856,1.5599182152009736
PAMr_nr_mas_07_4_F03,PA14_03680,PA0282,cysT,sulfate transport protein CysT,-1.6109207602515132,-0.9806487647134365
PAMr_nr_mas_07_4_F04,PA14_12260,PA3986,NA,conserved hypothetical protein,-0.9319273660069427,0.3221397360340005
PAMr_nr_mas_07_4_F05,PA14_33450,PA2416,treA,periplasmic trehalase precursor,-0.2952052773300968,0.3869191655099782
PAMr_nr_mas_07_4_F06,PA14_60260,PA4547,pilR,two-component response regulator PilR,-1.1427171446813575,-0.6858738184493988
PAMr_nr_mas_07_4_F07,PA14_63150,PA4776,pmrA,two-component response regulator,-0.11584416575687372,0.08812640785426239
PAMr_nr_mas_07_4_F08,PA14_24570,PA3057,NA,hypothetical protein,-0.5545049508757797,-0.6694857033397564
PAMr_nr_mas_07_4_F09,PA14_45800,PA1443,fliM,flagellar motor switch protein FliM,0.4074736499005984,-0.593624074348907
PAMr_nr_mas_07_4_F10,PA14_19320,PA3464,NA,conserved hypothetical protein,0.33410240851631146,-0.2103294340644517
PAMr_nr_mas_07_4_F11,PA14_61510,PA4649,NA,conserved hypothetical protein,-0.185270446592506,-1.1162642550816109
PAMr_nr_mas_07_4_F12,PA14_15020,PA3793,NA,hypothetical protein,-1.5753732001580707,-0.5886883650362573
PAMr_nr_mas_07_4_G01,PA14_55220,PA0703,NA,probable MFS transporter,-0.2355975873442712,0.11903090652477831
PAMr_nr_mas_07_4_G02,PA14_16550,PA3699,NA,"putative transcriptional regulator, TetR family",-0.4938900813297772,0.24124490867140058
PAMr_nr_mas_07_4_G03,PA14_69510,NA,NA,Hypothetical protein,-0.6257154472390879,-0.7684201971090813
PAMr_nr_mas_07_4_G04,PA14_12940,PA3937,NA,probable ATP-binding component of ABC taurine tran,-0.5918493483875071,0.1488114926636815
PAMr_nr_mas_07_4_G05,PA14_53010,PA0870,phhC,aromatic amino acid aminotransferase,-1.146499814564821,-0.20463215753924632
PAMr_nr_mas_07_4_G06,PA14_24610,PA3053,NA,putative hydrolase,-0.6860832443131193,-0.5066857996913307
PAMr_nr_mas_07_4_G07,PA14_19410,PA3455,NA,conserved hypothetical protein,-1.1054850554990243,-0.4791233477683698
PAMr_nr_mas_07_4_G08,PA14_21440,PA3295,NA,putative HIT family protein,-0.5340919312191692,0.06578670291836487
PAMr_nr_mas_07_4_G09,PA14_40660,PA1844,NA,conserved hypothetical protein,0.4124577522623454,0.04312290547114332
PAMr_nr_mas_07_4_G10,PA14_52330,PA0922,NA,hypothetical protein,-0.020630064381186964,-1.070164850824011
PAMr_nr_mas_07_4_G11,PA14_72580,PA5500,znuC,"zinc ABC transporter, ATP-binding protein ZnuC",-1.318148733595088,-1.3277229845427372
PAMr_nr_mas_07_4_G12,PA14_68840,PA5212,NA,conserved hypothetical protein,-0.24952389393869562,-0.25843069028260235
PAMr_nr_mas_07_4_H01,PA14_66460,PA5027,NA,putative universal stress protein,0.9911308751601792,0.5893264013369807
PAMr_nr_mas_07_4_H02,PA14_48390,PA1229,NA,putative transcriptional regulator araC family,-0.07762510280004982,0.7911643600830806
PAMr_nr_mas_07_4_H03,PA14_64690,PA4895,NA,putative transmembrane sensor,-0.6015996961292827,0.2385800088588461
PAMr_nr_mas_07_4_H04,PA14_65350,PA4946,mutL,DNA mismatch repair protein MutL,-0.10100918001886529,0.1372595205836933
PAMr_nr_mas_07_4_H05,PA14_37030,PA2130,cupA3,usher,-0.0010890771335327197,0.3714955587043318
PAMr_nr_mas_07_4_H06,PA14_17690,PA3602,NA,"putative glutamate synthase, large subunit",-1.4092156044321338,-0.2961117898562957
PAMr_nr_mas_07_4_H07,PA14_03830,PA0293,aguB,N-carbamoylputrescine amidohydrolase,0.014264161394753392,-0.6669893360508934
PAMr_nr_mas_07_4_H08,PA14_08130,PA0626,NA,putative tail formation protein,-0.6466472194694901,0.0677754689400351
PAMr_nr_mas_07_4_H09,PA14_02060,PA0165,NA,putative outer membrane protein,-0.49900793213135947,-0.6739259840811351
PAMr_nr_mas_07_4_H10,PA14_08460,PA0660,NA,putative 2-nitropropane dioxygenase,-0.09920731175573187,-1.2510457651073639
PAMr_nr_mas_07_4_H11,PA14_60950,PA4606,NA,carbon starvation protein,-0.13172026831872424,-0.6892118982005266
PAMr_nr_mas_07_4_H12,PA14_48880,NA,NA,putative bacteriophage integrase,0.30207146853972977,-0.6219373397780259
PAMr_nr_mas_08_1_A01,PA14_33610,NA,NA,NA,-0.7960498899578666,-0.47642723052379654
PAMr_nr_mas_08_1_A02,PA14_01440,PA0118,NA,putative 2-hydroxychromene-2-carboxylate isomerase,-0.4475928578856093,-0.5199669515597939
PAMr_nr_mas_08_1_A03,PA14_03960,PA0304,spuH,polyamine transport protein PotI,-0.9789552785652861,-1.1501537034213654
PAMr_nr_mas_08_1_A04,PA14_03270,NA,NA,Hypothetical protein,-0.5229465113180899,-0.8192909024270749
PAMr_nr_mas_08_1_A05,PA14_64430,NA,NA,hypothetical protein,0.11238187185935815,-1.281368454460419
PAMr_nr_mas_08_1_A06,NA,"PA1002, PA1001",NA,NA,-0.0616859422323152,-0.9118414849769474
PAMr_nr_mas_08_1_A07,PA14_08430,PA0657,NA,putative ATPase associated with various cellular activities,-0.1202613301195042,-1.4117908264021508
PAMr_nr_mas_08_1_A08,NA,NA,NA,NA,-0.964005843775551,-1.4127205245689294
PAMr_nr_mas_08_1_A09,PA14_39130,PA1964,NA,putative ATP-binding component of ABC transporter,-0.8537946675822484,-2.233575083757033
PAMr_nr_mas_08_1_A10,PA14_00580,PA0046,NA,putative lipoprotein,-0.5041299550943737,-2.2167840921788806
PAMr_nr_mas_08_1_A11,PA14_10500,PA4133,ccoN,cytochrome c oxidase subunit (cbb3-type),0.570976312652298,-0.8320690676843543
PAMr_nr_mas_08_1_A12,PA14_09480,PA4210,phzA1,probable phenazine biosynthesis protein,-3.378581000944122,-2.8555560158509246
PAMr_nr_mas_08_1_B01,PA14_54640,PA0745,NA,probable enoyl-CoA hydratase/isomerase,-0.9278148472870232,-1.082840152760975
PAMr_nr_mas_08_1_B02,PA14_18850,PA3516,NA,putative lyase,-0.0616859422323152,-0.4516736486309059
PAMr_nr_mas_08_1_B03,PA14_26570,PA2899,NA,putative transcriptional regulator,-0.5392426470316048,-0.9331598586356952
PAMr_nr_mas_08_1_B04,PA14_03870,PA0297,spuA,glutamine amidotransferase,0.36001947215541763,-1.0305251762591527
PAMr_nr_mas_08_1_B05,PA14_10770,PA4112,NA,putative sensor/response regulator hybrid,0.18091052784174708,-0.6484344029111324
PAMr_nr_mas_08_1_B06,PA14_37710,PA2071,fusA2,translation elongation factor G,-0.1500577889378512,-2.6195863679766016
PAMr_nr_mas_08_1_B07,PA14_61980,PA4685,NA,conserved hypothetical protein,-0.04499322858697605,-1.1050057012524206
PAMr_nr_mas_08_1_B08,PA14_14150,PA3854,NA,putative endonuclease domain,-0.5272308718568728,-0.7123458599368289
PAMr_nr_mas_08_1_B09,PA14_41880,PA1753,NA,universal stress protein,0.46391296983585484,-1.4003351276549483
PAMr_nr_mas_08_1_B10,PA14_68330,PA5171,arcA,arginine deiminase,-1.2516663039601963,-1.7495509673274976
PAMr_nr_mas_08_1_B11,PA14_16970,PA3664,NA,"putative arsenate reductase, glutaredoxin family",-0.2739694536679799,-0.7633542738274333
PAMr_nr_mas_08_1_B12,PA14_71560,PA5421,fdhA,glutathione-independent formaldehyde dehydrogenase,1.0091118856022951,-1.131998588800341
PAMr_nr_mas_08_1_C01,PA14_51290,PA1008,bcp,bacterioferritin comigratory protein,-0.32314777057594646,0.19726005337755234
PAMr_nr_mas_08_1_C02,PA14_57320,PA4410,ddlB,D-alanine--D-alanine ligase,-0.4613614166256214,-0.4262083561771702
PAMr_nr_mas_08_1_C03,PA14_10550,PA4130,NA,putative sulfite or nitrite reductas,0.3406383650889292,-0.0543778716917812
PAMr_nr_mas_08_1_C04,NA,NA,NA,NA,0.4913058971969655,-1.202512318824267
PAMr_nr_mas_08_1_C05,PA14_50140,PA1101,fliF,Flagella M-ring outer membrane protein precursor,-0.4836668690620675,-1.4872034696443388
PAMr_nr_mas_08_1_C06,PA14_37850,PA2060,NA,putative permease of ABC transporter,0.1625043690962959,-1.5236543972939856
PAMr_nr_mas_08_1_C07,PA14_67560,PA5117,typA,GTP-binding protein TypA/BipA,-0.45140266971735105,-1.2344265096371712
PAMr_nr_mas_08_1_C08,PA14_00830,PA0071,NA,conserved hypothetical protein,0.04603227984937215,-1.469677088204099
PAMr_nr_mas_08_1_C09,PA14_00250,PA0023,qor,quinone oxidoreductase,-0.8515378376417992,-1.0654545648354696
PAMr_nr_mas_08_1_C10,PA14_22650,PA3214,NA,putative ABC-type uncharacterized transport system,-0.2665641188164675,-2.4525122710824006
PAMr_nr_mas_08_1_C11,PA14_09900,PA4175,prpL,"Pvds-regulated endoprotease, lysyl class",-1.6713028440274826,-1.9473100917511779
PAMr_nr_mas_08_1_C12,PA14_61220,PA4627,NA,putative ribosomal RNA small subunit methyltransferase C,-0.48685983636267105,-1.2489282997204243
PAMr_nr_mas_08_1_D01,PA14_51600,PA0981,RS07,hypothetical protein,0.09047258620048436,-0.02482738480850032
PAMr_nr_mas_08_1_D02,PA14_25790,PA2958,NA,putative selenocysteine lyase,-0.6615161964477035,-0.42487075096832244
PAMr_nr_mas_08_1_D03,PA14_35570,PA2244,NA,putative DNA topoisomerase,0.1423106994962527,-0.9641053405608829
PAMr_nr_mas_08_1_D04,PA14_07890,PA0605,NA,putative permease of ABC transporter,0.38286445887572296,-1.7989394368718068
PAMr_nr_mas_08_1_D05,PA14_53110,PA0863,NA,probable oxidoreductase,-0.35475839603739584,-1.4428503917079547
PAMr_nr_mas_08_1_D06,PA14_49890,PA1120,NA,NA,-0.4317434612395011,-1.469051991877972
PAMr_nr_mas_08_1_D07,PA14_16160,PA3730,NA,hypothetical protein,-0.27005999487090365,-1.669860750932009
PAMr_nr_mas_08_1_D08,PA14_62640,PA4734,NA,conserved hypothetical protein,-0.8954656802090982,-1.1579069044087476
PAMr_nr_mas_08_1_D09,NA,NA,NA,NA,-0.6689639012749593,-2.033444249198907
PAMr_nr_mas_08_1_D10,NA,NA,NA,NA,-0.5474065924610897,-1.9124958436955166
PAMr_nr_mas_08_1_D11,PA14_68080,PA5154,NA,"putative amino acid ABC transporter, permease protein",-0.5336628954385654,-1.9600758744793194
PAMr_nr_mas_08_1_D12,PA14_21260,NA,NA,hypothetical protein,0.6903848053750361,-0.7684201971090813
PAMr_nr_mas_08_1_E01,PA14_13340,PA3909,NA,predicted extracellular nuclease,-1.2078119141581405,-0.6313097544671911
PAMr_nr_mas_08_1_E02,PA14_09870,PA4178,NA,conserved hypothetical protein,0.5702565675931852,-0.20722122903334084
PAMr_nr_mas_08_1_E03,PA14_46430,PA1378,NA,hypothetical protein,-0.7282017056944958,-0.8130526445751224
PAMr_nr_mas_08_1_E04,PA14_21400,PA3297,hrpA,putative ATP-dependent helicase,-0.6652389453244844,-0.7411656169484101
PAMr_nr_mas_08_1_E05,PA14_58910,NA,RL115,chromosome partitioning related protein,0.16653532636340312,-0.32082381715071
PAMr_nr_mas_08_1_E06,PA14_59790,NA,pvrR,two component response regulator,0.11663852581783234,-1.622049326133078
PAMr_nr_mas_08_1_E07,PA14_69000,PA5224,pepP,aminopeptidase P,-1.6751603730478195,-2.3980916611219505
PAMr_nr_mas_08_1_E08,PA14_57610,NA,NA,putative Acyl-CoA dehydrogenase,-1.6308134189357275,-1.1884101142517345
PAMr_nr_mas_08_1_E09,PA14_05480,PA0421,NA,putative monoamine oxidase,1.093784521028444,2.082500408794132
PAMr_nr_mas_08_1_E10,PA14_13250,PA3916,moaE,"molybdopterin converting factor, large subunit",-0.518451074788929,-2.099722407445259
PAMr_nr_mas_08_1_E11,PA14_51880,PA0958,oprD,"Basic amino acid, basic peptide and imipenem outer membrane porin OprD precursor",-1.2044695041232676,-1.9134975749070533
PAMr_nr_mas_08_1_E12,PA14_33270,PA2425,pvdG,PvdG,-0.12227015914409245,-1.4422277893871165
PAMr_nr_mas_08_1_F01,PA14_44920,PA1509,NA,conserved hypothetical protein,0.8112039617046,1.0792349332101014
PAMr_nr_mas_08_1_F02,PA14_59490,NA,NA,Hypothetical protein,-0.9070648849231344,-1.0501689307483522
PAMr_nr_mas_08_1_F03,PA14_28170,PA2777,NA,"putative transporter, formate/nitrite transporter family",-0.8662217433503664,-0.5177968038992107
PAMr_nr_mas_08_1_F04,PA14_61200,PA4625,NA,NA,-0.9826406013407395,-1.6566705773533703
PAMr_nr_mas_08_1_F05,PA14_62600,PA4731,panD,aspartate 1-decarboxylase precursor,-0.13695410101447741,-0.938933226604681
PAMr_nr_mas_08_1_F06,PA14_54500,PA0757,NA,probable two-component sensor,-0.8465756633923861,-1.4481448451462346
PAMr_nr_mas_08_1_F07,PA14_63330,PA4792,NA,putative glycerolphosphodiesterase,-0.1234757649209227,-1.2434864549912332
PAMr_nr_mas_08_1_F08,PA14_23500,PA3139,tyrB,putative amino acid aminotransferase,-0.43575486194521434,-1.0007297399092019
PAMr_nr_mas_08_1_F09,PA14_23880,PA3111,folC,folylpolyglutamate synthetase,-0.6803716122756626,-1.6111869097594826
PAMr_nr_mas_08_1_F10,PA14_00120,PA0011,NA,putative 2-OH-lauroyltransferase,-0.5529985682060264,-1.5796578855062338
PAMr_nr_mas_08_1_F11,PA14_41230,PA1802,clpX,ATP-dependent Clp protease ATP-binding subunit ClpX,-1.270934198039794,-1.681141205942515
PAMr_nr_mas_08_1_F12,PA14_34960,PA2291,oprB,carbohydrate-selective porin,-0.09760608477457952,-1.8361382912053263
PAMr_nr_mas_08_1_G01,PA14_28390,PA2761,NA,conserved hypothetical protein,-0.21558146549094312,-0.662276508050911
PAMr_nr_mas_08_1_G02,PA14_30960,NA,NA,putative conjugal transfer protein,-0.43892356730951865,-0.5944470456515948
PAMr_nr_mas_08_1_G03,PA14_29050,PA2714,NA,putative molybdopterin oxidoreductase,-0.6816892204354073,-1.0346250913307213
PAMr_nr_mas_08_1_G04,PA14_16740,PA3682,NA,putative carboxyvinyl-carboxyphosphonate phosphorylmutase,-0.10561630353179043,-1.2686162310143134
PAMr_nr_mas_08_1_G05,PA14_01720,PA0140,ahpF,alkyl hydroperoxide reductase subunit F,0.48127568545163185,-1.3157988129126525
PAMr_nr_mas_08_1_G06,NA,NA,NA,NA,0.16595963363481525,-1.332008630268351
PAMr_nr_mas_08_1_G07,PA14_19120,PA3477,rhlR,acylhomoserine lactone dependent transcriptional regulator,4.485506545299873,3.8043615855500663
PAMr_nr_mas_08_1_G08,PA14_43440,PA1629,NA,putative enoyl-CoA hydratase/isomerase,-0.019246379946958443,-0.8491445621174947
PAMr_nr_mas_08_1_G09,PA14_23850,PA3113,trpF,phosphoribosyl anthranilate isomerase,-0.7795209219831327,-0.9406662060843655
PAMr_nr_mas_08_1_G10,PA14_04430,PA0339,NA,conserved hypothetical protein,-1.0516777738236738,-1.3892077827912634
PAMr_nr_mas_08_1_G11,PA14_49390,PA1161,rrmA,rRNA methyltransferase,-0.820027041587219,-1.9560419503011188
PAMr_nr_mas_08_1_G12,PA14_06980,PA0536,NA,putative dehydrogenase,-1.097032568367736,-0.9222041258889024
PAMr_nr_mas_08_1_H01,PA14_30980,NA,NA,hypothetical,0.25078280882729886,-0.7224047197962878
PAMr_nr_mas_08_1_H02,PA14_58840,PA4535,NA,conserved hypothetical protein,0.2891003217506665,-0.5417071180192342
PAMr_nr_mas_08_1_H03,PA14_36090,PA2213,NA,putative porin,0.38564475886357097,-1.3375227712444777
PAMr_nr_mas_08_1_H04,PA14_68720,PA5202,NA,conserved hypothetical protein,0.18646013362745853,-1.1596973775603592
PAMr_nr_mas_08_1_H05,PA14_42090,PA1736,NA,putative acyl-CoA thiolase,0.6439605609009063,-0.7386424445703026
PAMr_nr_mas_08_1_H06,PA14_67900,NA,NA,conserved hypothetical protein,0.21641974376136114,-1.114188891072752
PAMr_nr_mas_08_1_H07,PA14_32940,PA2449,NA,probable transcriptional regulator,-0.3030580132060704,-1.216042259237169
PAMr_nr_mas_08_1_H08,NA,"PA4380, PA4381",NA,NA,0.04153176319940451,-1.275900248021239
PAMr_nr_mas_08_1_H09,PA14_52310,PA0923,dinP,DNA damage inducible protein P,0.2874064570952962,-1.5413225194280957
PAMr_nr_mas_08_1_H10,PA14_15460,NA,merA,NA,-0.40373513858573024,-1.1361609953812528
PAMr_nr_mas_08_1_H11,PA14_40830,PA1833,NA,"putative alcohol dehydrogenase, zinc-containing",0.028991594153270416,-0.8505694833409155
PAMr_nr_mas_08_1_H12,PA14_29200,PA2702,NA,hypothetical protein,0.0970727997638436,-1.6467147044786157
PAMr_nr_mas_08_2_A01,PA14_24550,PA3059,NA,putative glycosyltransferase,0.5238392605934299,0.37387073005333377
PAMr_nr_mas_08_2_A02,NA,NA,NA,NA,0.2634553290589687,0.48526666026716636
PAMr_nr_mas_08_2_A03,PA14_72040,PA5458,NA,putative acyltransferase,-0.66633429137888,-0.25451771718618765
PAMr_nr_mas_08_2_A04,PA14_51260,PA1011,NA,Putative lipoprotein,0.16212033349293642,-0.780819690215896
PAMr_nr_mas_08_2_A05,PA14_44960,PA1506,NA,putative phosphatase,0.008757058033040822,-0.6755918471751057
PAMr_nr_mas_08_2_A06,PA14_71920,PA5448,wbpY,glycosyltransferase WbpY,0.6765996705953444,1.2601951662260669
PAMr_nr_mas_08_2_A07,PA14_37980,PA2051,NA,"putative Fe2+-dicitrate sensor, membrane component",-0.11022680777280029,-0.7159764868168254
PAMr_nr_mas_08_2_A08,PA14_42340,PA1717,pscD,type III export protein PscD,0.3031981298374235,-1.1947074367557324
PAMr_nr_mas_08_2_A09,PA14_45510,PA1463,NA,putative CheW domain protein,-1.0764186778750757,-1.4117908264021508
PAMr_nr_mas_08_2_A10,PA14_05700,PA0438,codB,cytosine permease,0.310516507876236,-0.5577857405554846
PAMr_nr_mas_08_2_A11,PA14_26720,PA2888,NA,putative biotin-dependent carboxylase,-0.8571814331767921,-0.2780298567080462
PAMr_nr_mas_08_2_A12,PA14_59570,NA,NA,transposase,0.46171636761559937,-0.17312566183111303
PAMr_nr_mas_08_2_B01,PA14_14110,PA3857,pcs,Phosphatidylserine synthase,-0.2888063593176374,-0.2704447227372629
PAMr_nr_mas_08_2_B02,PA14_38900,PA1980,NA,putative wo-component response regulator,-0.9275864529327998,-0.3803472303693807
PAMr_nr_mas_08_2_B03,PA14_61850,PA4675,NA,putative TonB-dependent receptor,0.10947795348200347,-0.5845780454541262
PAMr_nr_mas_08_2_B04,PA14_13420,PA3902,NA,conserved hypothetical protein,-1.2994626335942578,-0.7249217926015596
PAMr_nr_mas_08_2_B05,PA14_52460,PA0913,mgtE,probable Mg transporter MgtE,-0.5345209962984895,-0.8963274683284072
PAMr_nr_mas_08_2_B06,PA14_60130,NA,NA,Conserved hypothetical protein,1.308129356898017,-0.9626561069516555
PAMr_nr_mas_08_2_B07,PA14_44890,PA5267,hcpA,secreted protein Hcp,-0.8319375470690772,-1.1689557741220185
PAMr_nr_mas_08_2_B08,PA14_57740,PA4445,NA,conserved hypothetical protein,-0.44843928311747594,-1.661171624482621
PAMr_nr_mas_08_2_B09,PA14_28630,PA2745,NA,putative hydrolase,-1.5498524852865472,-1.5685466120482565
PAMr_nr_mas_08_2_B10,PA14_17630,PA3608,potB,polyamine transport protein PotB,-0.214154179583467,-0.357798504760767
PAMr_nr_mas_08_2_B11,PA14_50570,PA1069,NA,hypothetical protein,-1.7789113184790772,-1.0911067281739948
PAMr_nr_mas_08_2_B12,PA14_09160,PA4235,bfrA,bacterioferritin,0.15385788531147895,-0.18240728454702917
PAMr_nr_mas_08_2_C01,PA14_04050,PA0310,NA,putative proline hydroxylase,-0.32356266901349184,-0.6970072149109722
PAMr_nr_mas_08_2_C02,PA14_71260,PA5398,NA,"putative oxidoreductase, FMN-binding",0.6551550070150213,-0.527296385940102
PAMr_nr_mas_08_2_C03,PA14_14330,PA3842,PA3842,NA,0.28495895722685854,-0.04678840868845023
PAMr_nr_mas_08_2_C04,PA14_65940,PA4986,NA,putative NADH:flavin oxidoreductase,0.23315012386072373,-1.5628393992511311
PAMr_nr_mas_08_2_C05,PA14_63780,PA4824,NA,conserved hypothetical protein,1.3691152900102084,-1.2085222578807677
PAMr_nr_mas_08_2_C06,PA14_04180,PA0320,NA,conserved hypothetical protein,0.21261116360796325,-1.5917424227679764
PAMr_nr_mas_08_2_C07,PA14_53980,PA0793,NA,conserved hypothetical protein,-0.29458574230157414,-1.353170823417486
PAMr_nr_mas_08_2_C08,PA14_10660,PA4120,NA,putative transcriptional regulator,-1.1906412877028827,-1.066926174049876
PAMr_nr_mas_08_2_C09,PA14_04680,PA0358,NA,putative phosphate acyltransferase,-1.3488463721285882,-1.5637902643491517
PAMr_nr_mas_08_2_C10,PA14_27330,PA2843,NA,putative phospho-2-dehydro-3-deoxyheptonate aldolase,-0.0680567550210424,-0.7833587753046223
PAMr_nr_mas_08_2_C11,PA14_44580,PA1536,NA,conserved hypothetical protein,0.3891647069202638,-0.996359195556152
PAMr_nr_mas_08_2_C12,PA14_43910,PA1591,NA,conserved hypothetical protein,-0.7149403341409758,-0.686708182718984
PAMr_nr_mas_08_2_D01,PA14_23280,PA3166,pheA,prephenate dehydratase,0.5574673534884391,1.2096472741155233
PAMr_nr_mas_08_2_D02,PA14_41390,PA1793,ppiB,peptidyl-prolyl cis-trans isomerase B,0.7343652067573267,-0.8537053755525609
PAMr_nr_mas_08_2_D03,NA,NA,NA,NA,0.5055031606890535,-0.9017820147451873
PAMr_nr_mas_08_2_D04,PA14_71340,PA5404,NA,hypothetical protein,-1.0034109160796674,-0.7417264507911902
PAMr_nr_mas_08_2_D05,PA14_08640,PA4278,NA,conserved hypothetical protein,-0.39114055768795186,-0.8317848439298076
PAMr_nr_mas_08_2_D06,PA14_05870,PA0450,NA,putative phosphate transporter,0.32737260955335684,-0.5730825273327061
PAMr_nr_mas_08_2_D07,PA14_22870,PA3196,NA,conserved hypothetical protein,-0.9736614112974907,-0.2958493845805432
PAMr_nr_mas_08_2_D08,PA14_66510,PA5030,NA,putative MFS transporter,-1.0073419191438144,-1.719637224965079
PAMr_nr_mas_08_2_D09,NA,NA,NA,NA,-0.6667724832740703,-1.0352109980333872
PAMr_nr_mas_08_2_D10,PA14_23480,PA3140,NA,putative competence protein,-2.0307778230499887,-0.12537407528062017
PAMr_nr_mas_08_2_D11,PA14_05360,PA0411,pilJ,type IV pili methyl-accepting chemotaxis transducer PilJ,-0.5924989010341596,-0.9069535730035018
PAMr_nr_mas_08_2_D12,PA14_18710,PA3527,pyrC,"dihydroorotase, homodimeric type",1.5834607312044653,0.09134711550176439
PAMr_nr_mas_08_2_E02,PA14_31890,PA2527,NA,putative RND efflux transporter,0.060490370438921484,-0.628276069880135
PAMr_nr_mas_08_2_E03,PA14_46030,PA1423,NA,putative chemotaxis transducer,0.051506822147697966,-0.8880106471447845
PAMr_nr_mas_08_2_E04,PA14_57100,PA4393,NA,putative permease,0.599340493767669,-1.1284328656584113
PAMr_nr_mas_08_2_E05,PA14_40010,PA1896,NA,hypothetical protein,-0.16602068949713517,-1.3759409255901973
PAMr_nr_mas_08_2_E06,PA14_19960,PA3412,NA,conserved hypothetical protein,-0.8267660638493035,-0.1664302431841749
PAMr_nr_mas_08_2_E07,PA14_24270,PA3083,pepN,aminopeptidase N,-1.2001747308287827,-1.3990978443788664
PAMr_nr_mas_08_2_E08,PA14_37170,NA,NA,NA,-1.2743121628989438,-1.3118287932449495
PAMr_nr_mas_08_2_E09,PA14_60930,PA4605,NA,conserved hypothetical protein,-0.32563757226760137,-1.3617774531922193
PAMr_nr_mas_08_2_E10,PA14_47280,PA1311,phnX,2-phosphonoacetaldehyde hydrolase,-1.513644842019381,-1.1144853323490171
PAMr_nr_mas_08_2_E11,PA14_40790,PA1836,NA,putative transcriptional regulator,0.42812267880086396,-0.7386424445703026
PAMr_nr_mas_08_2_E12,PA14_26770,PA2884,NA,putative protease,-1.0661370392591376,-0.763072945755444
PAMr_nr_mas_08_2_F01,PA14_64270,PA4858,NA,"putative branched-chain amino acid ABC transporter, periplasmic component",0.9203899442941168,-0.2623459465492895
PAMr_nr_mas_08_2_F02,NA,"PA0594, PA0595",NA,NA,-0.20478292962507524,-2.1024696322566228
PAMr_nr_mas_08_2_F03,PA14_61330,PA4635,NA,"putative magnesium transporter, MgtC family",0.44448302945751433,-1.0314035186268031
PAMr_nr_mas_08_2_F04,PA14_44480,PA1545,NA,conserved hypothetical protein,0.06224651978125354,-1.6979358343872921
PAMr_nr_mas_08_2_F05,PA14_69640,PA5275,NA,putative CyaY protein,0.8553814545006948,-1.6569919806109095
PAMr_nr_mas_08_2_F06,PA14_69670,PA5277,lysA,diaminopimelate decarboxylase,-0.7089818366135604,-1.2483234323194559
PAMr_nr_mas_08_2_F07,PA14_17700,PA3601,NA,"putative ribosomal protein, L31P family",-0.8725577089390496,-1.0484074423304675
PAMr_nr_mas_08_2_F08,PA14_53070,PA0865,hpd,4-hydroxyphenylpyruvate dioxygenase,-1.6800499788669712,-0.9164451275454212
PAMr_nr_mas_08_2_F10,PA14_01460,PA0119,NA,putative dicarboxylate transporter,-1.7224139257324593,-1.4546908251171238
PAMr_nr_mas_08_2_F11,PA14_59370,NA,NA,Hypothetical protein,-1.0696402534489569,-0.6914382076131341
PAMr_nr_mas_08_2_F12,PA14_65480,PA4956,rhdA,thiosulfate sulfurtransferase,0.017998377224731202,-0.5452465575366562
PAMr_nr_mas_08_2_G01,PA14_14680,PA3818,NA,inositol-1-monophosphatase,0.674299204773449,0.2079790596633796
PAMr_nr_mas_08_2_G02,PA14_73310,PA5560,atpB,ATP synthase A chain,0.2727071363546834,-1.0331605483587614
PAMr_nr_mas_08_2_G03,PA14_13010,PA3931,NA,conserved hypothetical protein,-0.10181017625740632,-1.312439412638217
PAMr_nr_mas_08_2_G04,PA14_52210,PA0932,cysM,cysteine synthase B,0.07588872911952485,-2.200035012635771
PAMr_nr_mas_08_2_G05,PA14_59290,NA,pilQ2,type IV B pilus protein,-0.018258220454699537,-1.3145770182064418
PAMr_nr_mas_08_2_G06,PA14_59100,NA,NA,Conserved Hypothetical Protein,-0.4872856879614936,-1.1035257178969893
PAMr_nr_mas_08_2_G07,PA14_72880,PA5524,NA,putative short chain dehydrogenase,-0.9353565223967497,-0.5411627545331132
PAMr_nr_mas_08_2_G08,PA14_15860,PA3754,NA,putative NUDIX hydrolase,-0.6488316281020962,-0.9806487647134365
PAMr_nr_mas_08_2_G09,PA14_08490,PA0663,NA,conserved hypothetical protein,-1.0045668381667512,-1.335377844607682
PAMr_nr_mas_08_2_G10,PA14_56060,PA4314,purU1,formyltetrahydrofolate deformylase,-1.3471370073264028,-1.6380554796795348
PAMr_nr_mas_08_2_G11,PA14_05250,PA0401,NA,noncatalytic dihydroorotase-like protein noncataly,0.26987639705438254,0.677059250015894
PAMr_nr_mas_08_2_G12,PA14_39270,PA1951,NA,conserved hypothetical protein,0.5153132763810451,-0.5591501082037852
PAMr_nr_mas_08_2_H01,PA14_44830,PA1517,NA,putative polysaccharide deacetylase,-0.09860680381574209,-0.0014310174838322687
PAMr_nr_mas_08_2_H02,PA14_09960,PA4169,NA,putative transcriptional regulator,0.9280439647022433,-0.8263868787530363
PAMr_nr_mas_08_2_H03,PA14_38610,PA2002,NA,putative short-chain fatty acid transporter,1.1091627963687711,-0.5906073761643204
PAMr_nr_mas_08_2_H04,PA14_62580,PA4729,panB,3-methyl-2-oxobutanoate hydroxymethyltransferase,-0.026167851368588787,-2.2174828785901357
PAMr_nr_mas_08_2_H05,PA14_20030,PA3406,hasD,transport protein HasD,1.478447967369194,-1.0769416849866231
PAMr_nr_mas_08_2_H06,PA14_62920,PA4757,NA,putative transmembrane protein,-0.06347708050262338,-1.012106495761889
PAMr_nr_mas_08_2_H07,PA14_55730,PA4288,NA,"putative transcriptional regulator, AraC family",1.3573781530293567,-0.9917004171469056
PAMr_nr_mas_08_2_H08,PA14_23310,PA3164,NA,prephenate dehydrogenase,0.8521133064495471,0.2984058270015778
PAMr_nr_mas_08_2_H09,PA14_41190,PA1805,ppiD,putative peptidyl-prolyl cis-trans isomerase D,0.3602055390684863,-2.3302365756480197
PAMr_nr_mas_08_2_H10,PA14_24070,PA3097,xcpX,general secretion pathway protein K,-0.254651629869005,-0.5875920336053327
PAMr_nr_mas_08_2_H11,PA14_42010,PA1742,NA,putative glutamine amidotransferase,1.0122994021986167,-0.6786470040642416
PAMr_nr_mas_08_2_H12,PA14_47640,PA1282,NA,putative major facilitator superfamily (MFS) transporter,-0.3366460138280098,0.1713664601458059
PAMr_nr_mas_08_3_A01,PA14_63380,PA4798,NA,conserved hypothetical protein,1.260104036308433,0.139473140403705
PAMr_nr_mas_08_3_A02,PA14_47640,PA1282,NA,putative major facilitator superfamily (MFS) transporter,-0.0305223964411912,0.4710040318686682
PAMr_nr_mas_08_3_A03,PA14_73400,PA5567,NA,putative GTPase for tRNA modification and thiophene and furan oxidation,-0.9644652963890445,-0.1599986348052474
PAMr_nr_mas_08_3_A04,PA14_15100,PA3787,NA,putative peptidase,0.3553660075996661,-1.8702258070083237
PAMr_nr_mas_08_3_A05,PA14_72320,PA5478,NA,putative spore maturation protein,1.4056137730633071,-0.09143629884673915
PAMr_nr_mas_08_3_A06,PA14_36760,PA2150,NA,putative KU domain protein,0.782390705926704,-0.8167381868273597
PAMr_nr_mas_08_3_A07,PA14_26590,PA2897,NA,"putative transcriptional regulator, GntR family",1.0220197252957324,-0.3350613553579622
PAMr_nr_mas_08_3_A08,PA14_14660,PA3819,NA,putative outer membrane protein,1.141121565075,-0.479932394230538
PAMr_nr_mas_08_3_A09,PA14_30360,PA2609,NA,putative anthranilate phosphoribosyltransferase,-0.1268929047723494,-0.36893075780140655
PAMr_nr_mas_08_3_A10,PA14_49750,PA1131,NA,probable MFS transporter,1.3828863729121963,-1.534691520715791
PAMr_nr_mas_08_3_A11,PA14_54370,PA0767,lepA,GTP-binding protein LepA,1.4065589662984728,-0.4409396387306038
PAMr_nr_mas_08_3_A12,PA14_53150,PA0860,NA,probable ATP-binding/permease fusion ABC transporter,-0.14521632116859573,-0.23186736118039822
PAMr_nr_mas_08_3_B01,PA14_65030,PA4924,NA,putative metalloendopeptidase-related membrane protein,0.5941439951152261,-0.4855984524561142
PAMr_nr_mas_08_3_B02,PA14_69030,PA5227,NA,conserved hypothetical protein,0.49768043233419973,-1.017656013289432
PAMr_nr_mas_08_3_B03,PA14_35670,PA2237,NA,putative glycosyl hydrolase,0.5189427689934866,-1.2981045268029023
PAMr_nr_mas_08_3_B04,PA14_21570,PA3284,NA,conserved hypothetical protein,1.2631667591000617,-1.2604311521473348
PAMr_nr_mas_08_3_B05,PA14_10670,PA4119,aph,aminoglycoside 3'-phosphotransferase type IIb,0.8963467889418548,-1.2570993507116892
PAMr_nr_mas_08_3_B06,PA14_07650,PA0586,NA,putative sporulation protein,0.8388512744837494,-0.6357248364263789
PAMr_nr_mas_08_3_B07,PA14_01110,PA0091,PA0091,Hypothetical protein,0.5098651032327747,-1.8781934665726456
PAMr_nr_mas_08_3_B08,PA14_07500,PA0575,NA,conserved hypothetical protein,2.1958418419805534,-1.3534780130395327
PAMr_nr_mas_08_3_B09,PA14_64900,PA4913,NA,putative binding protein component of ABC transporter,-0.9004666326694563,-1.0769416849866231
PAMr_nr_mas_08_3_B10,PA14_53420,PA0838,NA,probable glutathione peroxidase,1.4320255831005033,-1.4975529930797544
PAMr_nr_mas_08_3_B11,PA14_43130,PA1654,NA,putative aminotransferase,0.6519586285401113,-1.0940615463590555
PAMr_nr_mas_08_3_B12,PA14_27680,NA,NA,conserved hypothetical protein,0.7313842752228618,0.6154920237488241
PAMr_nr_mas_08_3_C01,PA14_17890,PA3588,NA,putative porin,0.26118750211261255,-1.1647729808474236
PAMr_nr_mas_08_3_C02,PA14_20970,PA3331,cyp23,cytochrome P450,0.3312992015781849,-1.2801529123153377
PAMr_nr_mas_08_3_C03,PA14_55810,PA4296,NA,putative two-component response regulator,1.278779540255976,-0.9322942817194709
PAMr_nr_mas_08_3_C04,PA14_30260,PA2618,NA,putative arginyl-tRNA:protein arginylyltransferase,1.1743898181555075,-1.181519821006866
PAMr_nr_mas_08_3_C05,PA14_61680,PA4664,NA,putative methyl transferase,0.7679343755884916,-0.61120272445615
PAMr_nr_mas_08_3_C06,PA14_12750,PA3951,NA,conserved hypothetical protein,1.4533255504099474,-1.8728806424566085
PAMr_nr_mas_08_3_C07,PA14_51930,PA0953,NA,probable thioredoxin,0.855037518958308,-2.7099719801234476
PAMr_nr_mas_08_3_C08,PA14_61550,PA4653,NA,conserved hypothetical protein,0.5238392605934299,-1.0857913321673047
PAMr_nr_mas_08_3_C09,PA14_26930,PA2873,NA,transglutaminase-like domain protein,1.067737633866699,-1.6290873302670321
PAMr_nr_mas_08_3_C10,PA14_46110,PA1418,NA,putative sodium:solute symport protein,0.6066799419847291,-1.5138937972223676
PAMr_nr_mas_08_3_C11,PA14_01330,PA0109,NA,conserved hypothetical protein,-0.26676970474933787,-1.3550141721332645
PAMr_nr_mas_08_3_C12,PA14_72430,PA5488,NA,putative hydrolase,1.7383582394474144,-0.8105023006363108
PAMr_nr_mas_08_3_D01,PA14_05550,PA0427,oprM,major intrinsic multiple antibiotic resistance efflux outer membrane protein OprM precursor,1.0037397786226019,-0.7523912097095825
PAMr_nr_mas_08_3_D02,NA,NA,NA,NA,0.8814656206066939,-0.27645981501122163
PAMr_nr_mas_08_3_D03,PA14_70680,PA5354,glcE,glycolate oxidase subunit GlcE,0.752395964353489,-0.8099356891512346
PAMr_nr_mas_08_3_D04,PA14_71650,PA5429,aspA,aspartate ammonia-lyase,0.8593353606244056,-1.4130304525848774
PAMr_nr_mas_08_3_D05,PA14_15520,NA,NA,NA,1.4694092268112295,-1.833827936023697
PAMr_nr_mas_08_3_D06,PA14_42100,PA1735,NA,putative permease,1.442214723505357,-1.4928466852806117
PAMr_nr_mas_08_3_D07,PA14_44880,PA1513,NA,putative membrane protein,0.3917570915850647,-2.3146201375006332
PAMr_nr_mas_08_3_D08,PA14_44980,PA1504,NA,"putative transcriptional regulator, TetR family",0.5464586076572894,-2.3519469341522186
PAMr_nr_mas_08_3_D09,PA14_22540,NA,NA,putative flavodoxin,0.7359427746039142,-1.6934100669510774
PAMr_nr_mas_08_3_D10,PA14_23830,PA3115,fimV,pilus assembly protein,0.7164583663471591,-0.9423996332466715
PAMr_nr_mas_08_3_D11,PA14_01660,PA0134,NA,putative guanine deaminase,-0.4834540622579771,-0.025583466220172955
PAMr_nr_mas_08_3_D12,PA14_04210,PA0322,NA,putative amino acid transporter,-0.06387518058111212,0.34221197445052975
PAMr_nr_mas_08_3_E01,PA14_07820,PA0600,NA,putative histidine kinase,0.1692211951925034,-0.14150997175243454
PAMr_nr_mas_08_3_E02,NA,NA,NA,NA,0.25305439373468613,-0.964395224846835
PAMr_nr_mas_08_3_E03,PA14_09270,PA4226,pchE,pyochelin synthetase,-0.7270955216942734,-0.8312164325353157
PAMr_nr_mas_08_3_E04,PA14_27550,PA2824,NA,putative sensor/response regulator hybrid,1.2133334058530718,-1.160592793326831
PAMr_nr_mas_08_3_E05,PA14_20850,PA3341,NA,"putative transcriptional regulator, MarR family",0.23504848762011574,-1.4207833090314166
PAMr_nr_mas_08_3_E06,PA14_44420,PA1551,NA,putative ferredoxin,0.891561292664955,2.043914778258846
PAMr_nr_mas_08_3_E07,PA14_67150,PA5084,NA,putative amino acid oxidase,0.06536735157851724,-1.1053017370986733
PAMr_nr_mas_08_3_E08,PA14_38440,PA2015,NA,putative isovaleryl-CoA dehydrogenase,-0.4526731205328501,-2.0066411482525295
PAMr_nr_mas_08_3_E09,PA14_01250,PA0103,NA,putative sulfate transporter,-1.2035148563228026,-1.7144484206792505
PAMr_nr_mas_08_3_E10,PA14_50970,PA1033,NA,probable glutathione S-transferase,-1.0277300514492291,-1.201911620868712
PAMr_nr_mas_08_3_E11,PA14_42200,PA1728,NA,conserved hypothetical protein,-0.6913601324900468,-0.7912643010117912
PAMr_nr_mas_08_3_E12,PA14_25580,PA2975,rluC,ribosomal large subunit pseudouridine synthase C,-1.1861179646480084,-0.18705291483929587
PAMr_nr_mas_08_3_F01,PA14_03840,PA0294,aguR,transcriptional regulator AguR,-0.14723314604600668,0.21868097023815364
PAMr_nr_mas_08_3_F02,PA14_67840,PA5137,NA,putative ABC-type amino acid transporter,0.18359025987973085,-0.4635009259129234
PAMr_nr_mas_08_3_F03,PA14_27270,PA2847,NA,putative permease,0.8207214538302762,-1.2392569581553312
PAMr_nr_mas_08_3_F04,PA14_32290,PA2503,NA,conserved hypothetical protein,0.05326548390300777,-0.3045141814162025
PAMr_nr_mas_08_3_F05,PA14_56390,PA4338,NA,putative acyltransferase,0.8541775977242798,-0.6880990204290054
PAMr_nr_mas_08_3_F06,PA14_45000,PA1502,gcl,glyoxylate carboligase,0.04896566357446701,-0.0014310174838322687
PAMr_nr_mas_08_3_F07,PA14_30460,PA2600,NA,putative flavin-dependent oxidoreductase,0.11779893111925246,-1.736853854598701
PAMr_nr_mas_08_3_F08,PA14_53500,PA0833,NA,hypothetical protein,0.7628755172569219,-1.4425390833264544
PAMr_nr_mas_08_3_F09,PA14_54220,PA0778,icp,inhibitor of cysteine peptidase,-0.15975193085970682,-0.8708360882217816
PAMr_nr_mas_08_3_F10,PA14_05590,PA0430,metF,"5,10-methylenetetrahydrofolate reductase",-0.1755368823116922,-1.6882414963061534
PAMr_nr_mas_08_3_F11,PA14_15870,PA3753,NA,putative acetyltransferase,0.21737152818240912,-1.643185523131244
PAMr_nr_mas_08_3_F12,PA14_70170,PA5314,NA,conserved hypothetical protein,-1.024018194021672,0.1987227447202369
PAMr_nr_mas_08_3_G01,PA14_53940,PA0796,prpB,carboxyphosphonoenolpyruvate phosphonomutase,-0.18811224558816994,0.75446650533785
PAMr_nr_mas_08_3_G02,NA,NA,NA,NA,0.7964666939860503,-0.07338916968198968
PAMr_nr_mas_08_3_G03,PA14_73200,PA5551,NA,hypothetical,0.7203249450785676,-0.4691531204136442
PAMr_nr_mas_08_3_G04,PA14_48280,PA1237,NA,putative multidrug resistance efflux pump,0.7403228303329911,-0.964395224846835
PAMr_nr_mas_08_3_G05,NA,NA,NA,NA,1.4108105771207153,1.1707468360067474
PAMr_nr_mas_08_3_G06,PA14_20070,PA3403,NA,putative membrane protein,-0.12548562210406886,-2.0682099003835375
PAMr_nr_mas_08_3_G07,PA14_33190,PA2431,NA,hypothetical protein,-0.5992148801259924,-2.180199629284548
PAMr_nr_mas_08_3_G08,PA14_60000,NA,NA,Conserved hpothetical protein,0.16883756993369664,-1.9449611468840478
PAMr_nr_mas_08_3_G09,PA14_40670,PA1843,metH,methionine synthase,1.065409729250713,1.442886267531512
PAMr_nr_mas_08_3_G10,PA14_60460,PA4568,rplU,ribosomal protein L21,-0.6591085337977193,-1.4307200542531444
PAMr_nr_mas_08_3_G11,PA14_47040,PA1331,NA,"putative membrane protein, TerC family",0.06127094185797134,-1.1695535289224648
PAMr_nr_mas_08_3_G12,PA14_36870,PA2142,NA,putative short-chain dehydrogenase,-0.48068822951512563,0.06653255925303682
PAMr_nr_mas_08_3_H01,PA14_14210,PA3850,NA,hypothetical protein,0.7291037846885187,3.0891958069350878
PAMr_nr_mas_08_3_H02,PA14_25940,PA2946,NA,putative membrane protein,-0.4180395837992711,0.22353983830563914
PAMr_nr_mas_08_3_H03,PA14_71090,PA5382,NA,"putative transcriptional regulator, LysR family",-0.763925331760035,-0.9259501270857141
PAMr_nr_mas_08_3_H04,PA14_44500,PA1543,apt,adenine phosphoribosyltransferase,-1.1713802574452992,0.044120726434066185
PAMr_nr_mas_08_3_H05,PA14_55980,PA4308,NA,NA,-0.6444635700238608,-0.8482897546034784
PAMr_nr_mas_08_3_H06,PA14_28990,PA2720,NA,hypothetical protein,-0.9826406013407395,-0.7428482591208136
PAMr_nr_mas_08_3_H07,PA14_55820,PA4297,NA,putative membrane protein,-1.0883571229572768,-1.24378866394519
PAMr_nr_mas_08_3_H08,PA14_50710,PA1056,NA,probable NADH dehydrogenase,-0.8922853271578437,-1.6840449621398723
PAMr_nr_mas_08_3_H09,PA14_54130,PA0784,NA,probable transcriptional regulator,-0.7817520268986936,-1.3892077827912634
PAMr_nr_mas_08_3_H10,PA14_58930,NA,RL113,conserved hypothetical protein,-1.1068949095353877,-1.3534780130395327
PAMr_nr_mas_08_3_H11,PA14_71030,PA5378,NA,"putative glycine betaine/L-proline ABC transporter, periplasmic component",-0.7501443484811082,-0.524037871121657
PAMr_nr_mas_08_3_H12,PA14_16140,PA3732,NA,conserved hypothetical protein,-0.5283024186295978,-0.39311418492577344
PAMr_nr_mas_08_4_A01,PA14_04240,PA0325,NA,putative permease of ABC transporter,0.9604276501536805,0.15347579978810905
PAMr_nr_mas_08_4_A02,PA14_23160,PA3176,gltS,sodium/glutamate symporter,0.7527455645364561,0.8811597359873171
PAMr_nr_mas_08_4_A03,PA14_59400,NA,NA,Conserved hypothetical protein,1.7317804184075387,0.31926736563748315
PAMr_nr_mas_08_4_A04,PA14_01690,PA0138,NA,putative permease of ABC transporter,2.380780578697223,-0.8295114871950635
PAMr_nr_mas_08_4_A05,PA14_54210,PA0779,NA,probable ATP-dependent protease,1.954972070386616,-0.6470517616031609
PAMr_nr_mas_08_4_A06,PA14_18470,PA3547,algL,poly(beta-d-mannuronate) lyase precursor AlgL,1.0820187280227216,-0.9986897982828364
PAMr_nr_mas_08_4_A07,PA14_40120,PA1886,polB,DNA polymerase II,0.6627842242722662,-1.530905318607713
PAMr_nr_mas_08_4_A08,PA14_22040,PA3243,minC,cell division inhibitor MinC,1.2230722506870342,-0.327938810089267
PAMr_nr_mas_08_4_A09,PA14_10940,PA4094,NA,"putative transcriptional regulator, AraC family",1.123844477858954,-0.799179151631392
PAMr_nr_mas_08_4_A10,PA14_36960,PA2135,NA,putative Na+/H+ antiporter,1.4798493658801022,-0.7279994977149602
PAMr_nr_mas_08_4_A11,PA14_31850,PA2529,NA,putative protease,2.8397790508934477,0.31639376514760514
PAMr_nr_mas_08_4_A12,PA14_22660,PA3213,NA,"ABC-type transporter, periplasmic component",2.0935993197918745,0.2899949250934355
PAMr_nr_mas_08_4_B01,PA14_44350,PA1556,NA,putative cytochrome c oxidase subunit,1.4106531613469333,0.32381471778670395
PAMr_nr_mas_08_4_B02,PA14_10680,PA4118,NA,putative periplasmic protein,1.1022224293372398,-0.08990931033040565
PAMr_nr_mas_08_4_B03,NA,NA,NA,NA,1.0328953505997471,-0.4069725192828849
PAMr_nr_mas_08_4_B04,PA14_61720,PA4667,NA,conserved hypothetical protein,1.5195810327174546,-0.19247688505969388
PAMr_nr_mas_08_4_B05,PA14_49440,PA1157,NA,probable two-component response regulator,1.1078414126289569,-0.8343432912302713
PAMr_nr_mas_08_4_B06,PA14_37730,PA2070,NA,putative TonB dependent receptor,1.2082957486435302,-1.009479378009043
PAMr_nr_mas_08_4_B07,PA14_66570,PA5036,gltB,glutamate synthase large chain precursor,0.33615729902635577,-0.12614157207022303
PAMr_nr_mas_08_4_B08,PA14_41780,PA1762,NA,putative peptidase,1.7115553820298692,-1.246509157194704
PAMr_nr_mas_08_4_B09,PA14_36840,PA2144,glgP,glycogen phosphorylase,1.1784747376717835,-0.5449742266651362
PAMr_nr_mas_08_4_B10,PA14_45940,PA1432,lasI,autoinducer synthesis protein LasI,1.1437500977786983,-0.7997448555062839
PAMr_nr_mas_08_4_B11,PA14_38180,PA2037,NA,hypothetical protein,2.2837195324331776,0.3914209164830927
PAMr_nr_mas_08_4_B12,PA14_41000,PA1820,nhaB,sodium/proton antiporter NhaB,1.7628150816781982,-0.2440942642039436
PAMr_nr_mas_08_4_C01,PA14_08390,PA0654,speD,S-adenosylmethionine decarboxylase proenzyme,1.3632494622496627,-0.40483860401350347
PAMr_nr_mas_08_4_C02,PA14_05820,PA0446,NA,putative acyl-CoA transferase,0.29699899106715216,-0.633516932319587
PAMr_nr_mas_08_4_C03,PA14_72360,PA5481,NA,conserved hypothetical protein,0.03898656620195533,-0.03870243187654212
PAMr_nr_mas_08_4_C04,PA14_29980,PA2640,nuoE,NADH dehydrogenase I chain E,0.7787362221936527,-1.0982004789973152
PAMr_nr_mas_08_4_C05,PA14_16820,PA3676,NA,putative efflux transmembrane protein,1.4318686979615634,-1.1245721359670906
PAMr_nr_mas_08_4_C06,PA14_19730,PA3427,NA,"putative oxidoreductase, short-chain dehydrogenase/reductase family",1.3729172251693451,-1.335377844607682
PAMr_nr_mas_08_4_C07,PA14_45680,PA1452,flhA,flagellar biosynthesis protein FlhA,1.1193941086620383,-0.5840301930282743
PAMr_nr_mas_08_4_C08,PA14_68820,PA5210,NA,putative general secretory pathway related protein,1.535804842464796,-0.8471501806172945
PAMr_nr_mas_08_4_C09,PA14_71470,PA5416,soxB,"sarcosine oxidase, beta subunit",1.535496208571249,-1.6428647804860324
PAMr_nr_mas_08_4_C10,NA,NA,NA,NA,1.398362563808791,-0.2370675757298222
PAMr_nr_mas_08_4_C11,PA14_30230,PA2620,clpA,"ATP-dependent clp protease, ATP-binding subunit ClpA",2.1797058589606513,-1.1887098527775943
PAMr_nr_mas_08_4_C12,PA14_50020,PA1111,NA,hypothetical protein,0.8821505858017369,0.0774622713038867
PAMr_nr_mas_08_4_D01,PA14_70790,PA5364,NA,putative two-component response regulator,1.684486993125005,0.8378643652021381
PAMr_nr_mas_08_4_D02,PA14_16390,PA3710,NA,putative glucose-methanol-choline oxidoreductase,0.6688100771091767,0.19506541835944874
PAMr_nr_mas_08_4_D03,PA14_28140,PA2779,NA,hypothetical protein,0.015247064966162105,0.9024836309876484
PAMr_nr_mas_08_4_D04,PA14_11120,PA4080,NA,putative regulator of capsule synthesis,1.3241097670863688,0.22426836515158596
PAMr_nr_mas_08_4_D05,PA14_07280,PA0559,NA,putative periplasmic protein,2.4906973580238567,-1.0781209638135645
PAMr_nr_mas_08_4_D06,PA14_04700,PA0360,NA,hypothetical protein,2.388599633910253,-0.5224092069126861
PAMr_nr_mas_08_4_D07,PA14_01980,PA0159,NA,"putative transcriptional regulator, LysR family",2.2459324291357543,-0.6825373984711565
PAMr_nr_mas_08_4_D08,PA14_31780,PA2534,NA,"putative transcriptional regulator, LysR family",1.1093279497980577,-0.16154165869093823
PAMr_nr_mas_08_4_D09,PA14_10870,PA4099,NA,putative porin,1.3236309456953252,-1.2217631019992616
PAMr_nr_mas_08_4_D10,PA14_07800,PA0598,NA,putative DnaJ-like protein DjlA,1.5200451519779943,-0.2560826326147558
PAMr_nr_mas_08_4_D11,NA,NA,NA,NA,1.183046696750488,0.9217705691651076
PAMr_nr_mas_08_4_D12,PA14_01810,PA0147,NA,putative dioxygenase,1.4024621016136771,-0.7641983288202222
PAMr_nr_mas_08_4_E01,PA14_05850,PA0448,NA,"putative transcriptional regulator, LysR family",0.7020255732704983,0.7146331724598778
PAMr_nr_mas_08_4_E02,PA14_70740,PA5359,NA,putative exported protein,0.7248914724552069,1.8612992509143527
PAMr_nr_mas_08_4_E03,PA14_14860,PA3804,NA,conserved hypothetical protein,-1.1250161737301265,-0.7909818003693817
PAMr_nr_mas_08_4_E04,PA14_17400,PA3629,adhC,alcohol dehydrogenase class III,0.9120449485604356,-0.45677832480559005
PAMr_nr_mas_08_4_E05,PA14_41500,PA1784,NA,putative lyase,0.626685577152781,-0.6332409953808056
PAMr_nr_mas_08_4_E06,PA14_20380,PA3378,phnI,putative phosphonate metabolism protein,0.8696382016649241,-0.3316310379508553
PAMr_nr_mas_08_4_E07,PA14_62280,PA4706,NA,putative ATP-binding component of ABC transporter,1.5963119389788938,0.30032683947047273
PAMr_nr_mas_08_4_E08,PA14_36120,PA2210,NA,putative MFS transporter,0.5314484486180453,0.4065625270444151
PAMr_nr_mas_08_4_E09,PA14_31840,PA2530,NA,putative protease,0.4807281222034999,0.07646939644422865
PAMr_nr_mas_08_4_E10,PA14_42740,PA1683,NA,putative sugar aldolase,1.0013880366810355,-0.2987364071580001
PAMr_nr_mas_08_4_E11,PA14_70600,PA5348,NA,putative DNA-binding protein HU family,0.3758155209779317,0.4508444254493978
PAMr_nr_mas_08_4_E12,PA14_05110,PA0391,NA,conserved hypothetical protein,0.783260507892052,-0.7425677894554444
PAMr_nr_mas_08_4_F01,PA14_58810,PA4532,NA,conserved hypothetical protein,0.08483750811587165,-0.1435617537530496
PAMr_nr_mas_08_4_F02,PA14_37640,PA2078,NA,conserved hypothetical protein,0.15847082405092414,-0.41711789452177134
PAMr_nr_mas_08_4_F03,PA14_41170,PA1806,fabI,NADH-dependent enoyl-ACP reductase,-0.3710415938398144,-0.780819690215896
PAMr_nr_mas_08_4_F04,PA14_43770,PA1603,NA,putative transcriptional regulator,-0.29851049627157356,-1.4784345566898447
PAMr_nr_mas_08_4_F05,PA14_00820,PA0070,NA,conserved hypothetical protein,0.20212564855114135,-1.2133340877807655
PAMr_nr_mas_08_4_F06,PA14_44240,PA1566,NA,putative glutamine synthetase,1.6234577026704526,-1.9328938304991188
PAMr_nr_mas_08_4_F07,PA14_31480,PA2556,NA,"putative transcriptional regulator, AraC family",0.37080225501932795,-0.8386095390213404
PAMr_nr_mas_08_4_F08,PA14_39690,PA1920,NA,putative ribonucleotide reductase,0.08678120944200982,-0.6561824635775425
PAMr_nr_mas_08_4_F09,PA14_37070,PA2127,NA,putative phosphoadenosine phosphosulfate sulfotransferase,1.5498316706177886,-0.7448118750941922
PAMr_nr_mas_08_4_F10,PA14_10190,PA4157,NA,putative transcriptional regulator,1.4444071465183868,-0.31924373162346614
PAMr_nr_mas_08_4_F11,PA14_31760,PA2536,NA,putative phosphatidate cytidylyltransferase,0.31501589183887907,0.14635529127163133
PAMr_nr_mas_08_4_F12,PA14_30320,PA2613,NA,putative ATPase associated with chromosome architecture,0.7219060417156945,0.2562454912327498
PAMr_nr_mas_08_4_G01,PA14_73040,PA5538,amiA,N-acetylmuramoyl-L-alanine amidase,0.7938624075787822,0.810328437259624
PAMr_nr_mas_08_4_G02,PA14_30730,PA2581,NA,hypothetical protein,0.4721433953457996,0.0388805102302059
PAMr_nr_mas_08_4_G03,PA14_65470,PA4955,NA,conserved hypothetical protein,0.5984448522946604,-0.12051529980004207
PAMr_nr_mas_08_4_G04,PA14_04140,PA0317,NA,"putative oxidoreductase, FAD-binding",0.9899527520862222,-0.5004608433233709
PAMr_nr_mas_08_4_G05,PA14_29940,PA2642,nuoG,NADH dehydrogenase I chain G,-0.28035327123382664,-1.3323148525847965
PAMr_nr_mas_08_4_G06,PA14_60590,PA4580,NA,conserved hypothetical protein,0.7532699283401894,-0.2871957622324275
PAMr_nr_mas_08_4_G07,PA14_68530,PA5188,NA,"putative 3-hydroxyacyl-CoA dehydrogenase, NAD binding domain",0.4505384169112251,-0.605154867797959
PAMr_nr_mas_08_4_G08,PA14_71110,PA5384,NA,putative esterase/lipase,1.0460881244462887,-0.9429775418257986
PAMr_nr_mas_08_4_G09,PA14_04530,PA0346,NA,hypothetical protein,0.18607755952476338,-0.5264816088754145
PAMr_nr_mas_08_4_G10,PA14_43000,PA1660,NA,conserved hypothetical protein,1.0173290330200948,-0.02709588467316149
PAMr_nr_mas_08_4_G11,PA14_39000,PA1974,NA,conserved hypothetical protein,-0.2643031174228666,0.5376141238659901
PAMr_nr_mas_08_4_G12,PA14_51330,PA1004,nadA,quinolinate synthetase A,1.0042436088210738,-0.35382717170790434
PAMr_nr_mas_08_4_H01,PA14_37570,PA2083,NA,"ring-hydroxylating dioxygenase, large terminal subunit",-0.6501426379110558,-0.11080829082439618
PAMr_nr_mas_08_4_H02,PA14_24910,PA3028,moeA2,molybdenum cofactor biosynthesis protein A2,0.13903513488296226,0.02413606028452464
PAMr_nr_mas_08_4_H03,PA14_27850,PA2806,NA,putative GTP cyclohydrolase,0.25002543131540234,-0.6567362389767143
PAMr_nr_mas_08_4_H04,PA14_68750,PA5205,NA,conserved hypothetical protein,0.23599745445220832,-0.864549747721279
PAMr_nr_mas_08_4_H05,PA14_40160,PA1883,NA,putative NADH-ubiquinone/plastoquinone oxidoreductase,-0.48451816836378,-0.22018159252478092
PAMr_nr_mas_08_4_H06,PA14_71140,PA5386,NA,putative 3-hydroxyacyl-CoA dehydrogenase,-0.04816937575222569,-0.36707409927004164
PAMr_nr_mas_08_4_H07,PA14_66290,PA5015,aceA,"pyruvate dehydrogenase, E1 component",-0.18973670800732204,0.06006571505733341
PAMr_nr_mas_08_4_H08,NA,NA,NA,NA,-1.2714166532720594,0.7432380949064988
PAMr_nr_mas_08_4_H09,PA14_61400,PA4640,mqo,malate:quinone oxidoreductase,-1.2912292826686527,0.010612684376529336
PAMr_nr_mas_08_4_H10,PA14_01220,NA,NA,Hypothetical protein,-0.008977109915833156,0.3935522711595411
PAMr_nr_mas_08_4_H11,PA14_59710,NA,cupD1,putative fimbrial protein precursor,-0.14078158394746693,-0.3564744659024966
PAMr_nr_mas_08_4_H12,PA14_57740,PA4445,NA,conserved hypothetical protein,-0.29706424903457396,0.014121362693285814
PAMr_nr_mas_09_1_A01,PA14_12530,PA3969,NA,conserved hypothetical protein,2.5433657711061213,0.534600694171888
PAMr_nr_mas_09_1_A02,PA14_13610,PA3888,NA,putative permease component of an ABC-type transpo,2.0550739524609534,0.5137012903123958
PAMr_nr_mas_09_1_A03,PA14_53550,PA0828,NA,probable transcriptional regulator,1.3279390251261334,0.21576395968300904
PAMr_nr_mas_09_1_A04,PA14_02140,PA0171,NA,conserved hypothetical protein,2.1221985494120568,0.6750160843544292
PAMr_nr_mas_09_1_A05,PA14_71720,PA5435,NA,putative transcarboxylase subunit,1.233605658919551,0.05857248090503736
PAMr_nr_mas_09_1_A06,PA14_28450,PA2755,eco,ecotin precursor,0.9338208247470232,-0.024071388581089738
PAMr_nr_mas_09_1_A07,PA14_11140,PA4078,NA,putative nonribosomal peptide synthetase,0.023301079542836316,-0.3303121519061617
PAMr_nr_mas_09_1_A08,PA14_54920,NA,NA,putative non-ribosomal peptide synthetase,0.08153183525211352,0.4731102614987337
PAMr_nr_mas_09_1_A09,PA14_21750,PA3267,NA,putative acetyltransferase,-0.15389326513679563,0.7022072734546265
PAMr_nr_mas_09_1_A10,PA14_40020,NA,NA,hypothetical protein,0.43474548038382743,-0.011483974917600892
PAMr_nr_mas_09_1_A11,PA14_60630,PA4582,NA,putative stomatin/prohibitin,0.5941439951152261,0.8840215129971808
PAMr_nr_mas_09_1_A12,PA14_03110,PA0252,NA,hypothetical protein,1.2528442583274937,-0.417652286789651
PAMr_nr_mas_09_1_B01,NA,NA,NA,NA,0.30225925945318677,1.2606113349555743
PAMr_nr_mas_09_1_B02,PA14_72250,PA5474,NA,putative metalloprotease,0.6842029085509755,0.6840920624845053
PAMr_nr_mas_09_1_B03,PA14_49810,PA1126,NA,hypothetical protein,0.4629978122365796,0.397812950614961
PAMr_nr_mas_09_1_B04,PA14_25000,PA3020,NA,putative soluble lytic transglycosylase,-0.5635508391941294,0.8840215129971808
PAMr_nr_mas_09_1_B05,PA14_31660,PA2544,NA,putative acetyltransferase,0.2906055959520839,0.8877619961211481
PAMr_nr_mas_09_1_B06,PA14_38190,PA2036,NA,hypothetical protein,0.5862514358390681,0.8741101576030528
PAMr_nr_mas_09_1_B07,PA14_10360,PA4141,NA,conserved hypothetical protein,-0.19603546992499407,0.2567288231142546
PAMr_nr_mas_09_1_B08,PA14_36420,PA2177,NA,putative histidine kinase,-0.0529366090017136,0.8776358725745824
PAMr_nr_mas_09_1_B09,PA14_43220,PA1646,NA,putative methyl-accepting chemotaxis transducer,0.006395392419019968,0.5996671284690387
PAMr_nr_mas_09_1_B10,PA14_55800,PA4295,NA,putative pilus assembly protein,-0.49175887324765244,0.3128000331106189
PAMr_nr_mas_09_1_B11,NA,NA,NA,NA,0.1931514122964699,1.435997674841233
PAMr_nr_mas_09_1_B12,PA14_54340,PA0769,NA,hypothetical protein,0.6889723365360215,-0.1630850374851353
PAMr_nr_mas_09_1_C01,PA14_25360,PA2993,NA,putative thiamine biosynthesis lipoprotein,1.5938661155869425,0.5239269095237725
PAMr_nr_mas_09_1_C02,PA14_15820,PA3758,NA,putative N-acetylglucosamine-6-phosphate deacetylase,-0.362059740120953,0.6390454734041778
PAMr_nr_mas_09_1_C03,PA14_66410,PA5023,NA,conserved hypothetical protein,1.348799356220563,1.4701684599656972
PAMr_nr_mas_09_1_C04,PA14_13360,PA3907,NA,hypothetical protein,0.6712896318365906,0.39402581360913774
PAMr_nr_mas_09_1_C05,PA14_43400,PA1633,kdpA,"potassium-transporting ATPase, A chain",0.465925847468168,0.9514690400966039
PAMr_nr_mas_09_1_C06,PA14_32060,PA2519,xylS,transcriptional regulator XylS,0.24036085675006183,0.5074187547614253
PAMr_nr_mas_09_1_C07,PA14_60520,PA4573,NA,conserved hypothetical protein,-0.3478820342512788,-0.2898168937142058
PAMr_nr_mas_09_1_C08,PA14_09630,PA4199,NA,putative acyl-CoA dehydrogenase,-0.39596549684739923,0.11261448421870558
PAMr_nr_mas_09_1_C09,PA14_71220,PA5394,cls,cardiolipin synthase,-0.5238031497387535,0.8396370024037407
PAMr_nr_mas_09_1_C10,PA14_71700,PA5433,NA,"putative acetyltransferase, GNAT family",0.24718445225363203,-0.1258857300529165
PAMr_nr_mas_09_1_C11,PA14_15260,PA3774,NA,putative deacetylase,0.5020478072509779,0.7540177294877592
PAMr_nr_mas_09_1_C12,PA14_04140,PA0317,NA,"putative oxidoreductase, FAD-binding",0.3406383650889292,-0.7509869831672566
PAMr_nr_mas_09_1_D01,PA14_07580,PA0581,NA,putative transmembrane protein,-0.4717607741601576,0.4447377181355339
PAMr_nr_mas_09_1_D02,PA14_57510,PA4426,NA,putative secreted lipoprotein,0.5565657226500293,-0.018026483093924267
PAMr_nr_mas_09_1_D03,PA14_23420,NA,ORF_10,NA,0.02918772690037031,0.48876922494642805
PAMr_nr_mas_09_1_D04,PA14_65080,PA4928,NA,putative radical SAM domain protein,-1.0757171223347555,-0.5812916016475168
PAMr_nr_mas_09_1_D05,PA14_69990,PA5302,dadX,catabolic alanine racemase,-0.48068822951512563,0.9399109971367248
PAMr_nr_mas_09_1_D06,PA14_69380,PA5254,NA,"putative peptidyl-prolyl cis-trans isomerase, FkbP-type",-0.7510325326056698,0.621903090305731
PAMr_nr_mas_09_1_D07,PA14_20190,PA3393,nosD,"copper ABC transporter, periplasmic copper-binding protein",-1.061002522473003,-0.47023026890427566
PAMr_nr_mas_09_1_D08,PA14_32520,PA2483,NA,putative flavin-dependent oxidoreductase,2.2521313455000738,2.6763652634966952
PAMr_nr_mas_09_1_D09,PA14_30160,PA2625,NA,putative NUDIX hydrolase,-0.3863193209193344,-0.6775358769697981
PAMr_nr_mas_09_1_D10,PA14_46860,PA1346,NA,putative lysine decarboxylase,0.8476383473053478,-0.6481578518567109
PAMr_nr_mas_09_1_D11,PA14_20770,PA3347,NA,putative anti-sigma F factor antagonist,0.3482861340487782,-0.034158348288870106
PAMr_nr_mas_09_1_D12,PA14_05020,PA0384,NA,hypothetical protein,0.03506886413477154,-0.47831439884239413
PAMr_nr_mas_09_1_E01,PA14_56800,PA4368,NA,hypothetical protein,1.127633048325005,-0.284575654230377
PAMr_nr_mas_09_1_E02,PA14_13450,PA3900,NA,"putative transmembrane sensor protein, FecR",0.5666566050316968,0.35532205865291616
PAMr_nr_mas_09_1_E03,PA14_08350,PA0650,trpD,anthranilate phosphoribosyltransferase,-1.298493443898665,0.9222082650334986
PAMr_nr_mas_09_1_E05,PA14_69130,PA5235,glpT,glycerol-3-phosphate transporter,1.1076762201198638,1.1705359493682008
PAMr_nr_mas_09_1_E06,PA14_29470,PA2679,NA,conserved hypothetical protein,-0.8825271534185154,0.8181121278426099
PAMr_nr_mas_09_1_E07,PA14_06290,PA0482,glcB,malate synthase G,-0.4719731852721506,-0.0662853160910698
PAMr_nr_mas_09_1_E08,PA14_69060,PA5230,NA,putative permease of ABC transporter,-0.12850161388318906,-0.38327084602920813
PAMr_nr_mas_09_1_E09,PA14_24060,PA3098,xcpW,general secretion pathway protein J,-1.1460268562683449,-0.10621513057719727
PAMr_nr_mas_09_1_E10,PA14_55650,PA4282,sbcC,putative exonuclease,0.46006841183422503,-0.44845164232291135
PAMr_nr_mas_09_1_E11,PA14_27270,PA2847,NA,putative permease,0.06712213848746644,-0.21058851615132546
PAMr_nr_mas_09_1_E12,PA14_00640,PA0051,phzH,potential phenazine-modifying enzyme,0.19945381196347858,-0.8085193697276933
PAMr_nr_mas_09_1_F01,PA14_73060,PA5540,NA,putative carbonic anhydrase-related protein,0.8912193319885279,0.3947360646294333
PAMr_nr_mas_09_1_F02,PA14_20640,PA3358,NA,putative membrane protein,-0.5364521518344163,0.8321000580608846
PAMr_nr_mas_09_1_F03,PA14_10240,PA4152,NA,putative hydrolase,0.13556502768666018,0.42449892400063555
PAMr_nr_mas_09_1_F04,PA14_65750,PA4974,NA,putative outer membrane efflux protein precursor,-0.8269908224565854,-0.42406831581204185
PAMr_nr_mas_09_1_F05,PA14_53820,PA0807,NA,hypothetical protein,-0.19522237154000388,0.8818202544044573
PAMr_nr_mas_09_1_F06,PA14_17470,PA3623,NA,putative lipoprotein NlpD,-1.0298189353228464,0.06504076366930192
PAMr_nr_mas_09_1_F07,PA14_22410,PA3230,NA,conserved hypothetical protein,-0.7677092747058115,0.19262609286072585
PAMr_nr_mas_09_1_F08,PA14_56200,PA4326,NA,putative lipoprotein,0.06673222819277572,-0.969325174747114
PAMr_nr_mas_09_1_F09,PA14_47920,PA1260,NA,putative binding protein component of ABC transporter,-0.23784828050042317,0.3202249590613481
PAMr_nr_mas_09_1_F10,PA14_38640,PA2000,NA,"putative CoA transferase, subunit B",-0.8891065831317652,-0.30845642728955264
PAMr_nr_mas_09_1_F11,PA14_29640,PA2664,fhp,flavohemoprotein,1.6353161795848232,-0.02709588467316149
PAMr_nr_mas_09_1_F12,PA14_48420,PA1226,NA,putative transcriptional regulator,-0.31796385047307274,-0.1800856749679965
PAMr_nr_mas_09_1_G01,PA14_16000,PA3742,rplS,50S ribosomal protein L19,-1.5116394112692921,0.9431841617882248
PAMr_nr_mas_09_1_G02,PA14_59920,NA,NA,Conserved hypothetical protein,0.6409364170615137,0.25576212453408365
PAMr_nr_mas_09_1_G03,PA14_11700,PA4030,NA,conserved hypothetical protein,-0.5790884408971301,-0.33400568628864535
PAMr_nr_mas_09_1_G04,PA14_33570,PA2406,NA,conserved hypothetical protein,-0.2405092304620683,-0.37715928359565565
PAMr_nr_mas_09_1_G05,PA14_27410,PA2837,NA,putative outer membrane protein precursor,-0.5255167770469816,-0.8582692910544739
PAMr_nr_mas_09_1_G06,PA14_18050,PA3576,NA,hypothetical protein,-1.0628691340395164,-1.8022230662537095
PAMr_nr_mas_09_1_G07,PA14_41680,PA1769,NA,conserved hypothetical protein,-1.5766392987994664,-0.6545214115413387
PAMr_nr_mas_09_1_G08,PA14_59090,NA,NA,Conserved Hypothetical Protein,0.8051398607738004,-0.837471607699148
PAMr_nr_mas_09_1_G09,PA14_32640,PA2474,NA,hypothetical protein,-0.6823481281478949,-0.5085814984449725
PAMr_nr_mas_09_1_G10,PA14_04840,PA0368,NA,putative hydrolase,-0.5146004018471574,-0.9360459216943864
PAMr_nr_mas_09_1_G11,PA14_21900,PA3255,NA,putative HAD-superfamily hydrolase,1.3746590102169312,-0.7923944225316105
PAMr_nr_mas_09_1_G12,PA14_23070,PA3183,zwf,glucose-6-phosphate 1-dehydrogenase,1.523911479796621,-0.6761472267903842
PAMr_nr_mas_09_1_H01,PA14_64140,PA4850,prmA,ribosomal protein L11 methyltransferase,-0.6922400448907076,1.0490241818464052
PAMr_nr_mas_09_1_H02,PA14_44760,PA1522,NA,putative xanthine dehydrogenase accessory factor X,-0.2415329729059085,0.47053589104397725
PAMr_nr_mas_09_1_H03,PA14_47120,PA1324,NA,hypothetical protein,0.10754126199060585,0.1713664601458059
PAMr_nr_mas_09_1_H04,PA14_10160,PA4160,fepD,ferric enterobactin transport protein FepD,-0.9426783172374835,-0.3358532161666239
PAMr_nr_mas_09_1_H05,PA14_48340,PA1232,NA,putative membrane protein,-0.005623485877494217,-0.22900896006879604
PAMr_nr_mas_09_1_H06,NA,NA,NA,NA,-1.4968690944874385,-0.4369188077855567
PAMr_nr_mas_09_1_H07,PA14_30760,PA2578,NA,putative acetyltransferase,-0.21028175142595887,-0.16231330371427635
PAMr_nr_mas_09_1_H08,PA14_56530,PA4347,NA,putative beta-lactamase,0.9869222779858271,-0.0988216459585788
PAMr_nr_mas_09_1_H09,PA14_42640,PA1691,pscT,translocation protein in type III secretion,-0.7352858988121961,0.13701351774208778
PAMr_nr_mas_09_1_H10,PA14_52340,PA0921,NA,hypothetical protein,0.47561522940719664,0.09407112275739052
PAMr_nr_mas_09_1_H11,PA14_48160,PA1243,NA,putative sensor/response regulator hybrid,0.6181195322732189,-0.20152658983122804
PAMr_nr_mas_09_1_H12,PA14_56830,PA4370,icmP,Insulin-cleaving metalloproteinase outer membrane,0.6758919246653757,0.3515108571259546
PAMr_nr_mas_09_2_A01,PA14_31680,PA2543,NA,putative outer membrane protein,0.8486713131090219,0.407271452386205
PAMr_nr_mas_09_2_A02,PA14_40080,PA1889,NA,hypothetical protein,-0.5441827150817885,-0.06451052718363821
PAMr_nr_mas_09_2_A03,PA14_47860,PA1266,NA,putative oxidoreductase,0.2621325294869857,0.5547417638642986
PAMr_nr_mas_09_2_A04,NA,NA,NA,NA,-0.42731278544951934,0.5090481251815733
PAMr_nr_mas_09_2_A05,PA14_53890,PA0800,NA,hypothetical protein,-1.6999048007770976,0.42049099595652595
PAMr_nr_mas_09_2_A06,PA14_34630,PA2322,gnuT,gluconate permease,-1.2938918333914702,-0.48236011906947723
PAMr_nr_mas_09_2_A07,PA14_23890,PA3110,NA,putative DedD protein,-1.7776038008403503,-0.015761046757219548
PAMr_nr_mas_09_2_A08,PA14_11250,PA4069,NA,putative dTDP-4-rhamnose reductase-related protein,-1.635924261928458,-0.7333188610331584
PAMr_nr_mas_09_2_A09,PA14_40230,PA1877,NA,putative secretion protein,-1.7718539535710647,-0.8739814683568529
PAMr_nr_mas_09_2_A10,PA14_36810,PA2147,katE,catalase HPII,-1.6372026225275211,-0.3458915498881081
PAMr_nr_mas_09_2_A11,PA14_06240,PA0477,NA,"putative transcriptional regulator, LysR family",-1.3991136986088422,-0.10698043897896416
PAMr_nr_mas_09_2_B01,PA14_40440,PA1859,NA,"putative transcriptional regulator, LysR family",-0.48068822951512563,0.39426257230252737
PAMr_nr_mas_09_2_B02,PA14_35110,PA2278,arsB,arsenical pump membrane protein,-0.9623980241609841,0.023885874922250677
PAMr_nr_mas_09_2_B03,PA14_69970,PA5300,cycB,cytochrome c5,-1.259847940219596,-1.0053947937222052
PAMr_nr_mas_09_2_B04,PA14_12980,PA3934,NA,possible membrane protein,-0.8827539156485124,-0.2362872865833005
PAMr_nr_mas_09_2_B05,PA14_66440,PA5025,metY,homocysteine synthase,-1.6152509753408608,-0.5256669307334465
PAMr_nr_mas_09_2_B06,PA14_70400,PA5333,NA,conserved hypothetical protein,-2.4340968423445175,-0.8261028955755596
PAMr_nr_mas_09_2_B07,PA14_34110,PA2362,NA,conserved hypothetical protein,-1.3239843511848746,-0.3952443743112824
PAMr_nr_mas_09_2_B08,PA14_52960,PA0874,NA,hypothetical protein,-0.8490562606413223,-0.722125103315034
PAMr_nr_mas_09_2_B09,PA14_41800,PA1760,NA,putative transcriptional regulator,-1.1904031368647396,-0.5837562835881773
PAMr_nr_mas_09_2_B10,PA14_59600,NA,NA,Hypothetical gene,-1.260329544886911,-0.8648353627428335
PAMr_nr_mas_09_2_B11,PA14_19900,PA3417,NA,"putative pyruvate dehydrogenase E1 component, alpha subunit",-0.13494057244747898,-1.0316963249676094
PAMr_nr_mas_09_2_B12,PA14_57870,PA4455,NA,putative toluene tolerance ABC efflux transporter,0.10850968235761303,-2.297625371536287
PAMr_nr_mas_09_2_C01,PA14_70760,PA5361,phoR,two-component sensor PhoR,-0.5409604910578024,-0.09041826789345626
PAMr_nr_mas_09_2_C02,NA,NA,NA,NA,0.16384830888558657,0.3584170667655525
PAMr_nr_mas_09_2_C03,PA14_59410,NA,NA,Hypothetical Protein,-0.42836742489583,-0.09500062398413738
PAMr_nr_mas_09_2_C04,PA14_34970,PA2290,gcd,glucose dehydrogenase,-1.1297315587588874,0.11409574173200575
PAMr_nr_mas_09_2_C05,PA14_12890,PA3941,NA,possible phosphatase/hydrolase,-1.1863559531136572,-0.14895066838456272
PAMr_nr_mas_09_2_C06,PA14_06060,PA0463,creB,two-component response regulator CreB,-1.7486467603166156,-0.3218774142493176
PAMr_nr_mas_09_2_C07,PA14_33650,PA2399,pvdD,pyoverdine synthetase D,-2.4979909720700553,-1.4637410229280314
PAMr_nr_mas_09_2_C08,PA14_09490,PA4209,phzM,probable phenazine-specific methyltransferase,-1.5473313125523158,-0.7495830504269032
PAMr_nr_mas_09_2_C09,PA14_00720,PA0060,NA,conserved hypothetical protein,-1.611939365933917,0.2376106919184873
PAMr_nr_mas_09_2_C10,PA14_68370,PA5175,cysQ,"3'(2'),5'-bisphosphate nucleotidase",-1.6646220656844137,0.67365362820599
PAMr_nr_mas_09_2_C11,PA14_15030,PA3792,leuA,2-isopropylmalate synthase,-1.5895680991338519,-0.2173281639870285
PAMr_nr_mas_09_2_C12,PA14_16770,PA3680,NA,conserved hypothetical protein,-1.388290666632439,-0.15151834013671472
PAMr_nr_mas_09_2_D01,PA14_33460,PA2415,NA,putative membrane protein,-0.6836661509105686,-0.48262992050124687
PAMr_nr_mas_09_2_D02,PA14_26350,PA2915,NA,putative metallo-beta-lactamase family protein,-0.8393649441139369,-0.06197592848763309
PAMr_nr_mas_09_2_D03,PA14_31110,NA,NA,putative replication initiator and transcriptional,-0.11704853900486792,-0.2788150153385009
PAMr_nr_mas_09_2_D04,PA14_69520,NA,NA,Hypothetical protein,-0.8612479631364482,-0.3100339743775777
PAMr_nr_mas_09_2_D05,PA14_29230,PA2699,NA,putative hydrolase,-1.0876542331886694,0.014622452717258075
PAMr_nr_mas_09_2_D06,PA14_42250,PA1725,pscL,type III export protein PscL,-1.8001311011282395,-0.19557826623788738
PAMr_nr_mas_09_2_D07,PA14_62650,PA4735,NA,conserved hypothetical protein,-1.8546872860468249,0.16793906939260678
PAMr_nr_mas_09_2_D08,PA14_59500,NA,NA,Conserved Hypothetical protein,-1.4176051313648013,-0.49694494253136695
PAMr_nr_mas_09_2_D09,PA14_05030,PA0385,NA,hypothetical protein,-2.091230027645463,0.3914209164830927
PAMr_nr_mas_09_2_D10,PA14_52610,PA0902,NA,possible threonine aldolase,-0.14380492885463128,0.7672440160375631
PAMr_nr_mas_09_2_D11,PA14_35290,PA2265,gnd,gluconate dehydrogenase,-1.5016218477845027,0.2605942253499772
PAMr_nr_mas_09_2_D12,PA14_67500,PA5111,gloA3,lactoylglutathione lyase,-0.7045717750254191,-0.8771283235908521
PAMr_nr_mas_09_2_E01,PA14_62240,PA4702,NA,conserved hypothetical protein,-0.33685390577894103,0.218194889865014
PAMr_nr_mas_09_2_E02,PA14_22820,PA3200,NA,putative PHP domain protein,-1.2917132988838702,-1.1579069044087476
PAMr_nr_mas_09_2_E03,PA14_50950,PA1034,NA,hypothetical protein,0.19162260530877767,-0.3187171191205997
PAMr_nr_mas_09_2_E04,PA14_36280,PA2198,NA,putative antibiotic biosynthesis monooxygenase,-1.2559964312760865,-1.4875168571468098
PAMr_nr_mas_09_2_E05,PA14_42120,PA1734,NA,putative cytochrome c protein,-1.34640456475004,-0.8662636202370033
PAMr_nr_mas_09_2_E06,PA14_35130,PA2277,arsR,arsenic resistance transcriptional regulator,-1.1835006863130253,0.2254824008170009
PAMr_nr_mas_09_2_E07,PA14_47390,PA1301,NA,putative transmembrane sensor,-1.2987357273070312,-1.850347951527462
PAMr_nr_mas_09_2_E08,PA14_59610,NA,NA,Hypothetical protein,-1.8517762163759979,-1.2862328262075042
PAMr_nr_mas_09_2_E09,PA14_21690,PA3272,NA,putative ATP-dependent DNA helicase,-2.0060538146578795,-0.711229139067512
PAMr_nr_mas_09_2_E10,PA14_39440,PA1941,NA,hypothetical protein,-1.7841441117245578,-0.8039891554483403
PAMr_nr_mas_09_2_E11,PA14_07740,PA0593,pdxA,pyridoxal phosphate biosynthetic protein PdxA,-0.1925805282625745,-0.7681386565670386
PAMr_nr_mas_09_2_E12,PA14_52580,PA0904,lysC,aspartate kinase alpha and beta chain,-0.16946105311114715,0.31711228064895397
PAMr_nr_mas_09_2_F01,PA14_18600,PA3538,NA,"putative ABC transporter, ATP-binding protein",-0.3437182019727985,-0.07592808397616412
PAMr_nr_mas_09_2_F02,PA14_20510,NA,NA,hypothetical protein,0.1626963780958226,-0.2759365494042172
PAMr_nr_mas_09_2_F03,PA14_16780,PA3679,NA,putative cytochrome P450,0.09105523696240483,0.2598696320219186
PAMr_nr_mas_09_2_F04,PA14_50540,PA1072,braE,branched-chain amino acid transport protein BraE,-1.0128957608991356,-0.7293989213801639
PAMr_nr_mas_09_2_F05,NA,NA,NA,NA,1.0584208358864138,-1.0881532105824043
PAMr_nr_mas_09_2_F06,PA14_36580,PA2164,NA,putative glycosyl hydrolase,-1.5196649777274853,-0.27227483225577037
PAMr_nr_mas_09_2_F07,PA14_41130,PA1810,NA,putative binding protein component of ABC transporter,-1.3618038182196155,-1.212130806775477
PAMr_nr_mas_09_2_F08,PA14_40260,NA,NA,conserved hypothetical protein,-1.2972821669797432,-0.16720245062020747
PAMr_nr_mas_09_2_F09,PA14_46750,PA1356,NA,conserved hypothetical protein,-1.0843751202414207,-0.5340900450280774
PAMr_nr_mas_09_2_F10,PA14_65770,PA4976,aspC,aspartate transaminase,-1.075015645120725,0.35484577682654606
PAMr_nr_mas_09_2_F11,PA14_45130,PA1491,NA,putative transporter,-0.22762434735845613,0.5992078788276315
PAMr_nr_mas_09_2_F12,PA14_71240,PA5396,NA,putative dipeptidase,-1.492869562552633,0.5847254024540159
PAMr_nr_mas_09_2_G01,PA14_00570,PA0045,NA,putative lipoprotein,-0.9422204550046884,0.9868912171113094
PAMr_nr_mas_09_2_G02,PA14_41140,PA1809,NA,"putative ABC transporter, permease protein",-0.9969416794403658,0.3118413794182916
PAMr_nr_mas_09_2_G03,PA14_60530,PA4574,NA,putative membrane-associated protein,-0.48622111307854043,0.44967049019420563
PAMr_nr_mas_09_2_G04,PA14_03200,PA0260,PA0260,Hypothetical protein,-1.1801711808483313,-0.6614451760164027
PAMr_nr_mas_09_2_G05,PA14_69540,NA,NA,Hypothetical protein,-1.1635500678686277,-0.8808492379952467
PAMr_nr_mas_09_2_G06,PA14_11280,PA4066,NA,putative lipoprotein,-2.1775768264284387,-0.9701955420235159
PAMr_nr_mas_09_2_G07,PA14_04290,PA0328,NA,putative integral membrane protein,-1.5591896307345126,-1.479999593783361
PAMr_nr_mas_09_2_G08,PA14_20420,PA3375,phnL,"phosphonate ABC transporter, ATP-binding protein",-1.350311912193557,-0.5607877156574296
PAMr_nr_mas_09_2_G09,PA14_42790,PA1678,NA,putative DNA methylase,-0.8852488404815184,-1.1821186961474315
PAMr_nr_mas_09_2_G10,PA14_13690,PA3882,NA,putative methyltransferase,-0.8766342062438568,0.28349930385168254
PAMr_nr_mas_09_2_G11,PA14_18820,PA3518,NA,hypothetical protein,-1.6620544258911465,0.505323268404513
PAMr_nr_mas_09_2_G12,PA14_21230,PA3308,hepA,HepA,-0.3875766782352472,-0.4756186065486967
PAMr_nr_mas_09_2_H01,PA14_66580,PA5037,NA,putative Type II secretory pathway protein,-0.8463502031075644,0.9031420537897451
PAMr_nr_mas_09_2_H02,NA,NA,NA,NA,-0.3482985692876691,-0.3480067982334703
PAMr_nr_mas_09_2_H03,PA14_71800,PA5439,NA,putative glucose-6-phosphate dehydrogenase,-0.21680511152571236,0.1470922460974323
PAMr_nr_mas_09_2_H04,PA14_24830,PA3035,NA,putative glutathione S-transferase,-0.5715306406960896,-0.09984095273678364
PAMr_nr_mas_09_2_H05,PA14_60270,PA4548,NA,putative Glycine/D-amino acid oxidases,-1.0284262689120307,-0.27645981501122163
PAMr_nr_mas_09_2_H06,NA,NA,NA,NA,-0.7717182879846857,-0.7224047197962878
PAMr_nr_mas_09_2_H07,PA14_20400,PA3376,phnK,"putative phosphonate ABC transporter, ATP-binding protein",-0.3086435589417981,-0.9014948227869224
PAMr_nr_mas_09_2_H08,PA14_59250,NA,pilN2,Type IV B pilus protein,-1.0991446243526666,-0.7229639877169408
PAMr_nr_mas_09_2_H09,PA14_52490,PA0910,NA,hypothetical protein,-1.458478869076167,-1.5758462329494927
PAMr_nr_mas_09_2_H10,PA14_39390,PA1944,NA,ribosomal protein S6 modification enzyme,-1.6326017411226268,-0.49370112995173393
PAMr_nr_mas_09_2_H11,PA14_46400,PA1380,NA,putative transcriptional regulator,-0.5527834001614021,-0.3947117635630521
PAMr_nr_mas_09_2_H12,PA14_44710,PA1524,xdhA,xanthine dehydrogenase,-0.8224971772309406,0.7804442835016091
PAMr_nr_mas_09_3_A05,PA14_25630,PA2970,rpmF,50S ribosomal protein L32,-1.0119697796164944,-0.9035054246706804
PAMr_nr_mas_09_3_A10,PA14_36320,PA2194,hcnB,NA,-1.1951678695745354,-0.6015836948234
PAMr_nr_mas_09_3_A11,PA14_44360,PA1555,NA,"putative cytochrome c oxidase, cbb3-type, subunit III",-1.1663962805952899,-0.5963677046394182
PAMr_nr_mas_09_3_A12,PA14_46320,PA1400,NA,putative pyruvate carboxylase,-0.18080735775072082,-0.46996096557078854
PAMr_nr_mas_09_3_B01,PA14_73390,PA5566,NA,hypothetical protein,0.8522853566292374,-0.577185809126337
PAMr_nr_mas_09_3_B02,PA14_17590,PA3612,NA,conserved hypothetical protein,1.4177329695831262,-0.32767515725301855
PAMr_nr_mas_09_3_B03,PA14_03450,PA0266,gabT,4-aminobutyrate aminotransferase,0.7392718953992486,-0.5807440174699618
PAMr_nr_mas_09_3_B04,PA14_18330,PA3556,arnT,4-amino-4-deoxy-L-arabinose lipid A transferase,0.03506886413477154,-0.7692648896190202
PAMr_nr_mas_09_3_B05,PA14_31380,PA2563,NA,putative sulfate transporter,-0.6433720298312897,-0.2911278435099171
PAMr_nr_mas_09_3_B06,PA14_70940,PA5372,betA,choline dehydrogenase,-1.7661093634149791,-1.281368454460419
PAMr_nr_mas_09_3_B07,PA14_01580,PA0129,gabP,gamma-aminobutyrate permease,-1.3591123385611374,-0.7028596512353854
PAMr_nr_mas_09_3_B08,PA14_37610,PA2080,NA,putative kynureninase,-1.4401147248700559,-0.8831400574628875
PAMr_nr_mas_09_3_B09,PA14_18380,PA3551,algA,mannose-1-phosphate guanylyltransferase/mannose-6-phosphate isomerase,-0.6858634701211413,-0.09347282422616353
PAMr_nr_mas_09_3_B10,PA14_68660,PA5197,rimK,ribosomal protein S6 modification protein,-1.0080358809456003,0.31423775689743394
PAMr_nr_mas_09_3_B11,PA14_41020,PA1818,NA,putative Orn/Arg/Lys decarboxylase,-0.6333387476052058,0.20286530620260096
PAMr_nr_mas_09_3_B12,PA14_01600,PA0130,NA,putative aldehyde dehydrogenase,-1.333966087042065,-0.5626987629497212
PAMr_nr_mas_09_3_C01,PA14_11070,PA4085,cupB2,chaperone CupB2,0.08289320530392214,-0.577459450482245
PAMr_nr_mas_09_3_C02,PA14_27800,PA2810,NA,putative sensor histidine kinase,0.9193687033827286,-0.22018159252478092
PAMr_nr_mas_09_3_C03,PA14_54430,PA0762,algU,sigma factor AlgU,1.3092493095730064,-0.5023547840047157
PAMr_nr_mas_09_3_C04,PA14_70430,PA5335,NA,putative alpha helix protein,0.47798958993389873,0.48876922494642805
PAMr_nr_mas_09_3_C05,PA14_02700,PA0221,NA,"putative aminotransferase, class III",-1.3140184480197898,-1.4571862124675714
PAMr_nr_mas_09_3_C06,PA14_25330,PA2996,nqrD,Na+-translocating NADH:uniquinone oxidoreductase subunit Nqr4,-0.7891202993208253,-0.6739259840811351
PAMr_nr_mas_09_3_C07,PA14_09530,PA4206,mexH,RND efflux membrane fusion protein precursor,-1.6651357195832128,-1.479999593783361
PAMr_nr_mas_09_3_C08,PA14_29970,PA2641,nuoF,NADH dehydrogenase I chain F,-1.2362944194185221,-0.5370814354437168
PAMr_nr_mas_09_3_C09,NA,NA,NA,NA,0.12069900709350609,1.6502506525242657
PAMr_nr_mas_09_3_C10,PA14_59160,NA,NA,hypothetical protein,-0.09560512473006323,-0.5387136652031682
PAMr_nr_mas_09_3_C11,PA14_40250,PA1875,NA,putative outer membrane protein precursor,-1.2526282966107507,0.014622452717258075
PAMr_nr_mas_09_3_C12,PA14_04790,PA0365,NA,conserved hypothetical protein,-0.894329655021725,-0.8031400806628932
PAMr_nr_mas_09_3_D01,PA14_01270,PA0104,NA,conserved hypothetical protein,-0.2879811669751558,-0.4581223063247045
PAMr_nr_mas_09_3_D02,PA14_57730,PA4444,mltB1,soluble and membrane-bound lytic transglycosylase,0.32793370153461493,-0.6442873333895447
PAMr_nr_mas_09_3_D03,PA14_03050,PA0247,pobA,p-hydroxybenzoate hydroxylase,0.398973099592562,-0.2966366311946962
PAMr_nr_mas_09_3_D04,PA14_61540,PA4652,NA,putative type 1 pili usher protein CsuD,-1.2987357273070312,-0.7887222232943553
PAMr_nr_mas_09_3_D05,NA,NA,NA,NA,-0.10341247514697945,-0.09933127999277902
PAMr_nr_mas_09_3_D06,PA14_61260,PA4629,NA,putative membrane protein,-1.6096477353283716,-1.2828881918591704
PAMr_nr_mas_09_3_D07,PA14_28020,PA2791,NA,hypothetical protein,-0.9683720007183242,0.2885519970164735
PAMr_nr_mas_09_3_D08,PA14_33380,PA2421,NA,hypothetical protein,-1.8427868825522664,0.28927349984056705
PAMr_nr_mas_09_3_D09,PA14_57240,PA4404,NA,putative peptidase,-1.6443662524926979,-0.7546385835924372
PAMr_nr_mas_09_3_D10,PA14_43430,PA1630,NA,"putative transcriptional regulator, IclR family",-0.31029948950067915,0.02038230004267372
PAMr_nr_mas_09_3_D11,PA14_64750,PA4900,NA,putative MFS transporter,0.12784680979245883,0.3524638604662946
PAMr_nr_mas_09_3_D12,PA14_65420,PA4952,NA,putative GTPase,0.032717069795572075,-0.31187491485655316
PAMr_nr_mas_09_3_E01,PA14_66940,PA5066,hisI,phosphoribosyl-AMP cyclohydrolase,-0.24808887749098524,-0.5834823853287386
PAMr_nr_mas_09_3_E02,PA14_52460,PA0913,mgtE,probable Mg transporter MgtE,-0.18608225801383244,0.12001750406494964
PAMr_nr_mas_09_3_E03,PA14_25350,PA2994,nqrF,"Na+-translocating NADH:quinone oxidoreductase, subunit 6",0.6363084385913564,0.07150281725444611
PAMr_nr_mas_09_3_E04,PA14_68830,PA5211,NA,putative membrane protein,-0.20498650389523698,-0.1366395024670217
PAMr_nr_mas_09_3_E05,PA14_60030,NA,NA,Hypothetical protein,0.08483750811587165,-0.7842053505532981
PAMr_nr_mas_09_3_E06,PA14_68300,PA5170,arcD,arginine/ornithine antiporter,-0.4975147949714496,-0.5346338350124116
PAMr_nr_mas_09_3_E07,PA14_17030,PA3659,NA,succinyldiaminopimelate transaminase,-0.783091070235549,-0.021803910812609392
PAMr_nr_mas_09_3_E08,PA14_58300,PA4493,NA,putative DNA-binding response regulator,-1.1934998020773402,-0.9210519307355196
PAMr_nr_mas_09_3_E09,PA14_58560,PA4513,NA,Sulfite reductase,1.115435576840758,2.8598552488394944
PAMr_nr_mas_09_3_E10,PA14_48870,PA1192,NA,putative ATPase of the PP-loop superfamily,0.5918131343243733,0.2385800088588461
PAMr_nr_mas_09_3_E11,PA14_08020,PA0617,NA,putative baseplate assembly protein W,-0.053135322238814085,0.10890990922922159
PAMr_nr_mas_09_3_E12,PA14_11580,PA4041,NA,putative racemase,-0.041223638021342233,0.5127709153921179
PAMr_nr_mas_09_3_F01,PA14_18410,PA3550,algF,alginate O-acetyltransferase,0.542664243896665,0.19530930214409378
PAMr_nr_mas_09_3_F02,PA14_69570,PA5268,corA,magnesium/cobalt transport protein,-0.12628974503172913,0.10718040738574328
PAMr_nr_mas_09_3_F03,PA14_38250,PA2032,NA,"putative transcriptional regulator, GntR",-1.3510448104372823,-0.010980969182133841
PAMr_nr_mas_09_3_F04,NA,NA,NA,NA,-0.224151996486658,-0.15203199241299534
PAMr_nr_mas_09_3_F05,PA14_52150,PA0936,lpxO2,lipopolysaccharide biosynthetic protein LpxO2,0.5928890236765876,-1.2670997222031812
PAMr_nr_mas_09_3_F06,PA14_65280,PA4942,hflK,protease subunit HflK,-0.8938753024535229,-1.1094476108839562
PAMr_nr_mas_09_3_F07,PA14_43650,PA1613,NA,putative outer membrane receptor protein,-1.2856657745112063,-1.2136349417502865
PAMr_nr_mas_09_3_F08,PA14_07940,PA0609,trpE,anthranilate synthetase component I,0.7997639078896385,0.17797148832148732
PAMr_nr_mas_09_3_F09,PA14_11630,PA4036,NA,probable two-component sensor,-0.7545865251980151,0.6367623510589125
PAMr_nr_mas_09_3_F10,PA14_43090,NA,NA,hypothetical protein,0.44723620179317264,0.7261348447235346
PAMr_nr_mas_09_3_F11,PA14_26810,PA2882,NA,putative two-component sensor histidine kinase,-0.9205103427922406,0.6838653125813593
PAMr_nr_mas_09_3_F12,PA14_29400,PA2684,NA,putative Rhs family protein,-1.3767502573120372,-0.241230650977872
PAMr_nr_mas_09_3_G01,PA14_50970,PA1033,NA,probable glutathione S-transferase,0.005214226639134227,1.186334083774151
PAMr_nr_mas_09_3_G02,PA14_23090,PA3181,eda,2-keto-3-deoxy-6-phosphogluconate aldolase,-0.28014724036084726,-0.006958280158811679
PAMr_nr_mas_09_3_G03,NA,NA,NA,NA,-0.21619325871948158,0.39520952354711214
PAMr_nr_mas_09_3_G04,PA14_16370,PA3712,NA,putative membrane protein,-0.07802410035442456,-0.47804477087104974
PAMr_nr_mas_09_3_G05,NA,NA,NA,NA,-1.0619357589376508,-0.6769803824119216
PAMr_nr_mas_09_3_G06,PA14_01800,PA0146,NA,putative basic membrane protein (bmp),-0.9858670329420496,-1.1213070987855565
PAMr_nr_mas_09_3_G07,PA14_57850,PA4454,NA,conserved hypothetical protein,-1.0794596574138307,-1.4102416156483784
PAMr_nr_mas_09_3_G08,PA14_48090,PA1248,aprF,alkaline protease secretion outer membrane protein AprF precursor,-0.28694982893067866,-0.5332744426721092
PAMr_nr_mas_09_3_G09,PA14_53950,PA0795,prpC,citrate synthase 2,-2.474575256952704,-1.4699896582056888
PAMr_nr_mas_09_3_G10,PA14_14960,PA3797,NA,putative amidohydrolase,-1.1302032919588003,0.3989959927217256
PAMr_nr_mas_09_3_G11,PA14_65850,PA4981,NA,"putative amino acid ABC transporter, permease protein",0.4984085390055451,1.4398480542305883
PAMr_nr_mas_09_3_G12,PA14_30260,PA2618,NA,putative arginyl-tRNA:protein arginylyltransferase,-1.3647412933905885,0.3767198263418399
PAMr_nr_mas_09_3_H01,PA14_38840,PA1984,NA,NAD+ dependent acetaldehyde dehydrogenase,0.4681209787636831,0.8323218537707572
PAMr_nr_mas_09_3_H02,PA14_15700,PA3766,NA,putative amino acid permease,-0.2521897943434902,-0.39071852991997486
PAMr_nr_mas_09_3_H03,PA14_63190,PA4779,NA,putative membrane protein,-0.9104804949483659,-0.0230635260869049
PAMr_nr_mas_09_3_H04,PA14_31130,NA,NA,conserved hypothetical protein,0.2158486038939877,-0.589784875620933
PAMr_nr_mas_09_3_H05,PA14_18060,PA3575,NA,putative cytochrome B561,-0.45987719822989986,0.6463462489452679
PAMr_nr_mas_09_3_H06,PA14_63090,PA4771,lldD,L-lactate dehydrogenase,-0.26122124436029787,-0.08863708529047402
PAMr_nr_mas_09_3_H07,PA14_23400,NA,ORF_8,NA,-0.31340553610920585,0.2487493917217176
PAMr_nr_mas_09_3_H08,PA14_38380,PA2020,NA,putative transcriptional regulator,-0.9665332490263351,-0.44228045130535626
PAMr_nr_mas_09_3_H09,PA14_43070,PA5267,hcpA,secreted protein Hcp,0.10308460475316439,0.07050906013345418
PAMr_nr_mas_09_3_H10,PA14_60580,PA4579,NA,conserved hypothetical protein,-1.0346957001523371,-0.1607701023947267
PAMr_nr_mas_09_3_H11,PA14_35930,NA,PAGI-1(11),Hypothetical protein,-0.18811224558816994,0.11310827305607866
PAMr_nr_mas_09_3_H12,PA14_23970,PA3105,xcpQ,general secretion pathway protein D,-0.2064117085030595,0.0967940246332852
PAMr_nr_mas_09_4_A02,PA14_25060,PA3015,NA,hypothetical protein,0.3521996818838629,0.8538012669235217
PAMr_nr_mas_09_4_A03,PA14_27940,PA2798,NA,putative two-component response regulator,-0.8639604460480537,0.042623939341528055
PAMr_nr_mas_09_4_A04,PA14_42430,PA1710,exsC,exoenzyme S synthesis protein C precursor,0.3609497516233008,0.0642947414874204
PAMr_nr_mas_09_4_A05,PA14_53220,PA0854,fumC2,fumarate hydratase,-0.3063673667996084,0.038131573736549185
PAMr_nr_mas_09_4_A06,PA14_41530,PA1781,nirB,assimilatory nitrite reductase large subunit,0.1346007687970131,-0.3662785457083778
PAMr_nr_mas_09_4_A07,PA14_48790,PA1199,NA,putative lipoprotein,0.5379632831981279,0.45600730204363654
PAMr_nr_mas_09_4_A08,PA14_30180,PA2624,idh,monomeric isocitrate dehydrogenase,0.25702769219489263,0.35365492433651013
PAMr_nr_mas_09_4_A09,PA14_48890,PA0727,NA,conserved hypothetical protein,-0.2729404128535459,-0.15897014930559258
PAMr_nr_mas_09_4_A10,PA14_49060,PA1189,NA,"putative peptidase, SprT family",-0.5398867835023988,0.10050529286897227
PAMr_nr_mas_09_4_A11,PA14_64860,PA4909,NA,"putative ranched-chain amino acid ABC transporter, ATP-binding protein",0.2994418062348676,-0.28143287449624865
PAMr_nr_mas_09_4_A12,PA14_36020,PA4689,PAGI-1(3),NA,-1.668989462923345,-1.057219512203148
PAMr_nr_mas_09_4_B01,PA14_23200,PA3173,NA,"putative oxidoreductase, short-chain dehydrogenase/reductase family",-0.8371132903890441,0.6021924398076052
PAMr_nr_mas_09_4_B02,PA14_06200,PA0474,NA,putative thioesterase,1.043084611860278,0.018880207768807167
PAMr_nr_mas_09_4_B03,PA14_24510,PA3061,NA,hypothetical protein,0.4845600631984864,-0.3303121519061617
PAMr_nr_mas_09_4_B05,PA14_26960,PA2871,NA,putative acyl-CoA thioesterase,-0.03131445625776617,0.2962440303953162
PAMr_nr_mas_09_4_B06,PA14_52870,PA0882,NA,predicted acyl-CoA transferases/carnitine dehydratase,0.011904565277759996,-0.7884398296530046
PAMr_nr_mas_09_4_B07,PA14_69720,PA5281,NA,putative hydrolase,0.003835919188902463,0.2782019223307609
PAMr_nr_mas_09_4_B08,PA14_66450,PA5026,NA,conserved hypothetical protein,0.46885251880079437,-1.2404651138136218
PAMr_nr_mas_09_4_B09,PA14_10890,PA4098,NA,putative short-chain dehydrogenase,-0.5493417132053094,-0.7785635319941582
PAMr_nr_mas_09_4_B10,PA14_53050,PA0866,aroP2,aromatic amino acid transport protein AroP2,0.6507151531856381,-0.24539631068285403
PAMr_nr_mas_09_4_B11,PA14_69390,PA5255,algQ,alginate regulatory protein AlgQ,0.020748485219661127,-0.41097544042289597
PAMr_nr_mas_09_4_B12,PA14_01860,PA0150,NA,putative transmembrane sensor,-0.10882325264874924,0.4112872818572962
PAMr_nr_mas_09_4_C01,PA14_44650,PA1530,NA,hypothetical protein,-0.6296348464568184,-0.7048115982043264
PAMr_nr_mas_09_4_C02,PA14_35490,PA2250,lpdV,lipoamide dehydrogenase-Val,-0.920966625616449,0.2538283094674186
PAMr_nr_mas_09_4_C03,PA14_45310,PA1480,ccmF,cytochrome C-type biogenesis protein CcmF,-1.2468585488289678,1.3755211805963075
PAMr_nr_mas_09_4_C04,PA14_31630,PA2547,NA,"putative transcriptional regulator, LysR family",0.10637896048515645,0.16328480859992298
PAMr_nr_mas_09_4_C05,PA14_00510,NA,NA,putative hemagglutinin,0.051506822147697966,0.00910840328190961
PAMr_nr_mas_09_4_C06,PA14_29740,PA2656,NA,putative two-component sensor,-1.0145165565966678,-1.2277903156516143
PAMr_nr_mas_09_4_C07,PA14_12400,PA3976,NA,possible thiamin-phosphate pyrophosphorylase,0.39453346014153706,0.8730079916525725
PAMr_nr_mas_09_4_C08,PA14_34960,PA2291,oprB,carbohydrate-selective porin,-0.6416259598616223,0.007854578043654428
PAMr_nr_mas_09_4_C09,PA14_13830,PA3872,narI,respiratory nitrate reductase gamma chain,0.42480865830674963,-0.7751807163910169
PAMr_nr_mas_09_4_C10,PA14_14810,PA3808,NA,conserved hypothetical protein,-0.8233956492025334,-0.4045719123138608
PAMr_nr_mas_09_4_C11,PA14_66270,PA5014,glnE,glutamate-ammonia-ligase adenylyltransferase,1.1947879092056923,-0.2890304467567246
PAMr_nr_mas_09_4_C12,PA14_56540,PA4348,NA,putative flavoprotein,-0.16076259801434709,0.3010470773832576
PAMr_nr_mas_09_4_D01,PA14_04560,PA0348,NA,conserved hypothetical protein,0.6036377965194073,-0.010729480453657717
PAMr_nr_mas_09_4_D02,PA14_60710,PA4588,gdhA,NADP-glutamate dehydrogenase,0.48237066880864843,0.4306240695724639
PAMr_nr_mas_09_4_D03,PA14_29160,PA2705,NA,conserved hypothetical protein,-0.2257858049110567,-0.588414265385142
PAMr_nr_mas_09_4_D04,PA14_04860,PA0370,NA,putative methyltransferase,-0.858310760848865,0.2644574021731824
PAMr_nr_mas_09_4_D05,PA14_09340,PA4221,fptA,Fe(III)-pyochelin outer membrane receptor precursor,-0.9027411094126097,-1.569181046550506
PAMr_nr_mas_09_4_D06,PA14_02810,PA0229,pcaT,dicarboxylic acid transporter PcaT,-0.4902674576043562,-0.2898168937142058
PAMr_nr_mas_09_4_D07,PA14_40650,PA1845,NA,hypothetical protein,-0.8018677035668043,-1.115374734763735
PAMr_nr_mas_09_4_D08,PA14_71870,PA5443,uvrD,DNA helicase II,1.9051169663845346,-1.476869884534448
PAMr_nr_mas_09_4_D09,PA14_00850,PA0072,NA,putative permease,0.7537942483855552,-1.1776284348828512
PAMr_nr_mas_09_4_D10,PA14_55600,PA0670,NA,hypothetical protein,-0.015097154046692924,-1.0958350620315949
PAMr_nr_mas_09_4_D11,PA14_13710,PA3881,NA,conserved hypothetical protein,-0.14239385351922593,-0.6700405777722274
PAMr_nr_mas_09_4_D12,PA14_30030,PA2636,NA,conserved hypothetical protein,0.6995581210574295,-0.4718463159175859
PAMr_nr_mas_09_4_E01,PA14_09910,PA4174,NA,putative transcriptional regulator,-0.6885012679361926,-0.46780692791077716
PAMr_nr_mas_09_4_E02,PA14_40570,PA1851,NA,putative two-component response regulator,-0.07343715754905489,-0.2064444026862074
PAMr_nr_mas_09_4_E03,PA14_42690,PA1687,speE,spermidine synthase,0.45640473961946715,-0.4532852321406916
PAMr_nr_mas_09_4_E04,PA14_16050,PA3737,dsbC,thiol:disulfide interchange protein DsbC,-0.6385715045332748,-0.011232467336547149
PAMr_nr_mas_09_4_E05,PA14_20680,PA3355,NA,putative MFS transporter,-0.6033346764962905,0.38905195034797935
PAMr_nr_mas_09_4_E06,PA14_37630,PA2079,NA,putative amino acid permease,-0.8146410231954591,0.06006571505733341
PAMr_nr_mas_09_4_E07,PA14_35460,PA2252,NA,NA,-0.3951261107886887,-1.8229469634045297
PAMr_nr_mas_09_4_E08,PA14_25100,PA3012,NA,conserved hypothetical protein,0.7041397613292546,-1.2271873506057873
PAMr_nr_mas_09_4_E09,PA14_65520,PA4958,NA,conserved hypothetical protein,0.8515971276407702,-1.1115215087548913
PAMr_nr_mas_09_4_E10,PA14_09790,PA4182,NA,putative transcriptional regulator,-0.7792978550601133,-1.0150267223324854
PAMr_nr_mas_09_4_E11,PA14_55050,NA,NA,hypothetical outer membrane protein,0.4292269639674543,-0.6625536416186504
PAMr_nr_mas_09_4_E12,PA14_46520,NA,NA,NA,0.10037030833013226,-0.7235233022548953
PAMr_nr_mas_09_4_F01,PA14_31040,NA,NA,putative cation efflux system protein,-0.7815288807517154,0.2760336057554469
PAMr_nr_mas_09_4_F02,PA14_12820,PA3946,NA,probable two-component sensor,1.382253881205442,0.4663211532446554
PAMr_nr_mas_09_4_F03,PA14_70770,PA5362,NA,putative metal ion transporter,-0.4558503719212514,-0.4425486459738641
PAMr_nr_mas_09_4_F04,PA14_54720,NA,NA,hypothetical protein,-1.2997049543797832,-0.3337417949698378
PAMr_nr_mas_09_4_F05,PA14_64650,PA4891,ureE,urease accessory protein UreE,-0.30574673021228066,-0.4096408680308219
PAMr_nr_mas_09_4_F06,PA14_24290,PA3082,gbt,glycine betaine transmethylase,-0.35392449670818715,-1.3947691486655616
PAMr_nr_mas_09_4_F07,PA14_22570,PA3221,csaA,putative chaperone protein,-0.8431946083214639,-1.405905727418851
PAMr_nr_mas_09_4_F08,PA14_58320,PA4494,NA,putative two-component sensor,-0.09920731175573187,-2.115190198166725
PAMr_nr_mas_09_4_F09,PA14_56140,PA4321,NA,hypothetical protein,-0.20865196911749767,-0.8702643592981596
PAMr_nr_mas_09_4_F10,PA14_66270,PA5014,glnE,glutamate-ammonia-ligase adenylyltransferase,1.5447486368386263,-1.453443479355003
PAMr_nr_mas_09_4_F11,PA14_68920,PA5218,NA,"putative transcriptional regulator, LysR family",-0.33768554237667486,-0.31950705337403756
PAMr_nr_mas_09_4_F12,PA14_54370,PA0767,lepA,GTP-binding protein LepA,1.1365189851233108,-0.3218774142493176
PAMr_nr_mas_09_4_G01,PA14_49970,PA1113,NA,probable ATP-binding/permease fusion ABC transport,1.1355322791871258,-0.53273076283808
PAMr_nr_mas_09_4_G02,PA14_44820,PA1518,NA,putative transthyretin family protein,-0.7775136047235521,0.23615645391213566
PAMr_nr_mas_09_4_G03,PA14_50140,PA1101,fliF,Flagella M-ring outer membrane protein precursor,-0.7880033388217812,-0.9661347936021792
PAMr_nr_mas_09_4_G04,PA14_50770,PA1051,NA,probable transporter,-0.3743869593693208,-0.5338181665609085
PAMr_nr_mas_09_4_G05,PA14_72500,PA5494,NA,conserved hypothetical protein,-0.2811774622935075,-0.07821392849086542
PAMr_nr_mas_09_4_G06,PA14_26190,PA2927,NA,hypothetical protein,-0.5894682297097728,-0.645669405135073
PAMr_nr_mas_09_4_G07,PA14_22310,PA3238,NA,conserved hypothetical protein,1.4023044765340322,-0.5791015330032016
PAMr_nr_mas_09_4_G08,NA,NA,NA,NA,2.41468254414142,1.4671425772616575
PAMr_nr_mas_09_4_G09,PA14_49160,PA1181,NA,NA,0.7043159115594899,-1.176730743092435
PAMr_nr_mas_09_4_G10,NA,NA,NA,NA,-0.9321559182154254,-0.6758695312368005
PAMr_nr_mas_09_4_G11,NA,NA,NA,NA,0.1885638748952211,-1.1474719889349907
PAMr_nr_mas_09_4_G12,PA14_01660,PA0134,NA,putative guanine deaminase,1.1902244889737823,-0.8099356891512346
PAMr_nr_mas_09_4_H01,NA,NA,NA,NA,-0.909797224382014,-0.5392578300325955
PAMr_nr_mas_09_4_H02,PA14_10320,PA4145,NA,putative transcriptional regulator,0.5016839752694786,-0.0019333078132808246
PAMr_nr_mas_09_4_H03,PA14_25020,PA3019,NA,"putative ABC transporter, ATP-binding protein",1.4776692775561273,0.5535858670624191
PAMr_nr_mas_09_4_H04,PA14_18380,PA3551,algA,mannose-1-phosphate guanylyltransferase/mannose-6-phosphate isomerase,-2.503565052012,-0.30740493523881535
PAMr_nr_mas_09_4_H05,PA14_20320,PA3383,phnD,binding protein component of ABC phosphonate transporter,-0.758364846338898,-0.18060151879573402
PAMr_nr_mas_09_4_H06,PA14_28420,PA2758,NA,"putative transcriptional regulator, LysR family",1.0374073899223228,-1.5831538034382566
PAMr_nr_mas_09_4_H07,PA14_29220,PA2700,NA,putative porin,0.7602572672350126,-1.2713468108712198
PAMr_nr_mas_09_4_H08,PA14_19470,PA3452,mqoA,malate:quinone oxidoreductase,0.19869022134647088,-1.3390552815875671
PAMr_nr_mas_09_4_H09,PA14_52180,PA0934,relA,GTP pyrophosphokinase,0.7712465928383592,-0.8602669806197247
PAMr_nr_mas_09_4_H10,PA14_51530,NA,exoU,ExoU,0.3986032494343074,-1.1893093700000588
PAMr_nr_mas_09_4_H11,PA14_57480,PA4423,NA,putative lipoprotein,-0.11845393297473003,-1.2302027178016364
PAMr_nr_mas_09_4_H12,PA14_16220,PA3725,recJ,single-stranded-DNA-specific exonuclease RecJ,-0.6211459028301501,-0.13228470872634596
PAMr_nr_mas_10_1_A02,PA14_05790,PA0443,NA,"putative permease for cytosine/purines, uracil, thiamine, allantoin",-0.5321615008760778,-0.09067276115227672
PAMr_nr_mas_10_1_A03,PA14_04440,PA0340,NA,putative permease,-0.444419778434965,0.22135378306298015
PAMr_nr_mas_10_1_A04,PA14_11270,PA4067,oprG,outer membrane protein OprG precursor,0.9960093187609665,0.15715585865881704
PAMr_nr_mas_10_1_A05,PA14_55230,PA0702,NA,hypothetical protein,1.0535906303303844,0.41978346596538507
PAMr_nr_mas_10_1_A06,PA14_11620,PA4037,NA,probable ABC transporter,-0.06606518200871674,-0.8631218549429178
PAMr_nr_mas_10_1_A07,PA14_33480,PA2414,sndH,L-sorbosone dehydrogenase,0.3067645583519397,-0.4907290120192271
PAMr_nr_mas_10_1_A08,PA14_06510,PA0501,bioF,8-amino-7-oxononanoate synthase,-0.09560512473006323,-1.1743374852844566
PAMr_nr_mas_10_1_A09,PA14_28000,PA2793,NA,hypothetical protein,-0.5051975689839946,-0.9366232832941138
PAMr_nr_mas_10_1_A10,PA14_28940,PA2723,NA,hypothetical protein,-0.6379171715363021,-0.9707758496004546
PAMr_nr_mas_10_1_B01,PA14_46450,PA1376,aceK,isocitrate dehydrogenase kinase/phosphatase,0.7194463861053558,-1.488770553541332
PAMr_nr_mas_10_1_B02,PA14_39720,PA1918,NA,putative amino acid oxidase,1.2378140826194959,-1.1794241788296997
PAMr_nr_mas_10_1_B03,PA14_40430,PA1860,NA,putative O-Methyltransferase,1.120383352049197,-0.841455211883334
PAMr_nr_mas_10_1_B04,PA14_24100,PA3095,xcpZ,general secretion pathway protein M,-0.4020544017371612,-1.6486404951284122
PAMr_nr_mas_10_1_B05,PA14_72780,PA5516,pdxY,pyridoxamine kinase,0.7602572672350126,-1.044592469688108
PAMr_nr_mas_10_1_B06,PA14_06130,PA0468,NA,putative streptogramin lyase,-0.19420614650881676,-1.2984092057371874
PAMr_nr_mas_10_1_B07,PA14_55750,PA4290,NA,putative chemotaxis transducer,0.7320857981251092,-0.9467351612827657
PAMr_nr_mas_10_1_B08,PA14_56130,PA4320,NA,hypothetical protein,1.047255769476579,-0.45489720280219487
PAMr_nr_mas_10_1_B09,PA14_24230,PA3087,PA3087,NA,1.6021169565450264,-1.0528120307047146
PAMr_nr_mas_10_1_B10,PA14_45030,PA1499,NA,putative hydroxypyruvate reductase,0.556385380954913,-1.0182404401075518
PAMr_nr_mas_10_1_B11,PA14_16300,PA3719,NA,hypothetical protein,0.6047116631199467,-1.1213070987855565
PAMr_nr_mas_10_1_B12,PA14_62490,PA4723,dksA,suppressor protein DksA,0.2502147842526521,-0.4077729124976394
PAMr_nr_mas_10_1_C01,PA14_54260,PA0775,NA,conserved hypothetical protein,-0.76971346159055,-0.7260407947734188
PAMr_nr_mas_10_1_C02,PA14_71590,PA5424,NA,putative membrane protein,0.298878163949905,-0.48236011906947723
PAMr_nr_mas_10_1_C03,PA14_02420,PA0193,NA,putative alkylsulfatase,0.6254370894215726,-0.8531351043153944
PAMr_nr_mas_10_1_C04,PA14_06340,PA0487,NA,putative molybdenum transport regulator,1.0307217310364012,-0.7833587753046223
PAMr_nr_mas_10_1_C05,PA14_34460,PA2331,NA,putative alkylhydroperoxidase,-0.0822151051701859,-0.46081107720055975
PAMr_nr_mas_10_1_C06,PA14_56130,PA4320,NA,hypothetical protein,-0.09600526576234283,-0.32398510487343546
PAMr_nr_mas_10_1_C07,PA14_17650,PA3606,NA,conserved hypothetical protein,-0.4488625384975213,-0.5395299289968915
PAMr_nr_mas_10_1_C08,PA14_70080,PA5308,lrp,leucine responsive regulatory protein,-0.28839374959910796,-0.7706729468076949
PAMr_nr_mas_10_1_C09,PA14_18610,PA3537,argF,"ornithine carbamoyltransferase, anabolic",-0.3206589551396985,-1.2646740207730627
PAMr_nr_mas_10_1_C10,PA14_50620,PA1065,NA,conserved hypothetical protein,-0.02260728518193258,-1.1582052834251024
PAMr_nr_mas_10_1_C11,PA14_51650,NA,RS02,putative integrase,1.0836772156489316,-0.3694613260398474
PAMr_nr_mas_10_1_C12,PA14_47060,PA1330,NA,putative short chain dehydrogenase,-0.12287293311554905,-0.872265623689809
PAMr_nr_mas_10_1_D01,PA14_62560,PA4727,pcnB,poly(A) polymerase,0.17842118144200272,0.3024873213269678
PAMr_nr_mas_10_1_D02,PA14_15610,NA,NA,NA,0.57187587804673,-0.7187706140726967
PAMr_nr_mas_10_1_D03,PA14_42440,PA1709,popD,translocator outer membrane protein PopD precursor,0.5193056029661945,-0.5569672531071118
PAMr_nr_mas_10_1_D04,PA14_35020,PA2286,NA,hypothetical protein,0.6270422423712426,-0.416583544809531
PAMr_nr_mas_10_1_D05,PA14_66620,PA5040,pilQ,type 4 fimbrial biogenesis outer membrane protein PilQ precursor,0.1640402768193183,-0.6608910118745309
PAMr_nr_mas_10_1_D06,PA14_29530,PA2673,NA,type II secretion system protein,-0.7813057425296622,-2.0100280332971803
PAMr_nr_mas_10_1_D07,PA14_28050,PA2788,NA,putative methyl-accepting chemotaxis protein,0.5368779464383518,-1.9694978058314905
PAMr_nr_mas_10_1_D08,PA14_07250,PA0557,NA,putative isomerase,-0.27726351730548937,-1.8196531794644373
PAMr_nr_mas_10_1_D09,PA14_50330,PA1088,NA,hypothetical protein,-1.168057166970657,-0.8173053730419697
PAMr_nr_mas_10_1_D10,PA14_17500,PA3620,mutS,DNA mismatch repair protein MutS,0.2596751625971475,-0.15151834013671472
PAMr_nr_mas_10_1_D11,PA14_59890,NA,NA,Conserved hypothetical protein,1.2712194292358232,-0.009220745987944754
PAMr_nr_mas_10_1_D12,PA14_27810,PA2809,NA,putative two-component response regulator,-1.3890280086819058,0.5127709153921179
PAMr_nr_mas_10_1_E01,PA14_28530,PA2751,NA,putative membrane protein,-1.0066480339819652,-0.7861811082623216
PAMr_nr_mas_10_1_E02,PA14_03550,PA0273,NA,putative MFS transporter,-0.47834886010554967,-0.9222041258889024
PAMr_nr_mas_10_1_E03,PA14_11190,PA4073,NA,putative aldehyde dehydrogenase,-0.5398867835023988,-0.04577712855270399
PAMr_nr_mas_10_1_E04,PA14_35650,PA2238,NA,putative glycosyltransferase,0.8245244175666709,-0.98559067506944
PAMr_nr_mas_10_1_E05,PA14_64030,PA4842,NA,conserved hypothetical protein,1.0425838868089397,-0.7123458599368289
PAMr_nr_mas_10_1_E06,PA14_05250,PA0401,NA,noncatalytic dihydroorotase-like protein noncataly,2.1972309367412923,0.15175774803834682
PAMr_nr_mas_10_1_E07,NA,NA,NA,NA,-0.5334483885340305,-1.7930329502493292
PAMr_nr_mas_10_1_E08,PA14_27420,PA2836,NA,putative secretion protein,-0.34142926987861527,-0.6680987179676067
PAMr_nr_mas_10_1_E09,PA14_50880,PA1041,NA,probable outer membrane protein precursor,-1.4334276362698783,-0.8636929755925162
PAMr_nr_mas_10_1_E10,PA14_11110,PA4081,cupB6,fimbrial protein cupB6,-1.0895287806738012,-0.9516521485342323
PAMr_nr_mas_10_1_E11,PA14_69890,PA5294,NA,putative multidrug resistance protein,-0.6595462220240715,-1.1195268388127795
PAMr_nr_mas_10_1_E12,PA14_12360,PA3979,NA,conserved hypothetical protein,-0.3453834037679761,-0.5034372758817237
PAMr_nr_mas_10_1_F01,PA14_60660,PA4584,NA,putative nucleotidyltransferase,-1.9577029561916972,-0.5892365979307155
PAMr_nr_mas_10_1_F02,PA14_23110,PA3179,NA,putative pseudouridine synthase,-1.391978242491002,0.09035629317237892
PAMr_nr_mas_10_1_F03,PA14_11750,PA4026,NA,probable acetyltransferase,0.06224651978125354,-1.29993280795713
PAMr_nr_mas_10_1_F04,PA14_44800,PA1519,NA,putative transporter,-0.2960314190737246,-0.6750365135235331
PAMr_nr_mas_10_1_F05,PA14_33420,PA2419,NA,putative hydrolase,0.6206191686464426,-0.9733878549348792
PAMr_nr_mas_10_1_F06,PA14_16690,PA3687,ppc,phosphoenolpyruvate carboxylase,0.17631404078433408,-1.7245053757732849
PAMr_nr_mas_10_1_F07,PA14_49130,PA1183,dctA,C4-dicarboxylate transport protein,0.03800736967745949,-2.322068904046877
PAMr_nr_mas_10_1_F08,PA14_57840,PA4453,NA,putative toluene tolerance protein,-0.525302548072182,-2.299393652703933
PAMr_nr_mas_10_1_F09,PA14_58350,PA4496,NA,putative binding protein component of ABC transpor,-0.577576153383366,-1.2471138610664292
PAMr_nr_mas_10_1_F10,PA14_55150,PA0708,NA,probable transcriptional regulator,-1.3657207570484693,-1.2172462419269798
PAMr_nr_mas_10_1_F12,PA14_03790,PA0290,NA,putative sensory box/GGDEF domain protein,-0.8963746482726992,-1.7073203599811162
PAMr_nr_mas_10_1_G01,PA14_62170,PA4697,NA,conserved hypothetical protein,-1.9338003738012517,-0.32503919850290786
PAMr_nr_mas_10_1_G02,PA14_68640,PA5196,NA,conserved hypothetical protein,-1.1932615428677074,-0.2251131016396047
PAMr_nr_mas_10_1_G03,PA14_50270,PA1094,fliD,flagellar capping protein FliD,-2.019354651709799,-1.888831751017388
PAMr_nr_mas_10_1_G04,PA14_11900,PA4016,NA,hypothetical protein,-0.6516724951774919,-1.7241807224840056
PAMr_nr_mas_10_1_G05,PA14_45540,PA1461,motB,chemotaxis protein,-0.041223638021342233,-1.201911620868712
PAMr_nr_mas_10_1_G06,PA14_15750,NA,NA,conserved hypothetical protein,0.12011909897674469,-2.486250561565541
PAMr_nr_mas_10_1_G07,PA14_69910,PA5296,rep,ATP-dependent DNA helicase Rep,0.05873373010254401,-1.9799446849598987
PAMr_nr_mas_10_1_G08,PA14_26530,PA2903,cobJ,precorrin-3 methylase CobJ,0.23561788491868485,-1.4040483469378982
PAMr_nr_mas_10_1_G09,NA,NA,NA,NA,-1.1815978957210502,-1.2308059538795415
PAMr_nr_mas_10_1_G10,PA14_68250,PA5166,NA,probable two-component response regulator,-1.520668894720372,-1.5372168428542703
PAMr_nr_mas_10_1_G11,NA,NA,NA,NA,0.12321132394800804,-2.5282059027319175
PAMr_nr_mas_10_1_G12,PA14_38200,PA2035,NA,putative phosphonopyruvate decarboxylase,0.25986422494536054,-1.6695387307036025
PAMr_nr_mas_10_1_H02,PA14_27050,PA2865,NA,"putative transglycosylase, SLT family",-1.451027475310642,0.04387128510364858
PAMr_nr_mas_10_1_H03,PA14_68580,PA5192,pckA,phosphoenolpyruvate carboxykinase,-0.6621729918717523,0.996637497825496
PAMr_nr_mas_10_1_H04,PA14_61250,PA4628,lysP,APC family lysine-specific permease,-1.25647774079729,-0.61532939060865
PAMr_nr_mas_10_1_H05,PA14_40320,PA1868,xqhA,secretion protein XqhA,-0.990479096928538,-0.41685071434662235
PAMr_nr_mas_10_1_H06,PA14_65160,PA4933,NA,putative membrane protein,-1.848866494848224,-1.7570502863463429
PAMr_nr_mas_10_1_H07,PA14_01300,PA0106,coxA,"cytochrome c oxidase, subunit I",0.7922993174326549,-0.613128186174092
PAMr_nr_mas_10_1_H08,PA14_42900,PA1669,NA,conserved hypothetical protein,-0.5304460605769218,-1.0314035186268031
PAMr_nr_mas_10_1_H09,PA14_42820,PA1677,NA,"putative hydrolase, isochorismatase family",-0.22517307696388358,-0.5777331029978449
PAMr_nr_mas_10_1_H10,PA14_72690,PA5508,NA,putative glutamine synthetase,-0.7973919842675002,-0.4243357835353575
PAMr_nr_mas_10_1_H11,PA14_06400,PA0491,NA,"putative transcriptional regulator, LysR family",-0.2850938469567322,-1.5116917543270978
PAMr_nr_mas_10_1_H12,PA14_50690,PA1058,NA,conserved hypothetical protein,-1.0163694066504039,-0.10060553444656477
PAMr_nr_mas_10_2_A01,PA14_53970,PA0794,NA,probable aconitate hydratase,1.1951137409999246,-0.711229139067512
PAMr_nr_mas_10_2_A02,PA14_28110,PA2782,NA,hypothetical protein,1.040079662797782,-0.3838025493977898
PAMr_nr_mas_10_2_A03,PA14_59970,NA,NA,hypothetical protein,-0.39281837717497253,-0.19557826623788738
PAMr_nr_mas_10_2_A05,PA14_13130,PA3923,NA,hypothetical protein,1.2358720834839105,-0.19351051952209625
PAMr_nr_mas_10_2_A06,PA14_03560,PA0274,NA,hypothetical protein,0.353876170735338,-0.2573870076568662
PAMr_nr_mas_10_2_A07,PA14_10040,PA4163,NA,amidase family protein,-0.06427330588534529,-0.11514916433751607
PAMr_nr_mas_10_2_A08,PA14_56450,PA4342,NA,putative amidase,0.4651939665754558,-0.30687925099647323
PAMr_nr_mas_10_2_A09,PA14_66020,PA4993,NA,conserved hypothetical protein,1.0354024391317445,-0.6271732518140415
PAMr_nr_mas_10_2_A10,PA14_72580,PA5500,znuC,"zinc ABC transporter, ATP-binding protein ZnuC",-0.03904227674347095,-0.45650956080146754
PAMr_nr_mas_10_2_A11,NA,NA,NA,NA,0.4011917434622514,-0.9803581774190242
PAMr_nr_mas_10_2_A12,PA14_66490,PA5029,NA,"putative transcriptional regulator, LysR family",1.04174925636806,0.6579654665810595
PAMr_nr_mas_10_2_B01,PA14_56850,PA4372,NA,putative lipoprotein,-0.038844008721338384,0.36008301848653756
PAMr_nr_mas_10_2_B02,PA14_04710,NA,NA,hypothetical,-0.029928417098410442,0.07597290391659413
PAMr_nr_mas_10_2_B03,PA14_44450,PA1548,NA,putative cytochrome oxidase maturation protein cbb3-type,-1.7528125250882551,-0.8888705300841292
PAMr_nr_mas_10_2_B04,PA14_02380,PA0190,NA,putative membrane-associated phospholipid phosphatase,0.7651437850533056,-0.04476600080424541
PAMr_nr_mas_10_2_B05,PA14_24890,PA3030,NA,putative molybdopterin-guanine dinucleotide biosynthesis protein A,2.812761776798443,-0.6939436889446314
PAMr_nr_mas_10_2_B06,PA14_62000,PA4687,hitA,ferric iron-binding periplasmic protein HitA,0.754143770775879,0.31040314203030117
PAMr_nr_mas_10_2_B07,PA14_38800,PA1987,pqqC,pyrroloquinoline quinone biosynthesis protein C,0.47762436209640136,-0.3856638430459118
PAMr_nr_mas_10_2_B08,PA14_69420,PA5257,NA,putative enzyme of heme biosynthesis,-1.2396538070181693,-0.5177968038992107
PAMr_nr_mas_10_2_B09,PA14_58360,PA4497,NA,putative binding protein component of ABC transpor,-0.5205913577114846,-1.0510498483928377
PAMr_nr_mas_10_2_B10,PA14_29590,PA2667,NA,putative transcriptional regulator,0.3073274936326782,-1.639017064124275
PAMr_nr_mas_10_2_B11,PA14_69050,PA5229,NA,conserved hypothetical protein,2.2827604922889995,-0.30136205146605055
PAMr_nr_mas_10_2_B12,PA14_01160,PA0095,NA,conserved hypothetical protein,-0.07463342851766434,0.3567507013270637
PAMr_nr_mas_10_2_C01,PA14_72110,PA5464,NA,conserved hypothetical protein,-0.029928417098410442,0.28253645458786686
PAMr_nr_mas_10_2_C02,PA14_48210,PA1239,NA,putative hydrolase,-0.04797081950885856,-0.8156039582059911
PAMr_nr_mas_10_2_C03,PA14_11650,PA4035,NA,hypothetical protein,0.4816407011077224,-1.0657488608600787
PAMr_nr_mas_10_2_C04,PA14_24850,PA3033,NA,conserved hypothetical protein,-0.8549233866163978,-0.828375097589397
PAMr_nr_mas_10_2_C05,PA14_42220,PA1727,NA,putative integral membrane sensor domain,-0.3221106443315902,-0.8292273717506256
PAMr_nr_mas_10_2_C06,PA14_62590,PA4730,panC,pantoate--beta-alanine ligase,-0.11524206569540128,-1.9001534390426176
PAMr_nr_mas_10_2_C07,PA14_14230,PA3848,NA,putative periplasmic transport protein,0.9200495491002602,-0.906666159622094
PAMr_nr_mas_10_2_C08,PA14_19390,PA3457,NA,putative transmembrane protein,-0.12307387062413717,-1.2667964615650733
PAMr_nr_mas_10_2_C09,PA14_06400,PA0491,NA,"putative transcriptional regulator, LysR family",0.10153372181122271,-1.110040087729333
PAMr_nr_mas_10_2_C10,PA14_13350,PA3908,NA,hypothetical protein,-0.29355331965490994,-0.9574414560914974
PAMr_nr_mas_10_2_C11,PA14_30970,NA,NA,putative transcriptional regulator,-2.4436832453906545,-0.6847614941189595
PAMr_nr_mas_10_2_C12,PA14_45100,PA1494,NA,putative mucoidy inhibitor A,-1.787547765868704,-0.8497144942967166
PAMr_nr_mas_10_2_D01,PA14_56380,PA4337,NA,hypothetical protein,-0.04340575689569858,0.009860585983260247
PAMr_nr_mas_10_2_D02,PA14_68340,PA5172,arcB,"ornithine carbamoyltransferase, catabolic",0.2630774147412893,-0.21784687893070412
PAMr_nr_mas_10_2_D03,PA14_22530,NA,NA,putative glutathione S-transferase,0.8895092493763371,-0.8688352500754509
PAMr_nr_mas_10_2_D04,PA14_17960,PA3582,glpK,glycerol kinase,-0.23887158943062545,-0.5210522886439224
PAMr_nr_mas_10_2_D05,PA14_05130,PA0392,NA,putative YGGT family protein,1.4692532723715916,-1.3605472585773528
PAMr_nr_mas_10_2_D06,PA14_04270,PA0327,NA,putative transcriptional regulator,0.5560246820348573,-1.4493912062379002
PAMr_nr_mas_10_2_D07,PA14_40910,PA1826,NA,putative LysR family transcriptional regulatory protein,1.3156452122851123,-0.5678886365532684
PAMr_nr_mas_10_2_D08,PA14_59960,NA,NA,Putative protein-disulfide isomerase,0.3063892401422994,-0.09449131874608784
PAMr_nr_mas_10_2_D09,PA14_08280,PA0640,NA,putative phage tail assembly protein,1.095770930936441,-0.5643372367918245
PAMr_nr_mas_10_2_D10,PA14_50930,PA1036,NA,conserved hypothetical protein,1.5470596165319277,-1.1242752487468215
PAMr_nr_mas_10_2_D11,PA14_34870,PA2300,chiC,chitinase,-1.2372540611763485,-1.5669607881787042
PAMr_nr_mas_10_2_D12,PA14_71670,PA5430,NA,putative membrane protein,-0.6510167964497449,-0.4543598362200284
PAMr_nr_mas_10_2_E01,PA14_67050,PA5076,NA,"putative amino acid ABC transporter, periplasmic amino acid-binding protein",0.6535570210405683,1.7131759782598035
PAMr_nr_mas_10_2_E02,PA14_60290,NA,pilW,type 4 fimbrial biogenesis protein PilW,2.160874586481182,3.342002782411805
PAMr_nr_mas_10_2_E03,PA14_15720,PA3764,NA,putative periplasmic binding transport protein,-0.5238031497387535,-0.24852225344275447
PAMr_nr_mas_10_2_E04,PA14_63410,PA4800,NA,conserved hypothetical protein,0.48273562085839467,-0.21499444283232716
PAMr_nr_mas_10_2_E05,PA14_66330,PA5018,msrA,peptide methionine sulfoxide reductase,1.7739679688001553,-0.19609530249242577
PAMr_nr_mas_10_2_E06,PA14_14230,PA3848,NA,putative periplasmic transport protein,0.16998837544763828,-0.8537053755525609
PAMr_nr_mas_10_2_E07,NA,NA,NA,NA,0.931782539413118,-0.03794487088132725
PAMr_nr_mas_10_2_E08,PA14_41820,PA1758,pabB,para-aminobenzoate synthase component I,-0.16480689314717628,-0.341927255571646
PAMr_nr_mas_10_2_E09,PA14_05560,PA0428,NA,"putative ATP-dependent RNA helicase, DEAD box family",-0.1140380386422036,-2.7480579935977105
PAMr_nr_mas_10_2_E10,PA14_44540,PA1539,NA,conserved hypothetical protein,0.686146445900132,-1.1293241188208603
PAMr_nr_mas_10_2_E11,PA14_59770,NA,rcsB,two component response regulator,1.1993480173824085,1.032683780467776
PAMr_nr_mas_10_2_E12,PA14_21940,PA3251,NA,conserved hypothetical protein,-0.48111366300458447,-0.34959367219333026
PAMr_nr_mas_10_2_F01,PA14_22980,PA3190,gltB,putative binding protein component of ABC sugar transporter,-2.3590748825105505,-0.08711073357414022
PAMr_nr_mas_10_2_F02,PA14_18720,PA3526,NA,"putative outer membrane protein precursor, OmpA family",-0.6144064530710883,0.11360202555873207
PAMr_nr_mas_10_2_F03,PA14_44400,PA1552,NA,"putative cytochrome c oxidase, cbb3-type, subunit III",-1.2257480225038841,-0.6481578518567109
PAMr_nr_mas_10_2_F04,PA14_45850,PA1439,NA,conserved hypothetical protein,0.2299215885297146,-1.0086039006109675
PAMr_nr_mas_10_2_F05,PA14_06460,PA0495,NA,putative hydrolase,0.04388026104134724,-0.558604327853892
PAMr_nr_mas_10_2_F06,PA14_31010,NA,NA,putative cation efflux system protein,0.8692950456809696,-1.3941509914557282
PAMr_nr_mas_10_2_F07,PA14_16620,PA3693,NA,putative phophatase,0.6025637463467032,-0.5856738845139217
PAMr_nr_mas_10_2_F08,PA14_01010,PA0083,NA,conserved hypothetical protein,0.5982657086782387,-0.46027323682610993
PAMr_nr_mas_10_2_F09,PA14_61610,PA4658,NA,conserved hypothetical protein,-0.0529366090017136,-0.4393310172170617
PAMr_nr_mas_10_2_F10,PA14_14220,PA3849,NA,putative nucleod-associated protein,-0.28241395163494637,-1.8805191505290872
PAMr_nr_mas_10_2_F11,PA14_61220,PA4627,NA,putative ribosomal RNA small subunit methyltransferase C,-0.3214884507494152,0.33218336062248766
PAMr_nr_mas_10_2_F12,PA14_36330,PA2193,hcnA,NA,0.01013428647197005,0.39118405750186414
PAMr_nr_mas_10_2_G01,PA14_34290,PA2348,NA,"putative monooxygenase, DszA family",-1.1453174855711645,0.5197455849702655
PAMr_nr_mas_10_2_G02,PA14_21280,PA3305,NA,putative membrane protein,-0.3656091710128377,-0.8082361417130387
PAMr_nr_mas_10_2_G03,PA14_08780,PA4269,rpoC,DNA-directed RNA polymerase beta* chain,-0.49879460509672924,-0.8474350559705879
PAMr_nr_mas_10_2_G04,PA14_48190,PA1241,NA,putative transcriptional regulator,0.3213845085647857,-0.8768421848514129
PAMr_nr_mas_10_2_G05,PA14_72960,PA5530,NA,putative MFS dicarboxylate transporter,-0.1331289482857693,-1.0739943943396828
PAMr_nr_mas_10_2_G06,PA14_12730,PA3953,NA,possible isochorismatase family protein,-0.8173334552560865,-1.0899251651302706
PAMr_nr_mas_10_2_G07,PA14_45610,PA1457,cheZ,chemotaxis protein CheZ,0.6882659830235637,-0.6844834418446845
PAMr_nr_mas_10_2_G08,PA14_49620,PA1143,NA,Possible phosphoserine phosphatase,-0.38150178086388653,-1.4962976548771223
PAMr_nr_mas_10_2_G09,PA14_02660,PA0218,NA,"putative transcriptional regulator, LysR family",-0.2569091601274432,-0.20230284701994247
PAMr_nr_mas_10_2_G10,PA14_47460,PA1294,rnd,ribonuclease D,-0.24214729844896266,-2.0688933836036925
PAMr_nr_mas_10_2_G11,NA,"PA3432, PA3431",NA,NA,-0.6183188017898852,-0.449256998869008
PAMr_nr_mas_10_2_G12,PA14_42030,PA1740,NA,conserved hypothetical protein,-0.2908698144534876,0.7126014174837333
PAMr_nr_mas_10_2_H01,PA14_48470,NA,NA,putative N-carbamoylputrescine amidohydrolase,-1.351533456765624,1.0309614211659892
PAMr_nr_mas_10_2_H02,PA14_38780,PA1989,pqqE,pyrroloquinoline quinone biosynthesis protein E,-0.5235889791837389,-0.30398872358445483
PAMr_nr_mas_10_2_H03,PA14_46670,PA1362,NA,hypothetical protein,-0.7043513531801873,-0.20333799631553656
PAMr_nr_mas_10_2_H04,NA,NA,NA,NA,-0.21395030806190657,-0.7799735419823258
PAMr_nr_mas_10_2_H05,PA14_27560,PA2823,NA,putative ATPase,-0.6111480224035513,-1.3396683837404917
PAMr_nr_mas_10_2_H06,PA14_62380,PA4713,NA,hypothetical protein,-0.7641478535672439,-0.9340255472224407
PAMr_nr_mas_10_2_H07,PA14_28590,PA2748,NA,putative methionine aminopeptidase,-0.6033346764962905,-0.5134586130204503
PAMr_nr_mas_10_2_H08,PA14_03700,PA0283,cysP,sulfate-binding protein precursor,0.06263670854006222,-0.5180680339769891
PAMr_nr_mas_10_2_H09,PA14_06420,PA0492,NA,putative homologue of lactam utilization protein B,-0.8213742679135888,-0.5427959774955408
PAMr_nr_mas_10_2_H10,PA14_63120,PA4774,NA,putative spermidine synthase,-0.7565865298262981,0.21795183647340943
PAMr_nr_mas_10_2_H11,PA14_18970,PA3487,pldA,phospholipase D,0.03683213237254026,-0.5093941047442468
PAMr_nr_mas_10_2_H12,NA,NA,NA,NA,-0.4368109195133252,1.2776520673838418
PAMr_nr_mas_10_3_A01,PA14_39690,PA1920,NA,putative ribonucleotide reductase,0.5882255053302714,1.5405873525338267
PAMr_nr_mas_10_3_A02,PA14_00940,PA0079,NA,conserved hypothetical protein,-0.6455552998812851,1.4586628393094183
PAMr_nr_mas_10_3_A03,PA14_03310,NA,NA,NA,0.6558650925679121,1.9685060435126125
PAMr_nr_mas_10_3_A04,PA14_70010,PA5303,NA,putative endoribonuclease L-PSP family protein,1.198045467016416,1.4189484186431534
PAMr_nr_mas_10_3_A05,PA14_17930,PA3584,glpD,glycerol-3-phosphate dehydrogenase,2.2860480206556204,2.2296208074045345
PAMr_nr_mas_10_3_A06,PA14_60780,PA4593,NA,putative ABC transporter,0.8165701391852606,1.3765438273266308
PAMr_nr_mas_10_3_A07,PA14_31850,PA2529,NA,putative protease,-0.45627412686082314,0.7398659046145659
PAMr_nr_mas_10_3_A08,NA,"PA4072, PA4071",NA,NA,-0.10842229448098704,1.4410635046338682
PAMr_nr_mas_10_3_A09,PA14_35440,PA2253,ansA,L-asparaginase I,0.883177893601065,0.8221116556653908
PAMr_nr_mas_10_3_A10,PA14_09240,PA4228,pchD,pyochelin biosynthesis protein PchD,1.1268096403575576,0.37054525470783395
PAMr_nr_mas_10_3_A11,PA14_53580,NA,NA,hypothetical protein,0.915111745290245,0.4006519013358781
PAMr_nr_mas_10_3_A12,PA14_40880,PA1829,aphA,putative aminoglycoside phosphotransferase,-0.7019272231154544,0.19677241873411097
PAMr_nr_mas_10_3_B01,PA14_13740,PA3878,narX,putative nitrate/nitrite sensor protein; NarX,-0.5148142662203316,1.7986019039676946
PAMr_nr_mas_10_3_B02,PA14_66600,PA5038,aroB,3-dehydroquinate synthase,0.5792474601818676,2.5184934142504716
PAMr_nr_mas_10_3_B03,PA14_41870,PA1754,cysB,transcriptional regulator CysB,-2.21194620709318,0.2035960810576255
PAMr_nr_mas_10_3_B04,PA14_53160,PA0859,NA,hypothetical protein,-0.9148096015817664,-0.05614998222843195
PAMr_nr_mas_10_3_B05,PA14_59950,NA,NA,Conserved hypothetical protein,-0.2962379714838475,1.358317370950329
PAMr_nr_mas_10_3_B06,PA14_62510,PA4724,gltX,putative glutamate-tRNA synthetase,0.6773073368107335,1.1314074448026592
PAMr_nr_mas_10_3_B07,PA14_50480,PA1077,flgB,flagellar basal-body rod protein FlgB,-0.34309386506298545,0.04835981093693975
PAMr_nr_mas_10_3_B08,PA14_15620,NA,NA,Putative Oxidoreductase,-0.3566350742910666,0.5538170623527334
PAMr_nr_mas_10_3_B09,PA14_67530,PA5114,NA,putative membrane protein,-1.3917323367557992,-0.25895259247685043
PAMr_nr_mas_10_3_B10,NA,NA,NA,NA,-1.0221630873134688,0.8941380118938118
PAMr_nr_mas_10_3_B11,PA14_32110,PA2516,xylZ,"toluate 1,2-dioxygenase electron transfer component",-1.2463779755927915,0.6888520412902907
PAMr_nr_mas_10_3_B12,PA14_51100,PA1022,NA,probable acyl-CoA dehydrogenase,-0.7414911268438896,0.7096655737817398
PAMr_nr_mas_10_3_C01,PA14_51420,PA0997,pqsB,Homologous to beta-keto-acyl-acyl-carrier protein synthase,-1.9499044822887486,-0.7126250691955046
PAMr_nr_mas_10_3_C02,PA14_68730,PA5203,gshA,glutamate--cysteine ligase,0.8132817354121908,1.9352816359763498
PAMr_nr_mas_10_3_C03,PA14_72560,PA5499,np20,transcriptional regulator np20,-0.06148695838448046,1.3140818251169415
PAMr_nr_mas_10_3_C04,PA14_67710,PA5127,NA,putative RNA methylase,-0.8752750799119868,0.856011734893178
PAMr_nr_mas_10_3_C05,PA14_50200,PA1098,fleS,two-component sensor,0.2623215179060823,0.407271452386205
PAMr_nr_mas_10_3_C06,PA14_47340,PA1306,NA,putative Histidine triad  (HIT) family protein,0.9560292014911829,1.3144946652135416
PAMr_nr_mas_10_3_C07,PA14_38420,PA2017,NA,conserved hypothetical protein,0.1640402768193183,0.6829582363369279
PAMr_nr_mas_10_3_C08,PA14_04350,NA,NA,putative integral membrane protein,0.3283077350200658,0.6595586920199531
PAMr_nr_mas_10_3_C09,PA14_46570,NA,NA,NA,-0.0838124140606132,0.6861324668780339
PAMr_nr_mas_10_3_C10,PA14_15270,PA3773,NA,putative permease,0.3069522090496851,1.2730844096940521
PAMr_nr_mas_10_3_C11,PA14_03810,PA0292,aguA,agmatine deiminase,-1.0572709621633747,0.7681397704786236
PAMr_nr_mas_10_3_C12,PA14_46300,PA1402,NA,putative O-methyltransferase,-0.15086506306034242,0.27988790649427275
PAMr_nr_mas_10_3_D01,PA14_08100,PA0624,NA,conserved hypothetical protein,-1.0498144836301007,1.3250135147682773
PAMr_nr_mas_10_3_D02,PA14_43180,PA1649,NA,putative short-chain dehydrogenase,0.594861009122651,1.7957205914602414
PAMr_nr_mas_10_3_D03,PA14_62660,PA4736,NA,conserved hypothetical protein,-0.5000746759643191,0.8820404127622752
PAMr_nr_mas_10_3_D04,PA14_39460,PA1940,NA,conserved hypothetical protein,-0.05253920138066484,0.014622452717258075
PAMr_nr_mas_10_3_D05,PA14_59190,NA,NA,putative luminal binding protein,0.14442927287377708,0.7775379796828621
PAMr_nr_mas_10_3_D06,PA14_72400,PA5485,NA,putative N-acetylmuramoyl-L-alanine amidase family protein,0.1253363461630831,1.4024669361049558
PAMr_nr_mas_10_3_D07,PA14_32280,PA2504,NA,conserved hypothetical protein,0.25078280882729886,0.5540482496775386
PAMr_nr_mas_10_3_D08,PA14_40490,PA1857,NA,putative membrane protein,0.13247887818680923,0.6836385550155554
PAMr_nr_mas_10_3_D09,PA14_58500,PA4507,NA,putative membrane protein,-0.11584416575687372,0.5213719652540646
PAMr_nr_mas_10_3_D10,PA14_29770,PA2653,NA,putative permease,-0.006412412860776238,-0.5167119932092701
PAMr_nr_mas_10_3_D11,PA14_34600,PA2323,NA,putative glyceraldehyde-3-phosphate dehydrogenase,-0.6181013851597049,-0.03870243187654212
PAMr_nr_mas_10_3_D12,PA14_18010,PA3579,NA,putative glycerol kinase,0.42867484564491753,0.5132361189771701
PAMr_nr_mas_10_3_E01,PA14_60080,NA,NA,Conserved hypothetical protein,0.4376867084367961,1.7260011644504978
PAMr_nr_mas_10_3_E02,PA14_30010,PA2638,nuoB,NADH dehydrogenase I chain B,-1.8605134748186376,0.4866679055405435
PAMr_nr_mas_10_3_E03,PA14_35800,NA,NA,Hypothetical protein,-1.59337575605098,1.1972656635726575
PAMr_nr_mas_10_3_E04,PA14_16580,PA3697,NA,conserved hypothetical protein,-1.6787628715211527,0.31591471206622607
PAMr_nr_mas_10_3_E05,PA14_71580,PA5423,NA,conserved hypothetical protein,-0.33768554237667486,0.3888150077286301
PAMr_nr_mas_10_3_E06,PA14_21730,PA3268,NA,putative TonB-dependent  receptor,-0.5280880946546628,0.23785303428114976
PAMr_nr_mas_10_3_E07,PA14_62880,PA4753,NA,putative RNA-binding protein,-1.2803487638193651,-0.5441573003599591
PAMr_nr_mas_10_3_E08,PA14_39980,PA1898,qscR,probable transcriptional regulator,0.3566693251253956,0.9375096612318522
PAMr_nr_mas_10_3_E09,PA14_05310,PA0407,gshB,"glutathione synthetase""",-0.6165796793688004,-0.2775064686567711
PAMr_nr_mas_10_3_E10,PA14_69950,PA5299,NA,putative acetyl-CoA hydrolase/transferase,-1.1965979942741864,0.12519476258093537
PAMr_nr_mas_10_3_E11,PA14_16750,PA3681,NA,putative inner membrane protein,-1.10407551775073,-0.059188975264077716
PAMr_nr_mas_10_3_E12,PA14_32440,PA2490,NA,conserved hypothetical protein,-0.8592143691611629,0.03288667641674143
PAMr_nr_mas_10_3_F01,PA14_53340,PA0845,NA,alkaline ceramidase,-1.0263378479233245,2.0555692323570107
PAMr_nr_mas_10_3_F02,PA14_23060,PA3184,hexR,"putative transcriptional regulator, RpiR family",-0.41593394535781114,1.0813723831399402
PAMr_nr_mas_10_3_F03,PA14_38530,PA2008,fahA,fumarylacetoacetase,-2.3387428746784544,-0.6775358769697981
PAMr_nr_mas_10_3_F04,PA14_68560,PA5190,NA,putative nitroreductase,-0.7233359521879159,0.1662247172999102
PAMr_nr_mas_10_3_F05,PA14_70530,PA5342,NA,putative AraC-family transcriptional regulator,-0.33041245175176237,1.0766690942235142
PAMr_nr_mas_10_3_F06,PA14_26860,PA2879,NA,"putative transcriptional regulator, LysR family",-0.08740784448014909,-0.027600099920472434
PAMr_nr_mas_10_3_F07,PA14_00210,PA0020,NA,putative lysin domain,0.36429761768516666,1.2309990264575492
PAMr_nr_mas_10_3_F08,NA,NA,NA,NA,-0.692680047306009,0.6214453600618237
PAMr_nr_mas_10_3_F09,PA14_66310,PA5016,aceF,dihydrolipoamide acetyltransferase,0.6014895125390544,2.2528133403611417
PAMr_nr_mas_10_3_F10,PA14_12100,PA3999,dacC,NA,-0.7810826122319758,0.018880207768807167
PAMr_nr_mas_10_3_F11,PA14_68110,PA5157,NA,putative multiple antibiotic resistance protein MarR,-1.0131272775447584,0.20432677633499918
PAMr_nr_mas_10_3_F12,PA14_31560,PA2551,NA,"putative transcriptional regulator, LysR family",-0.45860529003297024,-0.48964856817049857
PAMr_nr_mas_10_3_G01,PA14_55790,PA4294,NA,putative pilus assembly protein,-0.529374148182166,0.7349169579563436
PAMr_nr_mas_10_3_G02,PA14_64030,PA4842,NA,conserved hypothetical protein,-1.2574404704657731,1.504567423159615
PAMr_nr_mas_10_3_G03,PA14_24590,PA3055,NA,hypothetical protein,-1.3512891288510385,0.9601789277525592
PAMr_nr_mas_10_3_G04,PA14_55880,PA4301,NA,putative pilus assembly protein,-1.5905832487077611,0.4630411925944415
PAMr_nr_mas_10_3_G05,PA14_44950,PA1507,NA,putative transporter,-1.4941191428130514,1.2134201707614545
PAMr_nr_mas_10_3_G06,PA14_07900,PA0606,NA,putative permease of ABC transporter,-1.637969763753118,0.5236946820580429
PAMr_nr_mas_10_3_G07,PA14_16180,PA3729,NA,conserved hypothetical protein,-0.8072427786675638,0.13996495676395007
PAMr_nr_mas_10_3_G08,PA14_70970,PA5374,betI,TetR-family regulatory protein,-1.2651476230239158,-0.2699219259697167
PAMr_nr_mas_10_3_G09,PA14_58230,PA4487,NA,conserved hypothetical protein,-1.1153606837602796,0.1505302988410814
PAMr_nr_mas_10_3_G10,PA14_70930,PA5371,NA,putative long-chain acyl-CoA thioester hydrolase,-0.2815895983701845,-0.28038560827100906
PAMr_nr_mas_10_3_G11,PA14_16410,PA3709,NA,putative MFS transporter,-0.6363906594969124,-0.9917004171469056
PAMr_nr_mas_10_3_G12,PA14_36680,PA2156,NA,putative metal-dependent hydrolase,0.14539202467024756,-0.23368697788654097
PAMr_nr_mas_10_3_H01,PA14_34200,PA2355,NA,putative FMNH2-dependent monooxygenase,-0.03646528034108733,1.563897044519722
PAMr_nr_mas_10_3_H02,PA14_16580,PA3697,NA,conserved hypothetical protein,0.17458949082977934,1.0741022737237398
PAMr_nr_mas_10_3_H03,PA14_07380,PA0568,NA,hypothetical protein,-1.0177594028553227,1.1955850407886188
PAMr_nr_mas_10_3_H04,PA14_67270,PA5094,NA,putative ATP-binding component of ABC transporter,-0.45013247574017723,1.439240246457589
PAMr_nr_mas_10_3_H05,PA14_19570,PA3443,NA,putative aliphatic sulfonates transport permease protein,-1.4495382564161026,1.0595383815542936
PAMr_nr_mas_10_3_H06,PA14_00770,PA0065,NA,putative phosphatase,-1.3021286763890367,1.0584662585060085
PAMr_nr_mas_10_3_H07,PA14_72740,PA5512,NA,putative sensor histidine kinase,-1.276484671147339,0.6456621385804058
PAMr_nr_mas_10_3_H08,PA14_39480,NA,NA,NA,-1.3028559753484286,0.8754325178204244
PAMr_nr_mas_10_3_H09,PA14_70160,PA5313,NA,putative pyridoxal-dependent aminotransferase,-0.8238449333735358,0.3700700522354827
PAMr_nr_mas_10_3_H10,PA14_40510,PA1856,ccoN-2,"putative cytochrome c oxidase, cbb3-type, subunit",-1.3266608217202038,-0.3129271076546642
PAMr_nr_mas_10_3_H11,PA14_35940,NA,PAGI-1(10),Putative Acyl-CoA synthetase,-0.48707275855414506,0.8230001159789052
PAMr_nr_mas_10_3_H12,PA14_51890,PA0957,NA,hypothetical protein,-1.396160113180531,-0.7949378920830659
PAMr_nr_mas_10_4_A01,PA14_64320,PA4863,NA,putative acetyltransferase,0.7115338222134423,0.7268108001151857
PAMr_nr_mas_10_4_A02,PA14_48020,PA1252,NA,putative L-malate dehydrogenase,-0.5950977833517263,0.39591964929162976
PAMr_nr_mas_10_4_A03,PA14_15360,NA,NA,NA,-0.49730151862639205,-0.22589209239271463
PAMr_nr_mas_10_4_A04,PA14_58670,PA4522,ampD,beta-lactamase expression regulator,-0.383595909632614,-0.4342395917355902
PAMr_nr_mas_10_4_A05,PA14_41070,PA1814,NA,conserved hypothetical protein,-1.2716578947813006,0.5672127780007081
PAMr_nr_mas_10_4_A06,PA14_14280,PA3845,NA,"putative transcriptional regulator, LysR family",-0.18790921731398774,0.433684546938183
PAMr_nr_mas_10_4_A07,PA14_41490,PA1785,nasT,response regulator NasT,-0.26964861436353954,0.11705727615413969
PAMr_nr_mas_10_4_A08,PA14_65270,PA4941,hflC,protease subunit HflC,0.9314427608938973,0.2769973885152598
PAMr_nr_mas_10_4_A09,PA14_61280,PA4631,NA,putative epimerase,0.9563676530365515,0.682277848675618
PAMr_nr_mas_10_4_A10,PA14_70590,PA5347,NA,conserved hypothetical protein,0.9869222779858271,-0.9934470800221908
PAMr_nr_mas_10_4_A11,PA14_13800,PA3874,narH,respiratory nitrate reductase beta subuni,0.32419214150940073,0.3944993226424272
PAMr_nr_mas_10_4_B01,PA14_33710,PA2395,NA,conserved hypothetical protein,-0.5545049508757797,-1.029939678548566
PAMr_nr_mas_10_4_B02,PA14_49010,NA,NA,NA,0.25854066902158684,-0.43022277239503287
PAMr_nr_mas_10_4_B03,PA14_57850,PA4454,NA,conserved hypothetical protein,0.03683213237254026,-0.3429841717396964
PAMr_nr_mas_10_4_B04,PA14_68920,PA5218,NA,"putative transcriptional regulator, LysR family",0.8913903146531981,0.22475400577625285
PAMr_nr_mas_10_4_B05,PA14_10440,PA4137,NA,putative porin,1.3406863896705559,-0.4557033333729766
PAMr_nr_mas_10_4_B06,PA14_72720,PA5511,NA,putative C4-dicarboxylate transport transcriptional regulatory protein,1.546135326653344,-0.7515486385210637
PAMr_nr_mas_10_4_B07,PA14_53140,PA0861,NA,hypothetical protein,0.82314178797719,0.38004224377884377
PAMr_nr_mas_10_4_B08,PA14_44850,PA1515,alc,allantoicase,0.9633018949536977,0.03613400098840861
PAMr_nr_mas_10_4_B09,PA14_66400,PA5022,NA,putative small-conductance mechanosensitive channel protein,1.8820851488230774,-1.1980083943853352
PAMr_nr_mas_10_4_B10,PA14_30540,PA2595,NA,putative periplasmic aliphatic sulfonate-binding protein,1.4712803782083894,-1.0654545648354696
PAMr_nr_mas_10_4_B11,PA14_46510,NA,NA,hypothetical protein,1.8816470180403895,-1.748899248551921
PAMr_nr_mas_10_4_C02,PA14_45250,PA1484,NA,putative transcriptional regulator,0.20441489022942405,0.6228184571317947
PAMr_nr_mas_10_4_C03,PA14_24440,PA3069,NA,putative lipoprotein,0.7422490879423319,2.024259899890252
PAMr_nr_mas_10_4_C04,PA14_13630,NA,NA,hypothetical protein,1.5031601067673344,0.2791653937241908
PAMr_nr_mas_10_4_C05,PA14_14020,PA3862,NA,putative ornithine cyclodeaminase,1.1606450026088992,1.008746466194383
PAMr_nr_mas_10_4_C06,PA14_19620,PA3439,folX,"D-erythro-7,8-dihydroneopterin triphosphate epimerase",0.7916044858602945,-0.7168146028336516
PAMr_nr_mas_10_4_C07,PA14_54040,PA0789,NA,probable amino acid permease,1.0470889763286142,-0.33822935943365434
PAMr_nr_mas_10_4_C08,PA14_57710,PA4442,cysN,ATP sulfurylase GTP-binding subunit/APS kinase,-0.6416259598616223,-0.9343141349053415
PAMr_nr_mas_10_4_C09,PA14_29320,PA2691,NA,conserved hypothetical protein,1.650335163548985,-0.622212812262328
PAMr_nr_mas_10_4_C10,PA14_14690,PA3817,NA,putative rRNA methylase,1.5280844432644496,-1.4525081221746636
PAMr_nr_mas_10_4_C11,PA14_04320,PA0331,ilvA1,"threonine dehydratase, biosynthetic",1.0702308606371587,-0.9803581774190242
PAMr_nr_mas_10_4_C12,PA14_46720,PA1358,NA,conserved hypothetical protein,2.4102533962290784,-1.5587205401561521
PAMr_nr_mas_10_4_D01,PA14_13210,NA,NA,hypothetical protein,0.2112776149482471,-0.5427959774955408
PAMr_nr_mas_10_4_D02,PA14_05510,PA0423,NA,putative periplasmic protein,0.2089908728211601,0.4766191757176864
PAMr_nr_mas_10_4_D03,PA14_40640,PA1846,cti,fatty acyl cis-trans isomerase,-1.506378198998631,0.12962923559705375
PAMr_nr_mas_10_4_D04,PA14_47360,PA1304,NA,putative oligopeptidase,0.7178646703061797,0.2424558769856831
PAMr_nr_mas_10_4_D05,PA14_04000,PA0306,NA,putative transcriptional regulator,1.0547568820449253,0.7272613992160558
PAMr_nr_mas_10_4_D06,NA,NA,NA,NA,0.5641354033923932,1.299616396350713
PAMr_nr_mas_10_4_D07,PA14_66260,PA5013,ilvE,branched-chain amino acid transferase,1.2755635835462225,-0.030626187314238038
PAMr_nr_mas_10_4_D08,PA14_18020,PA3578,NA,"putative phenazine biosynthesis protein, PhzF family",1.1471983789744116,0.13652148500068298
PAMr_nr_mas_10_4_D09,PA14_69230,PA5242,ppk,polyphosphate kinase,0.9837218576743616,-0.23940898773660865
PAMr_nr_mas_10_4_D10,PA14_05230,PA0400,NA,probable cystathionine gamma-lyase,0.794904251681327,-0.4815507798575566
PAMr_nr_mas_10_4_D11,PA14_28030,PA2790,NA,hypothetical protein,0.1205057103349916,-0.6614451760164027
PAMr_nr_mas_10_4_D12,PA14_38080,PA2044,NA,putative cysteine proteases,-1.3164476989341667,-1.1014542894420882
PAMr_nr_mas_10_4_E01,PA14_08270,PA0639,NA,conserved hypothetical protein,-0.38422428439219497,0.05483794107540549
PAMr_nr_mas_10_4_E02,PA14_42080,PA1737,NA,putative 3-hydroxyacyl-CoA dehydrogenase,-0.38254875800160854,-0.30320061398096987
PAMr_nr_mas_10_4_E03,PA14_21880,PA3257,tsp,periplasmic tail-specific protease,0.8243516055062483,-0.6847614941189595
PAMr_nr_mas_10_4_E04,PA14_72870,PA5523,NA,putative glutamate-1-semialdehyde aminotransferase,0.8665491228897475,-1.6840449621398723
PAMr_nr_mas_10_4_E05,PA14_01410,PA0116,NA,putative transcriptional regulator,1.260104036308433,0.31064286967034094
PAMr_nr_mas_10_4_E06,PA14_59390,NA,NA,hypothetical protein,0.3230692388815989,0.12026413078584848
PAMr_nr_mas_10_4_E07,PA14_25370,PA2992,NA,conserved hypothetical protein,1.4809391264390135,0.21722262347079235
PAMr_nr_mas_10_4_E08,PA14_14060,PA3860,NA,putative long-chain-fatty-acid-CoA ligase,0.38879427892224305,-0.5547851078820184
PAMr_nr_mas_10_4_E09,PA14_14730,PA3814,iscS,cysteine desulfurase,0.2316310197704727,-0.25477851108070837
PAMr_nr_mas_10_4_E10,PA14_23970,PA3105,xcpQ,general secretion pathway protein D,2.1447884939637727,-1.1224942012226167
PAMr_nr_mas_10_4_E11,PA14_11720,PA4029,NA,probable membrane protein,-0.0018774349232897666,-1.423576531641633
PAMr_nr_mas_10_4_E12,PA14_56890,PA4375,NA,putative RND efflux transporter,-1.7621956066263913,-0.628276069880135
PAMr_nr_mas_10_4_F01,PA14_12870,PA3942,tesB,"TesB, acyl-CoA thioesterase II",-0.13413534166406985,-0.5969165653413686
PAMr_nr_mas_10_4_F02,PA14_43890,PA1593,NA,putative thioesterase,-0.8560523084569409,-0.7715179229678176
PAMr_nr_mas_10_4_F03,PA14_17510,PA3619,NA,putative TolB-like translocation protein,-0.1403785811900912,-0.13971517700887226
PAMr_nr_mas_10_4_F04,PA14_06940,PA0532,NA,hypothetical protein,-1.080863683003282,-1.1698524262925245
PAMr_nr_mas_10_4_F05,PA14_09520,PA4207,mexI,probable RND efflux transporter,-0.5834112691571425,-1.8602795185504675
PAMr_nr_mas_10_4_F06,PA14_07620,PA0584,cca,tRNA nucleotidyl transferase,0.7728149286171967,-1.240767186720149
PAMr_nr_mas_10_4_F07,NA,NA,NA,NA,0.7032589360924075,-0.3548859640584996
PAMr_nr_mas_10_4_F08,PA14_52000,PA0948,NA,hypothetical protein,1.3794068803320423,-0.5782804415117913
PAMr_nr_mas_10_4_F09,PA14_00450,PA0036,trpB,tryptophan synthase beta chain,1.4734626841030967,-0.7850520326231076
PAMr_nr_mas_10_4_F10,PA14_30930,NA,NA,putative conjugal transfer protein,1.5615224342058704,-1.074289065156677
PAMr_nr_mas_10_4_F11,PA14_17640,PA3607,potA,polyamine transport protein PotA,0.4325386554280185,-1.044592469688108
PAMr_nr_mas_10_4_F12,PA14_63800,PA4825,mgtA,"Mg(2+) transport ATPase, P-type 2",-0.7036901340379867,-0.8656922807579268
PAMr_nr_mas_10_4_G01,PA14_06450,PA0494,NA,putative acyl-CoA carboxylase subunit,-1.0635692563713783,0.5169565870396394
PAMr_nr_mas_10_4_G02,PA14_29620,PA2665,NA,putative transcriptional regulator,-0.779967079589337,-0.2772447899394461
PAMr_nr_mas_10_4_G03,PA14_31720,PA2540,NA,putative lysophospholipas,-0.2255815556225912,0.039629363141870905
PAMr_nr_mas_10_4_G04,PA14_49840,PA1124,dgt,deoxyguanosinetriphosphate triphosphohydrolase,0.663670741633897,-1.2586136008271143
PAMr_nr_mas_10_4_G05,PA14_15990,PA3743,trmD,tRNA (guanine-N1)-methyltransferase,1.1675211689267084,-1.4105514291862205
PAMr_nr_mas_10_4_G06,PA14_20100,PA3401,NA,"putative ABC-type multidrug transport system, permease component",1.0111252421095946,-1.0056864673006605
PAMr_nr_mas_10_4_G07,PA14_19490,PA3450,NA,putative thiol-specific antioxidant protein,2.1943134829466184,-0.07364301788631232
PAMr_nr_mas_10_4_G08,PA14_02290,PA0181,NA,"putative transcriptional regulator, LysR family",0.9401013784587907,-1.0103549696470007
PAMr_nr_mas_10_4_G09,PA14_03000,PA0242,NA,putative 4-hydroxyphenylpyruvate dioxygenase,1.784507824750374,-0.8711219709522863
PAMr_nr_mas_10_4_G10,PA14_65050,PA4926,NA,putative putative cysteine protease,1.231176439312781,-1.0601594423711072
PAMr_nr_mas_10_4_G11,PA14_64010,PA4841,NA,putative isopentenyldiphosphate isomerase,1.1866366178617356,-1.5463791108565483
PAMr_nr_mas_10_4_G12,PA14_60660,PA4584,NA,putative nucleotidyltransferase,-0.6320312390363871,-0.6869863271990277
PAMr_nr_mas_10_4_H01,PA14_33680,PA2398,fpvA,ferripyoverdine receptor,-2.3630917884293368,-0.39790806237294585
PAMr_nr_mas_10_4_H02,PA14_17960,PA3582,glpK,glycerol kinase,-1.7143841821339452,0.9836393084933094
PAMr_nr_mas_10_4_H03,NA,NA,NA,NA,-0.5598878391667416,0.1757705345844635
PAMr_nr_mas_10_4_H04,PA14_05110,PA0391,NA,conserved hypothetical protein,-1.0502802543769438,-0.25816975440700485
PAMr_nr_mas_10_4_H05,PA14_61080,PA4616,NA,putative C4-dicarboxylate-binding protein,-0.20905937506282865,-0.32530274778547463
PAMr_nr_mas_10_4_H06,PA14_06330,PA0486,NA,putative putative homoserine kinase type II,0.6341712982368443,-0.6595058017153975
PAMr_nr_mas_10_4_H07,PA14_02310,PA0183,atsA,arylsulfatase,0.3045123127238073,-0.3814102159570371
PAMr_nr_mas_10_4_H08,PA14_18120,PA3570,mmsA,methylmalonate-semialdehyde dehydrogenase,0.4172535243489148,-1.214838492537426
PAMr_nr_mas_10_4_H09,PA14_42060,PA1738,NA,putative transcriptional regulator,0.16576772433603898,-1.081070067938751
PAMr_nr_mas_10_4_H10,PA14_13300,PA3912,NA,putative peptidase,-0.3333206777778106,-0.8119190387088451
PAMr_nr_mas_10_4_H11,PA14_67580,PA5118,thiI,thiamin biosynthesis protein ThiI,0.6688100771091767,-1.7008468690463387
PAMr_nr_mas_10_4_H12,PA14_44560,PA1538,NA,putative flavin-containing monooxygenase,0.4683038717581992,0.030137712240263896
PAMr_nr_mas_11_1_A01,PA14_29660,PA2662,NA,putative membraine protein,-0.257730281373649,2.7497644837106074
PAMr_nr_mas_11_1_A02,NA,NA,NA,NA,0.17631404078433408,1.8603478825062487
PAMr_nr_mas_11_1_A03,PA14_13410,PA3903,NA,peptide chain release factor 3,0.5599912317162652,1.5035641042522554
PAMr_nr_mas_11_1_A04,PA14_50380,PA1085,flgJ,flagellar protein FlgJ,0.3480997138109103,1.7668392132657011
PAMr_nr_mas_11_1_A05,NA,NA,NA,NA,-0.6233214618846693,1.746548028292212
PAMr_nr_mas_11_1_A06,PA14_07260,PA0558,NA,conserved hypothetical protein,-0.40100416947618506,1.4562380874733438
PAMr_nr_mas_11_1_A07,PA14_34750,PA2310,NA,putative taurine catabolism dioxygenase,-0.8927395647582889,1.365900675436385
PAMr_nr_mas_11_1_A08,PA14_68450,PA5182,NA,conserved hypothetical protein,0.5601714699436346,-0.3506517966941451
PAMr_nr_mas_11_1_A09,PA14_05420,PA0416,NA,putative transcriptional regulator,-0.5818979409293822,1.326662035246549
PAMr_nr_mas_11_1_A10,PA14_10980,NA,NA,putative transcription regulator,-0.43343215991902784,0.8074350509898033
PAMr_nr_mas_11_1_A11,PA14_64550,PA4883,NA,putative thiosulfate reductase cytochrome B subunit,0.2299215885297146,1.704612215455904
PAMr_nr_mas_11_1_A12,PA14_22690,PA3210,trkH,potassium uptake protein TrkH,-0.9079755327233584,0.6663825195653431
PAMr_nr_mas_11_1_B01,PA14_00740,PA0062,NA,putative lipoprotein,1.2476766413200828,2.6471516052857296
PAMr_nr_mas_11_1_B02,PA14_11240,PA4070,NA,putative transcriptional regulator,1.0350682184557445,1.7382205628354892
PAMr_nr_mas_11_1_B03,PA14_28770,NA,NA,hypothetical protein,1.1429287994302315,0.7920569272099421
PAMr_nr_mas_11_1_B04,PA14_44340,PA1557,NA,putative cytochrome oxidase subunit (cbb3-type),1.6697005826769125,0.7006241434465781
PAMr_nr_mas_11_1_B05,PA14_62740,PA4743,rbfA,ribosome-binding factor A,-0.49730151862639205,-0.03365364001424822
PAMr_nr_mas_11_1_B06,PA14_69750,PA5283,NA,putative transcriptional regulator,1.5138540744837465,0.06628394968638132
PAMr_nr_mas_11_1_B07,NA,NA,NA,NA,1.2371668162661213,-0.05134105632424124
PAMr_nr_mas_11_1_B08,PA14_25280,PA2999,nqrA,Na+-translocating NADH:ubiquinone oxidoreductase subunit Nrq1,0.8667207782271406,0.10174192627547311
PAMr_nr_mas_11_1_B09,PA14_17570,PA3614,NA,putative metallo-beta-lactamase superfamily protein,1.3151657453606111,0.7310902703658774
PAMr_nr_mas_11_1_B10,PA14_05810,PA0444,amaB,N-carbamoyl-beta-alanine amidohydrolase,0.6907378729757349,-0.6742035992115206
PAMr_nr_mas_11_1_B11,PA14_20620,PA3360,NA,putative HlyD family secretion protein,0.6398687245552643,-0.9441335083229931
PAMr_nr_mas_11_1_B12,PA14_63830,PA4827,NA,putative N-hydroxyarylamine O-acetyltransferase,0.9746170154230412,0.8588842550524345
PAMr_nr_mas_11_1_C01,PA14_65300,PA4943,hflX,putative GTP-binding protein,-0.6878417146539187,1.746741567367467
PAMr_nr_mas_11_1_C02,PA14_58580,PA4515,NA,putative iron-regulated protein,-0.15773108413852957,1.0316073577136493
PAMr_nr_mas_11_1_C03,PA14_15660,NA,NA,probable oxidoreductase,-1.3865705382838291,0.007854578043654428
PAMr_nr_mas_11_1_C04,PA14_25340,PA2995,nqrE,Na+-translocating NADH:quinone oxidoreductase subunit Nqr5,0.11431707207383478,0.6483981616592889
PAMr_nr_mas_11_1_C05,PA14_52270,PA0927,ldhA,D-lactate dehydrogenase (fermentative),-0.9307847296558088,1.447339826785609
PAMr_nr_mas_11_1_C06,PA14_34150,PA2359,NA,putative sigma54-dependent transcriptional regulator,1.0245311563792274,1.2194942678700693
PAMr_nr_mas_11_1_C07,NA,NA,NA,NA,0.5109551158687368,0.5383093385762177
PAMr_nr_mas_11_1_C08,PA14_44840,PA1516,NA,conserved hypothetical protein,0.32456639779296337,-0.3856638430459118
PAMr_nr_mas_11_1_C09,PA14_32480,PA2486,NA,hypothetical protein,0.48747806945646516,-0.8542756952595019
PAMr_nr_mas_11_1_C10,PA14_21030,PA3326,clpP,putative ATP-dependent Clp protease proteolytic subunit,-0.08960606524820701,0.23348953206292422
PAMr_nr_mas_11_1_C11,PA14_10220,PA4154,NA,putative SH3 domain protein,-3.008182501284732e-4,0.4901697390590104
PAMr_nr_mas_11_1_C12,PA14_61250,PA4628,lysP,APC family lysine-specific permease,0.0974608317851216,0.5004312538613098
PAMr_nr_mas_11_1_D01,PA14_28080,PA2785,NA,putative transcriptional regulator,0.9827108598466003,1.2805571405996565
PAMr_nr_mas_11_1_D02,PA14_16130,PA3733,NA,putative carnitine dehydratase,0.6709354696377565,0.7371669316581465
PAMr_nr_mas_11_1_D03,PA14_33220,PA2430,NA,conserved hypothetical protein,-0.4719731852721506,0.028887810679791952
PAMr_nr_mas_11_1_D04,PA14_42150,PA1731,NA,conserved hypothetical protein,0.32381786293141956,0.07373823281701888
PAMr_nr_mas_11_1_D05,PA14_60280,NA,fimU,type 4 fimbrial biogenesis protein FimU,1.8886534469645782,1.6786596469914532
PAMr_nr_mas_11_1_D06,PA14_32830,NA,NA,hypothetical protein,0.5216635131951255,-0.7566056533787516
PAMr_nr_mas_11_1_D07,PA14_09400,PA4217,phzS,flavin-containing monooxygenase,0.2536221616601288,-0.8671207206798673
PAMr_nr_mas_11_1_D08,PA14_05210,PA0398,NA,putative membrane protein,0.5390484325076698,-0.6200093489774425
PAMr_nr_mas_11_1_D09,PA14_71990,PA5453,gmd,GDP-D-mannose dehydratase,0.5109551158687368,-0.11617095457978621
PAMr_nr_mas_11_1_D10,PA14_49360,PA1163,NA,probable glucosyl transferase,0.3724737881697873,-1.5962001125547767
PAMr_nr_mas_11_1_D11,PA14_46100,PA1419,NA,putative transporter,0.4316189162132401,0.14021085142685952
PAMr_nr_mas_11_1_D12,PA14_21340,PA3300,fadD2,long-chain-fatty-acid--CoA ligase,-0.38045497816129975,-0.11744841122650965
PAMr_nr_mas_11_1_E01,NA,NA,NA,NA,0.32999061021069853,0.7893788695665068
PAMr_nr_mas_11_1_E02,PA14_58390,PA4500,NA,putative binding protein component of ABC transpor,0.921921494492791,0.32788079075633375
PAMr_nr_mas_11_1_E03,PA14_57040,PA4388,NA,conserved hypothetical protein,-0.33768554237667486,0.5487289249574471
PAMr_nr_mas_11_1_E04,PA14_49910,PA1118,NA,hypothetical protein,-0.8058985787365965,-0.6603368934954137
PAMr_nr_mas_11_1_E05,PA14_58420,PA4502,NA,putative binding protein component of ABC dipeptid,0.686146445900132,-1.262552251108583
PAMr_nr_mas_11_1_E06,PA14_27330,PA2843,NA,putative phospho-2-dehydro-3-deoxyheptonate aldolase,0.7459248497504555,-0.3464202994654664
PAMr_nr_mas_11_1_E07,PA14_70390,PA5332,crc,catabolite repression control protein,-0.7257683579181693,-1.5761637879770223
PAMr_nr_mas_11_1_E08,PA14_53790,PA0810,NA,probable haloacid dehalogenase,1.4592641278715917,-0.7134627666861924
PAMr_nr_mas_11_1_E09,PA14_52810,PA0886,NA,probable C4-dicarboxylate transporter,0.44191231302882095,0.06578670291836487
PAMr_nr_mas_11_1_E10,PA14_58830,PA4534,NA,putative acetyltransferase,-0.0400337107137283,-0.7417264507911902
PAMr_nr_mas_11_1_E11,PA14_33580,PA2405,NA,conserved hypothetical protein,-0.4981546674479428,-0.9728073214303491
PAMr_nr_mas_11_1_E12,PA14_33970,NA,NA,hypothetical,0.11334954647302037,0.5593633609255768
PAMr_nr_mas_11_1_F01,PA14_44130,PA1575,NA,putative exonuclease,-0.6346465283259419,1.2878143258559922
PAMr_nr_mas_11_1_F02,PA14_13770,PA3876,narK2,nitrite extrusion protein,0.9929817652086057,0.978649985716458
PAMr_nr_mas_11_1_F03,PA14_31920,PA2525,NA,putative outer membrane protein,-0.9610202204596922,0.2480235181241842
PAMr_nr_mas_11_1_F04,PA14_09770,PA4184,NA,"putative transcriptional regulator, AraC family",0.9926452802982741,-0.11285070502667388
PAMr_nr_mas_11_1_F05,PA14_46900,PA1343,NA,hypothetical protein,-0.5347355398264224,-0.2699219259697167
PAMr_nr_mas_11_1_F06,PA14_15130,PA3784,NA,conserved hypothetical protein,-0.052737902049123674,-0.06831422124162341
PAMr_nr_mas_11_1_F07,PA14_25770,PA2960,pilZ,type 4 fimbrial biogenesis protein PilZ,0.9106814471473786,-1.0173638189673708
PAMr_nr_mas_11_1_F08,PA14_45830,PA1441,NA,putative flagellar hook-length control protein FliK,-0.5446124698348143,-0.12767682905708713
PAMr_nr_mas_11_1_F09,PA14_54170,PA0782,putA,proline dehydrogenase PutA,-1.7697644039407845,-0.9710660222099863
PAMr_nr_mas_11_1_F10,PA14_22670,PA3212,NA,putative ATP-binding component of ABC transporter,0.500410397394163,-0.17441400861002515
PAMr_nr_mas_11_1_F11,PA14_10730,PA4115,NA,putative decarboxylase family protein,-0.7891202993208253,0.6872657568379953
PAMr_nr_mas_11_1_F12,PA14_15180,PA3781,NA,"putative ABC transport system, membrane protein",-1.0082672185802182,0.9834224585407016
PAMr_nr_mas_11_1_G01,PA14_46200,PA1411,NA,putative membrane protein,0.16212033349293642,0.7094396864373448
PAMr_nr_mas_11_1_G02,PA14_01620,PA0132,aptA,beta-alanine--pyruvate transaminase,-0.2727346249136347,0.19579704312254284
PAMr_nr_mas_11_1_G03,PA14_12550,PA3967,NA,hypothetical protein,-0.22885034127825363,0.2487493917217176
PAMr_nr_mas_11_1_G04,NA,NA,NA,NA,-0.6146237418776894,-0.13868979551116348
PAMr_nr_mas_11_1_G05,PA14_54850,NA,NA,hypothetical,-1.1434262218366238,0.07969570273307221
PAMr_nr_mas_11_1_G06,PA14_36710,PA2153,glgB,"1,4-alpha-glucan branching enzyme",-1.3823950432698662,-0.9655548872403895
PAMr_nr_mas_11_1_G07,PA14_22490,PA3223,acpD,acyl carrier protein phosphodiesterase,-1.914797014043877,-0.5066857996913307
PAMr_nr_mas_11_1_G08,PA14_62400,PA4715,NA,putative aminotransferase,-1.2401338661937276,-1.0533995276632908
PAMr_nr_mas_11_1_G09,PA14_54680,PA0742,NA,hypothetical protein,-1.006879320521413,-0.9826832282073578
PAMr_nr_mas_11_1_G10,PA14_61350,NA,NA,conserved hypothetical protein,-1.1963596175507778,-0.7653239006601569
PAMr_nr_mas_11_1_G11,PA14_63130,PA4775,NA,conserved hypothetical protein,-0.8975110433067514,-0.10978731680165835
PAMr_nr_mas_11_1_G12,PA14_18630,PA3535,NA,putative serine protease,-0.8875178139945518,0.13652148500068298
PAMr_nr_mas_11_1_H01,PA14_39780,PA1914,NA,putative halovibrin,-0.4605132488963912,1.4911104700872673
PAMr_nr_mas_11_1_H02,PA14_08090,PA0623,NA,putative phage tail tube protein,-0.6584520586221989,0.5540482496775386
PAMr_nr_mas_11_1_H03,PA14_54960,NA,NA,hypothetical,-0.5420343821310061,0.7670200587420765
PAMr_nr_mas_11_1_H04,PA14_07630,PA0585,NA,hypothetical protein,-0.23416574772723137,-0.5925269362647158
PAMr_nr_mas_11_1_H05,PA14_39480,NA,NA,NA,-1.1875460306788579,-0.5221378013063255
PAMr_nr_mas_11_1_H06,PA14_37460,PA2091,NA,putative permease,-0.41909266770410375,-1.4381822818046839
PAMr_nr_mas_11_1_H07,PA14_54950,NA,NA,hypothetical,-1.1306750605794376,-1.60384876292899
PAMr_nr_mas_11_1_H08,PA14_51860,PA0959,NA,hypothetical protein,-1.1858799851965636,0.27458767201014767
PAMr_nr_mas_11_1_H09,PA14_12450,PA3972,NA,possible acyl-CoA dehydrogenase,-1.3030984270448656,-0.7383621506414874
PAMr_nr_mas_11_1_H11,PA14_56190,PA4325,NA,conserved hypothetical protein,0.04172750488475298,-0.5441573003599591
PAMr_nr_mas_11_1_H12,PA14_44120,PA1576,NA,putative 3-hydroxyisobutyrate dehydrogenase,-0.5547201778857103,0.6734265252831892
PAMr_nr_mas_11_2_A01,PA14_36030,NA,PAGI-1(2),NA,0.8402304517671905,1.7705044042795763
PAMr_nr_mas_11_2_A02,PA14_52570,PA0905,rsmA ,"RsmA, regulator of secondary metabolites",1.3646767893304577,2.487196346240233
PAMr_nr_mas_11_2_A03,PA14_62470,PA4721,NA,putative sugar fermentation stimulation protein,-0.40688773251696503,1.803593249982429
PAMr_nr_mas_11_2_A04,PA14_51910,PA0955,NA,hypothetical protein,0.5437485816695887,1.693306894046241
PAMr_nr_mas_11_2_A05,PA14_58610,PA4517,NA,"putative membrane-associated, metal-dependent hydrolase",2.1424070519261034,1.5764149581604976
PAMr_nr_mas_11_2_A06,PA14_48650,PA1210,NA,putative pirin protein,2.552297972499563,2.7642486882750914
PAMr_nr_mas_11_2_A07,PA14_41510,PA1783,nasA,nitrate transporter,-0.0962053458351778,0.08539998574313513
PAMr_nr_mas_11_2_A08,PA14_42680,PA1688,NA,conserved hypothetical protein,0.721379053710625,0.3080053944585929
PAMr_nr_mas_11_2_A09,PA14_20200,PA3392,nosZ,nitrous-oxide reductase precursor,1.1429287994302315,0.32668514268773985
PAMr_nr_mas_11_2_A10,PA14_33330,NA,NA,hypothetical,0.48109316967108867,-0.10238989730988969
PAMr_nr_mas_11_2_A11,PA14_27910,PA2801,NA,putative thioesterase,0.3641116719183708,0.7051463814584282
PAMr_nr_mas_11_2_A12,PA14_35520,PA2248,bkdA2,"2-oxoisovalerate dehydrogenase, beta subunit""",0.8115503050422568,0.8336524740959678
PAMr_nr_mas_11_2_B01,PA14_32820,NA,NA,hypothetical protein,-0.10762045490020034,1.830788358250383
PAMr_nr_mas_11_2_B02,PA14_58690,PA4523,NA,conserved hypothetical protein,1.2151199911732693,0.9283330112607927
PAMr_nr_mas_11_2_B03,PA14_18860,PA3515,NA,conserved hypothetical protein,-0.03131445625776617,0.7168899566966734
PAMr_nr_mas_11_2_B04,PA14_04630,PA0353,ilvD,dihydroxy-acid dehydratase,-0.28633110735391337,0.29408153709701346
PAMr_nr_mas_11_2_B05,PA14_53430,PA0837,slyD,peptidyl-prolyl cis-trans isomerase SlyD,0.4468691818452502,-0.6464987848417083
PAMr_nr_mas_11_2_B06,PA14_34270,PA2350,NA,putative ATP-binding component of ABC transporter,1.6843362869812295,0.8816000888230136
PAMr_nr_mas_11_2_B07,PA14_20650,PA3357,dsdA,D-serine dehydratase,1.546443438387752,-0.9783244186384963
PAMr_nr_mas_11_2_B08,PA14_24550,PA3059,NA,putative glycosyltransferase,-0.13896827506733225,-1.1144853323490171
PAMr_nr_mas_11_2_B09,PA14_12840,PA3945,NA,"possible acetyltransferase, GNAT family",1.5042458320229208,-0.5466083777081627
PAMr_nr_mas_11_2_B10,PA14_70830,PA5367,pstA,"hosphate ABC transporter, permease protein",-0.32709041235688024,-0.9847183087262489
PAMr_nr_mas_11_2_B11,PA14_56930,PA4379,NA,conserved hypothetical protein,0.8350569751999843,-0.08889151100222367
PAMr_nr_mas_11_2_B12,PA14_50100,PA1104,fliI,flagellum-specific ATP synthase FliI,0.4400754428252129,-0.060708988071125715
PAMr_nr_mas_11_2_C01,PA14_45470,PA1466,NA,putative glutathione S-transferase,0.9428153503642374,1.0085304261258532
PAMr_nr_mas_11_2_C02,PA14_54450,PA0761,nadB,L-aspartate oxidase,0.8847185404239337,0.9608317137935742
PAMr_nr_mas_11_2_C03,PA14_20810,PA3344,recQ,ATP-dependent DNA helicase RecQ,1.2061819800502622,1.2470726215727166
PAMr_nr_mas_11_2_C04,PA14_67320,PA5098,hutH,histidine ammonia-lyase,1.971550905588841,0.43768460458749847
PAMr_nr_mas_11_2_C05,NA,NA,NA,NA,1.5615224342058704,1.011770297034237
PAMr_nr_mas_11_2_C06,PA14_37490,PA2089,NA,putative TonB-dependent  receptor,1.8700985650398771,0.6438375032168803
PAMr_nr_mas_11_2_C07,NA,PA5441,NA,NA,0.9639779968037693,-0.1762181097733993
PAMr_nr_mas_11_2_C08,PA14_73370,PA5565,gidA,glucose-inhibited division protein A,1.8698059234708124,-0.7109499878866901
PAMr_nr_mas_11_2_C09,PA14_06750,PA0519,nirS,nitrite reductase precursor,1.027878170354971,-0.3026752589986625
PAMr_nr_mas_11_2_C10,PA14_65760,PA4975,NA,NAD(P)H quinone oxidoreductase,0.8612254799957944,0.2393069046843545
PAMr_nr_mas_11_2_C11,PA14_64050,PA4843,NA,putative two-component response regulator,-1.2574404704657731,-0.005199111760270346
PAMr_nr_mas_11_2_C12,PA14_72460,PA5490,cc4,cytochrome c4 precursor,0.41448717951945824,0.3531785241582478
PAMr_nr_mas_11_2_D01,PA14_17670,PA3604,NA,"putative DNA-binding response regulator, LuxR family",0.1640402768193183,0.8332089633050922
PAMr_nr_mas_11_2_D02,PA14_06620,PA0507,NA,putative acyl-CoA dehydrogenase,0.8533175587814951,0.5505796031758979
PAMr_nr_mas_11_2_D03,PA14_52020,PA0946,NA,conserved hypothetical protein,-0.9002392302739254,1.0113384046189458
PAMr_nr_mas_11_2_D04,PA14_10140,PA4161,fepG,ferric enterobactin transport protein FepG,0.2836406776744206,1.1741201211542454
PAMr_nr_mas_11_2_D05,NA,NA,NA,NA,1.0267069182668709,0.6795556079237086
PAMr_nr_mas_11_2_D06,PA14_55360,PA0693,exbB2,transport protein ExbB2,0.2628884490579792,0.22402553165810452
PAMr_nr_mas_11_2_D07,PA14_24270,PA3083,pepN,aminopeptidase N,0.005411103023331961,0.19823521636546013
PAMr_nr_mas_11_2_D08,PA14_45240,PA1485,NA,putative amino acid permease,1.184678733355514,-0.0024356357449475934
PAMr_nr_mas_11_2_D09,PA14_00250,PA0023,qor,quinone oxidoreductase,0.8179542155179156,0.10223651583182186
PAMr_nr_mas_11_2_D10,PA14_18590,PA3539,NA,conserved hypothetical protein,1.1463775312815272,-0.2529531666390142
PAMr_nr_mas_11_2_D11,PA14_48000,PA1254,NA,putative dihydrodipicolinate synthetase,-0.973201285739864,-0.2861475962588011
PAMr_nr_mas_11_2_D12,PA14_14700,PA3816,cysE,serine O-acetyltransferase,0.5626942623833415,0.7060504634468605
PAMr_nr_mas_11_2_E01,PA14_21930,PA3252,NA,putative permease of ABC transporter,0.14539202467024756,1.615802980497638
PAMr_nr_mas_11_2_E02,PA14_27950,PA2797,NA,putative anti-anti-sigma factor,-0.31071354034182136,1.0563214983688376
PAMr_nr_mas_11_2_E03,PA14_19150,PA3474,NA,putative membrane protein,-0.24214729844896266,0.4346259515215486
PAMr_nr_mas_11_2_E04,PA14_11830,PA4021,NA,probable transcriptional regulator,-0.47367273273453586,0.4731102614987337
PAMr_nr_mas_11_2_E05,PA14_73070,PA5541,NA,putative dihydroorotase,-0.7226727322066455,0.18945364341337265
PAMr_nr_mas_11_2_E06,PA14_65350,PA4946,mutL,DNA mismatch repair protein MutL,0.6453831839086116,1.0629680246179696
PAMr_nr_mas_11_2_E07,PA14_53020,PA0869,pbpG,D-alanyl-D-alanine-endopeptidase,-0.21109680114160176,-0.5919784344858513
PAMr_nr_mas_11_2_E08,PA14_23900,PA3109,cvpA,putative colicin V production protein,0.23315012386072373,-0.15897014930559258
PAMr_nr_mas_11_2_E09,PA14_21620,PA3279,oprP,phosphate-specific outer membrane porin OprP precursor,0.07413638927085567,-0.4869482194246474
PAMr_nr_mas_11_2_E10,PA14_39560,PA1930,NA,putative chemotaxis transducer,-0.2657418423479905,-0.13433367137687996
PAMr_nr_mas_11_2_E11,PA14_26550,PA2901,NA,putative lipoprotein,0.08055924744398807,0.2288805325992342
PAMr_nr_mas_11_2_E12,PA14_40940,PA1824,NA,putative membrain protein,0.6174051677590361,1.2217967981622808
PAMr_nr_mas_11_2_F01,PA14_04370,PA0334,NA,putative MFS transporter,0.6252587137778353,1.8246694963121717
PAMr_nr_mas_11_2_F02,NA,NA,NA,NA,-0.008582472990472061,1.7884157243174315
PAMr_nr_mas_11_2_F03,PA14_10350,PA4142,NA,putative secretion protein,0.23277038227004584,0.5637509317143493
PAMr_nr_mas_11_2_F04,PA14_46420,PA1379,NA,putative short-chain dehydrogenase,-0.23887158943062545,0.6173243821731031
PAMr_nr_mas_11_2_F05,PA14_60140,NA,xerD,integrase,-0.5013550076804707,0.16254963012013693
PAMr_nr_mas_11_2_F06,PA14_63970,PA4838,NA,putative membrane protein,0.3363440739334508,1.9173812513730226
PAMr_nr_mas_11_2_F07,PA14_35820,NA,tnpS,Cointegrate resolution protein S,-0.9902484133059156,-0.14766720086701565
PAMr_nr_mas_11_2_F08,PA14_32450,PA2489,NA,"putative transcriptional regulator, AraC family",-0.5728256180947858,0.271935983966152
PAMr_nr_mas_11_2_F09,PA14_69500,PA5263,argH,argininosuccinate lyase,-1.0771203117591743,-0.7487408317565132
PAMr_nr_mas_11_2_F10,PA14_57680,PA4440,NA,putative hydrolase,-0.3281283609966278,0.19530930214409378
PAMr_nr_mas_11_2_F11,PA14_40370,PA1865,NA,conserved hypothetical protein,0.37284517959809693,0.680009391416682
PAMr_nr_mas_11_2_F12,PA14_17730,PA3598,NA,putative carbon-nitrogen hydrolase family protein,0.9190282528550581,1.0234208967725733
PAMr_nr_mas_11_2_G01,PA14_06190,PA0473,NA,putative glutathione S-transferase,-0.3976446054558046,0.7461592896214969
PAMr_nr_mas_11_2_G02,PA14_02850,PA0232,pcaC,gamma-carboxymuconolactone decarboxylase,0.10599147886390607,1.0856452414784217
PAMr_nr_mas_11_2_G03,PA14_19470,PA3452,mqoA,malate:quinone oxidoreductase,-1.7899052223981358,1.5646925273466525
PAMr_nr_mas_11_2_G04,PA14_39020,PA1972,NA,putative membrane protein,-0.050353908665692365,-1.0428324443644366
PAMr_nr_mas_11_2_G05,PA14_60970,PA4608,NA,conserved hypothetical protein,-0.007004173114253705,2.796765661259284
PAMr_nr_mas_11_2_G06,PA14_50520,PA1074,braC,branched-chain amino acid transport protein BraC,-1.6167799993565144,0.6565995436230506
PAMr_nr_mas_11_2_G07,PA14_63880,PA4831,NA,putative transcriptional regulator,-0.9166332760700572,-0.9809393645925676
PAMr_nr_mas_11_2_G08,PA14_13900,NA,NA,putative DNA invertase,-0.6900404948991669,-0.497215331043397
PAMr_nr_mas_11_2_G09,PA14_54890,NA,NA,hypothetical,-0.7213465022309261,-0.11463832755846091
PAMr_nr_mas_11_2_G10,PA14_58770,PA4528,pilD,type 4 prepilin peptidase PilD,-4.340199854862935,-2.53626212085618
PAMr_nr_mas_11_2_G11,NA,NA,NA,NA,-0.36644462271097844,0.8107734628936918
PAMr_nr_mas_11_2_G12,PA14_08320,PA0647,NA,conserved hypothetical protein,-0.27129429802856,1.199365850290271
PAMr_nr_mas_11_2_H01,PA14_53480,PA0835,pta,phosphate acetyltransferase,-0.1990855263709285,2.155371282684765
PAMr_nr_mas_11_2_H02,PA14_65710,PA4971,aspP,adenosine diphosphate sugar pyrophosphatase,1.3199587689007866,2.0574172856083877
PAMr_nr_mas_11_2_H03,PA14_25390,PA2991,sth,soluble pyridine nucleotide transhydrogenase,-0.0900058243936447,0.6874923918631949
PAMr_nr_mas_11_2_H04,PA14_18500,PA3545,algG,alginate-c5-mannuronan-epimerase,0.31107910711130926,1.6148161580613434
PAMr_nr_mas_11_2_H05,PA14_42270,PA1723,pscJ,pscJ type III export protein,0.30019325063542474,0.15592939660790672
PAMr_nr_mas_11_2_H06,PA14_58630,PA4519,NA,putative ornithine decarboxylase,-1.2905033282508558,0.30728590307973974
PAMr_nr_mas_11_2_H07,PA14_64390,PA4868,ureC,urease alpha subunit,-1.2687636078264692,-0.1904100936806312
PAMr_nr_mas_11_2_H08,PA14_12670,PA3958,NA,possible nuclease or phosphatase,-0.9095694840377658,-0.07135872969130834
PAMr_nr_mas_11_2_H09,PA14_09700,PA4190,NA,putative FAD-dependent monooxygenase,-0.23600674431802668,-0.7408852176040953
PAMr_nr_mas_11_2_H10,PA14_67300,PA5096,NA,putative binding protein component of ABC transporter,-0.8438706737965561,0.36174855669540423
PAMr_nr_mas_11_2_H11,PA14_38570,PA2005,NA,putative sigma-54 dependent transcriptional regulator,-0.2643031174228666,0.10767459625826793
PAMr_nr_mas_11_2_H12,PA14_37200,PA2117,NA,conserved hypothetical protein,-0.4218315121879652,1.3113977451844088
PAMr_nr_mas_11_3_A01,PA14_12960,PA3936,NA,probable permease of ABC taurine transporter,1.192180646368097,1.706364783586122
PAMr_nr_mas_11_3_A02,PA14_70330,PA5327,NA,putative oxidoreductase,1.1985339550489968,0.49296989065397095
PAMr_nr_mas_11_3_A03,PA14_25080,PA3014,foaA,fatty-acid oxidation complex alpha-subunit,1.7525369110915632,1.1692704903341782
PAMr_nr_mas_11_3_A04,PA14_22890,PA3195,gapA,glyceraldehyde-3-phosphate dehydrogenase,0.4494378713686261,-0.22978840325880934
PAMr_nr_mas_11_3_A05,PA14_70070,PA5307,NA,conserved hypothetical protein,2.2554349351846867,0.1774824498759763
PAMr_nr_mas_11_3_A06,PA14_00940,PA0079,NA,conserved hypothetical protein,1.355631570100192,-0.13177256580838048
PAMr_nr_mas_11_3_A07,PA14_21040,PA3325,NA,putative hydrolase,1.9817647354658445,0.3118413794182916
PAMr_nr_mas_11_3_A08,PA14_52940,PA0875,NA,conserved hypothetical protein,2.054505636736559,-0.17956987079308853
PAMr_nr_mas_11_3_A09,PA14_67220,PA5089,NA,conserved hypothetical protein,1.6737778638010954,-0.5142718101986784
PAMr_nr_mas_11_3_A10,PA14_29940,PA2642,nuoG,NADH dehydrogenase I chain G,2.2304774089888957,-0.24305280890028053
PAMr_nr_mas_11_3_A11,PA14_55520,PA0678,NA,probable type II secretion system protein,-0.5255167770469816,-0.5640641300330743
PAMr_nr_mas_11_3_A12,PA14_58060,PA4473,NA,conserved hypothetical protein,2.4642632154397255,0.5805818043552
PAMr_nr_mas_11_3_B01,PA14_23030,PA3186,oprB,glucose/carbohydrate outer membrane porin OprB precursor,1.310529011087005,1.2115339876125613
PAMr_nr_mas_11_3_B02,PA14_06300,PA0483,NA,"putative acetyltransferase, GNAT family",1.4860740247041937,0.8912805471187013
PAMr_nr_mas_11_3_B03,NA,NA,NA,NA,-0.13514189626911144,-0.04173353142351513
PAMr_nr_mas_11_3_B04,PA14_72850,PA5522,NA,putative glutamine synthetase,1.5888185959177517,0.21454816425868403
PAMr_nr_mas_11_3_B05,PA14_66480,PA5028,NA,putative ATPase nvolved in chromosome partitioning,0.36132182484679787,-0.19015178951321907
PAMr_nr_mas_11_3_B06,PA14_21720,PA3269,NA,"putative transcriptional regulator, AraC family",0.36448355794905923,0.019130579833098352
PAMr_nr_mas_11_3_B07,PA14_09970,PA4168,NA,putative TonB-dependent receptor,1.348799356220563,-0.4149807509387768
PAMr_nr_mas_11_3_B08,PA14_17780,PA3595,NA,putative major facilitator family transporter,0.6027427674595556,-0.4345074652064663
PAMr_nr_mas_11_3_B09,PA14_71960,PA5451,wzm,membrane subunit of A-band LPS efflux transporter,1.1781480418269477,-0.6808698103812153
PAMr_nr_mas_11_3_B10,PA14_13190,PA3919,NA,conserved hypothetical protein,0.40470299479256655,-1.154327390738793
PAMr_nr_mas_11_3_B11,PA14_62270,PA4705,NA,conserved hypothetical protein,0.9467146322905977,0.16965298360003125
PAMr_nr_mas_11_3_B12,PA14_38220,PA2033,NA,putative siderophore-interacting protein,0.6165120978832208,-0.5848519884416928
PAMr_nr_mas_11_3_C01,PA14_51360,PA1001,phnA,anthranilate synthase component I,1.6182816103870443,0.02688748378824223
PAMr_nr_mas_11_3_C02,NA,NA,NA,NA,1.3186809867601479,0.09926843151581961
PAMr_nr_mas_11_3_C03,PA14_24940,PA3026,NA,putative oxidase,0.06985083324475483,-0.08634768789646324
PAMr_nr_mas_11_3_C04,PA14_43510,PA1625,NA,putative permease,1.2303664906843421,-1.0013126942997266
PAMr_nr_mas_11_3_C05,PA14_11130,PA4079,NA,putative short chain dehydrogenase,1.2130085175709495,-1.222365579800619
PAMr_nr_mas_11_3_C06,PA14_51380,PA1000,pqsE,Quinolone signal response protein,2.131889901207352,1.1869652361527319
PAMr_nr_mas_11_3_C07,PA14_63880,PA4831,NA,putative transcriptional regulator,0.8634585246048195,-1.2971905729968496
PAMr_nr_mas_11_3_C08,PA14_31000,NA,NA,hypothetical,0.7733376202265477,-0.37317647883238503
PAMr_nr_mas_11_3_C09,PA14_57060,PA4390,NA,conserved hypothetical protein,0.22193808747250127,-0.8107856243219547
PAMr_nr_mas_11_3_C10,PA14_63370,PA4796,NA,putative glycine cleavage system H protein,0.25381140623438225,-0.502625390602779
PAMr_nr_mas_11_3_C11,PA14_37130,PA2122,NA,hypothetical protein,1.0570887362367236,-0.7006295497623178
PAMr_nr_mas_11_3_C12,PA14_57630,PA4436,NA,"putative transcriptional regulator, AraC family",0.7298055622483566,0.5257844399714315
PAMr_nr_mas_11_3_D01,PA14_05330,PA0409,pilH,type IV pilus response regulator PilH,-1.1488651402286685,0.5808120713893526
PAMr_nr_mas_11_3_D02,PA14_08200,NA,NA,hypothetical protein,-1.051211899468613,-0.08177123511432792
PAMr_nr_mas_11_3_D03,PA14_54040,PA0789,NA,probable amino acid permease,-0.42921126393100634,-0.5607877156574296
PAMr_nr_mas_11_3_D04,PA14_67190,NA,NA,conserved hypothetical protein,1.2389466383130583,-0.8076697215457327
PAMr_nr_mas_11_3_D05,PA14_58330,PA4495,NA,conserved hypothetical protein,1.6586635565685717,0.5036929931398804
PAMr_nr_mas_11_3_D06,PA14_20840,PA3342,NA,conserved hypothetical protein,0.0352648072663938,0.7270361034479664
PAMr_nr_mas_11_3_D07,PA14_32500,PA2484,NA,putative TetR-family transcriptional regulator,-0.1680442046472192,-0.9282563984636395
PAMr_nr_mas_11_3_D08,PA14_06120,PA0467,NA,putative glutathione S-transferase,0.6732371671633087,-1.3916789319267753
PAMr_nr_mas_11_3_D09,NA,NA,NA,NA,1.2551037549563557,-0.4358469929908466
PAMr_nr_mas_11_3_D10,PA14_28570,PA2749,endA,DNA-specific endonuclease I,0.664202592016132,-1.009187539517833
PAMr_nr_mas_11_3_D11,PA14_16640,PA3691,NA,putative lipoprotein,-0.27005999487090365,-0.6875426507501513
PAMr_nr_mas_11_3_D12,PA14_65410,PA4951,orn,oligoribonuclease,3.0609198374362827,0.5148640775868767
PAMr_nr_mas_11_3_E01,PA14_11810,PA4022,NA,NA,0.6544448412015385,1.0253606982338284
PAMr_nr_mas_11_3_E02,PA14_22680,PA3211,NA,putative permease of ABC transporter,0.6590594848172672,-0.2168094891388141
PAMr_nr_mas_11_3_E03,PA14_53290,PA0849,trxB2 ,thioredoxin reductase 2,0.6556875787031269,-0.2934881987577997
PAMr_nr_mas_11_3_E04,PA14_47110,PA1325,NA,conserved hypothetical protein,0.5968323758360131,-0.5760913552814694
PAMr_nr_mas_11_3_E05,PA14_14490,PA3829,NA,putative hydrolase,0.9531516270164536,0.09382353142447693
PAMr_nr_mas_11_3_E06,PA14_62110,PA4692,NA,putative oxidase,1.822364550758578,0.05135049432087377
PAMr_nr_mas_11_3_E07,PA14_67540,PA5115,NA,conserved hypothetical protein,1.3433918760096328,-0.6689308747874356
PAMr_nr_mas_11_3_E08,PA14_19430,PA3454,NA,putative acyl-CoA thiolase,0.14288856308512018,-0.6536910396923148
PAMr_nr_mas_11_3_E09,PA14_70230,PA5319,radC,DNA repair protein RadC,0.6249019472973172,-0.6875426507501513
PAMr_nr_mas_11_3_E10,PA14_09680,PA4197,NA,putative two-component sensor,1.0888157469563828,-0.7873103739176338
PAMr_nr_mas_11_3_E11,PA14_30790,PA2576,NA,putative permease,-1.4788912161865295,-0.002938001284446671
PAMr_nr_mas_11_3_E12,PA14_71910,PA5447,wbpZ,glycosyltransferase WbpZ,0.024478850319843766,-0.3366451704340825
PAMr_nr_mas_11_3_F01,PA14_03940,PA0302,spuF,polyamine transport protein PotG,-0.06566694314906839,0.6177823936068848
PAMr_nr_mas_11_3_F02,PA14_73320,PA5561,atpI,ATP synthase protein I,0.008953823436715537,-0.7313586049602855
PAMr_nr_mas_11_3_F03,PA14_62560,PA4727,pcnB,poly(A) polymerase,-0.15914560859273008,-0.3498581876760932
PAMr_nr_mas_11_3_F04,PA14_09500,PA4208,opmD,outer membrane protein,-0.21558146549094312,-0.21395749390305183
PAMr_nr_mas_11_3_F05,NA,NA,NA,NA,0.7392718953992486,-1.2308059538795415
PAMr_nr_mas_11_3_F06,PA14_30540,PA2595,NA,putative periplasmic aliphatic sulfonate-binding protein,0.5810440958312514,-0.4543598362200284
PAMr_nr_mas_11_3_F07,PA14_14990,PA3795,NA,putative oxidoreductase,0.4224141114864068,-1.055162327228933
PAMr_nr_mas_11_3_F08,PA14_69740,PA5282,NA,putative MFS transporter,1.1964168992295103,-0.6070785946170334
PAMr_nr_mas_11_3_F09,PA14_47410,PA1299,NA,conserved hypothetical protein,-0.4892023774223404,-0.18886041780583968
PAMr_nr_mas_11_3_F10,PA14_63550,PA4809,fdhE,formate dehydrogenase accessory protein FdhE,0.38879427892224305,-0.8548460634444655
PAMr_nr_mas_11_3_F11,PA14_12330,PA3981,NA,PhoH family protein,-0.4947427670183664,-1.1483657746849578
PAMr_nr_mas_11_3_F12,PA14_70280,PA5323,argB,acetylglutamate kinase,-0.5405309860170167,-0.7411656169484101
PAMr_nr_mas_11_3_G01,PA14_02020,PA0162,NA,putative outer membrane porin,-0.03626709362120243,-0.34483417571195596
PAMr_nr_mas_11_3_G02,PA14_29090,PA2711,NA,putative periplasmic spermidine/putrescine-binding protein,-0.9810280066371562,-0.45140508900596993
PAMr_nr_mas_11_3_G03,PA14_49310,PA1168,NA,hypothetical,-0.9157213726596476,-0.19247688505969388
PAMr_nr_mas_11_3_G04,PA14_11590,PA4040,NA,hypothetical protein,-1.0719768152039175,-0.3060908018435778
PAMr_nr_mas_11_3_G05,PA14_58180,PA4483,gatA,Glu-tRNA(Gln) amidotransferase subunit A,-1.1901649950531,0.533905095093045
PAMr_nr_mas_11_3_G06,PA14_59760,NA,NA,cupD5,-0.4224637228061553,-0.36601338214675183
PAMr_nr_mas_11_3_G07,PA14_02220,PA0176,NA,putative chemotaxis transducer,0.4048877431492152,-0.053871640344285474
PAMr_nr_mas_11_3_G08,PA14_05340,PA0410,pilI,type IV pili signal transduction protein PilI,-0.5381692329742532,-0.4785840376484921
PAMr_nr_mas_11_3_G09,PA14_61820,PA4673,NA,putative GTP-binding protein,-0.8263165707537717,-0.7734899479019808
PAMr_nr_mas_11_3_G10,PA14_64930,PA4916,NA,putative ADP-ribose pyrophosphatase,-0.5304460605769218,-0.8671207206798673
PAMr_nr_mas_11_3_G11,PA14_17040,PA3658,glnD,protein-P-II uridylyltransferase,0.138842401421191,-0.07186628209184232
PAMr_nr_mas_11_3_G12,PA14_29420,PA2682,NA,putative dienelactone hydrolase,0.21603898961848952,-0.9565727414706295
PAMr_nr_mas_11_3_H01,PA14_22350,PA3234,NA,putative sodium/proline:solute symporter,-0.18790921731398774,0.1872564532908843
PAMr_nr_mas_11_3_H02,PA14_44080,PA1579,NA,conserved hypothetical protein,-1.1391729587648298,-0.4988378909613547
PAMr_nr_mas_11_3_H03,PA14_03340,NA,NA,hypothetical protein,-1.605321378907628,-1.1050057012524206
PAMr_nr_mas_11_3_H04,PA14_14470,PA3831,pepA,leucine aminopeptidase,-1.4911205675954584,-1.1174504656310327
PAMr_nr_mas_11_3_H05,PA14_53510,PA0832,NA,conserved hypothetical protein,0.01013428647197005,-0.21110671033708017
PAMr_nr_mas_11_3_H06,PA14_67830,PA5136,NA,conserved hypothetical protein,0.11451055931648903,-0.5643372367918245
PAMr_nr_mas_11_3_H07,PA14_47450,PA1295,NA,conserved hypothetical protein,-0.6298526625628674,-0.6728156384023527
PAMr_nr_mas_11_3_H08,PA14_50650,PA1062,NA,hypothetical protein,-1.3897654372721784,-0.4769663673156749
PAMr_nr_mas_11_3_H09,PA14_29020,PA2717,cpo,chloroperoxidase precursor,-1.0874199540721206,-0.2906034328568349
PAMr_nr_mas_11_3_H10,PA14_71940,PA5450,wzt,ABC subunit of A-band LPS efflux transporter,0.6231178109590347,-0.6775358769697981
PAMr_nr_mas_11_3_H11,NA,NA,NA,NA,0.18091052784174708,-0.547153183173329
PAMr_nr_mas_11_3_H12,PA14_70140,PA5312,NA,putative aldehyde dehydrogenase,0.7143483200427656,0.06479209882434354
PAMr_nr_mas_11_4_A01,PA14_44200,PA1568,NA,putative Endoribonuclease L-PSP,1.0617498499186075,1.994482692757603
PAMr_nr_mas_11_4_A02,PA14_17250,PA3641,NA,putative Na+/alanine symporter,1.2175554254643806,0.8502630028555027
PAMr_nr_mas_11_4_A03,PA14_11470,PA4050,pgpA,phosphatidylglycerophosphatase A,0.5303619857955828,0.07473151185192085
PAMr_nr_mas_11_4_A04,PA14_08240,PA0636,NA,putative tail length determination protein,0.33484971919060197,0.9580025155159047
PAMr_nr_mas_11_4_A05,PA14_16250,PA3724,lasB,elastase LasB,1.2729896324710333,1.486283496399743
PAMr_nr_mas_11_4_A06,PA14_64960,PA4919,pncB1,nicotinate phosphoribosyltransferase,0.5599912317162652,1.3402468978476458
PAMr_nr_mas_11_4_A07,PA14_14000,PA3864,NA,conserved hypothetical protein,-0.007398710915747694,1.0820134853721208
PAMr_nr_mas_11_4_A08,PA14_66630,PA5041,pilP,type 4 fimbrial biogenesis protein PilP,0.10792864804945804,1.3973718725273725
PAMr_nr_mas_11_4_A09,PA14_62480,PA4722,NA,putative aminotransferase,-0.30181745485927886,0.9110380921698698
PAMr_nr_mas_11_4_A10,PA14_56620,PA4354,NA,putative transcriptional regulator,0.3473539775426676,0.6899848720643463
PAMr_nr_mas_11_4_A11,PA14_71430,PA5412,NA,conserved hypothetical protein,-0.8605700253416231,1.2366396066778178
PAMr_nr_mas_11_4_A12,PA14_53090,PA0864,NA,probable transcriptional regulator,4.016016590184984,0.7414398043170563
PAMr_nr_mas_11_4_B01,PA14_07300,PA0561,NA,hypothetical protein,1.2212879254951936,1.7075329080899724
PAMr_nr_mas_11_4_B02,PA14_67650,PA5123,NA,conserved hypothetical protein,-0.32107368925560326,1.5276024492417895
PAMr_nr_mas_11_4_B03,PA14_61520,PA4650,NA,conserved hypothetical protein,0.7623519545311844,0.34722066633780657
PAMr_nr_mas_11_4_B04,PA14_66320,PA5017,NA,putative sensory box protein,1.3896816405722399,1.5169961299513026
PAMr_nr_mas_11_4_B05,PA14_04440,PA0340,NA,putative permease,-0.21354258486340313,-0.40537201921375
PAMr_nr_mas_11_4_B06,PA14_59520,NA,NA,Conserved hypothetical protein,0.6516033749786353,0.1271660012872387
PAMr_nr_mas_11_4_B07,PA14_60050,NA,parE,putative plasmid stablization protein,0.06088066827025683,0.32381471778670395
PAMr_nr_mas_11_4_B08,PA14_07940,PA0609,trpE,anthranilate synthetase component I,-0.005229059530849306,0.7436875922611619
PAMr_nr_mas_11_4_B09,PA14_55780,PA4293,NA,putative two-component sensor,-0.2647141480710955,-0.2660022480102456
PAMr_nr_mas_11_4_B10,PA14_00690,PA0057,NA,putative metallo-beta-lactamase,-0.6922400448907076,0.4006519013358781
PAMr_nr_mas_11_4_B11,PA14_28540,NA,NA,conserved hypothetical protein,0.3797119641953214,0.09209013624716947
PAMr_nr_mas_11_4_B12,PA14_31400,PA2561,NA,putative methyl-accepting chemotaxis transducer,4.423832764197271,1.0335447943602185
PAMr_nr_mas_11_4_C01,PA14_42920,PA1667,NA,conserved hypothetical protein,-0.8791267017001534,2.9642959229755994
PAMr_nr_mas_11_4_C02,PA14_15590,NA,NA,NA,0.7933414207362153,0.4714721400350265
PAMr_nr_mas_11_4_C03,PA14_00620,PA0049,NA,conserved hypothetical protein,1.4103383179670996,-0.9809393645925676
PAMr_nr_mas_11_4_C04,PA14_61140,PA4620,NA,"putative oxidoreductase, small subunit",0.7971609880899319,0.45413035195921864
PAMr_nr_mas_11_4_C05,PA14_72800,PA5518,NA,putative potassium efflux protein,1.0913006251721535,0.17992728576544492
PAMr_nr_mas_11_4_C06,NA,NA,NA,NA,-0.04995666436456224,1.0614677714678051
PAMr_nr_mas_11_4_C07,PA14_62200,PA4700,mrcB,penicillin-binding protein 1B,0.14115481285167936,0.6010446888327388
PAMr_nr_mas_11_4_C08,PA14_38480,PA2012,NA,putative acyl-CoA carboxylase alpha chain,-0.3593468217585611,0.003087904310130783
PAMr_nr_mas_11_4_C09,PA14_50590,PA1068,NA,probable heat shock protein (hsp90 family),1.0500905757476606,0.08292045851515663
PAMr_nr_mas_11_4_C10,PA14_18210,PA3564,NA,"putative deoxyribonuclease, TatD family",1.1445712887833464,-0.7406048299765432
PAMr_nr_mas_11_4_C11,PA14_58290,PA4492,NA,conserved hypothetical protein,1.0343997237630842,0.06081220754040035
PAMr_nr_mas_11_4_D01,PA14_49100,PA1185,NA,probable glutathione S-transferase,0.8195109370328423,0.7531200877342371
PAMr_nr_mas_11_4_D02,PA14_08520,PA0666,NA,putative chaperone,1.153433319305186,0.12519476258093537
PAMr_nr_mas_11_4_D03,PA14_45500,PA1464,NA,putative purine-binding chemotaxis protein CheW,0.10579772909171709,-0.6708729754627877
PAMr_nr_mas_11_4_D04,NA,PA2928,NA,NA,1.3702244254338447,0.4499052936762699
PAMr_nr_mas_11_4_D05,PA14_38860,PA1982,exaA,PQQ-linked alcohol dehydrogenase,0.2962471645152515,-0.09245448427534841
PAMr_nr_mas_11_4_D06,PA14_61190,PA4624,NA,putative hemolysin activation/secretion protein,-0.23723437513214207,-0.12946840627974981
PAMr_nr_mas_11_4_D07,PA14_52990,PA0872,phhA,phenylalanine-4-hydroxylase,0.4993185537061856,-0.4232659766044756
PAMr_nr_mas_11_4_D08,PA14_38110,PA2042,NA,"putative transporter, sodium-dicarboxylate symporte",0.15558813425163096,-0.5853999079706728
PAMr_nr_mas_11_4_D09,PA14_40470,NA,trkH,"potassium uptake protein, TrkH family",1.3511835305316788,-0.06400353084731622
PAMr_nr_mas_11_4_D10,PA14_48410,PA1227,NA,conserved hypothetical protein,1.0622490499257506,-0.39338042161943776
PAMr_nr_mas_11_4_D11,PA14_37490,PA2089,NA,putative TonB-dependent  receptor,0.9751231862803542,-0.9803581774190242
PAMr_nr_mas_11_4_D12,PA14_13940,NA,NA,putative S-type pyocin protein,2.0479663084455737,-0.1463839787965947
PAMr_nr_mas_11_4_E01,PA14_11790,PA4023,NA,putative amino acid transporter,-0.41825018646027884,-0.09067276115227672
PAMr_nr_mas_11_4_E02,PA14_29420,PA2682,NA,putative dienelactone hydrolase,0.14808694514090495,0.5579772160059275
PAMr_nr_mas_11_4_E03,PA14_53210,PA0855,NA,hypothetical protein,-1.0918727517835012,0.360320977828662
PAMr_nr_mas_11_4_E04,PA14_57520,PA4427,sspB,stringent starvation protein B,0.8433324942011574,-0.0021844670784823264
PAMr_nr_mas_11_4_E05,NA,NA,NA,NA,0.8066997601040324,-0.7271599835856235
PAMr_nr_mas_11_4_E06,PA14_58490,PA4506,dppF,putative dipeptide transport system ATP-binding pr,0.40765831680691694,0.7925031662543254
PAMr_nr_mas_11_4_E07,PA14_62160,PA4696,ilvI,acetolactate synthase large subunit,0.9011286430902251,-0.2882440919628051
PAMr_nr_mas_11_4_E08,NA,NA,NA,NA,0.289288500749035,-0.4412077798127021
PAMr_nr_mas_11_4_E09,PA14_10730,PA4115,NA,putative decarboxylase family protein,0.13151414551080987,-0.8317848439298076
PAMr_nr_mas_11_4_E10,PA14_40960,PA1822,NA,pilin biosynthetic protein,1.2071576539204347,-1.0589833157289477
PAMr_nr_mas_11_4_E11,PA14_35540,PA2246,bkdR,transcriptional regulator BkdR,0.03487291489223498,-0.8705502176707557
PAMr_nr_mas_11_4_E12,PA14_09370,PA4219,NA,putative membrane protein,-0.5538593140785588,0.12544119909079204
PAMr_nr_mas_11_4_F01,PA14_41250,PA1800,tig,trigger factor,-0.4070979617002816,0.6759242347883039
PAMr_nr_mas_11_4_F02,PA14_45850,PA1439,NA,conserved hypothetical protein,-0.5857900930571571,1.0909824910145354
PAMr_nr_mas_11_4_F03,PA14_34800,PA2306,NA,"putative transporter, LysE family",-0.4454772935413391,-0.326620649490194
PAMr_nr_mas_11_4_F04,PA14_04490,PA0343,NA,conserved hypothetical protein,0.7110059634831418,0.2055444250051255
PAMr_nr_mas_11_4_F05,PA14_13560,PA3892,NA,putative fusaric acid resistance protein,0.6423597248941156,0.23179184792786794
PAMr_nr_mas_11_4_F06,NA,NA,NA,NA,1.0318922350094146,0.2499590065841173
PAMr_nr_mas_11_4_F07,PA14_28870,NA,NA,putative transposase,1.4112828007799225,-0.020796388812517073
PAMr_nr_mas_11_4_F08,PA14_34840,PA2302,NA,putative non-ribosomal peptide synthetase,0.3146410662168898,0.5644434438681245
PAMr_nr_mas_11_4_F09,PA14_32140,PA2514,antC,anthranilate dioxygenase reductase,1.3748173303713196,-0.7549195582594015
PAMr_nr_mas_11_4_F10,PA14_65250,PA4939,NA,putative ATP phosphoribosyltransferase,0.033109096655794874,-0.3493291671375062
PAMr_nr_mas_11_4_F11,NA,NA,NA,NA,1.3092493095730064,0.14094848135464993
PAMr_nr_mas_11_4_F12,PA14_72230,PA5473,PA5473,Probable Na+/Pi symporter,-0.11243302806755101,-0.035420285085334784
PAMr_nr_mas_11_4_G01,PA14_58870,PA4538,ndh,NADH dehydrogenase,-0.12709397088711735,0.2748286826061564
PAMr_nr_mas_11_4_G02,PA14_18740,PA3525,argG,argininosuccinate synthase,-0.518451074788929,0.17234539318540099
PAMr_nr_mas_11_4_G03,PA14_67550,PA5116,NA,putative transcriptional regulator,1.038409625446329,0.6203008978278104
PAMr_nr_mas_11_4_G04,PA14_53140,PA0861,NA,hypothetical protein,1.3271414554680927,-0.2568652272127433
PAMr_nr_mas_11_4_G05,PA14_11030,PA4088,NA,putative aminotransferase,1.0347339800001456,-0.1635995759799847
PAMr_nr_mas_11_4_G06,PA14_67340,PA5099,NA,"putative permease for cytosine/purines, uracil, thiamine, allantoin",1.059752653169519,0.21065613789877088
PAMr_nr_mas_11_4_G07,PA14_23190,PA3174,NA,putative transcriptional regulator,0.4354809164876286,-0.1875692945777469
PAMr_nr_mas_11_4_G08,PA14_43950,PA1588,sucC,succinyl-CoA synthetase beta subunit,0.7282264524959794,-0.3305759083774903
PAMr_nr_mas_11_4_G09,PA14_64770,PA4901,mdlC,benzoylformate decarboxylase,0.5124081719544665,-0.47885368729018996
PAMr_nr_mas_11_4_G10,PA14_29340,PA2689,NA,putative hydrolase,2.4062241869120586,0.2601111718253259
PAMr_nr_mas_11_4_G11,PA14_38410,PA2018,amrB,RND multidrug efflux transporter,0.6131172741788935,-0.4500624520869051
PAMr_nr_mas_11_4_G12,PA14_49790,PA1128,NA,probable transcriptional regulator,-0.0726397700885385,0.6319652640388876
PAMr_nr_mas_11_4_H02,PA14_24190,PA3090,NA,putative 1-aminocyclopropane-1-carboxylate deaminase,-0.07443403420506309,0.6547778803817873
PAMr_nr_mas_11_4_H03,PA14_70040,PA5304,dadA,"D-amino acid dehydrogenase, small subunit",-0.33893320370527996,-0.03996522362763674
PAMr_nr_mas_11_4_H04,PA14_69190,PA5239,rho,transcription termination factor Rho,-2.917226195809833,-1.3910610593197101
PAMr_nr_mas_11_4_H05,PA14_43190,PA1648,NA,probable oxidoreductase,-0.17472643219942433,0.06305118683903965
PAMr_nr_mas_11_4_H06,PA14_01060,PA0087,NA,conserved hypothetical protein,0.15558813425163096,-0.06298965308192873
PAMr_nr_mas_11_4_H07,PA14_69270,PA5246,NA,putative thioesterase,1.1657209954598577,0.0033388663113993926
PAMr_nr_mas_11_4_H08,PA14_25090,PA3013,foaB,fatty-acid oxidation complex beta-subunit,0.4985905524902945,-0.4626938580749615
PAMr_nr_mas_11_4_H09,PA14_16290,NA,NA,conserved hypothetical protein,0.985069601771046,-0.2832659837845252
PAMr_nr_mas_11_4_H10,PA14_43940,PA1589,sucD,succinyl-CoA synthetase alpha chain,-0.524231512751477,0.10372006580647408
PAMr_nr_mas_11_4_H11,PA14_04640,PA0354,NA,putative SAM-dependent methyltransferase,0.9004457438463994,0.5927750813265559
PAMr_nr_mas_11_4_H12,PA14_35690,PA2235,PA2235,NA,0.9249834753510072,0.13430689107265636
PAMr_nr_mas_12_1_A01,PA14_54980,NA,NA,probable ABC-type transporter protein,1.4389246538796376,1.4558338769670218
PAMr_nr_mas_12_1_A02,PA14_70370,PA5331,pyrE,orotate phosphoribosyltransferase,0.9358584490511418,5.06119088082017
PAMr_nr_mas_12_1_A03,PA14_53860,PA0803,NA,hypothetical protein,0.11025246295774963,0.8305472827830817
PAMr_nr_mas_12_1_A04,PA14_72220,PA5472,NA,conserved hypothetical protein,0.6672155607562039,1.6043469080850892
PAMr_nr_mas_12_1_A05,PA14_63660,PA4816,NA,conserved hypothetical protein,0.23144110593163716,0.642012371556494
PAMr_nr_mas_12_1_A06,PA14_11310,PA4064,NA,"putative ABC transporter, ATP-binding protein",0.8385064328543141,-0.5823869040793295
PAMr_nr_mas_12_1_A07,PA14_40160,PA1883,NA,putative NADH-ubiquinone/plastoquinone oxidoreductase,1.4433110306411014,0.7175668439860088
PAMr_nr_mas_12_1_A08,PA14_50340,PA1087,flgL,flagellar hook-associated protein type 3 FlgL,-1.2398938320210273,-0.005199111760270346
PAMr_nr_mas_12_1_A09,NA,NA,NA,NA,-0.12006048253740681,0.22499681290870172
PAMr_nr_mas_12_1_A10,PA14_45760,PA1447,fliQ,flagellar biosynthetic protein FliQ,-0.5385985765911077,-0.38699365468109487
PAMr_nr_mas_12_1_A11,PA14_34420,PA2338,NA,putative binding protein component of ABC maltose/mannitol transporter,-1.3320171856308622,-0.021552016129769005
PAMr_nr_mas_12_1_A12,PA14_54170,PA0782,putA,proline dehydrogenase PutA,-1.1379920075956942,-0.3139794654702666
PAMr_nr_mas_12_1_B01,PA14_71750,PA5437,NA,"putative transcriptional regulator, LysR family",1.2310144579397766,2.6086252791897113
PAMr_nr_mas_12_1_B02,PA14_29990,PA2639,nuoD,"NADH dehydrogenase I chain C,D",0.13614351199537847,0.37125799532223996
PAMr_nr_mas_12_1_B03,PA14_55960,PA4307,pctC,chemotactic transducer PctC,-1.0514448323281735,0.6207587061453747
PAMr_nr_mas_12_1_B04,PA14_62970,PA4761,dnaK,putative heat shock protein,-0.014504631107694713,0.43956615987721936
PAMr_nr_mas_12_1_B05,NA,NA,NA,NA,0.4863839759164403,1.267890112622415
PAMr_nr_mas_12_1_B06,PA14_41570,PA1777,oprF,major porin and structural outer membrane porin OprF precursor,-0.5823302832303789,1.8258172080242034
PAMr_nr_mas_12_1_B07,PA14_31800,PA2533,NA,putative sodium:alanine symporter,0.2297316230128546,1.7889927135699453
PAMr_nr_mas_12_1_B08,PA14_30290,PA2615,ftsK,cell division/stress response protein,-0.2991304184394472,1.0597527856093314
PAMr_nr_mas_12_1_B09,PA14_58220,PA4486,NA,putative carboxymuconolactone decarboxylase,-1.1946912336703,0.11335515384890561
PAMr_nr_mas_12_1_B10,PA14_48240,PA1238,NA,putative outer membrane component of multidrug efflux pump,-0.21741702392120926,-0.46296286990204577
PAMr_nr_mas_12_1_B11,PA14_51250,PA1012,NA,Putative metal-dependent hydrolase,-0.8687101107469627,0.12297642661670806
PAMr_nr_mas_12_1_B12,PA14_41830,PA1757,thrH,homoserine kinase,-0.724441474420216,0.23518678678501204
PAMr_nr_mas_12_1_C01,PA14_13150,PA3921,NA,putative transcriptional regulator,1.5704297206074262,1.6459297940937891
PAMr_nr_mas_12_1_C02,PA14_67440,PA5106,NA,putative chlorohydrolase,0.9297435926203796,-0.16205607884666123
PAMr_nr_mas_12_1_C03,PA14_33730,PA2393,NA,putative dipeptidase precursor,-1.4505310297915301,0.10446171781142846
PAMr_nr_mas_12_1_C04,PA14_59580,NA,NA,transposase,1.6783050751078141,0.5665205516104486
PAMr_nr_mas_12_1_C05,PA14_69950,PA5299,NA,putative acetyl-CoA hydrolase/transferase,0.6469832498580338,0.7629875487000313
PAMr_nr_mas_12_1_C06,PA14_04650,PA0355,pfpI,protease PfpI,0.9912991604245301,0.5867962423700522
PAMr_nr_mas_12_1_C07,PA14_44470,PA1546,hemN,oxygen-independent coproporphyrinogen III,-0.2400997801858217,0.10025793883676103
PAMr_nr_mas_12_1_C08,PA14_45950,PA1431,rsaL,regulatory protein RsaL,-2.0288725183196092,-0.8754116741529208
PAMr_nr_mas_12_1_C09,PA14_29570,PA2669,NA,hypothetical protein,-1.452765343598192,-0.8983365222391873
PAMr_nr_mas_12_1_C10,PA14_56660,PA4356,NA,probable xenobiotic reductase B,-0.0587018460058709,0.16034361126692306
PAMr_nr_mas_12_1_C11,PA14_53330,PA0846,NA,probable sulfate uptake protein,-0.048566507064332756,-0.5196956447162046
PAMr_nr_mas_12_1_C12,PA14_60320,NA,pilE,type 4 fimbrial biogenesis protein PilE,0.16442419509181733,-0.8797041214758853
PAMr_nr_mas_12_1_D01,PA14_37150,PA2120,NA,conserved hypothetical protein,0.03604851869147431,0.628993919202654
PAMr_nr_mas_12_1_D02,PA14_03390,NA,NA,Predicted integrase,-0.04320735113310228,1.507375918256137
PAMr_nr_mas_12_1_D03,PA14_63340,PA4793,NA,putative lipoprotein,0.6409364170615137,1.8468238738953284
PAMr_nr_mas_12_1_D04,PA14_25590,PA2974,NA,putative hydrolase,0.39490354993881666,1.0419338949356138
PAMr_nr_mas_12_1_D05,PA14_29860,PA2648,nuoM,NADH dehydrogenase I chain M,-0.8301382874672448,-0.763072945755444
PAMr_nr_mas_12_1_D06,PA14_60820,PA4597,oprJ,outer membrane protein OprJ,0.7224329855233276,0.7652281312332163
PAMr_nr_mas_12_1_D07,PA14_06880,PA0528,NA,"putative transcriptional regulator, LysR family",1.0292164768697827,-0.6892118982005266
PAMr_nr_mas_12_1_D08,PA14_72940,PA5529,NA,putative sodium/proton antiporter,-0.009174437674105779,0.6631989302717829
PAMr_nr_mas_12_1_D09,PA14_59170,NA,NA,hypothetical protein,-0.5840599499960593,1.1320437845437292
PAMr_nr_mas_12_1_D10,PA14_10110,NA,NA,putative transporter,0.3082656070329499,-0.007209627582954042
PAMr_nr_mas_12_1_D11,PA14_69470,PA5261,algR,alginate biosynthesis regulatory protein AlgR,-0.46369446843068374,0.580351529418819
PAMr_nr_mas_12_1_D12,PA14_67720,PA5128,secB,secretion protein SecB,-0.5827626552834467,1.2426927309309719
PAMr_nr_mas_12_1_E01,PA14_67170,PA5085,NA,putative LysR-family transcriptional regulator,1.0994110521429081,0.9699640565297339
PAMr_nr_mas_12_1_E02,PA14_59000,NA,RL108,Conserved hypothetical protein,0.09435590440356854,1.2167720766734336
PAMr_nr_mas_12_1_E03,PA14_24990,PA3021,NA,conserved hypothetical protein,0.30620157262972364,1.7304647940545645
PAMr_nr_mas_12_1_E04,PA14_65320,PA4945,miaA,delta 2-isopentenylpyrophosphate transferase,0.14539202467024756,1.00745012143561
PAMr_nr_mas_12_1_E05,PA14_56570,PA4351,NA,putative acyltransferase,-0.3287512124951962,1.1873859714262862
PAMr_nr_mas_12_1_E06,PA14_32410,NA,mexT,putative transcriptional regulator MexT,0.12398414245902234,0.09506139674206612
PAMr_nr_mas_12_1_E07,PA14_05630,PA0433,NA,conserved hypothetical protein,0.5617933813633914,0.2644574021731824
PAMr_nr_mas_12_1_E08,NA,NA,NA,NA,-0.707217440509106,0.018880207768807167
PAMr_nr_mas_12_1_E09,PA14_31610,PA2549,NA,"putative membrane protein, TerC family",0.4768938427238222,1.1987358632923242
PAMr_nr_mas_12_1_E10,PA14_10750,PA4113,NA,putative MFS transporter,-0.9262162611300367,-0.6997934527569372
PAMr_nr_mas_12_1_E11,NA,NA,NA,NA,0.12340453748759535,-0.5545123896187335
PAMr_nr_mas_12_1_E12,PA14_10790,PA4110,ampC,cephalosporinase,-0.5773601420211504,-0.038954971215613206
PAMr_nr_mas_12_1_F01,PA14_48460,NA,NA,probable polyamine binding/transport protein,1.5419743387251101,0.31591471206622607
PAMr_nr_mas_12_1_F02,PA14_44180,PA1570,NA,"putative transcriptional regulator, lysR family",1.0338983060630753,1.3144946652135416
PAMr_nr_mas_12_1_F03,PA14_44420,PA1551,NA,putative ferredoxin,0.3369043653435396,1.1386157640194798
PAMr_nr_mas_12_1_F04,PA14_47240,PA1315,NA,putative transcriptional regulator,0.13209300289194567,0.8608722027461632
PAMr_nr_mas_12_1_F05,PA14_12810,PA3947,NA,probable two-component response regulator,-0.5062653643140864,0.45014008894225266
PAMr_nr_mas_12_1_F06,PA14_16670,PA3689,NA,putative transcriptional regulator CadR,-0.7929194509873256,-0.6395904176011818
PAMr_nr_mas_12_1_F07,PA14_02020,PA0162,NA,putative outer membrane porin,-1.0191497066382407,1.3681535196771255
PAMr_nr_mas_12_1_F08,PA14_18370,PA3552,NA,putative aminotransferease,-1.8674059431970063,-0.37715928359565565
PAMr_nr_mas_12_1_F09,PA14_69520,NA,NA,Hypothetical protein,-1.623920368889803,-0.6382095972427823
PAMr_nr_mas_12_1_F10,PA14_17900,PA3587,metR,transcriptional regulator MetR,0.10385990269180198,0.20773563594500455
PAMr_nr_mas_12_1_F11,PA14_64200,PA4854,purH,phosphoribosylaminoimidazolecarboxamide transferase,-1.4013297992090918,-0.48397909040787024
PAMr_nr_mas_12_1_F12,PA14_00230,PA0021,NA,putative Rossmann fold nucleotide-binding protein,-1.2326970676665354,0.3281198948063909
PAMr_nr_mas_12_1_G01,PA14_41440,PA1789,NA,putative universal stress protein,0.5082297296314684,1.1890686487614222
PAMr_nr_mas_12_1_G02,PA14_28430,PA2757,NA,putative membrane protein,-0.671375344208675,1.3208904408064817
PAMr_nr_mas_12_1_G03,PA14_10630,PA4123,hpcC,5-carboxy-2-hydroxymuconate semialdehyde dehydrogenase,-0.37794336302275344,0.08961308040006342
PAMr_nr_mas_12_1_G04,PA14_52260,PA0928,NA,sensor/response regulator hybrid,2.0991038649649805,4.379594037328401
PAMr_nr_mas_12_1_G05,PA14_51340,PA1003,mvfR,Transcriptional regulator MvfR,-0.7147195482501758,-0.5283829092810198
PAMr_nr_mas_12_1_G06,PA14_67580,PA5118,thiI,thiamin biosynthesis protein ThiI,-1.8375050407997668,0.2847026711740051
PAMr_nr_mas_12_1_G07,PA14_12590,PA3964,NA,hypothetical protein,-1.3897654372721784,0.8196677830586834
PAMr_nr_mas_12_1_G08,PA14_38990,PA1975,NA,conserved hypothetical protein,-1.3534884222006072,0.3216610930130478
PAMr_nr_mas_12_1_G09,PA14_42940,PA1666,NA,putative lipoprotein,-0.3656091710128377,0.7589526138171763
PAMr_nr_mas_12_1_G10,PA14_65810,PA4978,NA,putative acyl-CoA synthetase,-0.16521146587665173,-0.43049048555543834
PAMr_nr_mas_12_1_G11,PA14_67400,PA5103,NA,"putative ABC transporter, periplasmic substrate-binding protein",0.02683372975022806,-0.10289980243632614
PAMr_nr_mas_12_1_G12,PA14_24650,PA3049,rmf,"rpfam04957, RMF, Ribosome modulation factor.",-0.6488316281020962,0.41105112311202224
PAMr_nr_mas_12_1_H01,PA14_19170,PA3472,NA,putative lipoprotein,0.21622936957416908,1.0500978144680932
PAMr_nr_mas_12_1_H02,PA14_09100,PA4239,rpsD,30S ribosomal protein S4,0.119539137330816,0.564212614424591
PAMr_nr_mas_12_1_H03,PA14_66820,PA5056,phaC1,poly(3-hydroxyalkanoic acid) synthase 1,-0.09520500917961436,1.1103743073033017
PAMr_nr_mas_12_1_H04,PA14_41640,PA1772,NA,putative dimethylmenaquinone methyltransferase,0.567556789065023,1.1059042442747842
PAMr_nr_mas_12_1_H05,PA14_62510,PA4724,gltX,putative glutamate-tRNA synthetase,0.48127568545163185,1.1766489726051768
PAMr_nr_mas_12_1_H06,PA14_44640,PA1531,NA,conserved hypothetical protein,0.03859490590469202,0.7168899566966734
PAMr_nr_mas_12_1_H07,PA14_43780,PA1602,NA,putative oxidoreductase,-0.20295105795069177,-0.20256161937331288
PAMr_nr_mas_12_1_H08,PA14_03780,PA0289,NA,putative transcriptional regulator,-0.4233067692649878,0.611596599914925
PAMr_nr_mas_12_1_H09,PA14_02050,PA0164,NA,putative gamma-glutamyltranspeptidase,0.15078071019758077,-0.14535757779909964
PAMr_nr_mas_12_1_H10,PA14_65400,PA4950,NA,putative iron-sulfur cluster-binding protein,-1.1502847631652362,0.039130137153397734
PAMr_nr_mas_12_1_H11,PA14_11980,PA4009,NA,possible O-methyltransferase,-0.8023154509025815,0.049606091007392536
PAMr_nr_mas_12_1_H12,PA14_35880,NA,PAGI-1(16),Probable aldehyde dehydrogenase,-0.7301933278078555,-0.22667117359118652
PAMr_nr_mas_12_2_A01,PA14_62810,PA4747,secG,secretion protein SecG,-0.45182612477979417,1.665743568297204
PAMr_nr_mas_12_2_A02,PA14_13280,PA3914,moeA1,"MoeA1, Molybdopterin biosynthesis enzyme",0.7728149286171967,1.2065015722586352
PAMr_nr_mas_12_2_A03,NA,NA,NA,NA,-0.4361772636722733,0.9888416060853353
PAMr_nr_mas_12_2_A04,PA14_73330,PA5562,parB,chromosome partitioning protein,0.08775283466418898,0.049107606755766385
PAMr_nr_mas_12_2_A05,PA14_44690,PA1526,NA,"putative transcriptional regulator, GntR family",-0.5620422864280809,0.1765042660471285
PAMr_nr_mas_12_2_A06,PA14_70630,PA5350,rubA2,Rubredoxin 2,-0.7494782927742025,-0.22978840325880934
PAMr_nr_mas_12_2_A07,PA14_25230,PA3002,mfd,transcription-repair coupling factor,-0.9248463680718079,-0.3332140434647487
PAMr_nr_mas_12_2_A08,PA14_58380,PA4499,NA,putative transcriptional regulator,0.1253363461630831,0.2547952866651946
PAMr_nr_mas_12_2_A09,PA14_12780,PA3948,NA,probable two-component response regulator,-0.38736710120803985,-0.8699785131029683
PAMr_nr_mas_12_2_A10,PA14_46910,PA1342,NA,putative binding protein component of ABC transporter,0.17267276888486882,-0.38460018345614017
PAMr_nr_mas_12_2_A11,PA14_29990,PA2639,nuoD,"NADH dehydrogenase I chain C,D",-2.09397922454181,0.001079870327238602
PAMr_nr_mas_12_2_A12,PA14_66520,PA5031,NA,putative short chain dehydrogenase,-0.6970817670367347,1.051815269432169
PAMr_nr_mas_12_2_B01,PA14_73290,PA5558,atpF,ATP synthase B chain,-0.2900443510762701,0.9892749488804128
PAMr_nr_mas_12_2_B02,PA14_58240,PA4488,NA,conserved hypothetical protein,0.2013623825998687,0.11705727615413969
PAMr_nr_mas_12_2_B03,PA14_38110,PA2042,NA,"putative transporter, sodium-dicarboxylate symporte",-1.2516663039601963,0.514631536251294
PAMr_nr_mas_12_2_B04,PA14_30710,PA2582,NA,putative activator of osmoprotectant transporter,-0.7766216695285724,-0.09831205062831856
PAMr_nr_mas_12_2_B05,PA14_56830,PA4370,icmP,Insulin-cleaving metalloproteinase outer membrane,-0.15147058672754,-0.02608756782871524
PAMr_nr_mas_12_2_B06,PA14_02970,PA0239,NA,putative permease,0.02585263724707451,-0.4605421516245828
PAMr_nr_mas_12_2_B07,NA,NA,NA,NA,-1.0498144836301007,0.0945662780177724
PAMr_nr_mas_12_2_B08,PA14_23980,PA3104,xcpP,secretion protein XcpP,1.1827202385520035,-0.3018873036391579
PAMr_nr_mas_12_2_B09,PA14_43030,PA1658,NA,conserved hypothetical protein,0.8797528808494204,0.08316845247278645
PAMr_nr_mas_12_2_B10,PA14_32360,PA2497,NA,putative lysR-family transcriptional regulator,0.303573638711954,-0.03213974292397285
PAMr_nr_mas_12_2_B11,PA14_72700,PA5509,NA,putative N-formylglutamate amidohydrolase,-0.0400337107137283,0.03838122852247892
PAMr_nr_mas_12_2_B12,PA14_43710,PA1608,NA,putative methyl-accepting chemotaxis transducer,-0.086408907408439,-0.20152658983122804
PAMr_nr_mas_12_2_C01,PA14_71900,PA5446,NA,conserved hypothetical protein,-0.35600945258816813,0.609991944335959
PAMr_nr_mas_12_2_C02,PA14_65060,PA4927,NA,conserved hypothetical protein,0.26024233257541257,0.3183096355365873
PAMr_nr_mas_12_2_C03,PA14_69700,PA5279,NA,conserved hypothetical protein,0.015836733310903947,0.1274123654129141
PAMr_nr_mas_12_2_C04,PA14_58700,PA4524,nadC,nicotinate-nucleotide pyrophosphorylase,-0.054924024241498386,0.3264459875061113
PAMr_nr_mas_12_2_C05,PA14_21920,PA3253,NA,putative permease of ABC transporter,-0.34226151234445595,0.41175957441479455
PAMr_nr_mas_12_2_C06,PA14_17230,PA3642,rnhB,ribonuclease HII,-0.6746651677344054,-0.44898853594681554
PAMr_nr_mas_12_2_C07,PA14_21280,PA3305,NA,putative membrane protein,-1.0316763041891344,0.218194889865014
PAMr_nr_mas_12_2_C08,PA14_00180,PA0017,NA,putative tRNA and rRNA cytosine-C5-methylases,-0.6588897011178783,0.13209156600082028
PAMr_nr_mas_12_2_C09,PA14_23690,PA3125,NA,putative secreted protein,-0.27767539671739283,-0.8292273717506256
PAMr_nr_mas_12_2_C10,PA14_21300,PA3303,NA,putative MFS transporte,-0.959872281464186,0.04237444236226528
PAMr_nr_mas_12_2_C11,PA14_54610,NA,NA,still frameshift probable transcriptional regulato,-0.616797043347527,-1.1343767906710596
PAMr_nr_mas_12_2_C12,PA14_24210,PA3089,PA3089,NA,-0.3771063810404086,0.29095670479308444
PAMr_nr_mas_12_2_D01,PA14_22270,NA,NA,NA,-1.1965979942741864,2.3644120589108493
PAMr_nr_mas_12_2_D02,PA14_43730,PA1606,NA,hypothetical protein,-1.4077362618471092,0.3400642471859979
PAMr_nr_mas_12_2_D03,PA14_50420,PA1083,flgH,flagellar L-ring protein precursor FlgH,-0.7470366924271763,-0.563791034389568
PAMr_nr_mas_12_2_D04,PA14_25390,PA2991,sth,soluble pyridine nucleotide transhydrogenase,-0.3399731107711065,-0.8008764063534917
PAMr_nr_mas_12_2_D05,PA14_21520,PA3288,NA,putative hydrolase,-0.5220899896772407,0.208465880609508
PAMr_nr_mas_12_2_D06,PA14_29480,PA2678,NA,putative permease of ABC-2 transporter,-0.07283910746658838,-0.7198885908343654
PAMr_nr_mas_12_2_D07,PA14_59700,NA,NA,Conserved hypothetical protein,-0.2386669143109211,0.31543562478143394
PAMr_nr_mas_12_2_D08,PA14_10370,PA4140,NA,putative cholesterol oxidase,0.6951495447762233,-0.07212007268957342
PAMr_nr_mas_12_2_D09,PA14_03040,PA0246,NA,putative MFS transporter,0.7997639078896385,-0.5102068094637016
PAMr_nr_mas_12_2_D10,PA14_08120,PA0625,NA,putative tail length determinator protein,-0.7014865726620945,-0.5034372758817237
PAMr_nr_mas_12_2_D11,PA14_04190,PA0321,NA,acetylpolyamine aminohydrolase,-0.5225182359021696,-0.19325209597897616
PAMr_nr_mas_12_2_D12,PA14_30180,PA2624,idh,monomeric isocitrate dehydrogenase,-0.3094714696672909,0.07075751321162307
PAMr_nr_mas_12_2_E01,PA14_50410,PA1084,flgI,flagellar P-ring protein precursor FlgI,-2.3737202758653004,0.7033378519661694
PAMr_nr_mas_12_2_E02,PA14_32150,PA2513,antB,anthranilate dioxygenase small subunit,-1.5865236341503968,0.585415753438836
PAMr_nr_mas_12_2_E03,PA14_44770,PA1521,NA,probable guanine deaminase,-0.6100622542624226,0.9601789277525592
PAMr_nr_mas_12_2_E04,PA14_21760,PA3266,capB,cold acclimation protein B,0.35350365631394,0.263974626684952
PAMr_nr_mas_12_2_E05,PA14_56040,PA4312,NA,putative deacetylase,1.669851640281755,0.3522256223200246
PAMr_nr_mas_12_2_E06,PA14_53770,PA0812,NA,hypothetical protein,1.368164446642697,0.02063261606709969
PAMr_nr_mas_12_2_E07,PA14_01290,PA0105,coxB,"cytochrome c oxidase, subunit II",0.7724664433853043,0.2847026711740051
PAMr_nr_mas_12_2_E08,PA14_52750,PA0892,aotP,arginine/ornithine transport protein AotP,0.8243516055062483,0.46702379341437494
PAMr_nr_mas_12_2_E09,PA14_05360,PA0411,pilJ,type IV pili methyl-accepting chemotaxis transducer PilJ,0.9288938361324387,-0.31055990583593934
PAMr_nr_mas_12_2_E10,PA14_59820,NA,NA,Conserved Hypothetical protein,1.2310144579397766,-0.17364097085935876
PAMr_nr_mas_12_2_E11,PA14_35470,PA2251,NA,hypothetical,-0.8755015805514135,-0.8960405097247307
PAMr_nr_mas_12_2_E12,PA14_18780,PA3522,NA,putative RND efflux transporter,0.1373003208522113,-0.786463406859638
PAMr_nr_mas_12_2_F01,PA14_12620,PA3962,NA,hypothetical protein,-1.2849404625927494,1.237057238874882
PAMr_nr_mas_12_2_F02,PA14_71970,PA5452,wbpW,GDP-mannose pyrophosphorylase,-1.3755238007138941,0.44567757338015856
PAMr_nr_mas_12_2_F03,PA14_04090,PA0314,NA,putative binding protein component of ABC transporter,-0.4926112697333857,-0.4861383266625454
PAMr_nr_mas_12_2_F04,PA14_05950,PA0455,dbpA,RNA helicase DbpA,-0.9104804949483659,-0.9829739162100105
PAMr_nr_mas_12_2_F05,PA14_25650,PA2968,fabD,malonyl-CoA-[acyl-carrier-protein] transacylase,0.35313111980518,0.4932031838833027
PAMr_nr_mas_12_2_F06,PA14_21730,PA3268,NA,putative TonB-dependent  receptor,-0.17756346507501847,0.6070108512259399
PAMr_nr_mas_12_2_F07,PA14_45170,PA1489,NA,putative oxidoreductase,-1.2008903225404186,0.36816890574082617
PAMr_nr_mas_12_2_F08,PA14_29900,PA2645,nuoJ,NADH dehydrogenase I chain J,-1.219763628788613,-0.7031384660405613
PAMr_nr_mas_12_2_F09,PA14_16610,PA3694,NA,putative lipoprotein,0.11702535139817404,0.537150607373007
PAMr_nr_mas_12_2_F10,PA14_01940,PA0156,NA,putative RND efflux membrane fusion protein precursor,-0.6510167964497449,-0.3498581876760932
PAMr_nr_mas_12_2_F11,PA14_25730,PA2963,NA,putative aminodeoxychorismate lyase,-0.4721856035654193,-0.10009580362680416
PAMr_nr_mas_12_2_F12,PA14_07810,PA0599,NA,conserved hypothetical protein,0.017605406371386915,-0.11591549243184372
PAMr_nr_mas_12_2_G01,PA14_44430,PA1550,NA,conserved hypothetical protein,-1.6826249848401789,1.0674667725450664
PAMr_nr_mas_12_2_G02,PA14_52040,PA0945,purM,phosphoribosylaminoimidazole synthetase,-0.20396869849755872,1.210695513773346
PAMr_nr_mas_12_2_G03,PA14_48590,PA1216,NA,conserved hypothetical protein,-2.070101407866526,0.845616198050815
PAMr_nr_mas_12_2_G04,PA14_55320,PA0696,NA,conserved hypothetical protein,-1.325200787363516,0.0945662780177724
PAMr_nr_mas_12_2_G05,PA14_46840,PA1348,NA,conserved hypothetical protein,-0.51759516572019,2.2030940160989245
PAMr_nr_mas_12_2_G06,PA14_30630,PA2587,pqsH,NA,-1.8889272317480537,-0.19893971424191118
PAMr_nr_mas_12_2_G07,PA14_56050,PA4313,NA,putative membrane protein,-1.4193337783799918,0.340302917498778
PAMr_nr_mas_12_2_G08,PA14_53070,PA0865,hpd,4-hydroxyphenylpyruvate dioxygenase,-2.1384076913870698,0.9303004930247892
PAMr_nr_mas_12_2_G09,PA14_25840,PA2953,NA,putative electron transfer flavoprotein-ubiquinone oxidoreductase,-1.810373650054887,0.19042994146660286
PAMr_nr_mas_12_2_G10,PA14_48450,NA,PAD,NA,-0.5340919312191692,-0.4707689079981292
PAMr_nr_mas_12_2_G11,PA14_72110,PA5464,NA,conserved hypothetical protein,0.8417816644262572,-0.015761046757219548
PAMr_nr_mas_12_2_G12,PA14_69690,PA5278,dapF,diaminopimelate epimerase,-1.2142630162456167,-0.1718375623688808
PAMr_nr_mas_12_2_H01,PA14_28170,PA2777,NA,"putative transporter, formate/nitrite transporter family",-0.6477393288544253,2.895828267515022
PAMr_nr_mas_12_2_H02,NA,NA,NA,NA,-2.093429288918999,0.9346706104139517
PAMr_nr_mas_12_2_H03,PA14_23920,PA3108,purF,amidophosphoribosyltransferase,-1.926834725098144,1.2737074552236494
PAMr_nr_mas_12_2_H04,PA14_07950,PA0610,prtN,transcriptional regulator PrtN,-0.1456196343559202,0.7842429362824678
PAMr_nr_mas_12_2_H05,PA14_28100,PA2783,NA,conserved hypothetical protein,-0.9755022505669698,-0.5760913552814694
PAMr_nr_mas_12_2_H06,PA14_51320,PA1005,NA,Putative Zn-dependent protease,-1.7922635638033717,0.8165561118829455
PAMr_nr_mas_12_2_H07,PA14_47580,PA1285,NA,"putative transcriptional regulator, MarR family",-1.4237810558271777,0.7378417766787052
PAMr_nr_mas_12_2_H08,PA14_11730,NA,NA,possible protein kinase,-0.10802136189923117,0.7580556320281795
PAMr_nr_mas_12_2_H09,PA14_56340,PA4334,mntH1,NRAMP protein MntH1,-1.094217597672509,-0.21136582243751068
PAMr_nr_mas_12_2_H10,PA14_45890,PA1436,NA,putative RND efflux transporter,-0.3326973731540371,-0.37397285068670855
PAMr_nr_mas_12_2_H11,PA14_32640,PA2474,NA,hypothetical protein,-0.3221106443315902,-1.1216038547066225
PAMr_nr_mas_12_2_H12,PA14_24720,PA3044,NA,putative two-component sensor,-0.8449976112714039,-0.7383621506414874
PAMr_nr_mas_12_3_A01,PA14_60830,PA4598,mexD,multidrug efflux RND transporter MexD,0.9872590695211975,2.320847900164958
PAMr_nr_mas_12_3_A02,PA14_72340,PA5479,gltP,proton-glutamate symporter,0.1960169231413787,0.7831259086778851
PAMr_nr_mas_12_3_A03,PA14_01870,PA0151,NA,putative TonB-dependent receptor,0.08716987756169814,1.095889013978207
PAMr_nr_mas_12_3_A04,PA14_63960,PA4837,NA,putative uter membrane protein precursor,0.7157550963121015,1.222215355160072
PAMr_nr_mas_12_3_A05,PA14_03860,PA0296,NA,putative glutamine synthetase,0.5770908190325382,0.7620911061606456
PAMr_nr_mas_12_3_A06,PA14_70750,PA5360,phoB,two-component response regulator PhoB,0.15251180663686897,0.1838371713099201
PAMr_nr_mas_12_3_A07,PA14_04110,PA0316,serA,D-3-phosphoglycerate dehydrogenase,-0.5017818429039145,0.12051074844241279
PAMr_nr_mas_12_3_A08,PA14_50450,PA1080,flgE,flagellar hook protein FlgE,-0.8922853271578437,0.2385800088588461
PAMr_nr_mas_12_3_A09,PA14_51780,PA0967,ruvB,Holliday junction DNA helicase RuvB,0.8946381015182305,0.16695949325831036
PAMr_nr_mas_12_3_A10,PA14_06160,PA0470,NA,putative hydroxamate-type ferrisiderophore receptor,0.08969563445909229,-0.4008393410513591
PAMr_nr_mas_12_3_A11,PA14_38130,PA2041,NA,putative lysine-specific permease,0.6585271988798916,-0.711508301861969
PAMr_nr_mas_12_3_A12,PA14_13890,PA3868,NA,putative integrase protein,0.3120166605692501,0.1249483170200583
PAMr_nr_mas_12_3_B01,PA14_72870,PA5523,NA,putative glutamate-1-semialdehyde aminotransferase,-0.41656556279856893,1.24665561228118
PAMr_nr_mas_12_3_B02,PA14_31220,NA,NA,NA,-0.27973519888207904,0.7448112039297586
PAMr_nr_mas_12_3_B03,PA14_22910,PA3194,edd,6-phosphogluconate dehydratase,0.6007732546168648,-0.09525529110024372
PAMr_nr_mas_12_3_B04,PA14_39960,PA1900,phzB2,probable phenazine biosynthesis protein,0.9236227791926535,1.254990878106269
PAMr_nr_mas_12_3_B05,PA14_50380,PA1085,flgJ,flagellar protein FlgJ,-0.36352102765661926,-0.3053024453240759
PAMr_nr_mas_12_3_B06,PA14_67860,PA5139,NA,putative ABC-type amino acid transporter,0.902664895060873,-0.6611680882246487
PAMr_nr_mas_12_3_B07,PA14_38500,PA2010,NA,"putative transcriptional regulator, IclR family",0.6191909267770446,-0.1579418214221903
PAMr_nr_mas_12_3_B08,PA14_68130,PA5159,pmrA,multidrug resistance protein,0.03800736967745949,0.059319139518366856
PAMr_nr_mas_12_3_B09,PA14_37590,PA2081,NA,putative hydrolase,-0.1194579783108907,-0.7279994977149602
PAMr_nr_mas_12_3_B10,PA14_72170,PA5468,NA,putative citrate transporter,0.25229729001494267,-0.9960679271238455
PAMr_nr_mas_12_3_B11,PA14_22320,PA3237,NA,putative membrane protein,0.9816996993133377,-0.9101159329766975
PAMr_nr_mas_12_3_B12,PA14_03380,NA,NA,Hypothetical protein,0.44338142263664837,0.485967319480982
PAMr_nr_mas_12_3_C01,PA14_24340,PA3078,NA,putative sensor histidine kinase,-0.21843701036587704,0.8245546385175425
PAMr_nr_mas_12_3_C02,PA14_57530,PA4428,sspA,stringent starvation protein A,-0.021618597004368686,0.49833358390997506
PAMr_nr_mas_12_3_C03,PA14_20200,PA3392,nosZ,nitrous-oxide reductase precursor,-0.2916953862944618,-0.6426292229635717
PAMr_nr_mas_12_3_C04,PA14_23990,PA3103,xcpR,general secretion pathway protein E,0.4867486949324245,0.9606141255026861
PAMr_nr_mas_12_3_C05,PA14_47230,PA1316,NA,putative MFS transporter,0.07063024270293154,-0.7417264507911902
PAMr_nr_mas_12_3_C06,PA14_63350,PA4794,NA,"putative acetyltransferase, GNAT family",0.9147710640112339,-0.4958634974251858
PAMr_nr_mas_12_3_C07,PA14_12150,PA3994,NA,probable epoxide hydrolase,1.2712194292358232,-0.41979028155300524
PAMr_nr_mas_12_3_C08,PA14_25420,PA2989,NA,conserved hypothetical protein,-0.3593468217585611,-0.012238554227708772
PAMr_nr_mas_12_3_C09,PA14_41670,PA1770,ppsA,phosphoenolpyruvate synthase,0.8162240724568177,0.3669804155930086
PAMr_nr_mas_12_3_C10,PA14_01390,PA0114,NA,putative Sco1/SenC family protein,-0.6446819008200457,-0.9704856895386554
PAMr_nr_mas_12_3_C11,PA14_34770,PA2309,NA,"putative ABC transporter, periplasmic binding protein",1.0805257147645597,-0.6467752675261111
PAMr_nr_mas_12_3_C12,PA14_54090,PA0787,NA,possible ATPase,-0.5261595078016349,-0.2594745352670963
PAMr_nr_mas_12_3_D01,PA14_02460,NA,NA,"putative NAD(P) transhydrogenase, subunit alpha part 2",0.18569496212562628,0.3438819538577931
PAMr_nr_mas_12_3_D02,PA14_49970,PA1113,NA,probable ATP-binding/permease fusion ABC transport,-0.04499322858697605,0.878296737942527
PAMr_nr_mas_12_3_D03,PA14_00430,PA0034,NA,putative two-component response regulator,-0.933298803982411,-0.47049958304643646
PAMr_nr_mas_12_3_D04,PA14_06320,PA0485,NA,putative permease,1.6903617149056644,-0.013747967462727448
PAMr_nr_mas_12_3_D05,PA14_49740,PA1132,NA,hypothetical protein,1.1951137409999246,0.6385889110778206
PAMr_nr_mas_12_3_D06,PA14_51170,PA1017,pauA,pimeloyl-CoA synthetase,2.0885139172587435,-0.35541542289082895
PAMr_nr_mas_12_3_D07,PA14_01020,PA0084,NA,conserved hypothetical protein,0.7778657936305898,-1.3740918198490166
PAMr_nr_mas_12_3_D08,PA14_65090,PA4929,NA,conserved hypothetical protein,0.6448497380279145,-0.5550578372298306
PAMr_nr_mas_12_3_D09,NA,NA,NA,NA,0.7113578742307758,-1.0001468361597126
PAMr_nr_mas_12_3_D10,PA14_13040,PA3929,cioB,"CioB, cyanide insensitive terminal oxidase",0.6054274722334109,0.27506968454595515
PAMr_nr_mas_12_3_D11,PA14_60490,PA4571,NA,putative cytochrome c precursor,-0.5873043591529614,-0.2696605428596955
PAMr_nr_mas_12_3_D12,PA14_65450,PA4954,motA,chemotaxis protein MotA,-0.01193767721266558,0.11532987325928643
PAMr_nr_mas_12_3_E01,PA14_09410,PA1905,phzG1,probable pyrodoxamine 5'-phosphate oxidase,-0.06387518058111212,0.954736572994129
PAMr_nr_mas_12_3_E02,PA14_62900,PA4755,greA,transcription elongation factor GreA,0.4284907954219293,0.2721770898215569
PAMr_nr_mas_12_3_E03,PA14_43810,PA1600,NA,putative cytochrome c,-0.37919904509074664,0.18920954670340787
PAMr_nr_mas_12_3_E04,PA14_55930,PA4305,NA,putative pilus assembly protein,0.7029065714191886,-0.6365529878014549
PAMr_nr_mas_12_3_E05,PA14_63580,PA4811,fdnH,"nitrate-inducible formate dehydrogenase, beta subunit",0.6348837591290779,-0.18240728454702917
PAMr_nr_mas_12_3_E06,PA14_45010,PA1501,NA,putative hydroxypyruvate isomerase,1.1843523599469503,-1.0129824302984771
PAMr_nr_mas_12_3_E07,PA14_47800,PA1271,NA,putative tonB-dependent receptor,1.7631127490707328,0.6483981616592889
PAMr_nr_mas_12_3_E08,PA14_32860,PA2455,NA,hypothetical protein,0.01681939092197968,-0.9699054070539277
PAMr_nr_mas_12_3_E09,PA14_40390,PA1863,modA,molybdate-binding periplasmic protein precursor modA,0.98405882080254925,1.8370925960630904
PAMr_nr_mas_12_3_E10,PA14_50440,PA1081,flgF,flagellar basal-body rod protein FlgF,-0.43955750019586215,-0.9626561069516555
PAMr_nr_mas_12_3_E11,PA14_06010,PA0460,NA,conserved hypothetical protein,0.34119827370104683,-0.5378975006934931
PAMr_nr_mas_12_3_E12,PA14_29360,PA2687,pfeS,two-component sensor PfeS,-0.07802410035442456,0.8442879482675865
PAMr_nr_mas_12_3_F01,PA14_71060,PA5379,sdaB,L-serine dehydratase,-0.2043758008715447,0.32429320721593663
PAMr_nr_mas_12_3_F02,PA14_63300,PA4789,NA,conserved hypothetical protein,-0.34954834010865704,0.5420159343593428
PAMr_nr_mas_12_3_F03,PA14_13520,PA3894,NA,putative outer membrane protein,-0.6139718980004222,0.5575151040600083
PAMr_nr_mas_12_3_F04,PA14_42460,PA1707,pcrH,regulatory protein PcrH,0.5435678717026042,0.6303654726259822
PAMr_nr_mas_12_3_F05,PA14_71260,PA5398,NA,"putative oxidoreductase, FMN-binding",0.4553052212441505,0.2618017070447719
PAMr_nr_mas_12_3_F06,PA14_67140,PA5083,NA,putative translation initiation inhibitor,1.3298527793313448,-0.12690915665567992
PAMr_nr_mas_12_3_F07,PA14_62290,PA4707,NA,putative permease of ABC transporter,-0.1856763391916793,-0.9995639830424736
PAMr_nr_mas_12_3_F08,PA14_23240,PA3170,NA,putative hydrolase,0.18913750028431275,-1.0147346424792092
PAMr_nr_mas_12_3_F09,PA14_58450,PA4504,dppC,"dipeptide ABC transporter, permease protein",-0.13977412551722873,-0.7957859295575698
PAMr_nr_mas_12_3_F10,PA14_10710,PA4116,NA,putative heme oxygenase,1.5696623482690994,0.5815028250838514
PAMr_nr_mas_12_3_F11,PA14_48000,PA1254,NA,putative dihydrodipicolinate synthetase,0.4312509828259306,-0.022307728548180052
PAMr_nr_mas_12_3_F12,PA14_67200,PA5087,NA,conserved hypothetical protein,-0.07224111430421991,0.14856591297920052
PAMr_nr_mas_12_3_G01,PA14_20820,PA3343,NA,putative two-component response regulator,-0.37313223854904026,1.170957716017704
PAMr_nr_mas_12_3_G02,PA14_16790,PA3678,NA,"putative transcriptional regulator, tetR family",-0.19928891612173544,0.1992102376557613
PAMr_nr_mas_12_3_G03,PA14_38080,PA2044,NA,putative cysteine proteases,-0.9013763245647234,0.08093617682900464
PAMr_nr_mas_12_3_G04,PA14_11880,PA4018,NA,putative lipoprotein,-0.018455839920540645,-0.2136982817071636
PAMr_nr_mas_12_3_G05,PA14_18750,PA3524,gloA1,lactoylglutathione lyase,-0.3171348200266483,0.38478570255691025
PAMr_nr_mas_12_3_G06,PA14_08360,PA0651,trpC,indole-3-glycerol-phosphate synthase,-0.8596662220550425,-0.9314288164449941
PAMr_nr_mas_12_3_G08,PA14_22480,PA3224,NA,hypothetical protein,-0.26738650291276284,0.06578670291836487
PAMr_nr_mas_12_3_G09,NA,NA,NA,NA,0.7011444515717953,-0.029365151714883152
PAMr_nr_mas_12_3_G10,PA14_37760,PA2068,NA,putative MFS transporter,-0.72731674291453,-0.25530012927966667
PAMr_nr_mas_12_3_G11,PA14_36590,PA2163,NA,putative 4-alpha-glucanotransferase,1.0025640176843928,1.0143610679189436
PAMr_nr_mas_12_3_G12,PA14_24790,PA3038,NA,putative outer membrane porin,0.6709354696377565,-0.17415631946435173
PAMr_nr_mas_12_3_H01,PA14_46110,PA1418,NA,putative sodium:solute symport protein,0.22250867408567632,0.21065613789877088
PAMr_nr_mas_12_3_H02,PA14_40820,PA1834,NA,putative hydrolase,-0.1036127912422804,0.5104444135631082
PAMr_nr_mas_12_3_H03,PA14_12020,PA4006,nadD,NadD nicotinic acid mononucleotide adenylyltransferase,-1.0703411307419644,0.6031104992573897
PAMr_nr_mas_12_3_H04,PA14_07200,PA0553,NA,hypothetical protein,-0.19562890757940132,0.408925320303802
PAMr_nr_mas_12_3_H05,PA14_41560,PA1779,nasA,assimilatory nitrate reductase,-0.6324670449938782,0.36293797378759207
PAMr_nr_mas_12_3_H06,PA14_56790,PA4367,NA,putative GGDEF domain/EAL domain protein,-0.11082842739184204,0.3010470773832576
PAMr_nr_mas_12_3_H07,PA14_38350,PA2023,galU,UTP-glucose-1-phosphate uridylyltransferase,0.09163783369763966,-0.7760262604233941
PAMr_nr_mas_12_3_H08,PA14_29120,PA2708,NA,conserved hypothetical protein,-0.9009214621532746,1.4903062155682136
PAMr_nr_mas_12_3_H09,PA14_23620,PA3131,kdgA,putative 2-keto-3-deoxygluconate 6-phosphate aldolase,-0.9711311376227971,0.692249960024016
PAMr_nr_mas_12_3_H10,PA14_05010,PA0383,NA,conserved hypothetical protein,0.5952194854442344,0.0888697853001075
PAMr_nr_mas_12_4_A01,PA14_28850,NA,NA,putative transposase,0.19296033176525298,2.128548742606505
PAMr_nr_mas_12_4_A02,PA14_05460,PA0420,bioA,adenosylmethionine-8-amino-7-oxononanoate aminotransferase,0.580145842225329,2.522977159192635
PAMr_nr_mas_12_4_A03,PA14_05260,PA0402,pyrB,aspartate carbamoyltransferase,2.1827693176926144,4.114547028736641
PAMr_nr_mas_12_4_A04,PA14_08370,PA0652,vfr,cyclic AMP receptor-like protein,1.9791768845125948,1.7296887239067515
PAMr_nr_mas_12_4_A05,PA14_42380,PA1714,NA,conserved hypothetical protein,0.2310612610317749,0.6670645208033421
PAMr_nr_mas_12_4_A06,NA,NA,NA,NA,0.09163783369763966,0.8526957598106143
PAMr_nr_mas_12_4_A07,PA14_71970,PA5452,wbpW,GDP-mannose pyrophosphorylase,1.6382013961343327,1.3881909974771085
PAMr_nr_mas_12_4_A08,PA14_70420,PA5334,rph,ribonuclease PH,2.4007134188067236,1.60790433445094
PAMr_nr_mas_12_4_A09,PA14_14610,PA3822,NA,putative preprotein translocase,0.8474661698260144,0.3676935349420041
PAMr_nr_mas_12_4_A10,PA14_11990,PA4008,NA,possible hydrolase,0.2462371736945917,0.1032255855919526
PAMr_nr_mas_12_4_A11,PA14_25030,PA3018,NA,conserved hypothetical protein,-0.7864399276409424,0.8367562291026426
PAMr_nr_mas_12_4_A12,PA14_64790,PA4903,NA,putative MFS transporter,0.11199476028000153,-0.12153790756793849
PAMr_nr_mas_12_4_B01,PA14_68580,PA5192,pckA,phosphoenolpyruvate carboxykinase,1.79414151046469,1.497340176341725
PAMr_nr_mas_12_4_B02,PA14_44910,PA1510,NA,conserved hypothetical protein,-0.6165796793688004,0.3878671535747076
PAMr_nr_mas_12_4_B03,PA14_27920,PA2800,NA,putative lipoprotein,0.23182092786904665,1.9495676411655574
PAMr_nr_mas_12_4_B04,PA14_51440,PA0995,ogt ,methylated-DNA-protein-cysteine methyltransferase,1.8170547114472855,1.161039184314559
PAMr_nr_mas_12_4_B05,PA14_55640,PA4281,sbcD,exonuclease SbcD,0.10831601022508525,0.6543223872880313
PAMr_nr_mas_12_4_B06,PA14_34670,PA2318,NA,putative enzyme of the cupin superfamily,0.9431545144391779,0.7726167499001102
PAMr_nr_mas_12_4_B07,PA14_72980,NA,NA,putative cobalamin synthesis protein/P47K family protein,1.065243417340849,-0.15151834013671472
PAMr_nr_mas_12_4_B08,PA14_13280,PA3914,moeA1,"MoeA1, Molybdopterin biosynthesis enzyme",1.4406482385470576,-0.1834393689154337
PAMr_nr_mas_12_4_B09,PA14_11320,PA4063,NA,conserved hypothetical protein,-0.050353908665692365,-0.6942221335162356
PAMr_nr_mas_12_4_B10,PA14_35890,NA,PAGI-1(15),Putative aminotransferase,1.0801938858549927,-1.1438980359833812
PAMr_nr_mas_12_4_B11,PA14_07210,PA0554,NA,conserved hypothetical protein,0.3191374985318969,-0.5793752524961189
PAMr_nr_mas_12_4_B12,PA14_18920,PA3491,NA,"putative NADH:ubiquinone oxidoreductase, subunit RnfC",0.7834344538365131,-1.2825842168423285
PAMr_nr_mas_12_4_C01,PA14_60100,NA,NA,deoxycytidine triphosphate deaminase,-0.29334685548169975,1.6130395118725882
PAMr_nr_mas_12_4_C02,PA14_30580,PA2591,NA,"putative transcriptional regulator, LuxR family",2.2270224315647087,2.2630357234624987
PAMr_nr_mas_12_4_C03,PA14_49300,PA1169,NA,probable lipoxygenase,-0.1100262807006747,0.5792000361844872
PAMr_nr_mas_12_4_C04,PA14_20900,PA3336,NA,putative MFS transporter,0.2158486038939877,1.208598870677921
PAMr_nr_mas_12_4_C05,PA14_27360,PA2841,NA,putative enoyl-CoA hydratase,1.4555141004622574,1.4485539210275669
PAMr_nr_mas_12_4_C06,PA14_57990,PA4467,NA,putative heavy-metal transporter,1.2285842360892325,0.8132205764421777
PAMr_nr_mas_12_4_C07,PA14_53360,PA0844,plcH,hemolytic phospholipase C precursor,1.673475933697638,0.7580556320281795
PAMr_nr_mas_12_4_C08,PA14_08060,PA0621,NA,putative tail fiber assembly protein,1.5337984511059992,0.13455299316169306
PAMr_nr_mas_12_4_C09,PA14_02010,PA0161,NA,hypothetical protein,0.5274638327823751,0.5236946820580429
PAMr_nr_mas_12_4_C11,PA14_06570,PA0504,bioD,dethiobiotin synthase,6.2949227003244195,6.754905467761088
PAMr_nr_mas_12_4_D01,PA14_15380,NA,NA,NA,0.4767111996085462,0.44896603044573113
PAMr_nr_mas_12_4_D02,PA14_03760,PA0287,NA,putative sodium:solute symporter,2.158219722707332,6.820190397571962
PAMr_nr_mas_12_4_D03,PA14_53540,PA0829,NA,probable hydrolase,0.848154851435416,1.7028591894637772
PAMr_nr_mas_12_4_D04,PA14_67670,PA5124,ntrB,two-component sensor NtrB,0.21870378419366945,1.3738846215788982
PAMr_nr_mas_12_4_D05,PA14_22620,PA3217,NA,putative adenylate cyclase,0.1417327827550314,1.2161437218425717
PAMr_nr_mas_12_4_D06,PA14_63100,PA4772,NA,putative ferredoxin,1.7809470343537552,0.6054050985028124
PAMr_nr_mas_12_4_D07,PA14_22020,PA3244,minD,cell division inhibitor MinD,1.8403257075733392,0.015624520519468926
PAMr_nr_mas_12_4_D08,PA14_04870,PA0371,NA,putative peptidase,1.8459096953696972,0.9756111892903274
PAMr_nr_mas_12_4_D09,PA14_32750,PA2465,NA,hypothetical protein,3.0151154159172964,3.577679384289106
PAMr_nr_mas_12_4_D10,PA14_66380,PA5021,NA,putative sodium/hydrogen antiporter,1.7742651082888248,0.3453130340554476
PAMr_nr_mas_12_4_D11,PA14_49880,PA1121,NA,conserved hypothetical protein,1.2731505353094832,-0.17389864021438786
PAMr_nr_mas_12_4_D12,PA14_35590,PA2243,NA,"putative succinate dehydrogenase, flavoprotein subunit",1.7807986242844929,-0.03769236955452991
PAMr_nr_mas_12_4_E01,PA14_15350,NA,NA,NA,0.9921405191422153,0.3431662992888281
PAMr_nr_mas_12_4_E02,PA14_39130,PA1964,NA,putative ATP-binding component of ABC transporter,0.8823218154333394,0.6138882995642642
PAMr_nr_mas_12_4_E03,PA14_53180,PA0858,NA,possiblel sulfurtransferase,-1.219763628788613,1.7419014150246375
PAMr_nr_mas_12_4_E04,PA14_13000,PA3932,NA,probable transcriptional regulator,-0.19562890757940132,0.5074187547614253
PAMr_nr_mas_12_4_E05,PA14_05380,PA0412,pilK,methyltransferase PilK,-0.046382595413782764,-0.5621526938976605
PAMr_nr_mas_12_4_E06,PA14_21060,PA3323,NA,conserved hypothetical protein,2.2684946249556144,0.5895563684877473
PAMr_nr_mas_12_4_E07,PA14_41240,PA1801,clpP,ATP-dependent Clp protease proteolytic subunit,0.8629432770555647,0.054339845353990036
PAMr_nr_mas_12_4_E08,PA14_56300,PA4333,NA,putative fumarase,1.9800396199341341,0.7270361034479664
PAMr_nr_mas_12_4_E09,PA14_33430,PA2418,NA,putative pirin-related protein,1.2961173192724789,-0.12077093713203287
PAMr_nr_mas_12_4_E10,PA14_23030,PA3186,oprB,glucose/carbohydrate outer membrane porin OprB precursor,-0.8854757009638072,-0.45839113493425426
PAMr_nr_mas_12_4_E11,PA14_60200,PA4543,NA,conserved hypothetical protein,0.8196838822835959,-0.23992941248639255
PAMr_nr_mas_12_4_E12,PA14_50840,PA1045,NA,Putative  DNA helicase,1.6539707290886168,-0.15228883329676912
PAMr_nr_mas_12_4_F01,PA14_34990,PA2289,NA,putative TonB-dependent  receptor,0.8687802765613039,-0.26913780718319963
PAMr_nr_mas_12_4_F02,PA14_57720,PA4443,cysD,ATP sulfurylase small subunit,1.3879440157172742,-0.9931559379673481
PAMr_nr_mas_12_4_F03,PA14_18480,PA3546,algX,alginate biosynthesis protein AlgX,0.35629697627576806,1.5676747483293707
PAMr_nr_mas_12_4_F04,PA14_15090,PA3788,NA,hypothetical protein,-0.20661533555455408,1.060181573168297
PAMr_nr_mas_12_4_F05,PA14_67120,PA5081,NA,putative pyrophosphatase,0.07783520036612739,0.2605942253499772
PAMr_nr_mas_12_4_F06,PA14_29540,PA2672,NA,putative type II secretion system protein,1.0710617164174128,0.08168035122669505
PAMr_nr_mas_12_4_F07,PA14_71020,PA5377,NA,"putative BC-type proline/glycine betaine transport system, permease component",-0.11925715640727866,0.4233203701189689
PAMr_nr_mas_12_4_F08,PA14_46080,PA1420,NA,conserved hypothetical protein,1.1460491621748052,0.15200321093626734
PAMr_nr_mas_12_4_F09,PA14_09180,PA4234,uvrA,excinuclease ABC subunit A,0.6933852477617404,0.2506846708491264
PAMr_nr_mas_12_4_F10,PA14_15710,PA3765,NA,conserved hypothetical protein,2.1245876619224955,1.061896449453514
PAMr_nr_mas_12_4_F11,PA14_17580,PA3613,NA,conserved hypothetical protein,0.8512529848742583,-0.2874578293108251
PAMr_nr_mas_12_4_F12,PA14_50200,PA1098,fleS,two-component sensor,1.3095692593877999,-0.48397909040787024
PAMr_nr_mas_12_4_G01,PA14_17400,PA3629,adhC,alcohol dehydrogenase class III,1.1902244889737823,-0.28038560827100906
PAMr_nr_mas_12_4_G02,PA14_16730,PA3683,NA,conserved hypothetical protein,-0.19339328481071066,-0.5807440174699618
PAMr_nr_mas_12_4_G03,PA14_65250,PA4939,NA,putative ATP phosphoribosyltransferase,-1.3079494267350933,1.5065736110263939
PAMr_nr_mas_12_4_G04,PA14_26150,PA2930,NA,putative transcriptional regulator,0.3320468457244427,1.033760030571624
PAMr_nr_mas_12_4_G05,PA14_30810,PA2574,alkB1,alkane-1-monooxygenase,-0.925531277265996,0.40561717673177394
PAMr_nr_mas_12_4_G06,PA14_68810,PA5209,NA,putative adenylate cyclase,-0.5935816380281093,0.8072124311298611
PAMr_nr_mas_12_4_G07,PA14_70120,PA5311,NA,putative MFS transporter,1.2365194832255095,-0.11336140572773785
PAMr_nr_mas_12_4_G08,PA14_07890,PA0605,NA,putative permease of ABC transporter,0.46921825688149954,0.16475492395846617
PAMr_nr_mas_12_4_G09,PA14_59530,NA,NA,plasmid related protein,-0.6039854176703388,0.26276753597885366
PAMr_nr_mas_12_4_G10,PA14_06770,PA0520,nirQ,regulatory protein NirQ,0.11102687697119949,0.4548342697682146
PAMr_nr_mas_12_4_G11,PA14_06080,PA0465,creD,inner membrane protein CreD,-0.3387252429444246,-0.19247688505969388
PAMr_nr_mas_12_4_G12,PA14_41740,PA1765,NA,hypothetical protein,1.5051763043662283,0.19384586645627194
PAMr_nr_mas_12_4_H01,PA14_03010,PA0243,NA,"putative transcriptional regulator, TetR family",-0.3601814411124277,-0.3742383289763099
PAMr_nr_mas_12_4_H02,PA14_47960,PA1256,NA,putative ATP-binding component of ABC transporter,-0.024782946965382264,-0.22719061131462115
PAMr_nr_mas_12_4_H03,PA14_43350,PA1636,kdpD,two-component sensor KdpD,0.6000569150326123,0.26421601877089157
PAMr_nr_mas_12_4_H04,PA14_19480,PA3451,NA,hypothetical protein,-0.2284416500570623,0.8336524740959678
PAMr_nr_mas_12_4_H05,PA14_35420,PA2255,pvcB,pyoverdine biosynthesis protein PvcB,1.285848856130226,0.5538170623527334
PAMr_nr_mas_12_4_H06,NA,NA,NA,NA,-0.4418824681585141,0.25141025664557265
PAMr_nr_mas_12_4_H07,PA14_36550,PA2167,NA,conserved hypothetical protein,-0.4836668690620675,0.40443530151814766
PAMr_nr_mas_12_4_H08,PA14_60070,NA,NA,conserved hypothetical protein,-0.34913172221269745,0.28109192158928137
PAMr_nr_mas_12_4_H09,PA14_11100,PA4082,cupB5,adhesive protein CupB5,0.17918723923386717,-0.25060702459876083
PAMr_nr_mas_12_4_H10,PA14_16090,PA3735,thrC,Threonine synthase,-0.8741426991777973,-0.22745034525601068
PAMr_nr_mas_12_4_H11,PA14_45280,PA1483,cycH,cytochrome c-type biogenesis protein,-0.02755306110024166,0.15003925628630937
PAMr_nr_mas_12_4_H12,NA,NA,NA,NA,0.45090522259098065,0.08589578125895149
PAMr_nr_mas_13_1_A01,PA14_69780,PA5286,NA,conserved hypothetical protein,-0.7681545943237315,0.741664616998469
PAMr_nr_mas_13_1_A02,PA14_43520,PA1624,NA,conserved hypothetical protein,0.6932087908090206,0.4494356784954759
PAMr_nr_mas_13_1_A03,PA14_41900,PA1752,panE,ketopantoate reductase,0.7064293292063302,0.7732880392553729
PAMr_nr_mas_13_1_A04,PA14_29800,PA2652,NA,putative chemotaxis transducer,1.1591705588286207,-0.416583544809531
PAMr_nr_mas_13_1_A05,PA14_53470,PA0836,NA,probable acetate kinase,0.0962966638205822,-0.042996893788247885
PAMr_nr_mas_13_1_A06,PA14_13630,NA,NA,hypothetical protein,1.0604184559610021,0.07944758039281626
PAMr_nr_mas_13_1_A07,PA14_62350,PA4710,NA,putative haem/haemoglobin uptake outer membrane receptor PhuR precursor,0.9341604746909796,-1.5208192117598252
PAMr_nr_mas_13_1_A08,PA14_07430,PA0572,NA,conserved hypothetical protein,-0.01588727156366102,1.22326163344452
PAMr_nr_mas_13_1_A09,PA14_70730,PA5358,ubiA,4-hydroxybenzoate polyprenyltransferase,1.588971610651422,-0.5873179787335159
PAMr_nr_mas_13_1_A10,PA14_36570,PA2165,NA,glycogen synthase,0.2437735808377152,-0.3477423557219371
PAMr_nr_mas_13_1_A11,PA14_39220,PA1956,NA,conserved hypothetical protein,-0.5360229548613241,-0.7782815655477191
PAMr_nr_mas_13_1_A12,PA14_46230,PA1409,aphA,acetylpolyamine aminohydrolase,0.10133983452396388,0.2755516624593901
PAMr_nr_mas_13_1_B01,PA14_03450,PA0266,gabT,4-aminobutyrate aminotransferase,1.9621856354576095,-0.4471095961759059
PAMr_nr_mas_13_1_B02,PA14_17720,PA3599,NA,"putative transcriptional regulator, LuxR family",0.6728831147296118,-0.4280814515398113
PAMr_nr_mas_13_1_B03,PA14_03610,PA0277,NA,putative putative Zn-dependent protease with chaperone function,1.1190643262513646,0.013870803648132021
PAMr_nr_mas_13_1_B04,PA14_33880,PA2380,NA,hypothetical protein,-0.008977109915833156,-1.2853204878560738
PAMr_nr_mas_13_1_B05,PA14_62710,PA4740,pnp,polyribonucleotide nucleotidyltransferase,0.7688061810106148,0.5959922509468233
PAMr_nr_mas_13_1_B06,PA14_21650,PA3276,NA,hypothetical protein,0.16711096634792433,-0.7279994977149602
PAMr_nr_mas_13_1_B07,PA14_21910,PA3254,NA,putative ATP-binding component of ABC transporter,1.2696097206579904,-0.49478222658403376
PAMr_nr_mas_13_1_B08,PA14_33120,PA2436,NA,hypothetical protein,0.1373003208522113,-1.745315926303106
PAMr_nr_mas_13_1_B09,PA14_03980,PA0305,NA,putative penicillin amidase,1.1704657952404038,-1.400025785446744
PAMr_nr_mas_13_1_B10,NA,NA,NA,NA,1.1215372725133381,-0.5370814354437168
PAMr_nr_mas_13_1_B11,NA,NA,NA,NA,-0.8236202872721228,-0.5476980328758724
PAMr_nr_mas_13_1_B12,PA14_30550,PA2594,NA,putative periplasmic aliphatic sulfonate-binding protein,0.706605415258963,-0.0858390389796049
PAMr_nr_mas_13_1_C01,PA14_05010,PA0383,NA,conserved hypothetical protein,2.5602998919611344,-0.5172543766317949
PAMr_nr_mas_13_1_C02,PA14_20120,PA3399,NA,hypothetical protein,1.5413576616390061,-0.27201335747705047
PAMr_nr_mas_13_1_C03,PA14_53310,PA0847,NA,hypothetical protein,1.0218522608585356,-0.37609697115648566
PAMr_nr_mas_13_1_C04,PA14_24970,PA3023,NA,putative diacylglycerol kinase,1.2120337519145528,-0.7813838483218258
PAMr_nr_mas_13_1_C05,PA14_24900,PA3029,moaB2,molybdopterin biosynthetic protein B2,2.547308013608868,-0.8329218111893681
PAMr_nr_mas_13_1_C06,PA14_01470,PA0120,NA,putative transcriptional regulator,0.991635717431686,-4.265496090380513e-4
PAMr_nr_mas_13_1_C07,PA14_62370,PA4712,NA,hypothetical protein,0.8307424882721232,-1.2356337958059593
PAMr_nr_mas_13_1_C08,PA14_45280,PA1483,cycH,cytochrome c-type biogenesis protein,1.3637252739718626,-1.2055166154976922
PAMr_nr_mas_13_1_C09,PA14_29560,PA2670,NA,hypothetical protein,1.4361032223193981,-0.5714419169313801
PAMr_nr_mas_13_1_C10,PA14_38610,PA2002,NA,putative short-chain fatty acid transporter,0.663316149699348,-1.6866271340926684
PAMr_nr_mas_13_1_C11,PA14_40740,NA,NA,conserved hypothetical protein,-0.028344746656390862,-1.132593060252161
PAMr_nr_mas_13_1_C12,PA14_64480,PA4876,osmE,osmotically inducible lipoprotein OsmE,-0.21537754765223935,-0.2759365494042172
PAMr_nr_mas_13_1_D01,PA14_69420,PA5257,NA,putative enzyme of heme biosynthesis,-0.6196234595872707,-0.4656535815060013
PAMr_nr_mas_13_1_D02,PA14_05460,PA0420,bioA,adenosylmethionine-8-amino-7-oxononanoate aminotransferase,1.6856925121571986,-0.25582178803044897
PAMr_nr_mas_13_1_D03,PA14_31200,NA,NA,hypothetical,-0.2962379714838475,0.3538931117425268
PAMr_nr_mas_13_1_D04,PA14_04080,PA0313,NA,putative permease of ABC transporter,1.6725700563220436,0.5111424488125922
PAMr_nr_mas_13_1_D05,PA14_08680,PA4277,tufB,elongation factor Tu,0.9164742857101578,-0.3920493437733362
PAMr_nr_mas_13_1_D06,PA14_62020,PA4689,PA4689,NA,1.5932545109445142,-0.11004254574400656
PAMr_nr_mas_13_1_D07,PA14_10180,PA4158,fepC,ferric enterobactin transport protein FepC,1.2465456583171863,-0.9276797563021513
PAMr_nr_mas_13_1_D08,PA14_10170,PA4159,fepB,ferrienterobactin-binding periplasmic protein precursor FepB,0.33858493985032917,-1.4204730227254763
PAMr_nr_mas_13_1_D09,PA14_06710,PA0515,NA,heme d1 biosynthesis protein NirD,1.1463775312815272,-1.2302027178016364
PAMr_nr_mas_13_1_D10,PA14_70420,PA5334,rph,ribonuclease PH,-0.0451916907531339,-0.369991936233708
PAMr_nr_mas_13_1_D11,PA14_38490,PA2011,mvaB,hydroxymethylglutaryl-CoA lyase,-0.3063673667996084,0.22645347122507253
PAMr_nr_mas_13_1_D12,PA14_47810,PA1270,NA,putative membrane protein,-0.7701589232864182,0.19238211153143733
PAMr_nr_mas_13_1_E01,PA14_06390,PA0490,NA,conserved hypothetical protein,0.3813811290012378,-0.24487546177254796
PAMr_nr_mas_13_1_E02,PA14_63910,PA4834,NA,putative membrane protein,1.0903067918124842,0.6711550732090854
PAMr_nr_mas_13_1_E03,PA14_30880,NA,NA,hypothetical,-0.172498233276955,0.09035629317237892
PAMr_nr_mas_13_1_E04,PA14_60420,PA4565,proB,NA,1.9374808938200339,0.6834117897865571
PAMr_nr_mas_13_1_E05,PA14_58990,NA,RL109,Putative DNA helicase,0.7548427572304037,-0.43772278124835384
PAMr_nr_mas_13_1_E06,PA14_68360,PA5174,NA,putative beta-ketoacyl synthase,0.7761245746618296,0.6863591401829456
PAMr_nr_mas_13_1_E07,PA14_05190,PA0396,pilU,twitching motility protein PilU,0.7268224661240263,-0.2103294340644517
PAMr_nr_mas_13_1_E08,PA14_61320,PA4634,NA,conserved hypothetical protein,0.11509098529605509,0.1662247172999102
PAMr_nr_mas_13_1_E09,PA14_35990,NA,PAGI-1(6),Predicted aminoglycoside phosphotransferase,-0.40520615223549056,0.014622452717258075
PAMr_nr_mas_13_1_E10,PA14_53410,PA0839,NA,probable transcriptional regulator,-0.985175515250434,-0.36733930475228227
PAMr_nr_mas_13_1_E11,PA14_00910,PA0077,NA,conserved hypothetical protein,-1.0054917289771987,-0.3166110823006171
PAMr_nr_mas_13_1_E12,PA14_54740,PA0737,NA,hypothetical protein,-1.3123185310548713,-1.0357969559002362
PAMr_nr_mas_13_1_F01,PA14_40840,PA1832,NA,putative protease,0.21489658872683354,-0.4412077798127021
PAMr_nr_mas_13_1_F02,PA14_18830,PA3517,NA,putative lyase,0.41116595717147486,0.26469877689246823
PAMr_nr_mas_13_1_F03,PA14_10050,NA,NA,NA,0.07919737153388998,-0.48721820540283567
PAMr_nr_mas_13_1_F04,PA14_28180,PA2776,NA,putative oxidoreductase,-0.916177307820891,0.06230494341278417
PAMr_nr_mas_13_1_F05,PA14_03730,PA0286,NA,putative fatty acid desaturase,-0.2575249910014163,-1.074289065156677
PAMr_nr_mas_13_1_F06,PA14_36810,PA2147,katE,catalase HPII,0.5002284366218616,-0.8351963238192589
PAMr_nr_mas_13_1_F07,PA14_21580,PA3283,NA,conserved hypothetical protein,0.3811956881415569,-1.44129399420881
PAMr_nr_mas_13_1_F08,PA14_11420,PA4054,ribB,"GTP cyclohydrolase II / 3,4-dihydroxy-2-butanone 4-phosphate synthase",0.6206191686464426,0.2067618527545287
PAMr_nr_mas_13_1_F09,PA14_50890,PA1040,NA,conserved hypothetical protein,-0.4399801576570227,-0.9678748134515016
PAMr_nr_mas_13_1_F10,PA14_69040,PA5228,NA,putative 5-formyltetrahydrofolate cyclo-ligase family protein,0.6254370894215726,-1.4406715362762683
PAMr_nr_mas_13_1_F11,PA14_13130,PA3923,NA,hypothetical protein,-0.5851412335767273,-1.009479378009043
PAMr_nr_mas_13_1_F12,PA14_69310,PA5249,NA,putative LysE family efflux protein,-1.0977365081462664,-1.054574675916383
PAMr_nr_mas_13_1_G01,PA14_22550,NA,NA,putative LysR-family transcriptional regulator,0.35946123835249677,-0.2667860004503152
PAMr_nr_mas_13_1_G02,PA14_36070,PA2215,NA,putative enzyme,0.1650000285185233,-0.28064740950426487
PAMr_nr_mas_13_1_G03,PA14_32340,PA2499,NA,putative deaminase,0.5232953943748114,-1.3075560126442805
PAMr_nr_mas_13_1_G04,PA14_53300,PA0848,NA,probable alkyl hydroperoxide reductase,0.5316295074912161,1.9043499167195361
PAMr_nr_mas_13_1_G05,PA14_18950,PA3489,NA,"putative NADH:ubiquinone oxidoreductase, subunit RnfA",0.3400784065763128,1.781102896149999
PAMr_nr_mas_13_1_G06,PA14_30830,PA2572,NA,putative two-component response regulator,0.6937381468006256,-0.7940899617719647
PAMr_nr_mas_13_1_G07,PA14_20670,PA3356,NA,putative glutamine synthetase,-0.0269593623908848,-0.010980969182133841
PAMr_nr_mas_13_1_G08,PA14_67170,PA5085,NA,putative LysR-family transcriptional regulator,0.2806264282151949,-0.6180819119812363
PAMr_nr_mas_13_1_G09,PA14_33770,PA2389,NA,"putative ABC export system, membrane fusion protein",0.7067814963767922,-0.6189078886158089
PAMr_nr_mas_13_1_G10,PA14_23730,PA3122,NA,putative transcriptional regulator lysR family,-1.198028444569508,-0.13023637154617126
PAMr_nr_mas_13_1_G11,PA14_42790,PA1678,NA,putative DNA methylase,-0.3712506270091535,-1.0106468589181201
PAMr_nr_mas_13_1_G12,PA14_59200,NA,NA,Conserved hypothetical protein,0.04329321887264642,-0.5403462920988115
PAMr_nr_mas_13_1_H01,PA14_64390,PA4868,ureC,urease alpha subunit,-0.2237436107545292,-0.14279226197934558
PAMr_nr_mas_13_1_H02,PA14_34830,PA2303,NA,putative regulatory protein,-0.4083594845409122,0.08217642164484791
PAMr_nr_mas_13_1_H03,PA14_11930,PA4013,NA,putative membrane protein,2.953847114851225,-0.578827824675459
PAMr_nr_mas_13_1_H04,NA,NA,NA,NA,1.1910396285702345,-0.22251711874278168
PAMr_nr_mas_13_1_H05,PA14_54290,PA0773,pdxJ,pyridoxal phosphate biosynthetic protein PdxJ,-2.161157183627831,-1.29993280795713
PAMr_nr_mas_13_1_H06,PA14_47600,PA1284,NA,putative acyl-CoA dehydrogenase,-2.053413444572156,-1.418301420239708
PAMr_nr_mas_13_1_H07,PA14_06510,PA0501,bioF,8-amino-7-oxononanoate synthase,-1.3276343664808905,0.2482654847148315
PAMr_nr_mas_13_1_H08,PA14_09660,PA4198,NA,putative AMP-binding enzyme,-0.5448273582349464,-0.3456271907229772
PAMr_nr_mas_13_1_H09,PA14_67510,PA5112,estA,esterase EstA,-0.1850675101254779,-0.4200575788027381
PAMr_nr_mas_13_1_H10,PA14_09930,PA4172,NA,putative exonuclease III,0.06907132708866127,-1.0563377842710848
PAMr_nr_mas_13_1_H11,PA14_33480,PA2414,sndH,L-sorbosone dehydrogenase,-0.7133949958079002,-0.9351799724309605
PAMr_nr_mas_13_1_H12,PA14_59350,NA,pilV2,Type IV B pilus protein,-1.3149900356796176,-0.3851319921751052
PAMr_nr_mas_13_2_A01,PA14_35860,NA,PAGI-1(17),Probable amino acid permease,-0.20804090972745543,1.132680063944417
PAMr_nr_mas_13_2_A02,PA14_41710,PA1767,NA,putative membrain protein,-0.18263278364943944,2.0588953618317722
PAMr_nr_mas_13_2_A03,PA14_53310,PA0847,NA,hypothetical protein,-0.9180013793931967,1.0173823702281137
PAMr_nr_mas_13_2_A04,PA14_57950,PA4463,NA,putative ribosomal subunit interface protein,0.11760554511801828,1.8818159540299664
PAMr_nr_mas_13_2_A05,PA14_68940,PA5220,NA,hypothetical protein,0.16615153707205582,1.3691772898007066
PAMr_nr_mas_13_2_A06,PA14_19050,PA3482,metG,methionyl-tRNA synthetase,0.27893027719690294,1.016087692954648
PAMr_nr_mas_13_2_A07,PA14_18900,PA3493,NA,"putative NADH:ubiquinone oxidoreductase, subunit RnfG",-0.6479577735128268,1.2441530121559403
PAMr_nr_mas_13_2_A08,NA,NA,NA,NA,0.6279338168482915,1.290300697911487
PAMr_nr_mas_13_2_A09,PA14_67110,PA5080,NA,prolyl aminopeptidase,-0.33062013754590525,0.6545501376998691
PAMr_nr_mas_13_2_A10,PA14_09680,PA4197,NA,putative two-component sensor,0.16730283462354012,0.8269967322627741
PAMr_nr_mas_13_2_A11,PA14_30070,PA2633,NA,putative secretion system protein,-0.3047124721173546,1.560316204317812
PAMr_nr_mas_13_2_A12,PA14_64290,PA4860,NA,putative permease of ABC transporter,-0.56786298684404,1.7716614172159728
PAMr_nr_mas_13_2_B01,PA14_12440,PA3973,NA,possible transcriptional regulator acrR family,-0.4728229015376681,1.1804404637012873
PAMr_nr_mas_13_2_B02,PA14_02980,PA0240,NA,putative outer membrane porin,-0.3014039898363106,1.2217967981622808
PAMr_nr_mas_13_2_B03,PA14_59630,NA,NA,Conserved Hypothetical Protein,1.050257289233223,1.5591221661437153
PAMr_nr_mas_13_2_B04,PA14_59640,NA,NA,Conserved hypothetical protein,0.012887838020603438,2.190244101797982
PAMr_nr_mas_13_2_B05,NA,NA,NA,NA,1.3999396256862169,0.03688316045864438
PAMr_nr_mas_13_2_B06,PA14_71410,PA5410,NA,"putative ring hydroxylating dioxygenase, alpha-subunit",0.25872976551043897,0.10248379693992117
PAMr_nr_mas_13_2_B07,PA14_11920,PA4014,NA,hypothetical protein,-0.07722613058206841,-0.05817582464943471
PAMr_nr_mas_13_2_B08,PA14_59120,NA,NA,hypothetical protein,-0.6226687150671179,1.5916829847569047
PAMr_nr_mas_13_2_B09,PA14_47730,PA1275,cobD,cobalamin biosynthetic protein CobD,-0.43448782712360046,0.992524128110071
PAMr_nr_mas_13_2_B10,PA14_21670,PA3274,NA,conserved hypothetical protein,-0.33207413035887007,1.4645190413974933
PAMr_nr_mas_13_2_B12,PA14_43460,PA1628,NA,putative 3-hydroxyacyl-CoA dehydrogenase,0.2606204174525684,1.5445776574254457
PAMr_nr_mas_13_2_C02,PA14_32790,NA,NA,hypothetical protein,-0.477498396230042,1.1039875910230388
PAMr_nr_mas_13_2_C03,PA14_13330,PA3910,NA,putative phosphatase or phosphodiesterase,0.9345001062749718,0.7209502565867301
PAMr_nr_mas_13_2_C04,NA,NA,NA,NA,0.9195389217289638,0.5722869240224578
PAMr_nr_mas_13_2_C05,PA14_30540,PA2595,NA,putative periplasmic aliphatic sulfonate-binding protein,-1.2161757266334388,-0.1258857300529165
PAMr_nr_mas_13_2_C06,PA14_48530,PA1221,NA,putative  AMP-binding enzyme,-0.11925715640727866,0.22572518159413857
PAMr_nr_mas_13_2_C07,PA14_09230,PA4229,pchC,pyochelin biosynthetic protein PchC,-0.024387316054937585,-0.2170688215513805
PAMr_nr_mas_13_2_C08,PA14_32310,PA2501,NA,hypothetical protein,-0.5743367624751701,1.3609827519220297
PAMr_nr_mas_13_2_C09,PA14_17660,PA3605,NA,putative transmembrane protein,-0.1856763391916793,0.09580400633515668
PAMr_nr_mas_13_2_C10,PA14_44860,PA1514,NA,ureidoglycolate hydrolase,0.22726154848716004,0.25092654149916466
PAMr_nr_mas_13_2_C11,PA14_42670,PA1689,NA,putative membrane protein,-0.6159276325478382,0.4082165696817591
PAMr_nr_mas_13_2_C12,NA,NA,NA,NA,0.19945381196347858,0.9821212116378393
PAMr_nr_mas_13_2_D01,PA14_10010,PA4165,NA,putative transcriptional regulator,-0.45203786301381566,1.7096739416717364
PAMr_nr_mas_13_2_D02,PA14_66840,PA5058,phaC2,poly(3-hydroxyalkanoic acid) synthase 2,0.42075581354337616,1.2358042642961031
PAMr_nr_mas_13_2_D03,PA14_21410,PA3296,phoA,alkaline phosphatase,-1.1832628059727466,1.2818017870634197
PAMr_nr_mas_13_2_D04,PA14_71510,PA5419,soxG,sarcosine oxidase gamma subunit,0.5536796341809745,0.15960811045235865
PAMr_nr_mas_13_2_D05,PA14_49480,NA,NA,hypothetical protein,-0.4285783740300201,-1.2577050097524471
PAMr_nr_mas_13_2_D06,PA14_18650,PA3533,NA,glutaredoxin-related protein,-0.4056265051149391,-0.5728090644082497
PAMr_nr_mas_13_2_D07,PA14_63900,PA4833,NA,putative hemolyin III,-0.42014592814387886,-0.9124167675997278
PAMr_nr_mas_13_2_D08,PA14_43100,NA,NA,putative Rhs family protein,0.21546781513709967,-0.036682459253041554
PAMr_nr_mas_13_2_D09,PA14_72620,PA5503,NA,putative ATP-binding component of ABC transporter,-0.846124750912882,-0.09500062398413738
PAMr_nr_mas_13_2_D10,PA14_56210,PA4327,NA,hypothetical protein,-0.13715548936607247,0.22985111139720263
PAMr_nr_mas_13_2_D11,PA14_66980,PA5070,tatC,sec-independent  protein translocase TatC,-0.06447237799811771,2.224756394842931
PAMr_nr_mas_13_2_D12,PA14_33630,PA2400,NA,NA,0.889338215512991,-0.1492073913499932
PAMr_nr_mas_13_2_E01,PA14_62230,PA4701,NA,conserved hypothetical protein,-0.8088113754767737,1.6983771523364937
PAMr_nr_mas_13_2_E02,PA14_53340,PA0845,NA,alkaline ceramidase,-0.6320312390363871,1.4713784310890043
PAMr_nr_mas_13_2_E03,PA14_33350,NA,NA,hypothetical,0.4615332827613098,0.4098702046971138
PAMr_nr_mas_13_2_E04,PA14_61480,PA4647,uraA,Uracil permease,0.7922993174326549,0.474981910758243
PAMr_nr_mas_13_2_E05,PA14_30050,PA2634,NA,putative isocitrate lyase,-0.051347129314097545,0.33098847903590284
PAMr_nr_mas_13_2_E06,PA14_11050,PA4087,NA,conserved hypothetical protein,-1.2994626335942578,-0.006958280158811679
PAMr_nr_mas_13_2_E07,PA14_31340,NA,NA,hypothetical protein,0.27779925541471767,0.093328321349867
PAMr_nr_mas_13_2_E08,PA14_27450,PA2833,NA,putative universal stress protein,0.3114541452829026,0.2555204281267491
PAMr_nr_mas_13_2_E09,PA14_54800,PA0733,NA,putative pseudouridylate synthase,0.030952646164145753,-0.29716151358763865
PAMr_nr_mas_13_2_E10,PA14_37940,PA2054,cynR,cyn operon transcriptional activator,-0.45373202581666905,-0.15485778298665057
PAMr_nr_mas_13_2_E11,PA14_44300,PA1561,aer,aerotaxis receptor Aer,-1.1533617136826149,-0.43102594392127475
PAMr_nr_mas_13_2_E12,PA14_13220,NA,NA,putative protein-tyrosine-phosphatase,-0.8135195169384953,-0.22044105529797112
PAMr_nr_mas_13_2_F01,PA14_23310,PA3164,NA,prephenate dehydrogenase,0.7238379529904232,1.7864920684049344
PAMr_nr_mas_13_2_F02,PA14_29250,PA2697,NA,conserved hypothetical protein,-0.0898059416415774,0.8586633356158001
PAMr_nr_mas_13_2_F03,PA14_10770,PA4112,NA,putative sensor/response regulator hybrid,1.0460881244462887,0.03588426257693321
PAMr_nr_mas_13_2_F04,PA14_20730,PA3351,flgM,"putative negative regulator of flagellin synthesis, FlgM",0.5671967309281553,-1.176730743092435
PAMr_nr_mas_13_2_F05,NA,NA,NA,NA,-0.14420815145050003,-0.2733208332723925
PAMr_nr_mas_13_2_F06,PA14_28490,PA2754,NA,putative membrane protein,-0.5146004018471574,-0.49937883146775475
PAMr_nr_mas_13_2_F07,PA14_43880,PA1594,NA,putative thioesterase,1.425590077986031,0.3118413794182916
PAMr_nr_mas_13_2_F08,PA14_15930,PA3748,NA,putative hemolysin containing a CBS domain,0.380453869965825,-0.041228253071764885
PAMr_nr_mas_13_2_F09,PA14_31070,NA,NA,hypothetical,0.10289076531937688,0.037132861696301235
PAMr_nr_mas_13_2_F10,PA14_22700,PA3209,NA,putative ferredoxin,-1.024945952816469,0.24197151588480542
PAMr_nr_mas_13_2_F11,PA14_42850,PA1674,folE2,GTP cyclohydrolase I precursor,-0.8558265078608229,-0.5673421450020409
PAMr_nr_mas_13_2_F12,PA14_57820,PA4451,NA,conserved hypothetical protein,-1.23557478427562,-0.20877515157871138
PAMr_nr_mas_13_2_G01,PA14_36350,PA2189,PA2189,NA,-0.8121739736232155,0.44685220734517683
PAMr_nr_mas_13_2_G02,PA14_44380,PA1553,NA,"putative cytochrome c oxidase, cbb3-type, subunit II",-0.30181745485927886,-0.387791668181232
PAMr_nr_mas_13_2_G03,PA14_20700,PA3353,NA,putative glycosyltransferase,0.4222298777717684,0.06454342476394682
PAMr_nr_mas_13_2_G04,PA14_03580,PA0275,NA,putative putative transcriptional regulator,1.4491026212804357,0.32668514268773985
PAMr_nr_mas_13_2_G05,PA14_19800,PA3423,NA,"putative transcriptional regulator, AraC family",1.4444071465183868,-0.07262768268361128
PAMr_nr_mas_13_2_G06,PA14_31820,PA2531,NA,putative aminotransferase,0.21165865773365403,-0.08761947890271493
PAMr_nr_mas_13_2_G07,PA14_64050,PA4843,NA,putative two-component response regulator,0.33970507317433857,-0.6992361126255483
PAMr_nr_mas_13_2_G08,PA14_30320,PA2613,NA,putative ATPase associated with chromosome architecture,-0.31651311897034884,-0.14664060357941297
PAMr_nr_mas_13_2_G09,PA14_55720,PA4287,NA,putative membrane protein,-0.2237436107545292,-0.07212007268957342
PAMr_nr_mas_13_2_G10,PA14_17810,PA3593,NA,putative acyl-CoA dehydrogenase,-0.5441827150817885,0.15543874901278532
PAMr_nr_mas_13_2_G11,PA14_35950,NA,PAGI-1(9),NA,0.4567712029900404,0.38383727902063663
PAMr_nr_mas_13_2_G12,PA14_65560,PA4960,serB,phosphoserine phosphatase,-0.3932379020632234,0.5966814438030636
PAMr_nr_mas_13_2_H01,PA14_25270,PA3000,aroP1,aromatic amino acid transport protein AroP1,0.4903947211404494,1.640229862623402
PAMr_nr_mas_13_2_H02,PA14_42380,PA1714,NA,conserved hypothetical protein,0.4299630462676356,-0.060962357018157706
PAMr_nr_mas_13_2_H03,PA14_04730,PA0361,NA,probable gamma-glutamyltranspeptidase precursor,-1.4709175302631468,0.10050529286897227
PAMr_nr_mas_13_2_H04,PA14_05650,PA0435,NA,putative exported protein,1.2906642878504953,0.6301368998564495
PAMr_nr_mas_13_2_H05,PA14_64500,PA4878,NA,putative transcriptional regulator,-0.5454720675358694,-0.04628274956929503
PAMr_nr_mas_13_2_H06,PA14_20730,PA3351,flgM,"putative negative regulator of flagellin synthesis, FlgM",0.4613501925718314,-1.6012982439614296
PAMr_nr_mas_13_2_H07,PA14_68770,PA5206,argE,acetylornithine deacetylase,-0.9269013196802138,0.44638237843389916
PAMr_nr_mas_13_2_H08,PA14_00650,PA0052,NA,conserved hypothetical protein,-0.9303277332933308,0.28566520967420816
PAMr_nr_mas_13_2_H09,PA14_30820,PA2573,NA,putative methyl-accepting chemotaxis transducer,-0.7712727157210681,0.14463541518685388
PAMr_nr_mas_13_2_H10,PA14_36410,PA2178,NA,conserved hypothetical protein,-0.7565865298262981,-0.7260407947734188
PAMr_nr_mas_13_2_H11,PA14_50600,PA1067,NA,probable transcriptional regulator,0.6501821598315324,-0.1246066662667988
PAMr_nr_mas_13_2_H12,PA14_59870,NA,NA,Conserved Hypothetical protein,0.5374206382535621,-0.7335989443686017
PAMr_nr_mas_13_3_A01,PA14_28840,NA,NA,putative helicase,-0.7766216695285724,1.2581139353207633
PAMr_nr_mas_13_3_A02,PA14_63280,PA4787,NA,putative transcriptional regulator,-0.8610219757436769,0.41648067255369553
PAMr_nr_mas_13_3_A03,PA14_55020,NA,NA,"probable ABC-type transporter, permease component",-0.9195978765398042,0.14832032430653885
PAMr_nr_mas_13_3_A04,PA14_26090,PA2934,NA,putative hydrolase,-0.012727397486040579,0.9543009938633017
PAMr_nr_mas_13_3_A05,PA14_43030,PA1658,NA,conserved hypothetical protein,-0.8278899372959386,0.11014499482383697
PAMr_nr_mas_13_3_A06,PA14_57170,PA4398,NA,putative two-component  response regulator,-1.6538450227562354,-0.8857181645437268
PAMr_nr_mas_13_3_A07,PA14_70100,PA5309,NA,putative Glycine/D-amino acid oxidase,-1.0563384182675302,0.10792167704658975
PAMr_nr_mas_13_3_A08,PA14_40030,PA1894,NA,putative enzyme,-0.37626951054045793,0.8813799160174551
PAMr_nr_mas_13_3_A09,PA14_30590,PA2590,NA,putative outer membrane receptor protein,-0.0962053458351778,0.2126024332629824
PAMr_nr_mas_13_3_A10,PA14_24420,PA3071,NA,conserved hypothetical protein,-1.5229282946200666,0.0677754689400351
PAMr_nr_mas_13_3_A11,PA14_39050,PA1971,braZ,branched-chain amino acid transport carrier,0.24168824750475115,0.6132008718475748
PAMr_nr_mas_13_3_A12,PA14_37120,PA2123,NA,"putative transcriptional regulator, LysR family",-0.6567017934150624,-0.763072945755444
PAMr_nr_mas_13_3_B01,PA14_48660,PA1209,NA,putative membrane protein,-0.8157627296749066,0.16107903147129576
PAMr_nr_mas_13_3_B02,PA14_52840,PA0884,NA,probable C4-dicarboxylate-binding periplasmic protein,-0.49516915326173194,0.14094848135464993
PAMr_nr_mas_13_3_B03,PA14_06600,PA0506,NA,putative acyl-CoA dehydrogenase,-0.25629338960833875,-0.4262083561771702
PAMr_nr_mas_13_3_B04,PA14_69340,PA5252,NA,putative ATP-binding component of ABC transporter,-0.5298028911955097,0.02688748378824223
PAMr_nr_mas_13_3_B05,PA14_65670,PA4968,NA,putative esterase,-0.19339328481071066,-0.5889624758844679
PAMr_nr_mas_13_3_B06,PA14_48300,PA1236,NA,putative MFS transporter,-1.1647358331516748,-0.6978429647936929
PAMr_nr_mas_13_3_B07,PA14_04730,PA0361,NA,probable gamma-glutamyltranspeptidase precursor,-1.081565813471317,0.10866286482782696
PAMr_nr_mas_13_3_B08,PA14_64940,PA4917,NA,putative icotinic acid mononucleotide adenylyltransferase,-1.2116339898514947,0.17674882537318823
PAMr_nr_mas_13_3_B09,PA14_23990,PA3103,xcpR,general secretion pathway protein E,-0.9020586799316628,-1.5391114583514762
PAMr_nr_mas_13_3_B10,PA14_16890,PA3670,NA,putative auxiliary component of ABC transporter,-1.340548095952551,0.39047343038888255
PAMr_nr_mas_13_3_B11,NA,NA,NA,NA,-0.8007484748044308,-1.0949482456015704
PAMr_nr_mas_13_3_B12,PA14_18580,PA3540,algD,GDP-mannose 6-dehydrogenase AlgD,-1.0829703098416865,0.1443896826137023
PAMr_nr_mas_13_3_C01,PA14_59830,NA,NA,putative helicase,3.5089290259390973,0.38525986405998947
PAMr_nr_mas_13_3_C02,PA14_64640,PA4890,NA,"putative transcriptional regulator, TetR family",0.33279440091574175,0.9868912171113094
PAMr_nr_mas_13_3_C03,PA14_20890,PA3337,rfaD,ADP-L-glycero-D-mannoheptose 6-epimerase,-0.45542664555970463,-0.5980144214478784
PAMr_nr_mas_13_3_C04,PA14_18260,PA3561,fruK,1-phosphofructokinase,-0.2145619424733594,-0.9161573073335758
PAMr_nr_mas_13_3_C05,PA14_68680,PA5199,envZ,two-component sensor EnvZ,-1.0182228032675829,0.3405415793226386
PAMr_nr_mas_13_3_C06,PA14_16270,PA3722,NA,conserved hypothetical protein,-0.053135322238814085,-0.22018159252478092
PAMr_nr_mas_13_3_C07,PA14_20680,PA3355,NA,putative MFS transporter,-1.2994626335942578,-0.6714279646288238
PAMr_nr_mas_13_3_C08,PA14_43950,PA1588,sucC,succinyl-CoA synthetase beta subunit,-0.38548122247721,3.1784373845633573
PAMr_nr_mas_13_3_C09,PA14_27840,PA2807,NA,putative copper-binding protein,0.25854066902158684,-1.114188891072752
PAMr_nr_mas_13_3_C10,PA14_70950,PA5373,betB,betaine aldehyde dehydrogenase,0.2802495453354289,-1.0478203822681524
PAMr_nr_mas_13_3_C11,PA14_00490,PA0040,NA,putative hemolysin activation/secretion protein,0.14635462896602383,0.14733787972089055
PAMr_nr_mas_13_3_C12,PA14_32780,PA2463,NA,hypothetical protein,-0.6220160360568532,-0.5804702421375824
PAMr_nr_mas_13_3_D01,PA14_20550,PA3367,NA,hypothetical protein,0.20327037365209244,0.9630072087250956
PAMr_nr_mas_13_3_D02,NA,NA,NA,NA,-0.897965658877062,-0.5419793163239573
PAMr_nr_mas_13_3_D03,PA14_57200,PA4401,NA,putative glutathione S-transferase,-0.1838500289525772,0.05857248090503736
PAMr_nr_mas_13_3_D04,PA14_07660,PA0587,NA,conserved hypothetical protein,0.5581885650123616,0.07348989008273987
PAMr_nr_mas_13_3_D05,PA14_21480,PA3291,NA,hypothetical protein,-1.3900112660370714,-1.1055977860060087
PAMr_nr_mas_13_3_D06,PA14_24600,PA3054,NA,putative carboxypeptidase,-1.8705896344162096,0.724557350616896
PAMr_nr_mas_13_3_D07,PA14_30660,PA2585,uvrC,excinuclease ABC subunit C,-1.5733479728592876,1.440455806952685
PAMr_nr_mas_13_3_D08,PA14_60010,NA,NA,Conserved hypothetical protein,-1.3298253938925126,-0.46242485703229463
PAMr_nr_mas_13_3_D09,PA14_46800,PA1352,NA,putative membrane protein,-1.7870240067414644,-0.281694716593644
PAMr_nr_mas_13_3_D10,PA14_53570,NA,NA,hypothetical,-0.763925331760035,-0.8754116741529208
PAMr_nr_mas_13_3_D11,PA14_47930,PA1259,NA,conserved hypothetical protein,-0.477498396230042,0.5111424488125922
PAMr_nr_mas_13_3_D12,PA14_43540,PA1622,NA,putative hydrolase,-0.2302809699387896,0.9501615812853347
PAMr_nr_mas_13_3_E01,PA14_15670,PA3768,NA,putative multicopper oxidase,-0.5409604910578024,0.4925032798608326
PAMr_nr_mas_13_3_E02,PA14_05620,PA0432,sahH,S-adenosyl-L-homocysteine hydrolase,-0.3096784643956434,1.407965262863377
PAMr_nr_mas_13_3_E03,PA14_46260,PA1406,NA,conserved hypothetical protein,-0.5210195017993218,0.22742440112229323
PAMr_nr_mas_13_3_E04,PA14_45590,PA1458,NA,putative two-component sensor,0.13093523479432656,-0.563517949860376
PAMr_nr_mas_13_3_E05,PA14_69550,PA5266,PA5266,NA,-1.2487812094373738,-0.019285389404812267
PAMr_nr_mas_13_3_E06,PA14_44930,PA1508,NA,conserved hypothetical protein,-0.7006053644577537,0.10421450958445928
PAMr_nr_mas_13_3_E07,PA14_56430,PA4341,NA,putative transcriptional regulator,-1.9744080948190936,-0.41524785666529457
PAMr_nr_mas_13_3_E08,PA14_61010,PA4611,NA,conserved hypothetical protein,-1.6114300424506027,-0.6412477771949945
PAMr_nr_mas_13_3_E09,PA14_57570,PA4431,NA,"putative cytochrome c reductase, iron-sulfur subun",-1.0284262689120307,-0.2961117898562957
PAMr_nr_mas_13_3_E10,PA14_53640,PA0824,NA,hypothetical protein,-1.5066286330416239,-0.5793752524961189
PAMr_nr_mas_13_3_E11,PA14_32400,PA2493,mexE,RND multidrug efflux membrane fusion protein MexE precursor,-0.4252040374899141,-0.048811426305580975
PAMr_nr_mas_13_3_E12,PA14_44290,PA1562,acnA,aconitate hydratase 1,-0.07802410035442456,-0.2168094891388141
PAMr_nr_mas_13_3_F01,NA,NA,NA,NA,-0.5888189902892367,0.6442937085750372
PAMr_nr_mas_13_3_F02,PA14_03290,PA0979,NA,Transposase,-0.4516143936811326,-0.08278795491748152
PAMr_nr_mas_13_3_F03,PA14_45090,PA1495,NA,conserved hypothetical protein,-0.20193358220124252,-0.17389864021438786
PAMr_nr_mas_13_3_F04,PA14_11770,PA4024,eutB,EutB,-1.5216729721474656,-0.7126250691955046
PAMr_nr_mas_13_3_F05,PA14_40170,PA1882,NA,putative transporter,-0.6163623229096135,-0.18937693666592087
PAMr_nr_mas_13_3_F06,PA14_61650,PA4661,NA,conserved hypothetical protein,-0.3894631861271214,0.5036929931398804
PAMr_nr_mas_13_3_F07,PA14_57600,PA4434,NA,"putative oxidoreductase, aldo/keto reductase famil",-0.06646344611171019,0.561211108839777
PAMr_nr_mas_13_3_F08,PA14_33030,PA2443,sdaA,L-serine dehydratase,-1.2856657745112063,-0.08482185680339546
PAMr_nr_mas_13_3_F09,PA14_51120,PA1020,NA,probable acyl-CoA dehydrogenase,-1.0544737456060769,0.9016056334060139
PAMr_nr_mas_13_3_F10,PA14_24300,PA3081,NA,conserved hypothetical protein,-1.6566657953829798,0.16499991187385515
PAMr_nr_mas_13_3_F11,PA14_65080,PA4928,NA,putative radical SAM domain protein,0.05052957509136137,0.8201121897419433
PAMr_nr_mas_13_3_F12,PA14_53190,PA0857,bolA,morphogene protein BolA,-0.17006837170295117,0.02863780242670082
PAMr_nr_mas_13_3_G01,PA14_21710,PA3270,NA,putative acetyltransferase,0.706605415258963,0.23688361231131702
PAMr_nr_mas_13_3_G02,PA14_56110,PA4319,NA,putative membrane protein,-1.209006063071105,0.45154868803244236
PAMr_nr_mas_13_3_G03,PA14_67030,PA5074,NA,"putative amino acid ABC transporter, ATP-binding protein",-1.3610696639622166,0.7735117874508614
PAMr_nr_mas_13_3_G04,PA14_22710,PA3208,NA,putative nitroreductase family protein,0.39397828456837447,-0.4264759092188545
PAMr_nr_mas_13_3_G05,PA14_18090,PA3573,NA,putative major facilitator subfamily transporter protein,0.31501589183887907,0.5366870588592667
PAMr_nr_mas_13_3_G06,PA14_62540,PA4726,cbrB,two-component response regulator CbrB,-0.34080516036499386,-0.5793752524961189
PAMr_nr_mas_13_3_G07,PA14_05580,PA0429,NA,conserved hypothetical protein,-0.5857900930571571,0.4999651616506597
PAMr_nr_mas_13_3_G08,PA14_51460,PA0993,cupC2,chaperone CupC,-1.2926814431882117,0.38999963716658714
PAMr_nr_mas_13_3_G09,PA14_53530,PA0830,NA,hypothetical protein,-0.8344123706326079,-0.20256161937331288
PAMr_nr_mas_13_3_G10,PA14_18780,PA3522,NA,putative RND efflux transporter,-0.2908698144534876,0.6230472793285501
PAMr_nr_mas_13_3_G11,PA14_11080,PA4084,cupB3,usher CupB3,0.25400064510874293,1.0980211662976305
PAMr_nr_mas_13_3_G12,PA14_03250,NA,NA,Hypothetical protein,-0.49175887324765244,1.2117435897025712
PAMr_nr_mas_13_3_H01,PA14_16090,PA3735,thrC,Threonine synthase,1.2006502977687916,0.6863591401829456
PAMr_nr_mas_13_3_H02,PA14_25730,PA2963,NA,putative aminodeoxychorismate lyase,-0.22068156357336685,0.8994101367048152
PAMr_nr_mas_13_3_H03,PA14_04980,PA0381,thiG,"thiamine biosynthesis protein, thiazole moiety",-1.422792499873971,0.09134711550176439
PAMr_nr_mas_13_3_H04,PA14_63210,PA4781,NA,putative two-component response regulator,0.6457387893356805,-0.47804477087104974
PAMr_nr_mas_13_3_H05,PA14_21830,NA,NA,conserved hypothetical protein,0.9639779968037693,-0.020292684536636112
PAMr_nr_mas_13_3_H06,PA14_44590,PA1535,NA,putative acyl-CoA dehydrogenase,-0.5629042722281277,-0.8051214223159108
PAMr_nr_mas_13_3_H07,PA14_20170,PA3395,nosY,"nitrous-oxide reductase, nosY component",0.1885638748952211,-0.505602783668646
PAMr_nr_mas_13_3_H08,PA14_23080,PA3182,pgl,6-phosphogluconolactonase,-0.14783831977258347,0.06056338594000568
PAMr_nr_mas_13_3_H09,PA14_18880,PA3495,nth,endonuclease III,0.563414874207349,-0.2375878189079435
PAMr_nr_mas_13_3_H10,PA14_11560,PA4043,ispA,geranyltranstransferase,9.327410945234377e-5,-0.06729969198234541
PAMr_nr_mas_13_3_H11,PA14_19600,NA,NA,conserved hypothetical protein,-0.05114847262332853,-1.0931749642730715
PAMr_nr_mas_13_3_H12,PA14_29290,PA2693,NA,putative long-chain acyl-CoA thioester hydrolase,-1.0207721166443737,-0.22589209239271463
PAMr_nr_mas_13_4_A01,PA14_13470,PA3898,NA,"putative transcriptional regulator, AraC family",-0.2815895983701845,0.29792548794071094
PAMr_nr_mas_13_4_A02,NA,"PA1838, PA1837",NA,NA,0.3910165193910644,0.7629875487000313
PAMr_nr_mas_13_4_A03,PA14_38470,PA2013,NA,putative enoyl-CoA hydratase,1.9271947615307243,0.6572825398583673
PAMr_nr_mas_13_4_A04,PA14_01270,PA0104,NA,conserved hypothetical protein,1.594630537678167,-0.26756984444490634
PAMr_nr_mas_13_4_A05,PA14_18680,PA3530,NA,putative bacterioferritin-associated ferredoxin,1.537656327519208,-0.06679248486861418
PAMr_nr_mas_13_4_A06,PA14_63890,PA4832,NA,putative short-chain dehydrogenase,-1.6346461613754897,0.18139375983874756
PAMr_nr_mas_13_4_A07,PA14_63310,PA4790,NA,putative methyltransferase,0.32793370153461493,0.23348953206292422
PAMr_nr_mas_13_4_A08,PA14_22370,PA3233,NA,putative signal-transduction protein,-0.34496706194245025,-0.5466083777081627
PAMr_nr_mas_13_4_A09,PA14_20020,PA3407,hasAp,heme acquisition protein HasAp,2.0943053002736005,1.760661731076275
PAMr_nr_mas_13_4_A10,PA14_66880,PA5061,NA,putative poly(hydroxyalcanoate) granule associated protein,1.0107897274919055,-0.20773916323205507
PAMr_nr_mas_13_4_A11,PA14_60860,PA4600,nfxB,transcriptional regulatory protein NfxB,-0.22435619930730838,0.5006642878264369
PAMr_nr_mas_13_4_A12,PA14_63390,PA4799,NA,putative adenylate kinase,-1.075015645120725,-2.0589896843870936
PAMr_nr_mas_13_4_B01,PA14_01710,PA0139,ahpC,alkyl hydroperoxide reductase subunit C,0.3700592086314854,0.5973705658797054
PAMr_nr_mas_13_4_B02,PA14_05040,PA0386,NA,putative oxygen-independent coproporphyrinogen III oxidase,0.4721433953457996,0.514631536251294
PAMr_nr_mas_13_4_B03,PA14_21850,PA3260,NA,putative transcriptional regulator,0.7429493988619669,0.5429422634732316
PAMr_nr_mas_13_4_B04,PA14_62830,PA4748,tpiA,triosephosphate isomerase,1.4455030712039438,3.008700780550045
PAMr_nr_mas_13_4_B05,PA14_17610,PA3610,potD,polyamine ABC transporter protein,-0.6514539213315853,-0.31950705337403756
PAMr_nr_mas_13_4_B06,PA14_37060,PA2128,cupA1,fimbrial subunit CupA1,0.14346637353139965,-0.27567493190186987
PAMr_nr_mas_13_4_B07,PA14_40510,PA1856,ccoN-2,"putative cytochrome c oxidase, cbb3-type, subunit",0.10017638513726466,-0.26130165481766593
PAMr_nr_mas_13_4_B08,PA14_32380,PA2495,oprN,multidrug efflux outer membrane protein OprN precursor,-0.2554724561144363,-0.431561445019529
PAMr_nr_mas_13_4_B09,PA14_21290,PA3304,NA,putative membrane fusion protein,0.19849930919117212,-0.5121035033549182
PAMr_nr_mas_13_4_B10,PA14_41420,PA1791,NA,conserved hypothetical protein,0.7585111608716937,0.6972304637336589
PAMr_nr_mas_13_4_B11,PA14_50430,PA1082,flgG,flagellar basal-body rod protein FlgG,0.6347056514798762,0.09184247180702426
PAMr_nr_mas_13_4_B12,PA14_03920,PA0300,spuD,polyamine transport protein,-0.24030450198857867,0.22353983830563914
PAMr_nr_mas_13_4_C01,PA14_45370,PA1476,ccmB,heme exporter protein CcmB,0.3525722736224956,0.505090396187101
PAMr_nr_mas_13_4_C02,PA14_64120,PA4849,NA,conserved hypothetical protein,1.042917707943713,0.4426225623968774
PAMr_nr_mas_13_4_C03,PA14_29490,PA2677,NA,putative type II secretion protein,-0.2692372607895673,-0.036682459253041554
PAMr_nr_mas_13_4_C04,PA14_19270,PA3467,NA,putative MFS transporter,-0.24644925992252056,-0.7754625525633562
PAMr_nr_mas_13_4_C05,PA14_35600,PA2242,NA,putative acetyltransferase,-0.44928582239208625,-0.04173353142351513
PAMr_nr_mas_13_4_C06,PA14_21490,PA3290,NA,conserved hypothetical protein,0.19639889253092785,-0.37583141932282593
PAMr_nr_mas_13_4_C07,PA14_22310,PA3238,NA,conserved hypothetical protein,-1.351533456765624,-1.5977928625700923
PAMr_nr_mas_13_4_C08,PA14_49570,PA1147,NA,probable amino acid permease,1.669851640281755,0.16597977409932313
PAMr_nr_mas_13_4_C09,PA14_68510,PA5187,NA,putative acyl-CoA dehydrogenase,-1.1379920075956942,-0.09907645813731691
PAMr_nr_mas_13_4_C10,PA14_07650,PA0586,NA,putative sporulation protein,-0.5321615008760778,-1.0463529567788825
PAMr_nr_mas_13_4_C11,PA14_42820,PA1677,NA,"putative hydrolase, isochorismatase family",0.8929289492847791,-0.3992403030325134
PAMr_nr_mas_13_4_C12,PA14_05840,PA0447,gcdH,glutaryl-CoA dehydrogenase,-0.3138197916962678,-0.25008577108276103
PAMr_nr_mas_13_4_D01,PA14_07560,PA0579,rpsU,30S ribosomal protein S21,0.13845691676024902,0.4920366366179652
PAMr_nr_mas_13_4_D02,PA14_60600,PA4581,rtcR,transcriptional regulatory protein RtcR,-0.658014446608322,-0.5747235389593841
PAMr_nr_mas_13_4_D03,PA14_60210,PA4544,rluD,ribosomal large subunit pseudouridine synthase D,-0.44865090724341805,-0.47831439884239413
PAMr_nr_mas_13_4_D04,PA14_70920,PA5370,NA,putative major facilitator family transporter,-0.34475890137501003,-0.28771990662482944
PAMr_nr_mas_13_4_D05,PA14_50080,PA1105,fliJ,flagellar protein FliJ,-1.3532440182528345,-1.5154671275557376
PAMr_nr_mas_13_4_D06,PA14_46150,PA1415,NA,putative hydrolase,-0.2780873031315843,-1.2749893133625643
PAMr_nr_mas_13_4_D07,PA14_60950,PA4606,NA,carbon starvation protein,1.2792617918190674,-1.547960077456237
PAMr_nr_mas_13_4_D08,PA14_49050,PA1190,NA,putative membrane protein,-0.8191290511634747,0.1150830651118333
PAMr_nr_mas_13_4_D09,PA14_70180,PA5315,rpmG,50S ribosomal protein L33,-0.8841146609223758,0.21892399722095218
PAMr_nr_mas_13_4_D10,PA14_65880,PA4983,NA,putative two-component response regulator,0.11470404060083161,0.509513586926212
PAMr_nr_mas_13_4_D11,PA14_68890,PA5216,NA,"putative iron ABC transporter, permease protein",-1.0170643663141263,-0.6939436889446314
PAMr_nr_mas_13_4_D12,PA14_17170,PA3647,NA,"putative outer membrane protein OmpH,",-0.11263363196873456,-0.8212770195077385
PAMr_nr_mas_13_4_E01,PA14_60570,PA4578,NA,conserved hypothetical protein,0.0968787747661661,1.4010407082296081
PAMr_nr_mas_13_4_E02,PA14_43870,PA1595,NA,hypothetical protein,0.37915547737092264,-0.09398205216205929
PAMr_nr_mas_13_4_E03,PA14_04660,PA0356,NA,putative signal transduction histidine kinase,-0.18608225801383244,0.16720440069881812
PAMr_nr_mas_13_4_E04,PA14_63700,PA4818,NA,conserved hypothetical protein,-0.8081390717484929,-0.4503309579795007
PAMr_nr_mas_13_4_E05,PA14_64400,PA4869,NA,hypothetical protein,-1.0470205840124311,-0.9646851216566807
PAMr_nr_mas_13_4_E06,PA14_33050,PA2441,NA,hypothetical protein,0.4893011354182624,0.0613098230627515
PAMr_nr_mas_13_4_E07,PA14_57320,PA4410,ddlB,D-alanine--D-alanine ligase,-1.0745480371506724,-0.5031666365404011
PAMr_nr_mas_13_4_E08,NA,NA,NA,NA,-0.008582472990472061,-0.07415074310659704
PAMr_nr_mas_13_4_E09,PA14_37040,PA2129,cupA2,chaperone CupA2,-0.7991818894107718,0.3388707682671015
PAMr_nr_mas_13_4_E10,PA14_17140,PA3649,NA,putative membrane-associated zinc metalloprotease,-0.46730179882152284,0.14537255891662568
PAMr_nr_mas_13_4_E11,PA14_40570,PA1851,NA,putative two-component response regulator,-0.25731970733660203,0.3757702619861881
PAMr_nr_mas_13_4_E12,PA14_36010,NA,PAGI-1(4),NA,-1.164498662191659,-0.209293205739014
PAMr_nr_mas_13_4_F01,PA14_53750,PA0813,NA,hypothetical protein,1.2173930925447722,-0.08100879634733113
PAMr_nr_mas_13_4_F02,PA14_48440,NA,NA,putative NAD(P)H dehydrogenase,0.17152245498809543,0.4289755418619365
PAMr_nr_mas_13_4_F03,PA14_58550,PA4512,NA,lipopolysaccharide biosynthetic protein,-0.39093086175179204,-0.039712646264837254
PAMr_nr_mas_13_4_F04,PA14_66850,PA5059,NA,"putative transcriptional regulator, TetR family",-0.039240551022379305,-1.2935360021219549
PAMr_nr_mas_13_4_F05,PA14_39050,PA1971,braZ,branched-chain amino acid transport carrier,-0.12628974503172913,0.2053009129473184
PAMr_nr_mas_13_4_F06,NA,NA,NA,NA,-0.619405997806973,0.15347579978810905
PAMr_nr_mas_13_4_F07,PA14_39990,PA1897,NA,putative desaturase,-0.6990635474299194,-0.8756977518962725
PAMr_nr_mas_13_4_F08,PA14_33070,PA2439,NA,hypothetical protein,-0.6610783709719885,-0.5221378013063255
PAMr_nr_mas_13_4_F09,PA14_02110,PA0169,NA,putative GGDEF domain,-0.2861248803673155,-0.34721350196157
PAMr_nr_mas_13_4_F10,NA,NA,NA,NA,-1.8891933878697778,0.0923377915465283
PAMr_nr_mas_13_4_F11,PA14_32270,PA2505,NA,putative outer membrane protein,-1.3040683273997913,-0.652030604205313
PAMr_nr_mas_13_4_F12,PA14_05080,PA0390,metX,homoserine O-acetyltransferase,-0.34746552682741966,-0.12767682905708713
PAMr_nr_mas_13_4_G01,PA14_69090,PA5232,NA,putative membrane fusion protein,-0.7516987531050153,1.4087794467517771
PAMr_nr_mas_13_4_G02,PA14_26300,PA2919,NA,hypothetical protein,-0.9568886212621192,0.7448112039297586
PAMr_nr_mas_13_4_G03,PA14_27770,PA2812,NA,"putative ABC transporter, ATP-binding protein",-1.1269019030968757,-0.15639962502192653
PAMr_nr_mas_13_4_G04,PA14_16410,PA3709,NA,putative MFS transporter,0.5534992096260879,-0.0475469688220525
PAMr_nr_mas_13_4_G05,PA14_46620,NA,NA,pyridine nucleotide-disulphide oxidoreductase,-0.31071354034182136,0.2885519970164735
PAMr_nr_mas_13_4_G06,PA14_69140,PA5236,NA,putative aromatic hydrocarbon reductase,0.07238356055627454,0.16107903147129576
PAMr_nr_mas_13_4_G07,PA14_65880,PA4983,NA,putative two-component response regulator,-0.041223638021342233,0.031137465884307828
PAMr_nr_mas_13_4_G08,PA14_41260,PA1799,NA,putative two-component response regulator,-0.4323766700570321,0.07125439177144559
PAMr_nr_mas_13_4_G09,PA14_67790,PA5133,NA,putative membrane-bound metallopeptidase,-0.12649079184506826,-0.7557625528593837
PAMr_nr_mas_13_4_G10,PA14_50980,PA1032,NA,probable penicillin amidase,-2.240590939032771,-0.8531351043153944
PAMr_nr_mas_13_4_G11,PA14_45930,PA1433,NA,conserved hypothetical protein,0.984732692848955,-0.4112423867562698
PAMr_nr_mas_13_4_G12,PA14_43550,PA1621,NA,putative hydrolase,0.4430141774375765,0.29744511449252464
PAMr_nr_mas_13_4_H01,PA14_54910,NA,NA,putative thioesterase,0.5147686716087506,0.7811147902728944
PAMr_nr_mas_13_4_H02,PA14_18660,PA3532,NA,putative integral membrane transport protein,0.5610725835323735,-0.2667860004503152
PAMr_nr_mas_13_4_H04,PA14_41730,PA1766,NA,conserved hypothetical protein,-0.4188820368022298,0.4618693894187328
PAMr_nr_mas_13_4_H05,PA14_62770,PA4745,nusA,N utilization substance protein A,0.6229393694575812,1.8557794355852244
PAMr_nr_mas_13_4_H06,PA14_44460,PA1547,NA,putative membrane protein,-0.0966055250962694,0.29047583217513373
PAMr_nr_mas_13_4_H07,PA14_22910,PA3194,edd,6-phosphogluconate dehydratase,-0.7668187301471897,1.7695400744117045
PAMr_nr_mas_13_4_H08,PA14_34790,PA2307,NA,putative permease of ABC transporter,-0.17877972857034705,0.2545535554293989
PAMr_nr_mas_13_4_H09,PA14_19160,PA3473,NA,putative chloramphenicol-sensitive protein,0.04935667794971805,0.7441370595068286
PAMr_nr_mas_13_4_H10,PA14_51020,PA1029,NA,hypothetical protein,-0.9490918943757513,0.22256834612093862
PAMr_nr_mas_13_4_H11,PA14_61440,PA4643,NA,conserved hypothetical protein,0.929573650516679,-0.10876649810147486
PAMr_nr_mas_14_1_A01,PA14_56980,PA4383,NA,putative integral membrane protein,-0.06726005006050051,0.5672127780007081
PAMr_nr_mas_14_1_A02,PA14_64450,PA4873,NA,putative heat shock protein,0.25759510120083456,0.2847026711740051
PAMr_nr_mas_14_1_A03,PA14_06930,PA0531,NA,putative glutamine amidotransferase,0.16807024913932983,-0.4366508380362007
PAMr_nr_mas_14_1_A04,PA14_11490,PA4048,NA,conserved hypothetical protein,-0.9066096105135487,0.4477917664894942
PAMr_nr_mas_14_1_A05,PA14_49090,PA1186,NA,hypothetical,-0.6222335881936701,0.15592939660790672
PAMr_nr_mas_14_1_A06,PA14_30700,PA2583,NA,putative sensor/response regulator hybrid,0.5592702270981375,-0.05134105632424124
PAMr_nr_mas_14_1_A07,PA14_24380,PA3075,NA,conserved hypothetical protein,-0.6812499870131062,0.11384888818621358
PAMr_nr_mas_14_1_A08,PA14_28820,NA,NA,conserved hypothetical protein,-0.6805911944479763,0.7015288349010939
PAMr_nr_mas_14_1_A09,PA14_20920,PA3335,NA,hypothetical protein,0.8203756156858881,-0.30687925099647323
PAMr_nr_mas_14_1_A10,PA14_04420,PA0338,NA,putative sensory box protein,0.6464499398159759,0.456241883892941
PAMr_nr_mas_14_1_A11,PA14_22400,PA3231,NA,conserved hypothetical protein,0.9509502392993301,0.042623939341528055
PAMr_nr_mas_14_1_A12,PA14_32660,PA2472,NA,probable MFS transporter,-0.6475208917905311,0.06504076366930192
PAMr_nr_mas_14_1_B01,PA14_26810,PA2882,NA,putative two-component sensor histidine kinase,-1.3351844574790255,0.40207092640277853
PAMr_nr_mas_14_1_B02,PA14_37690,PA2072,NA,putative sensory box protein,-1.4079827947574794,-0.49126929918952617
PAMr_nr_mas_14_1_B03,PA14_51450,PA0994,cupC3,usher CupC3,-1.0105810635230195,0.05682995430304184
PAMr_nr_mas_14_1_B04,PA14_72960,PA5530,NA,putative MFS dicarboxylate transporter,0.4039639470369938,0.6138882995642642
PAMr_nr_mas_14_1_B05,PA14_21370,PA3299,fadD1,long-chain-fatty-acid--CoA ligase,-0.359138184242167,-0.32609345774668225
PAMr_nr_mas_14_1_B06,PA14_53920,PA0797,NA,probable transcriptional regulator,1.0450871131080068,-1.103821688455136
PAMr_nr_mas_14_1_B07,PA14_68250,PA5166,NA,probable two-component response regulator,-0.2025440478782086,0.04312290547114332
PAMr_nr_mas_14_1_B08,PA14_55040,NA,NA,putative  ferric enterobactin transport ATP-bindin,0.27157499367277715,-0.09576465433030266
PAMr_nr_mas_14_1_B09,PA14_38800,PA1987,pqqC,pyrroloquinoline quinone biosynthesis protein C,0.45805365649014784,-0.9452896739959886
PAMr_nr_mas_14_1_B10,NA,NA,NA,NA,-0.31340553610920585,-0.7895694755324417
PAMr_nr_mas_14_1_B11,PA14_43830,PA1598,NA,putative 3-methyl-2-oxobutanoate hydroxymethyltransferase,-0.08261439432457178,-0.13279689073620818
PAMr_nr_mas_14_1_B12,NA,NA,NA,NA,-0.39785452558701606,-0.019537199012049
PAMr_nr_mas_14_1_C01,PA14_06890,PA0529,NA,putative sulfurase,-0.5758482703922982,-0.2594745352670963
PAMr_nr_mas_14_1_C02,PA14_46220,PA1410,NA,putative periplasmic putrescine-binding permease protein,0.14154013202797272,0.24487715818252767
PAMr_nr_mas_14_1_C03,PA14_40410,PA1862,modB,molybdenum transport protein ModB,0.6252587137778353,0.3048870411537076
PAMr_nr_mas_14_1_C04,PA14_67380,PA5102,NA,putative fatty acid desaturase,-0.4526731205328501,-0.14689723817711445
PAMr_nr_mas_14_1_C05,PA14_53800,PA0809,mntH2,NRAMP protein MntH2,-0.41782898819729397,-0.32398510487343546
PAMr_nr_mas_14_1_C06,PA14_45520,PA1462,NA,putative plasmid partitioning protein,-0.08720804435971254,-0.13023637154617126
PAMr_nr_mas_14_1_C07,PA14_56080,PA4316,sbcB,exodeoxyribonuclease I,0.35685549127562544,0.5665205516104486
PAMr_nr_mas_14_1_C08,PA14_23270,PA3167,serC,3-phosphoserine aminotransferase,-0.9927863991051976,-0.38938797995467633
PAMr_nr_mas_14_1_C09,PA14_49940,PA1115,NA,hypothetical protein,0.5118633153017645,0.561672966327516
PAMr_nr_mas_14_1_C10,PA14_34280,PA2349,NA,"putative ABC transporter, periplasmic binding protein",-0.7819751809711548,-0.20152658983122804
PAMr_nr_mas_14_1_C11,PA14_01680,PA0137,NA,putative permease of ABC transporter,0.11567135766071603,0.7182436630005863
PAMr_nr_mas_14_1_C12,PA14_01120,NA,NA,Hypothetical protein,-1.2140239683833687,0.7484054974247448
PAMr_nr_mas_14_1_D01,PA14_52700,PA0896,aruF,arginine/ornithine succinyltransferase AI subunit,-0.420356601421232,0.11187373282334755
PAMr_nr_mas_14_1_D02,PA14_46600,NA,NA,NA,-2.0668150258789453,-0.04830561471872899
PAMr_nr_mas_14_1_D03,PA14_71930,PA5449,wbpX,glycosyltransferase WbpX,-1.6430864336777165,-0.563517949860376
PAMr_nr_mas_14_1_D04,PA14_06840,PA0525,NA,putative dinitrification protein NorD,-0.17513164418800314,0.2818142269605079
PAMr_nr_mas_14_1_D05,PA14_08070,PA0622,NA,putative phage tail sheath protein,0.10599147886390607,-0.25582178803044897
PAMr_nr_mas_14_1_D06,PA14_62830,PA4748,tpiA,triosephosphate isomerase,2.7124791977152105,3.391713621765023
PAMr_nr_mas_14_1_D07,PA14_71500,PA5418,soxA,sarcosine oxidase alpha subunit,0.7355922382008623,-0.03920752005954065
PAMr_nr_mas_14_1_D08,PA14_27930,PA2799,NA,conserved hypothetical protein,1.1817407621698537,-0.6103776956830468
PAMr_nr_mas_14_1_D09,PA14_13340,PA3909,NA,predicted extracellular nuclease,0.9575520898920539,-0.15331629515354162
PAMr_nr_mas_14_1_D10,PA14_63920,PA4835,NA,conserved hypothetical protein,-0.07503223612748304,0.23688361231131702
PAMr_nr_mas_14_1_D11,PA14_03240,PA5267,hcpC,Secreted protein Hcp,1.6902111496104335,0.4978673459645392
PAMr_nr_mas_14_1_D12,PA14_24810,PA3037,NA,putative hydrolase,0.9529823168805789,0.45201815535986223
PAMr_nr_mas_14_1_E01,PA14_66680,PA5046,maeB,malic enzyme,-1.709985127310669,-0.4433532943019647
PAMr_nr_mas_14_1_E02,PA14_03330,NA,NA,Putative phosphoesterase,-1.2264665329382824,-0.8312164325353157
PAMr_nr_mas_14_1_E03,PA14_53770,PA0812,NA,hypothetical protein,-0.9630870393302896,-0.10162511226550157
PAMr_nr_mas_14_1_E04,NA,NA,NA,NA,0.5603517030007397,-0.6847614941189595
PAMr_nr_mas_14_1_E05,PA14_50300,PA1091,NA,hypothetical protein,-0.48068822951512563,0.532281750097104
PAMr_nr_mas_14_1_E06,PA14_40330,PA1867,NA,conserved hypothetical protein,-0.894556843627511,0.07944758039281626
PAMr_nr_mas_14_1_E07,PA14_22840,PA3198,NA,conserved hypothetical protein,-1.259847940219596,-0.8696926790841446
PAMr_nr_mas_14_1_E08,PA14_59320,NA,pilS2,type IV B pilus protein,-0.0766277197537913,-0.25321389973178343
PAMr_nr_mas_14_1_E09,PA14_39610,PA1926,NA,conserved hypothetical protein,-0.8283395429697955,0.04860908546964904
PAMr_nr_mas_14_1_E10,PA14_47820,PA1269,NA,putative transcriptional regulator,-1.1375196892728519,0.42850445954581656
PAMr_nr_mas_14_1_E11,PA14_07110,PA0547,NA,"putative transcriptional regulator, ArsR family",0.6790761537157083,0.6591035233514816
PAMr_nr_mas_14_1_E12,PA14_42050,PA1739,NA,putative oxidoreductase,0.13305764669755213,0.3367219711318327
PAMr_nr_mas_14_1_F01,PA14_10820,PA4108,NA,putative HDIG domain protein,-1.3954219337181675,-1.7733821264391914
PAMr_nr_mas_14_1_F02,PA14_32270,PA2505,NA,putative outer membrane protein,-1.551113451129923,-0.32056044372281983
PAMr_nr_mas_14_1_F03,PA14_04550,PA0347,glpQ,"glycerophosphoryl diester phosphodiesterase, periplasmic",-1.425511403095192,-0.7011870056493236
PAMr_nr_mas_14_1_F04,PA14_55940,PA4306,NA,putative pilus assembly protein,-1.5026228857037274,-0.47804477087104974
PAMr_nr_mas_14_1_F05,PA14_41650,PA1771,NA,putative esterase,-1.8562757109033878,-0.7734899479019808
PAMr_nr_mas_14_1_F06,PA14_32060,PA2519,xylS,transcriptional regulator XylS,-1.0175277154652655,-0.3081935388290973
PAMr_nr_mas_14_1_F07,PA14_53290,PA0849,trxB2 ,thioredoxin reductase 2,-1.1424808034115372,0.3783812406918415
PAMr_nr_mas_14_1_F08,PA14_16320,PA3717,NA,putative FkbP-type peptidyl-prolyl cis-trans isomerase,-0.5504170378731934,-0.39417919508720556
PAMr_nr_mas_14_1_F09,PA14_08540,PA0667,NA,putative metallopeptidase,-0.5685100643248272,0.312320723384494
PAMr_nr_mas_14_1_F10,PA14_59360,NA,pilM2,type IV B pilus protein,-1.0293546788858914,0.16573482195706535
PAMr_nr_mas_14_1_F11,PA14_36360,NA,NA,putative small intergral membrane protein,0.5289130763920996,0.9268023487297264
PAMr_nr_mas_14_1_F12,PA14_09220,PA4230,pchB,salicylate biosynthesis protein PchB,-1.3108618253441087,1.6102749046789122
PAMr_nr_mas_14_1_G01,PA14_42230,PA1726,bglX,periplasmic beta-glucosidase,-0.964005843775551,-1.1278387626425794
PAMr_nr_mas_14_1_G02,PA14_04210,PA0322,NA,putative amino acid transporter,-2.206904782993516,-0.40884025198500196
PAMr_nr_mas_14_1_G03,PA14_13230,PA3918,moaC,probable Molybdenum cofactor biosynthesis protein,-1.3647412933905885,-0.6241414363720277
PAMr_nr_mas_14_1_G04,PA14_35840,NA,NA,Hypothetical protein,-1.3716007476386698,-0.39098467157625605
PAMr_nr_mas_14_1_G05,PA14_35290,PA2265,gnd,gluconate dehydrogenase,-1.9410421150627184,-0.5739029829806109
PAMr_nr_mas_14_1_G06,PA14_31430,NA,NA,hypothetical protein,-1.5624735463113995,-0.40377190080673536
PAMr_nr_mas_14_1_G07,PA14_28580,NA,NA,conserved hypothetical protein,-1.2740708194573238,0.11261448421870558
PAMr_nr_mas_14_1_G08,PA14_19500,PA3449,NA,putative sulfonate binding protein,-0.8648648673086753,0.07944758039281626
PAMr_nr_mas_14_1_G09,PA14_47540,PA1288,NA,putative outer membrane protein precursor,-0.5278737779904138,0.3598450507054008
PAMr_nr_mas_14_1_G10,PA14_01100,PA0090,NA,putative ClpA/B-type chaperone,-1.68855150662368,-0.3152951448745018
PAMr_nr_mas_14_1_G11,PA14_52720,PA0895,aruC,N-succinylglutamate 5-semialdehyde dehydrogenase,0.17631404078433408,-0.20696227692495084
PAMr_nr_mas_14_1_G12,NA,NA,NA,NA,-0.18060456538447167,-0.4468412191532543
PAMr_nr_mas_14_1_H01,PA14_15780,PA3761,NA,"putative Phosphotransferase system, N-acetylglucosamine-specific enzyme IIABC",-2.038404825010876,0.8123308202242036
PAMr_nr_mas_14_1_H02,PA14_14100,PA3858,NA,Putative amino-acid ABC transporter binding protei,-0.4047858274770627,0.7037900300389256
PAMr_nr_mas_14_1_H03,PA14_09440,PA4214,phzE1,phenazine biosynthesis protein PhzE,-0.7315214267002451,-0.43263257544051537
PAMr_nr_mas_14_1_H04,PA14_65900,PA4984,NA,"putative transcriptional regulator, TetR family",-1.0182228032675829,0.2820549781403499
PAMr_nr_mas_14_1_H05,PA14_27230,PA2849,NA,"putative transcriptional regulator, MarR family",-1.119126914645823,0.3963930247068559
PAMr_nr_mas_14_1_H06,PA14_16070,PA3736,hom,homoserine dehydrogenase,-1.5976938919478825,0.14168603020489595
PAMr_nr_mas_14_1_H07,PA14_09990,PA4166,NA,putative acetyltransferase,-0.7777366083079097,0.08118424413187517
PAMr_nr_mas_14_1_H08,PA14_61560,PA4654,NA,putative MFS transporter,-0.9944020149247992,-0.1345898357056026
PAMr_nr_mas_14_1_H09,PA14_35140,PA2276,NA,"putative transcriptional regulator, AraC family",-0.5661377726271518,0.9660517171747924
PAMr_nr_mas_14_1_H10,PA14_68100,PA5156,NA,conserved hypothetical protein,-0.5834112691571425,0.5598253456073744
PAMr_nr_mas_14_1_H11,PA14_55330,PA0695,NA,hypothetical protein,0.3551797973100477,0.36436499605392253
PAMr_nr_mas_14_1_H12,PA14_06540,PA0503,NA,putative biotin synthesis protein BioC,-0.48600821974564234,0.4731102614987337
PAMr_nr_mas_14_2_A01,PA14_20560,PA3366,amiE,aliphatic amidase,-1.4141492634894617,0.4869014179731973
PAMr_nr_mas_14_2_A02,PA14_50750,NA,NA,hypothetical protein,-0.7817520268986936,1.4695633925755154
PAMr_nr_mas_14_2_A03,PA14_01760,PA0143,nuh,nonspecific ribonucleoside hydrolase,-0.6687447250766998,0.06454342476394682
PAMr_nr_mas_14_2_A04,PA14_52820,PA0885,NA,probable C4-dicarboxylate transporter,-0.5521379402358249,-0.28274218717147764
PAMr_nr_mas_14_2_A05,PA14_23170,PA3175,NA,putative arginase family protein,-0.11845393297473003,1.0820134853721208
PAMr_nr_mas_14_2_A06,PA14_26240,PA2923,hisJ,periplasmic histidine-binding protein HisJ,0.9414585109503194,0.025636976598868225
PAMr_nr_mas_14_2_A07,PA14_36230,PA2202,NA,putative amino acid transport system permease,0.07472055685871631,0.28036953845744034
PAMr_nr_mas_14_2_A08,PA14_04810,PA0366,NA,putative NAD-dependent aldehyde dehydrogenase,0.11296249451166913,-1.457810204331878
PAMr_nr_mas_14_2_A09,PA14_42660,PA1690,pscU,translocation protein in type III secretion,-0.029532462063834537,0.09951582202621395
PAMr_nr_mas_14_2_A10,PA14_43710,PA1608,NA,putative methyl-accepting chemotaxis transducer,0.11412357887250059,-0.3965760861675233
PAMr_nr_mas_14_2_A11,PA14_12350,PA3980,NA,conserved hypothetical protein,0.35871684945445026,-0.6669893360508934
PAMr_nr_mas_14_2_A12,PA14_44700,PA1525,alkB2,alkane-1-monooxygenase 2,-0.8802599811330034,0.10050529286897227
PAMr_nr_mas_14_2_B01,PA14_58440,PA4503,NA,putative dipeptide ABC transport system permease,-1.4146428425373372,0.3417347611292243
PAMr_nr_mas_14_2_B02,PA14_03950,PA0303,spuG,polyamine transport protein PotH,-0.16925862662509095,0.4186040835020287
PAMr_nr_mas_14_2_B03,PA14_14590,PA3824,queA,S-adenosylmethionine:tRNA ribosyltransferase-isomerase,-0.39114055768795186,0.8602096189520642
PAMr_nr_mas_14_2_B04,PA14_33750,PA2391,NA,putative outer membrane protein precursor,-0.748812307667671,0.40774402767395
PAMr_nr_mas_14_2_B05,PA14_48810,PA1197,NA,"putative transcriptional regulator, Sir2 family",-1.1713802574452992,0.6686555875098462
PAMr_nr_mas_14_2_B06,PA14_70490,PA5340,NA,putative lipoprotein,-0.3819205507835028,0.424263229783718
PAMr_nr_mas_14_2_B07,PA14_72630,PA5504,NA,putative permease of ABC transporter,-0.7481463931465469,0.6927028858769141
PAMr_nr_mas_14_2_B08,PA14_66110,PA5000,NA,putative glycosyl transferase,-2.0807940365018127,-0.5496053553079048
PAMr_nr_mas_14_2_B09,PA14_73010,PA5535,NA,putative cobalamin synthesis protein/P47K family protein,-1.6684754938865605,0.698814394529125
PAMr_nr_mas_14_2_B10,PA14_50360,PA1086,flgK,flagellar hook-associated protein 1 FlgK,-1.4798886388161843,-0.6978429647936929
PAMr_nr_mas_14_2_B11,PA14_05620,PA0432,sahH,S-adenosyl-L-homocysteine hydrolase,-1.4988698155923261,-0.8785592003438943
PAMr_nr_mas_14_2_C02,PA14_40770,PA1838,cysI,sulfite reductase,-0.3599727758797845,1.036557473235534
PAMr_nr_mas_14_2_C03,PA14_40540,PA1854,NA,putative CBS-domain-containing membrane protein,-1.324227619580482,0.98298873761055106
PAMr_nr_mas_14_2_C04,PA14_51560,NA,RS11,possible acetyltransferase,-0.46517958894973577,0.43439061275753776
PAMr_nr_mas_14_2_C05,PA14_25020,PA3019,NA,"putative ABC transporter, ATP-binding protein",-1.1794579448827525,-0.007712350677999954
PAMr_nr_mas_14_2_C06,PA14_41780,PA1762,NA,putative peptidase,-1.1932615428677074,0.022885040181338568
PAMr_nr_mas_14_2_C07,PA14_61500,PA4648,PA4648,NA,-0.3986942762547516,1.4737977189827824
PAMr_nr_mas_14_2_C08,PA14_52720,PA0895,aruC,N-succinylglutamate 5-semialdehyde dehydrogenase,-0.8112771048062449,-0.20023302737507642
PAMr_nr_mas_14_2_C09,PA14_47950,PA1257,NA,putative amino acid ABC transporter permease,-1.6009979994784362,0.8238884586700859
PAMr_nr_mas_14_2_C10,PA14_64080,PA4845,dipZ,thiol:disulfide interchange protein,-0.8025393365364971,0.795849013497932
PAMr_nr_mas_14_2_C11,PA14_58410,PA4501,NA,putative outer membrane porin,-1.1424808034115372,0.2724181870138982
PAMr_nr_mas_14_2_C12,PA14_29030,PA2716,NA,putative FMN oxidoreductase,-1.4497864350540437,-0.2811710426160801
PAMr_nr_mas_14_2_D01,PA14_07690,PA0589,NA,putative thiosulfate/cyanide sulfurtransferase,-0.14461139992548203,0.9793009773743071
PAMr_nr_mas_14_2_D02,PA14_23290,PA3165,hisC2,histidinol-phosphate aminotransferase,-1.2202421705830224,0.18237123119892948
PAMr_nr_mas_14_2_D03,NA,NA,NA,NA,-1.0960941046637356,0.41671664028912836
PAMr_nr_mas_14_2_D04,NA,NA,NA,NA,-1.1512313566866759,0.7094396864373448
PAMr_nr_mas_14_2_D05,PA14_14170,PA3852,NA,putative glutathione S-transferase,-1.0885914370219538,0.07622115477246234
PAMr_nr_mas_14_2_D06,PA14_21820,PA3262,fklB,"putative peptidyl-prolyl cis-trans isomerase, FkbP-type",-0.2749986630477544,0.532977517470891
PAMr_nr_mas_14_2_D07,PA14_05000,PA0382,micA,DNA mismatch repair protein MicA,-0.7652605808324656,-0.6608910118745309
PAMr_nr_mas_14_2_D08,PA14_46000,PA1426,NA,hypothetical protein,-0.9394739820686322,-0.08151707923270357
PAMr_nr_mas_14_2_D09,PA14_06640,PA0508,NA,putative acyl-CoA dehydrogenase,-0.7350643968296076,-0.13433367137687996
PAMr_nr_mas_14_2_D10,PA14_46930,PA1340,NA,putative permease of ABC transporter,-0.6610783709719885,-0.7653239006601569
PAMr_nr_mas_14_2_D11,PA14_12810,PA3947,NA,probable two-component response regulator,-1.153598464610036,-0.43343603547954734
PAMr_nr_mas_14_2_D12,PA14_12410,PA3975,NA,possible phosphomethylpyrimidine kinase,-0.9835622698896582,-0.36177218961682983
PAMr_nr_mas_14_2_E01,PA14_52760,PA0891,NA,hypothetical protein,-2.14200882846189,1.7409329654569448
PAMr_nr_mas_14_2_E02,PA14_21210,PA3310,NA,conserved hypothetical protein,-0.30574673021228066,0.08663940585194509
PAMr_nr_mas_14_2_E03,PA14_72050,PA5459,NA,conserved hypothetical protein,-0.23416574772723137,-0.7366806329010688
PAMr_nr_mas_14_2_E04,PA14_29510,PA2675,NA,putative type II secretion system protein,-1.0101182263598791,-0.032392035387601055
PAMr_nr_mas_14_2_E05,PA14_03900,PA0299,spuC,putrescine aminotransferase,-1.1137136673894492,0.5484975542866625
PAMr_nr_mas_14_2_E06,PA14_40410,PA1862,modB,molybdenum transport protein ModB,-0.5007148092096854,0.1713664601458059
PAMr_nr_mas_14_2_E07,PA14_38730,PA1993,NA,putative MFS transporter,-1.5327284271878954,0.35341672847528244
PAMr_nr_mas_14_2_E08,PA14_50700,PA1057,NA,conserved hypothetical protein,-0.9983273837988622,0.13110674226558786
PAMr_nr_mas_14_2_E09,PA14_08310,NA,NA,conserved hypothetical protein,-1.0237862757267226,0.13036802959813254
PAMr_nr_mas_14_2_E10,PA14_48840,PA1195,NA,putative dimethylarginine dimethylaminohydrolase,-1.2586440900335776,-0.1981638459970746
PAMr_nr_mas_14_2_E11,PA14_29980,PA2640,nuoE,NADH dehydrogenase I chain E,-1.0416690798766797,-0.7921118743071333
PAMr_nr_mas_14_2_E12,PA14_56560,PA4350,NA,putative hemolysin,-0.9633167278454239,-0.4200575788027381
PAMr_nr_mas_14_2_F01,PA14_18200,PA3565,NA,"putative transcriptional regulator, LysR family",-0.47027409741089,0.11631701507908486
PAMr_nr_mas_14_2_F02,PA14_58420,PA4502,NA,putative binding protein component of ABC dipeptid,-1.0932795543015987,-0.04957021518383538
PAMr_nr_mas_14_2_F03,PA14_26020,PA2939,NA,putative aminopeptidase,-2.0747600601908918,0.3672181304635724
PAMr_nr_mas_14_2_F04,PA14_41110,PA1811,NA,putative solute-binding protein,-1.858394235575453,0.16352985019463429
PAMr_nr_mas_14_2_F05,PA14_70690,PA5355,glcD,glycolate oxidase subunit GlcD,-0.35309070804176257,0.2988861316800718
PAMr_nr_mas_14_2_F06,PA14_16980,PA3663,NA,conserved hypothetical protein,-1.2721404055895602,0.576435645933345
PAMr_nr_mas_14_2_F07,PA14_62730,PA4742,truB,tRNA pseudouridine 55 synthase,-2.171727627104514,-0.8280910302562895
PAMr_nr_mas_14_2_F08,PA14_41090,PA1812,mltD,membrane-bound lytic murein transglycosylase D precursor,-2.1074677052572324,-0.5207809379146414
PAMr_nr_mas_14_2_F09,PA14_61600,PA4657,NA,putative oxidoreductase,-1.7728989890405171,0.1804161460678615
PAMr_nr_mas_14_2_F10,PA14_22340,PA3235,NA,putative membrane protein,-1.2444560501431239,-0.36283223646073454
PAMr_nr_mas_14_2_F11,PA14_56470,PA4343,NA,putative MFS transporter,-0.6191885435529895,-0.5349057465313647
PAMr_nr_mas_14_2_F12,PA14_23630,PA3130,NA,putative thioesterase,-1.432437561498426,-0.5810178039729634
PAMr_nr_mas_14_2_G01,PA14_69400,PA5256,dsbH,putative disulfide bond formation protein DsbB,-0.9429072608666625,0.7954029969130945
PAMr_nr_mas_14_2_G02,PA14_13600,PA3889,NA,putative binding protein component of ABC transpor,-1.4520204840426778,0.8849018142785997
PAMr_nr_mas_14_2_G03,PA14_35810,NA,NA,Hypothetical protein,0.12842600513018043,0.2562454912327498
PAMr_nr_mas_14_2_G04,NA,NA,NA,NA,-0.49943460793110167,0.22499681290870172
PAMr_nr_mas_14_2_G05,PA14_68280,PA5168,NA,probable dicarboxylate transporter,-0.15853934483130958,-0.16926210501477143
PAMr_nr_mas_14_2_G06,PA14_05920,PA0454,NA,putative membrane protein,-1.2413341746292537,-0.1156600400093165
PAMr_nr_mas_14_2_G07,PA14_56240,PA4329,pykA,putative pyruvate kinase,-0.8716521797183919,-0.26783114612557835
PAMr_nr_mas_14_3_A01,PA14_38530,PA2008,fahA,fumarylacetoacetase,-0.5903339866420346,-0.6489875392157958
PAMr_nr_mas_14_3_A02,PA14_57910,PA4459,NA,conserved hypothetical protein,-0.2125233926074239,-0.84173984555569
PAMr_nr_mas_14_3_A03,PA14_41030,PA1817,NA,conserved hypothetical protein,-2.2223218554311774,-1.8272313010960164
PAMr_nr_mas_14_3_A04,PA14_23920,PA3108,purF,amidophosphoribosyltransferase,-0.6951006115370997,0.2288805325992342
PAMr_nr_mas_14_3_A05,PA14_68050,PA5151,NA,putative membrane protein,0.06692718636474632,-0.7293989213801639
PAMr_nr_mas_14_3_A06,PA14_30910,NA,NA,hypothetical,-0.33062013754590525,-0.7134627666861924
PAMr_nr_mas_14_3_A07,PA14_26890,PA2876,pyrF,orotidine-5'-phosphate decarboxylase,-0.31257710686495027,-1.1863123193861171
PAMr_nr_mas_14_3_A08,PA14_56300,PA4333,NA,putative fumarase,-1.0363221299603096,-1.1576085386598858
PAMr_nr_mas_14_3_A09,PA14_09320,PA4222,NA,putative ATP-binding component of ABC transporter,0.7569392501408789,-2.032084553853221
PAMr_nr_mas_14_3_A10,PA14_23460,NA,wbpL,putative glycosyltransferase L,0.009544082677751692,-0.17080726080329836
PAMr_nr_mas_14_3_A11,PA14_04410,PA0337,ptsP,phosphoenolpyruvate-protein phosphotransferase,-1.478641885267766,-0.9649750309915045
PAMr_nr_mas_14_3_A12,PA14_25110,PA3011,topA,DNA topoisomerase I,-0.7036901340379867,-0.3166110823006171
PAMr_nr_mas_14_3_B01,PA14_18710,PA3527,pyrC,"dihydroorotase, homodimeric type",-1.4035466817325288,-0.6092778150908108
PAMr_nr_mas_14_3_B03,PA14_14680,PA3818,NA,inositol-1-monophosphatase,-0.8362128547905493,0.1259340449601379
PAMr_nr_mas_14_3_B04,PA14_05250,PA0401,NA,noncatalytic dihydroorotase-like protein noncataly,0.09377355966042808,-0.48829825795967086
PAMr_nr_mas_14_3_B05,PA14_73400,PA5567,NA,putative GTPase for tRNA modification and thiophene and furan oxidation,-1.499870415106592,-0.7777176681980921
PAMr_nr_mas_14_3_B06,PA14_30360,PA2609,NA,putative anthranilate phosphoribosyltransferase,-1.3298253938925126,-1.8216292558038412
PAMr_nr_mas_14_3_B07,PA14_62930,PA4758,carA,carbamoyl-phosphate synthase small chain,2.051805434814302,-0.7661682034619022
PAMr_nr_mas_14_3_B08,PA14_59930,NA,NA,COnserved hypothetical peotein,-0.769045328259189,-1.2525586495878753
PAMr_nr_mas_14_3_B09,PA14_66800,PA5055,NA,conserved hypothetical protein,-0.3670712843954296,0.5438684647249842
PAMr_nr_mas_14_3_B10,PA14_62590,PA4730,panC,pantoate--beta-alanine ligase,-1.513143424319361,-1.3833424483643801
PAMr_nr_mas_14_3_C02,PA14_05260,PA0402,pyrB,aspartate carbamoyltransferase,-1.0407388486151636,-0.7664496613385766
PAMr_nr_mas_14_3_C04,NA,NA,NA,NA,-0.8429692693279282,-1.2462068256932533
PAMr_nr_mas_14_3_C05,PA14_62570,PA4728,folK,2-amino-4-hydroxy-6-hydroxymethyldihydropteridine pyrophosphokinase,-0.7425998484558695,1.3521624480201453
PAMr_nr_mas_14_3_C06,PA14_68360,PA5174,NA,putative beta-ketoacyl synthase,-0.8768607558855326,-0.18395547063534315
PAMr_nr_mas_14_3_C07,PA14_43950,PA1588,sucC,succinyl-CoA synthetase beta subunit,0.1983083912347403,0.0962990337428307
PAMr_nr_mas_14_3_C08,PA14_62830,PA4748,tpiA,triosephosphate isomerase,1.3166040363813771,-0.6830933532755619
PAMr_nr_mas_14_3_C09,PA14_24640,PA3050,pyrD,dihydroorotate dehydrogenase,-1.2747948775954543,-0.5676153852141504
PAMr_nr_mas_14_3_C10,PA14_29020,PA2717,cpo,chloroperoxidase precursor,-1.7483864917021448,-1.6092718367765035
PAMr_nr_mas_14_3_C11,PA14_68350,PA5173,arcC,carbamate kinase,0.9923087773666327,-0.9461569290011305
PAMr_nr_mas_14_3_C12,PA14_51840,NA,NA,NA,-0.6052871022480464,-1.3858114380005524
PAMr_nr_mas_14_3_D01,PA14_42760,PA1681,aroC,chorismate synthase,0.7187434504643548,3.3898958652896782
PAMr_nr_mas_14_3_D04,PA14_06160,PA0470,NA,putative hydroxamate-type ferrisiderophore receptor,-0.34246959018675965,-0.8602669806197247
PAMr_nr_mas_14_3_D05,PA14_59930,NA,NA,COnserved hypothetical peotein,-0.864638749788028,-0.997524395734121
PAMr_nr_mas_14_3_D06,NA,NA,NA,NA,-0.027355155297032523,-0.6997934527569372
PAMr_nr_mas_14_3_D07,PA14_53300,PA0848,NA,probable alkyl hydroperoxide reductase,1.0906380870662837,2.187888632952214
PAMr_nr_mas_14_3_D08,PA14_62540,PA4726,cbrB,two-component response regulator CbrB,0.3655990839897499,-0.8300797541760967
PAMr_nr_mas_14_3_D11,NA,NA,NA,NA,0.34996366733314255,-1.371319116309998
PAMr_nr_mas_14_4_A01,PA14_30560,PA2593,NA,hypothetical protein,1.1406285927464155,1.1411580290104504
PAMr_nr_mas_14_4_A02,PA14_41570,PA1777,oprF,major porin and structural outer membrane porin OprF precursor,-0.9403893396586356,1.1165423600612518
PAMr_nr_mas_14_4_A03,PA14_48140,PA1245,NA,conserved hypothetical protein,0.7865646576311294,-0.22355539138544997
PAMr_nr_mas_14_4_A04,PA14_20510,NA,NA,hypothetical protein,0.12398414245902234,0.15347579978810905
PAMr_nr_mas_14_4_A05,PA14_51500,PA0989,NA,hypothetical protein,1.324907721657188,0.09951582202621395
PAMr_nr_mas_14_4_A06,PA14_04340,PA0333,NA,putative epimerase,0.5810440958312514,-0.04426049406089937
PAMr_nr_mas_14_4_A07,PA14_56870,PA4373,NA,conserved hypothetical protein,0.7571139263106142,0.7757488591528667
PAMr_nr_mas_14_4_A08,PA14_50570,PA1069,NA,hypothetical protein,0.4558550044835742,0.6933822173386944
PAMr_nr_mas_14_4_A09,PA14_61120,PA4618,NA,putative xanthine dehydrogenase accessory factor X,0.2013623825998687,0.09134711550176439
PAMr_nr_mas_14_4_A10,PA14_71840,PA5441,NA,conserved hypothetical protein,1.7552197943880061,0.6616065690284058
PAMr_nr_mas_14_4_A11,PA14_28130,PA2780,NA,putative transcriptional regulator,0.3410116430409606,2.0793701413050023
PAMr_nr_mas_14_4_A12,PA14_10770,PA4112,NA,putative sensor/response regulator hybrid,-0.4311103162309848,0.7528956585318142
PAMr_nr_mas_14_4_B01,PA14_11240,PA4070,NA,putative transcriptional regulator,0.9617803997321566,0.7641079334863354
PAMr_nr_mas_14_4_B02,PA14_10820,PA4108,NA,putative HDIG domain protein,-0.06626431090459861,-0.38646169840145156
PAMr_nr_mas_14_4_B03,PA14_50630,PA1064,NA,hypothetical protein,-0.19725531483305186,-0.22952857880201868
PAMr_nr_mas_14_4_B04,PA14_45870,PA1438,NA,putative two-component sensor,-0.5808172153153802,-0.5180680339769891
PAMr_nr_mas_14_4_B05,PA14_00490,PA0040,NA,putative hemolysin activation/secretion protein,0.15424242625576548,-0.7224047197962878
PAMr_nr_mas_14_4_B06,PA14_66340,PA5019,NA,conserved hypothetical protein,-0.7994056634108513,-1.693733234842303
PAMr_nr_mas_14_4_B07,PA14_51890,PA0957,NA,hypothetical protein,0.7206763342728524,-0.8551312657187894
PAMr_nr_mas_14_4_B08,PA14_13110,PA3924,NA,probable medium-chain acyl-CoA ligase,0.4452173267161786,-2.0063025537522394
PAMr_nr_mas_14_4_B09,PA14_53410,PA0839,NA,probable transcriptional regulator,-0.7021475599318333,-0.626621910742454
PAMr_nr_mas_14_4_B10,PA14_25470,PA2985,NA,conserved hypothetical protein,1.0205123846500883,-1.0086039006109675
PAMr_nr_mas_14_4_B11,PA14_72010,PA5455,NA,putative glycosyltransferase,-0.3281283609966278,-0.5354496026273011
PAMr_nr_mas_14_4_C01,PA14_52190,PA0933,ygcA,probable RNA methyltransferase,0.8703244574120644,-0.04021781049815328
PAMr_nr_mas_14_4_C02,NA,NA,NA,NA,1.1964168992295103,0.5498856586581873
PAMr_nr_mas_14_4_C03,PA14_23750,PA3121,leuC,3-isopropylmalate dehydratase large subunit,-1.3057660133733593,-1.6653538734303872
PAMr_nr_mas_14_4_C04,PA14_52020,PA0946,NA,conserved hypothetical protein,-1.1899268622672827,-1.1947074367557324
PAMr_nr_mas_14_4_C05,PA14_52400,PA0917,kup,potassium uptake protein Kup,-1.8743059809191478,-1.747270228489047
PAMr_nr_mas_14_4_C06,PA14_61020,PA4612,NA,ankyrin-like protein,0.05482832564644529,-1.0949482456015704
PAMr_nr_mas_14_4_C07,PA14_23670,PA3127,NA,putative bleomycin resistance protein,0.41559386361461664,-1.5644242492804645
PAMr_nr_mas_14_4_C08,PA14_66580,PA5037,NA,putative Type II secretory pathway protein,1.185168261682576,-1.9058214546158438
PAMr_nr_mas_14_4_C09,PA14_67970,PA5145,NA,putative dehydrogenase,0.189711073307457,-1.3011519388667312
PAMr_nr_mas_14_4_C10,PA14_24260,PA3084,NA,hypothetical,1.9157298006896062,2.893381678501171
PAMr_nr_mas_14_4_C11,PA14_65670,PA4968,NA,putative esterase,0.8589916414587653,0.43321379511338487
PAMr_nr_mas_14_4_C12,PA14_58690,PA4523,NA,conserved hypothetical protein,-0.1100262807006747,-0.18498779317706657
PAMr_nr_mas_14_4_D01,PA14_00740,PA0062,NA,putative lipoprotein,1.9846388758543287,1.6482869708772798
PAMr_nr_mas_14_4_D02,PA14_69560,PA5267,hcpA,secreted protein Hcp,2.2667091118696012,1.9898180443194844
PAMr_nr_mas_14_4_D03,PA14_00300,PA0026,plcB,"phospholipase C, PlcB",0.7464497830783435,-0.9812299770575021
PAMr_nr_mas_14_4_D04,PA14_56080,PA4316,sbcB,exodeoxyribonuclease I,1.5319458286919072,-1.6332496233554874
PAMr_nr_mas_14_4_D05,PA14_29940,PA2642,nuoG,NADH dehydrogenase I chain G,0.9887744080619035,-1.4928466852806117
PAMr_nr_mas_14_4_D06,PA14_36960,PA2135,NA,putative Na+/H+ antiporter,1.210571319818667,-0.11668190805484921
PAMr_nr_mas_14_4_D07,PA14_34870,PA2300,chiC,chitinase,0.7790843598575032,-0.620284742320861
PAMr_nr_mas_14_4_D08,PA14_45630,PA1455,fliA,motility sigma factor FliA,0.33503653297152947,-2.3912751912304353
PAMr_nr_mas_14_4_D09,PA14_67110,PA5080,NA,prolyl aminopeptidase,0.7889981828873897,-0.18034359192488014
PAMr_nr_mas_14_4_D10,PA14_28810,NA,NA,putative DNA helicase,1.228098078899815,-0.27567493190186987
PAMr_nr_mas_14_4_D12,PA14_17250,PA3641,NA,putative Na+/alanine symporter,6.332217151233959,6.45026249384379
PAMr_nr_mas_14_4_E01,PA14_12100,PA3999,dacC,NA,-0.2058008669418607,0.6260212580214876
PAMr_nr_mas_14_4_E02,PA14_17810,PA3593,NA,putative acyl-CoA dehydrogenase,0.1532810297630323,0.7925031662543254
PAMr_nr_mas_14_4_E03,PA14_68070,PA5153,NA,"putative ABC transporter, periplasmic amino acid-binding protein",-1.1545455575401742,-0.9285447381284322
PAMr_nr_mas_14_4_E04,PA14_41630,PA1773,NA,putative cytoplasmic membrane-associated protein,-0.7122914153707466,-0.3912508237888865
PAMr_nr_mas_14_4_E05,PA14_02060,PA0165,NA,putative outer membrane protein,1.0567556671904985,-0.5039785873137669
PAMr_nr_mas_14_4_E06,PA14_49520,NA,NA,pyocin protein,0.9157930524354233,-0.605154867797959
PAMr_nr_mas_14_4_E07,PA14_72210,PA5471,NA,conserved hypothetical protein,0.3904610329555696,-1.0787106809566231
PAMr_nr_mas_14_4_E08,PA14_54210,PA0779,NA,probable ATP-dependent protease,1.097094855397265,-0.8842857605446893
PAMr_nr_mas_14_4_E09,PA14_58270,PA4491,NA,conserved hypothetical protein,0.013084474105018836,-0.4907290120192271
PAMr_nr_mas_14_4_E10,PA14_20820,PA3343,NA,putative two-component response regulator,0.39934292798084764,1.2913364144165502
PAMr_nr_mas_14_4_E11,PA14_67790,PA5133,NA,putative membrane-bound metallopeptidase,0.8942963082644154,-0.6833713479522685
PAMr_nr_mas_14_4_E12,PA14_25270,PA3000,aroP1,aromatic amino acid transport protein AroP1,-0.7437087657510933,-0.8204257544881328
PAMr_nr_mas_14_4_F01,PA14_30970,NA,NA,putative transcriptional regulator,-0.3756419308079593,0.1249483170200583
PAMr_nr_mas_14_4_F02,PA14_27370,PA2840,NA,"putative ATP-dependent RNA helicase, DEAD box family",-1.2195243715586486,-0.1507479354391019
PAMr_nr_mas_14_4_F03,PA14_07860,PA0603,NA,putative ATP-binding component of ABC transporter,0.31876291871917817,-0.6589517977101261
PAMr_nr_mas_14_4_F04,PA14_55040,NA,NA,putative  ferric enterobactin transport ATP-bindin,-0.1359472560711059,-1.1872112940229023
PAMr_nr_mas_14_4_F05,PA14_65000,PA4922,azu,azurin precursor,1.2092710943524596,-1.3458024882978599
PAMr_nr_mas_14_4_F06,PA14_37070,PA2127,NA,putative phosphoadenosine phosphosulfate sulfotransferase,-0.020037019453029742,-0.7442507833213124
PAMr_nr_mas_14_4_F07,PA14_35070,PA2281,NA,"putative transcriptional regulator, AraC family",-0.5551506540248646,-1.4068346104936844
PAMr_nr_mas_14_4_F08,PA14_05130,PA0392,NA,putative YGGT family protein,1.9598781955853082,-1.31702083012747
PAMr_nr_mas_14_4_F09,PA14_62410,PA4716,NA,hypothetical,0.22250867408567632,-0.7344392645268245
PAMr_nr_mas_14_4_F10,PA14_57880,PA4456,NA,putative toluene tolerance ABC efflux transporter,1.7761961725117565,-0.5237663996334906
PAMr_nr_mas_14_4_F11,PA14_03450,PA0266,gabT,4-aminobutyrate aminotransferase,0.044467248365939877,-0.8671207206798673
PAMr_nr_mas_14_4_F12,PA14_13340,PA3909,NA,predicted extracellular nuclease,-0.5700201709916716,-1.090811317907022
PAMr_nr_mas_14_4_G01,PA14_64400,PA4869,NA,hypothetical protein,-0.3593468217585611,-0.3458915498881081
PAMr_nr_mas_14_4_G02,PA14_44360,PA1555,NA,"putative cytochrome c oxidase, cbb3-type, subunit III",-1.2637018115992704,0.4731102614987337
PAMr_nr_mas_14_4_G04,PA14_12810,PA3947,NA,probable two-component response regulator,-0.4896283878294426,0.19896649561507787
PAMr_nr_mas_14_4_G05,PA14_20440,PA3373,phnN,ATP-binding component of phosphonate transport,7.253678699012726,8.23296114528256
PAMr_nr_mas_14_4_G06,PA14_05440,PA0418,NA,hypothetical protein,0.6829657989621034,-1.3543996662939135
PAMr_nr_mas_14_4_G07,PA14_70370,PA5331,pyrE,orotate phosphoribosyltransferase,0.9106814471473786,-1.3274169717045559
PAMr_nr_mas_14_4_G08,PA14_54940,NA,NA,putative siderophore biosynthesis enzyme,0.8519412515584158,-1.853325878476507
PAMr_nr_mas_14_4_G09,PA14_65190,PA4936,NA,"putative RNA methyltransferase, TrmH family, group 3",2.139464023840843,-0.6321373610842259
PAMr_nr_mas_14_4_G10,PA14_32790,NA,NA,hypothetical protein,0.8293612264942837,-0.6750365135235331
PAMr_nr_mas_14_4_G11,PA14_34920,PA2297,NA,putative ferredoxin,0.9431545144391779,-0.3646877214932434
PAMr_nr_mas_14_4_G12,PA14_37980,PA2051,NA,"putative Fe2+-dicitrate sensor, membrane component",-0.30099055202036545,-0.18782749934961582
PAMr_nr_mas_14_4_H01,PA14_29020,PA2717,cpo,chloroperoxidase precursor,-0.38485272200287496,-1.009187539517833
PAMr_nr_mas_14_4_H02,PA14_22820,PA3200,NA,putative PHP domain protein,0.0628317938330014,-0.421394224791905
PAMr_nr_mas_14_4_H03,PA14_44800,PA1519,NA,putative transporter,-0.8189045736098348,0.8167784219698712
PAMr_nr_mas_14_4_H04,PA14_21820,PA3262,fklB,"putative peptidyl-prolyl cis-trans isomerase, FkbP-type",-0.20111972021997065,-0.43022277239503287
PAMr_nr_mas_14_4_H05,PA14_11190,PA4073,NA,putative aldehyde dehydrogenase,-0.5218758775101467,-0.8857181645437268
PAMr_nr_mas_14_4_H06,PA14_20860,PA3340,NA,putative Tfp pilus assembly protein FimV,-0.2636866218636522,-1.5764813580335484
PAMr_nr_mas_14_4_H07,PA14_41760,PA1763,NA,conserved hypothetical protein,-0.15369133958563178,-1.2356337958059593
PAMr_nr_mas_14_4_H08,PA14_19110,PA3478,rhlB,rhamnosyltransferase chain B,-0.28633110735391337,-0.5001903240019112
PAMr_nr_mas_14_4_H09,PA14_41670,PA1770,ppsA,phosphoenolpyruvate synthase,-0.2906634384418207,-1.2031130705600193
PAMr_nr_mas_14_4_H10,PA14_53370,PA0843,plcR,phospholipase accessory protein PlcR precursor,-0.4732478027677412,-1.0940615463590555
PAMr_nr_mas_14_4_H11,PA14_65110,PA4930,alr,biosynthetic alanine racemase,-1.188498255056338,-1.7995960342115276
PAMr_nr_mas_15_1_A01,PA14_57740,PA4445,NA,conserved hypothetical protein,1.506571754563345,0.14414394104117761
PAMr_nr_mas_15_1_A02,PA14_30410,PA2604,NA,putative 24K membrane protein,0.7103020828509246,-0.39071852991997486
PAMr_nr_mas_15_1_A03,PA14_15770,PA3762,NA,conserved hypothetical protein,0.6165120978832208,-0.6010344522506065
PAMr_nr_mas_15_1_A04,PA14_36310,PA2195,hcnC,NA,0.6432491285855177,-0.9536778380614749
PAMr_nr_mas_15_1_A05,PA14_07870,PA0604,NA,putative binding protein component of ABC transporter,-0.41782898819729397,-0.3564744659024966
PAMr_nr_mas_15_1_A06,PA14_50830,PA1046,NA,hypothetical protein,-0.6117995733628531,-0.020292684536636112
PAMr_nr_mas_15_1_A07,PA14_15740,PA3763,purL,phosphoribosylformylglycinamidine synthase,1.7397028549010785,-0.8141864419854978
PAMr_nr_mas_15_1_A08,PA14_09790,PA4182,NA,putative transcriptional regulator,-1.1420081475408093,-0.7109499878866901
PAMr_nr_mas_15_1_A09,PA14_20890,PA3337,rfaD,ADP-L-glycero-D-mannoheptose 6-epimerase,-0.44949747503351895,0.09506139674206612
PAMr_nr_mas_15_1_A10,PA14_62640,PA4734,NA,conserved hypothetical protein,-0.7552531226721672,0.10940397074754872
PAMr_nr_mas_15_1_A11,PA14_00620,PA0049,NA,conserved hypothetical protein,0.5267390856019768,0.46163500422535814
PAMr_nr_mas_15_1_A12,PA14_11970,PA4010,NA,methylpurine-DNA glycosylase family protein,-0.841842695570329,0.7744067056314351
PAMr_nr_mas_15_1_B01,PA14_50380,PA1085,flgJ,flagellar protein FlgJ,-0.5028490578414577,-1.245904507813091
PAMr_nr_mas_15_1_B02,PA14_16720,PA3684,NA,conserved hypothetical protein,0.34437014703373947,-0.48910841147807566
PAMr_nr_mas_15_1_B03,PA14_05700,PA0438,codB,cytosine permease,-0.614189171778837,-0.9858814890555806
PAMr_nr_mas_15_1_B04,PA14_61920,PA4681,NA,hypothetical protein,-0.25342059153047974,-1.886170598292434
PAMr_nr_mas_15_1_B05,PA14_05550,PA0427,oprM,major intrinsic multiple antibiotic resistance efflux outer membrane protein OprM precursor,-0.37647871771559577,-1.7769804720019888
PAMr_nr_mas_15_1_B06,PA14_69900,PA5295,NA,putative signal transduction protein,-0.3672801855138181,-1.0305251762591527
PAMr_nr_mas_15_1_B07,PA14_21880,PA3257,tsp,periplasmic tail-specific protease,0.5109551158687368,-1.4840703993590847
PAMr_nr_mas_15_1_B08,PA14_57770,PA4447,hisC1,histidinol-phosphate aminotransferase,-0.28777488582252875,-1.092288499312663
PAMr_nr_mas_15_1_B09,PA14_56470,PA4343,NA,putative MFS transporter,0.2872182217196166,-1.4897109795793533
PAMr_nr_mas_15_1_B10,PA14_05230,PA0400,NA,probable cystathionine gamma-lyase,1.3695906577382728,-0.30136205146605055
PAMr_nr_mas_15_1_B11,PA14_42220,PA1727,NA,putative integral membrane sensor domain,1.5718107546797393,0.207492203395572
PAMr_nr_mas_15_1_B12,PA14_53200,PA0856,NA,conserved hypothetical protein,0.4417286501723856,0.3015271930465954
PAMr_nr_mas_15_1_C01,PA14_72450,PA5489,dsbA,thiol:disulfide interchange protein DsbA,-0.17452383600475213,-1.045179247398943
PAMr_nr_mas_15_1_C03,PA14_43870,PA1595,NA,hypothetical protein,1.9396518673693843,-1.7845105266910912
PAMr_nr_mas_15_1_C04,PA14_00980,NA,NA,conserved hypothetical protein,1.3680059587572435,-0.9629459286343748
PAMr_nr_mas_15_1_C05,PA14_24270,PA3083,pepN,aminopeptidase N,-1.3310429615739192,-1.7661912190737914
PAMr_nr_mas_15_1_C06,PA14_62200,PA4700,mrcB,penicillin-binding protein 1B,-0.25013900133423306,-1.53406033865268
PAMr_nr_mas_15_1_C07,PA14_67300,PA5096,NA,putative binding protein component of ABC transporter,0.8319508432839288,-1.7534626098038812
PAMr_nr_mas_15_1_C08,PA14_02660,PA0218,NA,"putative transcriptional regulator, LysR family",0.21299212552936547,-1.7508545948041248
PAMr_nr_mas_15_1_C09,PA14_00560,PA0044,exoT,exoenzyme T,2.6702392068749283,-1.6486404951284122
PAMr_nr_mas_15_1_C10,PA14_46240,PA1408,NA,putative mechanosensitive ion channel family protein,2.587769810847871,-0.7887222232943553
PAMr_nr_mas_15_1_C11,PA14_46490,PA1373,fabF2,3-oxoacyl-acyl carrier protein synthase II,1.4134860420311721,-0.8164546116975543
PAMr_nr_mas_15_1_C12,PA14_01660,PA0134,NA,putative guanine deaminase,2.3255008588818384,-0.5952701179013785
PAMr_nr_mas_15_1_D01,PA14_28170,PA2777,NA,"putative transporter, formate/nitrite transporter family",0.4468691818452502,-0.4982969940598461
PAMr_nr_mas_15_1_D02,PA14_73090,PA5542,NA,putative beta-lactamase,0.6792530080212862,-0.43102594392127475
PAMr_nr_mas_15_1_D03,PA14_50040,PA1109,NA,probable transcriptional regulator,0.2742163426640934,-1.1352688337239882
PAMr_nr_mas_15_1_D04,PA14_71910,PA5447,wbpZ,glycosyltransferase WbpZ,-0.3859002577239127,-0.8685494647517046
PAMr_nr_mas_15_1_D05,PA14_05650,PA0435,NA,putative exported protein,0.7338392627733104,-1.3093868711844199
PAMr_nr_mas_15_1_D06,PA14_51410,PA0998,pqsC,Homologous to beta-keto-acyl-acyl-carrier protein synthase,1.81410286056533,0.07820683104884532
PAMr_nr_mas_15_1_D07,PA14_67540,PA5115,NA,conserved hypothetical protein,1.7007420163145066,0.05857248090503736
PAMr_nr_mas_15_1_D08,PA14_35940,NA,PAGI-1(10),Putative Acyl-CoA synthetase,2.061889734528726,-1.2564937463333046
PAMr_nr_mas_15_1_D09,PA14_73070,PA5541,NA,putative dihydroorotase,1.9030795780585845,-1.858954459994034
PAMr_nr_mas_15_1_D10,PA14_11230,PA4071,NA,conserved hypothetical protein,1.1691572428069181,-0.009975070816796085
PAMr_nr_mas_15_1_D11,PA14_43000,PA1660,NA,conserved hypothetical protein,2.3066926886728396,-0.6076283321650983
PAMr_nr_mas_15_1_D12,PA14_68490,PA5185,NA,putative thioesterase,0.632924297243038,-0.27645981501122163
PAMr_nr_mas_15_1_E02,PA14_72900,PA5526,NA,putative lipoprotein,-0.6183188017898852,-1.0925839746207573
PAMr_nr_mas_15_1_E03,PA14_27960,PA2796,tal,transaldolase,-0.0451916907531339,-1.2971905729968496
PAMr_nr_mas_15_1_E04,PA14_51450,PA0994,cupC3,usher CupC3,-0.420356601421232,-1.2326159875661955
PAMr_nr_mas_15_1_E05,PA14_67510,PA5112,estA,esterase EstA,1.0040756699106288,-1.1427071412233096
PAMr_nr_mas_15_1_E06,PA14_05180,PA0395,pilT,twitching motility protein PilT,2.5102850583413603,0.8917202362944023
PAMr_nr_mas_15_1_E07,PA14_64180,PA4852,NA,putative tRNA-dihydrouridine synthase,1.1258214083341267,-1.4746799562889759
PAMr_nr_mas_15_1_E08,PA14_16180,PA3729,NA,conserved hypothetical protein,1.149167976008298,0.15003925628630937
PAMr_nr_mas_15_1_E09,PA14_41390,PA1793,ppiB,peptidyl-prolyl cis-trans isomerase B,0.3097662971903692,-1.869894026419959
PAMr_nr_mas_15_1_E10,PA14_52800,PA0887,acsA,acetyl-coenzyme A synthetase,1.4429978195499722,-1.5245997254095731
PAMr_nr_mas_15_1_E11,PA14_72420,PA5487,NA,putative GGDEF domain protein,0.5310863152181403,-0.8428785009984332
PAMr_nr_mas_15_1_E12,PA14_04010,NA,NA,hypothetical protein,0.6022056888178081,-1.2637646087627241
PAMr_nr_mas_15_1_F01,PA14_12020,PA4006,nadD,NadD nicotinic acid mononucleotide adenylyltransferase,-0.13192148897837314,-0.960627705599385
PAMr_nr_mas_15_1_F02,PA14_58910,NA,RL115,chromosome partitioning related protein,-0.22680715096182313,-0.7509869831672566
PAMr_nr_mas_15_1_F03,PA14_27770,PA2812,NA,"putative ABC transporter, ATP-binding protein",1.1202184889671913,-1.643185523131244
PAMr_nr_mas_15_1_F04,PA14_29990,PA2639,nuoD,"NADH dehydrogenase I chain C,D",-1.310619073890913,-1.961757392219738
PAMr_nr_mas_15_1_F05,PA14_55050,NA,NA,hypothetical outer membrane protein,-0.10461446752764902,-2.0928592622136066
PAMr_nr_mas_15_1_F06,PA14_62530,PA4725,cbrA,two-component sensor CbrA,-0.29975040177881973,-1.5669607881787042
PAMr_nr_mas_15_1_F07,PA14_62260,PA4704,ppkA,cAMP-dependent protein kinase,0.863801999498254,-0.6903249605748221
PAMr_nr_mas_15_1_F08,PA14_69110,PA5234,NA,"putative oxidoreductase, zinc-binding",0.640580539718647,-1.5135791754190984
PAMr_nr_mas_15_1_F09,PA14_17960,PA3582,glpK,glycerol kinase,1.8463503252210849,0.5584392961292397
PAMr_nr_mas_15_1_F10,PA14_70160,PA5313,NA,putative pyridoxal-dependent aminotransferase,1.0188371374766665,-0.9055166291883451
PAMr_nr_mas_15_1_F11,PA14_56100,PA4318,NA,putative membrane protein,0.9751231862803542,-1.0575134472627967
PAMr_nr_mas_15_1_F12,PA14_55960,PA4307,pctC,chemotactic transducer PctC,1.9123879648429176,-1.7502027494074612
PAMr_nr_mas_15_1_G01,PA14_38110,PA2042,NA,"putative transporter, sodium-dicarboxylate symporte",-0.40604688611914713,-1.1725431019315995
PAMr_nr_mas_15_1_G02,PA14_28920,PA2725,NA,putative chaperone,-1.3929619616861642,-1.2317109096912966
PAMr_nr_mas_15_1_G03,PA14_68230,PA5165,NA,probable two-component sensor,-1.5395221000285713,-2.2185311946721558
PAMr_nr_mas_15_1_G04,PA14_12080,PA4001,sltB1,soluble lytic transglycosylase B,-0.6374809873932169,-0.5438850136917145
PAMr_nr_mas_15_1_G05,PA14_51350,PA1002,phnB,anthranilate synthase component II,-0.4327988447245337,-0.05412475124407253
PAMr_nr_mas_15_1_G06,PA14_12360,PA3979,NA,conserved hypothetical protein,-0.27067711613975093,0.16646965155950602
PAMr_nr_mas_15_1_G07,PA14_63840,PA4828,NA,putative membrane protein,-0.4243607364368179,-0.9771625474597935
PAMr_nr_mas_15_1_G08,PA14_59210,NA,NA,putative DNA helicase,0.09765483880948105,-0.3345335000628511
PAMr_nr_mas_15_1_G09,PA14_70420,PA5334,rph,ribonuclease PH,0.12224516711525518,0.927895714736936
PAMr_nr_mas_15_1_G10,PA14_59780,NA,rcsC,kinase sensor protein,-0.39680499505978595,-0.6611680882246487
PAMr_nr_mas_15_1_G11,PA14_58440,PA4503,NA,putative dipeptide ABC transport system permease,1.0298855232431812,-0.013999569349114716
PAMr_nr_mas_15_1_G12,PA14_27740,PA2814,NA,conserved hypothetical protein,0.3583446219306181,-0.4243357835353575
PAMr_nr_mas_15_1_H01,PA14_03350,NA,NA,Hypothetical protein,-0.8818469158293021,-1.1186368859157874
PAMr_nr_mas_15_1_H02,PA14_14290,PA3844,PA3844,NA,0.6070377446321241,-0.3827391847890939
PAMr_nr_mas_15_1_H03,PA14_45010,PA1501,NA,putative hydroxypyruvate isomerase,-0.37187776824704927,-0.7675756109188693
PAMr_nr_mas_15_1_H04,PA14_13150,PA3921,NA,putative transcriptional regulator,0.4697668240872142,-1.1623839834005534
PAMr_nr_mas_15_1_H05,PA14_60850,PA4599,mexC,multidrug efflux RND membrane fusion protein,-0.5970476507965593,-0.8782730005823711
PAMr_nr_mas_15_1_H06,PA14_27990,PA2794,NA,putative sialidase,-0.8666741004898895,0.5078843295410014
PAMr_nr_mas_15_1_H07,PA14_42160,PA1730,NA,conserved hypothetical protein,0.9401013784587907,-0.03567270092631799
PAMr_nr_mas_15_1_H08,PA14_53220,PA0854,fumC2,fumarate hydratase,0.42867484564491753,0.05135049432087377
PAMr_nr_mas_15_1_H09,PA14_04150,PA0318,NA,putative fumarylacetoacetate hydrolase family protein,0.3436239679423826,-0.5673421450020409
PAMr_nr_mas_15_1_H10,PA14_63850,PA4829,lpd3,dihydrolipoamide dehydrogenase 3,0.06907132708866127,-0.014502801425840324
PAMr_nr_mas_15_1_H12,PA14_72800,PA5518,NA,putative potassium efflux protein,-0.16865138629473167,-0.17209516248054754
PAMr_nr_mas_15_2_A01,PA14_59490,NA,NA,Hypothetical protein,1.3640424617694311,0.5457204837832794
PAMr_nr_mas_15_2_A02,PA14_64060,PA4844,NA,putative chemotaxis transducer,1.3339972481403766,0.6570548821709167
PAMr_nr_mas_15_2_A03,PA14_58550,PA4512,NA,lipopolysaccharide biosynthetic protein,0.4408102553500817,0.5130035212161494
PAMr_nr_mas_15_2_A04,PA14_61330,PA4635,NA,"putative magnesium transporter, MgtC family",0.8422986502179145,-0.2243342013108426
PAMr_nr_mas_15_2_A05,PA14_09970,PA4168,NA,putative TonB-dependent receptor,0.981868237370096,0.37790659285207184
PAMr_nr_mas_15_2_A06,PA14_50970,PA1033,NA,probable glutathione S-transferase,0.24055050117098176,-0.06729969198234541
PAMr_nr_mas_15_2_A07,PA14_45710,PA1450,NA,conserved hypothetical protein,0.8898513031362091,1.4325507247409275
PAMr_nr_mas_15_2_A08,PA14_20030,PA3406,hasD,transport protein HasD,0.6530242687201954,0.28253645458786686
PAMr_nr_mas_15_2_A09,PA14_44690,PA1526,NA,"putative transcriptional regulator, GntR family",0.08639251727778835,0.10767459625826793
PAMr_nr_mas_15_2_A10,PA14_32780,PA2463,NA,hypothetical protein,0.11915246649023532,0.15151227616080387
PAMr_nr_mas_15_2_A11,PA14_59790,NA,pvrR,two component response regulator,0.5549424610147898,-0.4758881370465333
PAMr_nr_mas_15_2_A12,PA14_16190,PA3728,NA,hypothetical protein,0.43364216479563944,0.06504076366930192
PAMr_nr_mas_15_2_B01,PA14_61220,PA4627,NA,putative ribosomal RNA small subunit methyltransferase C,1.1805978467032532,0.6248775760449985
PAMr_nr_mas_15_2_B02,PA14_31310,PA2568,NA,hypothetical protein,0.5607121536053167,0.16279469856332987
PAMr_nr_mas_15_2_B03,PA14_08560,PA0668,tyrZ,tyrosyl-tRNA synthetase 2,0.9531516270164536,0.5034600643363075
PAMr_nr_mas_15_2_B04,PA14_67170,PA5085,NA,putative LysR-family transcriptional regulator,2.128941941499125,-0.05108805040417602
PAMr_nr_mas_15_2_B05,PA14_24350,PA3077,NA,putative two-component system regulatory protein,1.185820906794482,0.1318453736173109
PAMr_nr_mas_15_2_B07,PA14_67990,PA5147,mutY,A/G-specific adenine glycosylase,1.4219770284147935,-0.3691960366766137
PAMr_nr_mas_15_2_B08,PA14_37170,NA,NA,NA,1.440961566784837,-0.49153945908923463
PAMr_nr_mas_15_2_B09,PA14_70040,PA5304,dadA,"D-amino acid dehydrogenase, small subunit",-0.008977109915833156,-1.50414737443592
PAMr_nr_mas_15_2_B11,PA14_68350,PA5173,arcC,carbamate kinase,2.8204389550521745,7.229515165366945
PAMr_nr_mas_15_2_B12,PA14_21700,PA3271,NA,putative sensory box histidine kinase/response regulator,1.724896234444962,-1.0018956993401067
PAMr_nr_mas_15_2_C01,PA14_29970,PA2641,nuoF,NADH dehydrogenase I chain F,0.8115503050422568,-0.77659001564388
PAMr_nr_mas_15_2_C02,PA14_64660,PA4892,ureF,urease accessory protein UreF,-1.1212464120470504,-0.716255847191059
PAMr_nr_mas_15_2_C03,PA14_12530,PA3969,NA,conserved hypothetical protein,0.09086102604522951,0.8218895222048714
PAMr_nr_mas_15_2_C04,PA14_23690,PA3125,NA,putative secreted protein,-0.2817956765467835,0.6136591648169091
PAMr_nr_mas_15_2_C05,PA14_60050,NA,parE,putative plasmid stablization protein,1.0013880366810355,-0.5974654709417412
PAMr_nr_mas_15_2_C06,PA14_17140,PA3649,NA,putative membrane-associated zinc metalloprotease,1.5450568165805247,-0.9268148859641658
PAMr_nr_mas_15_2_C07,PA14_63480,PA4804,NA,putative amino acid permease,0.38063933272095657,-1.6627798732998504
PAMr_nr_mas_15_2_C08,PA14_63250,PA4785,NA,putative acyl-CoA thiolase,0.8679222342948055,-1.1236815137105431
PAMr_nr_mas_15_2_C09,PA14_18970,PA3487,pldA,phospholipase D,2.876910523740875,-0.63406884024127
PAMr_nr_mas_15_2_C10,PA14_58360,PA4497,NA,putative binding protein component of ABC transpor,0.29962967576070076,-0.10493981051102055
PAMr_nr_mas_15_2_C11,PA14_58650,PA4520,NA,putative methyl-accepting chemotaxis protein,1.5970760635753567,-0.649264124467909
PAMr_nr_mas_15_2_C12,PA14_65540,PA4959,NA,conserved hypothetical protein,1.9429792372262955,-1.5707673952914314
PAMr_nr_mas_15_2_D01,PA14_55720,PA4287,NA,putative membrane protein,1.2908247386973613,-0.927968071188574
PAMr_nr_mas_15_2_D02,PA14_44890,PA5267,hcpA,secreted protein Hcp,-0.7109673746620017,-0.3100339743775777
PAMr_nr_mas_15_2_D03,PA14_49010,NA,NA,NA,-0.4106729344776193,-1.418301420239708
PAMr_nr_mas_15_2_D04,PA14_69990,PA5302,dadX,catabolic alanine racemase,0.06556235210573229,-0.048052723222738465
PAMr_nr_mas_15_2_D05,PA14_41260,PA1799,NA,putative two-component response regulator,0.6794298573489014,-0.7428482591208136
PAMr_nr_mas_15_2_D06,PA14_45130,PA1491,NA,putative transporter,1.9093351702936756,-2.0249506700440305
PAMr_nr_mas_15_2_D07,PA14_64440,PA4872,NA,carboxyphosphonoenolpyruvate phosphonomutase,2.088655234034022,-0.4605421516245828
PAMr_nr_mas_15_2_D08,PA14_52160,PA0935,NA,conserved hypothetical protein,1.32634378455323,-1.640620011148933
PAMr_nr_mas_15_2_D09,PA14_18680,PA3530,NA,putative bacterioferritin-associated ferredoxin,1.6752872967180694,-1.400025785446744
PAMr_nr_mas_15_2_D10,PA14_64140,PA4850,prmA,ribosomal protein L11 methyltransferase,0.4556717487490222,-0.9164451275454212
PAMr_nr_mas_15_2_D11,PA14_68860,PA5214,gcvH1,glycine cleavage system protein H1,2.5316558765187844,-0.8161710485514019
PAMr_nr_mas_15_2_D12,PA14_10500,PA4133,ccoN,cytochrome c oxidase subunit (cbb3-type),0.6517810042702131,-1.5606212378861681
PAMr_nr_mas_15_2_E01,PA14_15070,PA3790,oprC,outer membrane copper receptor OprC,0.22878170926557814,-1.1053017370986733
PAMr_nr_mas_15_2_E02,PA14_03190,PA0259,NA,conserved hypothetical protein,-0.28014724036084726,0.24681355427358756
PAMr_nr_mas_15_2_E03,PA14_22640,PA3215,NA,"putative transcriptional regulator, AraC family",-0.8029871317392057,0.3087248086981249
PAMr_nr_mas_15_2_E04,PA14_62650,PA4735,NA,conserved hypothetical protein,-0.1765500919842212,-0.43049048555543834
PAMr_nr_mas_15_2_E05,PA14_53970,PA0794,NA,probable aconitate hydratase,0.7968138506282192,-0.0230635260869049
PAMr_nr_mas_15_2_E06,PA14_55360,PA0693,exbB2,transport protein ExbB2,1.5195810327174546,0.7495283194196422
PAMr_nr_mas_15_2_E07,PA14_49840,PA1124,dgt,deoxyguanosinetriphosphate triphosphohydrolase,0.5497090966430666,0.11236757617283638
PAMr_nr_mas_15_2_E08,PA14_69340,PA5252,NA,putative ATP-binding component of ABC transporter,0.4159627149994036,-0.42085953444475493
PAMr_nr_mas_15_2_E09,PA14_23840,PA3114,truA,tRNA-pseudouridine synthase I,1.5550644382273962,-0.6817035526227168
PAMr_nr_mas_15_2_E10,PA14_33820,PA2385,pvdQ,penicillin acylase-related protein,1.1051978111544836,-1.1216038547066225
PAMr_nr_mas_15_2_E11,PA14_06320,PA0485,NA,putative permease,-1.3050383775000083,-1.6070382755415722
PAMr_nr_mas_15_2_E12,PA14_67340,PA5099,NA,"putative permease for cytosine/purines, uracil, thiamine, allantoin",0.9795082930713354,-1.3679318116058645
PAMr_nr_mas_15_2_F01,PA14_18810,PA3519,NA,hypothetical protein,1.8858810030293718,-0.5047906363485808
PAMr_nr_mas_15_2_F02,PA14_59070,NA,NA,Conserved Hypothetical Protein,-0.011148056187791189,-0.02482738480850032
PAMr_nr_mas_15_2_F03,PA14_53140,PA0861,NA,hypothetical protein,-0.24972892304627797,-0.5749970799189618
PAMr_nr_mas_15_2_F04,PA14_40770,PA1838,cysI,sulfite reductase,0.013281104035606365,-0.013747967462727448
PAMr_nr_mas_15_2_F05,PA14_22550,NA,NA,putative LysR-family transcriptional regulator,0.45640473961946715,-0.4988378909613547
PAMr_nr_mas_15_2_F06,NA,NA,NA,NA,0.172864467394033,-0.5291979172588668
PAMr_nr_mas_15_2_F07,PA14_69950,PA5299,NA,putative acetyl-CoA hydrolase/transferase,0.7224329855233276,-0.8445868465352222
PAMr_nr_mas_15_2_F08,PA14_15710,PA3765,NA,conserved hypothetical protein,1.2029286391430463,-1.0457660764262093
PAMr_nr_mas_15_2_F09,PA14_07800,PA0598,NA,putative DnaJ-like protein DjlA,0.8281523732944669,-0.8175889841288126
PAMr_nr_mas_15_2_F10,PA14_54390,PA0766,mucD,serine protease MucD precursor,0.7803026897940449,-1.312439412638217
PAMr_nr_mas_15_2_F11,PA14_62580,PA4729,panB,3-methyl-2-oxobutanoate hydroxymethyltransferase,-0.9686018825209088,-2.5443280229953844
PAMr_nr_mas_15_2_F12,PA14_39440,PA1941,NA,hypothetical protein,-0.11865472920640815,-0.8485746783422156
PAMr_nr_mas_15_2_G01,PA14_51220,PA1014,NA,probable glycosyl transferase,0.3572278070285465,-1.229599535949647
PAMr_nr_mas_15_2_G02,PA14_65040,PA4925,NA,putative mechanosensitive ion channel family protein,-0.2729404128535459,-0.0787219997039464
PAMr_nr_mas_15_2_G03,PA14_12010,PA4007,proA,probable gamma-glutamyl phosphate reductase,-0.2921082128977584,-0.7512678049676254
PAMr_nr_mas_15_2_G04,NA,NA,NA,NA,-0.2425568821835798,-0.6714279646288238
PAMr_nr_mas_15_2_G05,PA14_41140,PA1809,NA,"putative ABC transporter, permease protein",-1.6351573703979132,-1.0156109201831056
PAMr_nr_mas_15_2_G06,PA14_12410,PA3975,NA,possible phosphomethylpyrimidine kinase,-0.6610783709719885,-1.1965077577900085
PAMr_nr_mas_15_2_G07,PA14_03940,PA0302,spuF,polyamine transport protein PotG,-0.6059380456796303,-1.888831751017388
PAMr_nr_mas_15_2_G08,PA14_05300,PA0406,NA,putative tonB domain protein,0.048183561813745716,-0.3588579239866523
PAMr_nr_mas_15_2_G09,PA14_66670,PA5045,ponA,penicillin-binding protein 1A,0.2519187039406697,-1.0583953297043835
PAMr_nr_mas_15_2_G10,PA14_58570,PA4514,NA,putative outer membrane ferric siderophore receptor,-0.9778040583618628,-1.4897109795793533
PAMr_nr_mas_15_2_G11,PA14_65880,PA4983,NA,putative two-component response regulator,1.3205975625354438,-0.5381695444999804
PAMr_nr_mas_15_2_G12,PA14_23900,PA3109,cvpA,putative colicin V production protein,-0.17108069982673305,-1.2196548555869762
PAMr_nr_mas_15_2_H01,PA14_20520,NA,NA,hypothetical protein,0.970228492338606,-1.4959838570185373
PAMr_nr_mas_15_2_H02,PA14_68340,PA5172,arcB,"ornithine carbamoyltransferase, catabolic",-1.4386280899975994,1.3607777602007423
PAMr_nr_mas_15_2_H03,PA14_57190,PA4400,NA,putative pyrophosphohydrolase,-0.9250746628408965,-0.4163163859096391
PAMr_nr_mas_15_2_H04,PA14_72620,PA5503,NA,putative ATP-binding component of ABC transporter,-0.16865138629473167,-0.5158985002692016
PAMr_nr_mas_15_2_H05,PA14_15610,NA,NA,NA,1.3596003747844028,-1.2987138985063589
PAMr_nr_mas_15_2_H06,PA14_21130,PA3317,NA,putative outer membrane lipoprotein,0.16327236989014343,-1.494101377974624
PAMr_nr_mas_15_2_H07,PA14_72770,PA5515,NA,conserved hypothetical protein,0.03898656620195533,-0.8525648815397777
PAMr_nr_mas_15_2_H08,PA14_31680,PA2543,NA,putative outer membrane protein,-0.9205103427922406,0.13750551440675912
PAMr_nr_mas_15_2_H09,PA14_52260,PA0928,NA,sensor/response regulator hybrid,-0.19400292122498744,-0.841455211883334
PAMr_nr_mas_15_2_H10,PA14_70360,PA5330,NA,conserved hypothetical protein,0.8936126659715249,-0.4096408680308219
PAMr_nr_mas_15_2_H11,PA14_35740,NA,tnpA,Transposase,0.6464499398159759,-0.8960405097247307
PAMr_nr_mas_15_2_H12,PA14_29410,PA2683,NA,putative serine/threonine dehydratase,1.4611383025813527,-1.5882420285222763
PAMr_nr_mas_15_3_A01,PA14_68920,PA5218,NA,"putative transcriptional regulator, LysR family",0.3980484333726072,2.0082710776380663
PAMr_nr_mas_15_3_A02,PA14_48770,PA1201,NA,putative transcriptional regulator,1.7020947052185111,0.3878671535747076
PAMr_nr_mas_15_3_A03,PA14_09150,PA4236,katA,catalase,1.770698506625364,0.5452575269383403
PAMr_nr_mas_15_3_A04,PA14_03250,NA,NA,Hypothetical protein,1.5053313696940855,0.515329136082955
PAMr_nr_mas_15_3_A05,PA14_42900,PA1669,NA,conserved hypothetical protein,-0.06745921682978746,0.7497528612741353
PAMr_nr_mas_15_3_A06,PA14_65520,PA4958,NA,conserved hypothetical protein,0.7801286571235413,-0.2620848583794481
PAMr_nr_mas_15_3_A07,PA14_68110,PA5157,NA,putative multiple antibiotic resistance protein MarR,0.16442419509181733,0.0962990337428307
PAMr_nr_mas_15_3_A08,PA14_22190,NA,NA,NA,0.7215547212902617,-0.036682459253041554
PAMr_nr_mas_15_3_A09,PA14_07010,PA0539,NA,putative membrane protein,0.28872394684494607,-0.42861671769421106
PAMr_nr_mas_15_3_A10,PA14_46200,PA1411,NA,putative membrane protein,0.03839906660017455,0.05483794107540549
PAMr_nr_mas_15_3_A11,PA14_29250,PA2697,NA,conserved hypothetical protein,0.6682786166191004,-0.304776925763321
PAMr_nr_mas_15_3_A12,PA14_63080,PA4770,lldP,L-lactate permease,1.1639203060697507,2.7022639137486038
PAMr_nr_mas_15_3_B01,PA14_63330,PA4792,NA,putative glycerolphosphodiesterase,1.5087418390279355,1.0406439465465132
PAMr_nr_mas_15_3_B02,PA14_56770,PA4365,NA,putative permease,1.4046684376154144,0.8767546174913244
PAMr_nr_mas_15_3_B03,PA14_51460,PA0993,cupC2,chaperone CupC,-0.43153240581407465,0.5602872984840748
PAMr_nr_mas_15_3_B04,PA14_53140,PA0861,NA,hypothetical protein,1.2476766413200828,0.8332089633050922
PAMr_nr_mas_15_3_B05,PA14_60650,PA4583,NA,conserved hypothetical protein,1.8325292169204115,0.3989959927217256
PAMr_nr_mas_15_3_B06,PA14_69130,PA5235,glpT,glycerol-3-phosphate transporter,-0.2805593088631538,-0.6742035992115206
PAMr_nr_mas_15_3_B07,PA14_37570,PA2083,NA,"ring-hydroxylating dioxygenase, large terminal subunit",0.052874712718585355,0.48012625597732206
PAMr_nr_mas_15_3_B08,PA14_59680,NA,NA,Hypothetical protein,-0.09180505537083304,0.4027803264183723
PAMr_nr_mas_15_3_B09,PA14_13890,PA3868,NA,putative integrase protein,0.4231509923277615,-1.2196548555869762
PAMr_nr_mas_15_3_B10,PA14_48650,PA1210,NA,putative pirin protein,0.867064074833431,0.17943838984479135
PAMr_nr_mas_15_3_B11,PA14_70310,PA5326,NA,putative amino acid aldolase,-0.1925805282625745,0.41671664028912836
PAMr_nr_mas_15_3_B12,PA14_50920,PA1037,NA,conserved hypothetical protein,-0.16399782583296088,0.3032073273910772
PAMr_nr_mas_15_3_C01,PA14_63580,PA4811,fdnH,"nitrate-inducible formate dehydrogenase, beta subunit",0.8352294930678025,0.335289057326046
PAMr_nr_mas_15_3_C02,PA14_04440,PA0340,NA,putative permease,1.7245967509259073,0.3008070066686433
PAMr_nr_mas_15_3_C03,PA14_58050,PA4472,pmbA,PmbA protein,0.7621774239269479,0.19604090031763416
PAMr_nr_mas_15_3_C04,PA14_69570,PA5268,corA,magnesium/cobalt transport protein,1.4857629381820383,0.378618552021745
PAMr_nr_mas_15_3_C05,PA14_13350,PA3908,NA,hypothetical protein,0.4770764805299365,-0.9351799724309605
PAMr_nr_mas_15_3_C06,NA,NA,NA,NA,2.333253050476058,0.3338558374619987
PAMr_nr_mas_15_3_C07,PA14_47350,PA1305,NA,conserved hypothetical protein,2.188057230797237,0.19726005337755234
PAMr_nr_mas_15_3_C08,PA14_61680,PA4664,NA,putative methyl transferase,3.6665525089157867,0.5359916760400518
PAMr_nr_mas_15_3_C09,PA14_40160,PA1883,NA,putative NADH-ubiquinone/plastoquinone oxidoreductase,1.7144058082973235,-0.4205922052477726
PAMr_nr_mas_15_3_C10,PA14_27440,PA2834,NA,putative transcriptional regulator,2.327541836827958,-0.20385563085316397
PAMr_nr_mas_15_3_C11,PA14_59310,NA,pilR2,type IV B pilus Protein,1.3470503865547365,0.09506139674206612
PAMr_nr_mas_15_3_C12,PA14_26020,PA2939,NA,putative aminopeptidase,0.5871488170427152,0.2535865433931375
PAMr_nr_mas_15_3_D01,PA14_15450,NA,merD,NA,-0.09860680381574209,0.6761512531933944
PAMr_nr_mas_15_3_D02,PA14_02740,PA0224,NA,putative aldolase,-0.11243302806755101,0.26131874044089065
PAMr_nr_mas_15_3_D03,PA14_62230,PA4701,NA,conserved hypothetical protein,-0.4617855434306066,-0.36893075780140655
PAMr_nr_mas_15_3_D04,PA14_56830,PA4370,icmP,Insulin-cleaving metalloproteinase outer membrane,0.9426457614608585,-0.15383008508549376
PAMr_nr_mas_15_3_D05,PA14_62740,PA4743,rbfA,ribosome-binding factor A,0.13132118119861175,-1.7053776568673735
PAMr_nr_mas_15_3_D06,PA14_39780,PA1914,NA,putative halovibrin,-0.08501066227377707,0.29792548794071094
PAMr_nr_mas_15_3_D07,PA14_52110,PA0939,NA,hypothetical protein,1.3260246878296178,0.4808274521228062
PAMr_nr_mas_15_3_D08,PA14_40800,PA1835,NA,conserved hypothetical protein,1.6680387092833149,-0.6354488086796556
PAMr_nr_mas_15_3_D09,NA,PA0711,NA,NA,1.952661979320624,-1.0492881287376896
PAMr_nr_mas_15_3_D10,NA,NA,NA,NA,0.40137659509252593,-0.6084530229432522
PAMr_nr_mas_15_3_D11,PA14_23990,PA3103,xcpR,general secretion pathway protein E,1.0703970405831267,-1.3461093407734128
PAMr_nr_mas_15_3_D12,PA14_12450,PA3972,NA,possible acyl-CoA dehydrogenase,0.7922993174326549,-0.9774529963942928
PAMr_nr_mas_15_3_E01,PA14_52430,PA0915,NA,conserved hypothetical protein,0.005017344085673133,0.05882137634110163
PAMr_nr_mas_15_3_E03,PA14_72840,PA5521,NA,putative short chain dehydrogenase,4.5949404975050205,5.143354438108871
PAMr_nr_mas_15_3_E04,PA14_05160,PA0394,NA,putative PLP dependent enzyme,-1.58677728322843,0.05135049432087377
PAMr_nr_mas_15_3_E05,PA14_25390,PA2991,sth,soluble pyridine nucleotide transhydrogenase,0.4246244947938635,-0.4818205487484963
PAMr_nr_mas_15_3_E06,PA14_72000,PA5454,rmd,oxidoreductase Rmd,0.7329625916188615,-0.9629459286343748
PAMr_nr_mas_15_3_E07,PA14_49880,PA1121,NA,conserved hypothetical protein,0.5424835027391735,-0.6101027086326979
PAMr_nr_mas_15_3_E08,PA14_46010,PA1425,NA,putative ATP-binding component of ABC transporter,1.0055869585306891,-0.5777331029978449
PAMr_nr_mas_15_3_E09,PA14_41020,PA1818,NA,putative Orn/Arg/Lys decarboxylase,0.4198343477520784,0.005597102046354571
PAMr_nr_mas_15_3_E10,PA14_38500,PA2010,NA,"putative transcriptional regulator, IclR family",0.7394470634293365,-0.8851451662505596
PAMr_nr_mas_15_3_E11,PA14_38660,PA1999,NA,"putative CoA transferase, subunit A",0.6914439486618966,-0.7608227456981387
PAMr_nr_mas_15_3_E12,PA14_60490,PA4571,NA,putative cytochrome c precursor,0.4767111996085462,-0.9441335083229931
PAMr_nr_mas_15_3_F01,PA14_57640,PA4437,NA,hypothetical protein,0.9644850254508694,-1.2088228961795209
PAMr_nr_mas_15_3_F02,PA14_13220,NA,NA,putative protein-tyrosine-phosphatase,-0.4382896983782076,0.5315859105719719
PAMr_nr_mas_15_3_F03,PA14_14690,PA3817,NA,putative rRNA methylase,0.36429761768516666,0.6575101898221917
PAMr_nr_mas_15_3_F04,PA14_13090,PA3925,NA,probable 3-ketoacyl-CoA thiolase,-0.22108975031943603,-0.4016390029794963
PAMr_nr_mas_15_3_F05,PA14_69230,PA5242,ppk,polyphosphate kinase,-1.270934198039794,-0.13561459082488686
PAMr_nr_mas_15_3_F06,PA14_04350,NA,NA,putative integral membrane protein,-1.1450810464687793,-0.5966421293785555
PAMr_nr_mas_15_3_F07,PA14_30650,PA2586,gacA,response regulator GacA,1.350547839170397,0.21552081822060276
PAMr_nr_mas_15_3_F08,PA14_26590,PA2897,NA,"putative transcriptional regulator, GntR family",2.851054203540473,1.5465719203782853
PAMr_nr_mas_15_3_F09,PA14_32860,PA2455,NA,hypothetical protein,-0.35017331875470753,0.28349930385168254
PAMr_nr_mas_15_3_F10,PA14_19150,PA3474,NA,putative membrane protein,-0.5901175362247616,-0.40190557813429456
PAMr_nr_mas_15_3_F11,PA14_07500,PA0575,NA,conserved hypothetical protein,1.198859592639404,-0.6263462571937723
PAMr_nr_mas_15_3_F12,PA14_52180,PA0934,relA,GTP pyrophosphokinase,-0.17736077738086403,-0.7067641131540371
PAMr_nr_mas_15_3_G01,PA14_65740,PA4973,thiC,thiamin biosynthesis protein ThiC,0.46281476471988375,-1.6451103010307573
PAMr_nr_mas_15_3_G02,PA14_43850,PA1596,htpG,heat shock protein HtpG,-0.3399731107711065,0.4423875039305646
PAMr_nr_mas_15_3_G03,PA14_22530,NA,NA,putative glutathione S-transferase,-0.48387968307419743,0.08713510980134424
PAMr_nr_mas_15_3_G04,PA14_66170,PA5005,NA,putative carbamoyltransferase,-0.2313030470296301,-0.47319331913560786
PAMr_nr_mas_15_3_G05,PA14_24640,PA3050,pyrD,dihydroorotate dehydrogenase,-0.5248741120347415,-0.4128442878122254
PAMr_nr_mas_15_3_G06,PA14_19400,PA3456,NA,putative D-amino acid oxidase family protein,1.6173677395236283,3.2129021940082936
PAMr_nr_mas_15_3_H01,PA14_58750,PA4526,pilB,type 4 fimbrial biogenesis protein PilB,0.46738935354243766,-0.7706729468076949
PAMr_nr_mas_15_3_H02,PA14_25020,PA3019,NA,"putative ABC transporter, ATP-binding protein",-0.44843928311747594,-0.07186628209184232
PAMr_nr_mas_15_3_H03,PA14_47240,PA1315,NA,putative transcriptional regulator,-0.6929000600692844,0.35270209015434983
PAMr_nr_mas_15_3_H04,PA14_27500,PA2828,NA,putative aminotransferase,-0.4849438612726839,-0.3506517966941451
PAMr_nr_mas_15_3_H05,PA14_08490,PA0663,NA,conserved hypothetical protein,-0.15874142625186016,-0.4664610054294749
PAPho_nr_mas_01_1_A01,PA14_43840,PA1597,NA,putative dienelactone hydrolase family protein,0.17803811751756707,2.0727365152178794
PAPho_nr_mas_01_1_A02,PA14_59560,NA,NA,transposase,0.8799241758367229,1.442886267531512
PAPho_nr_mas_01_1_A03,PA14_36890,PA2140,NA,putative metallothionein,0.07666738998142483,0.9864577203408225
PAPho_nr_mas_01_1_A04,PA14_27480,PA2830,htpX,heat shock protein HtpX,-0.5190930831159319,0.49436952838016296
PAPho_nr_mas_01_1_A05,PA14_45840,PA1440,NA,conserved hypothetical protein,1.1266449458140615,1.2130010647678733
PAPho_nr_mas_01_1_A06,PA14_68460,PA5183,NA,conserved hypothetical protein,0.6898551667706817,0.9300819124261054
PAPho_nr_mas_01_1_A07,PA14_33130,PA2435,NA,probable cation-transporting P-type ATPase,0.4106122493891457,1.1618838856856761
PAPho_nr_mas_01_1_A08,PA14_48030,PA1251,NA,putative methyl-accepting chemotaxis transducer,0.9626257203419148,0.9451472944660847
PAPho_nr_mas_01_1_A09,PA14_47080,PA1328,NA,putative transcriptional regulator,0.936367751891501,0.2458454260785768
PAPho_nr_mas_01_1_A10,PA14_10480,PA4135,hcpR,putative transcriptional regulator,0.3041368599472983,0.20943941655724074
PAPho_nr_mas_01_1_A11,PA14_27690,NA,NA,putative RNA polymerase sigma factor,1.0490902019285462,-0.1677173049523825
PAPho_nr_mas_01_1_A12,PA14_38970,PA1976,NA,putative sensor histidine kinase protein,-0.5570881617197224,-0.5810178039729634
PAPho_nr_mas_01_1_B01,PA14_20260,PA3388,NA,conserved hypothetical protein,1.283761022353955,1.7339559993924238
PAPho_nr_mas_01_1_B02,PA14_06030,PA0461,NA,putative 1-acyl-sn-glycerol-3-phosphate acyltransferase,1.9295142334609607,2.695042525511859
PAPho_nr_mas_01_1_B03,PA14_64460,PA4874,NA,putative phosphate starvation-inducible protein,0.641292274248207,0.8416306596678661
PAPho_nr_mas_01_1_B04,PA14_06390,PA0490,NA,conserved hypothetical protein,0.6972660474445264,0.7211757567802657
PAPho_nr_mas_01_1_B05,PA14_07400,PA0569,NA,hypothetical protein,1.5450568165805247,0.69179700359695
PAPho_nr_mas_01_1_B06,PA14_38630,PA2001,atoB,acetyl-CoA acetyltransferase,1.7438842636934113,0.3809912038296502
PAPho_nr_mas_01_1_B07,PA14_34450,PA2332,NA,"putative transcriptional regulator, AraC family",1.7586462567473753,0.3836001521893306
PAPho_nr_mas_01_1_B08,PA14_52290,PA0925,NA,hypothetical protein,1.6681898068480767,-0.3567392527741847
PAPho_nr_mas_01_1_B09,PA14_35370,PA2259,ptxS,transcriptional regulator PtxS,1.3153255717342462,0.08936532451516362
PAPho_nr_mas_01_1_B10,PA14_01180,PA0097,NA,conserved hypothetical protein,1.2708975205111601,-0.6183572262292202
PAPho_nr_mas_01_1_B11,PA14_63650,PA4815,NA,conserved hypothetical protein,0.8636302643986354,-0.802574090488548
PAPho_nr_mas_01_1_B12,PA14_51620,PA0979,RS05,putative transposase,2.2012575757032793,1.4293049181012187
PAPho_nr_mas_01_1_C01,PA14_70510,PA5341,NA,putative threonine efflux protein,0.5073210047797008,1.4315365788147085
PAPho_nr_mas_01_1_C02,PA14_11530,PA4045,NA,putative ABC transporter,-0.1982720332013205,0.7443617818400473
PAPho_nr_mas_01_1_C03,PA14_07530,PA0577,dnaG,putative DNA primase,1.5279299384757064,1.2307900249933634
PAPho_nr_mas_01_1_C04,PA14_60900,PA4603,NA,conserved hypothetical protein,0.6762458075958055,0.3703076576783391
PAPho_nr_mas_01_1_C05,PA14_46770,PA1354,NA,conserved hypothetical protein,2.0559263296734613,0.7180180642476264
PAPho_nr_mas_01_1_C06,PA14_01240,PA0102,PA0102,probable carbonic anhydrase,0.6272205673882542,0.9346706104139517
PAPho_nr_mas_01_1_C07,PA14_27000,PA2867,NA,putative methyl-accepting chemotaxis protein,2.119105407595498,-0.06273620757536519
PAPho_nr_mas_01_1_C08,PA14_31090,NA,NA,hypothetical,1.3357498546093651,0.061558616986066794
PAPho_nr_mas_01_1_C09,PA14_19360,PA3460,NA,"putative acetyltransferase, GNAT family",0.8020188997923351,-1.0531057727542827
PAPho_nr_mas_01_1_C10,PA14_16800,PA3677,NA,putative efflux transmembrane protein,1.940520046794093,0.7560369844916185
PAPho_nr_mas_01_1_C11,PA14_54460,NA,NA,conserved hypothetical protein,0.23277038227004584,0.012868473896759864
PAPho_nr_mas_01_1_C12,PA14_28970,NA,NA,hypothetical,0.6976187285833617,-0.8031400806628932
PAPho_nr_mas_01_1_D01,PA14_33530,PA2410,NA,"putative ABC transporter, periplasmic substrate-binding protein",1.5516790274497523,1.0610390660940414
PAPho_nr_mas_01_1_D02,PA14_72080,PA5462,NA,conserved hypothetical protein,0.13575786170759832,0.7263601707534764
PAPho_nr_mas_01_1_D03,PA14_42280,PA1722,pscI,type III export protein PscI,0.7178646703061797,-0.4029719846696551
PAPho_nr_mas_01_1_D04,PA14_09600,PA4201,ddlA,D-alanine-D-alanine ligase A,1.3789322547395026,0.11384888818621358
PAPho_nr_mas_01_1_D05,PA14_32690,PA2470,gtdA,"gentisate 1,2-dioxygenase",2.948180304020689,2.0725521541801917
PAPho_nr_mas_01_1_D06,PA14_22160,NA,NA,NA,1.5885125552705057,0.5102117190090297
PAPho_nr_mas_01_1_D07,PA14_02150,PA0172,NA,putative serine phosphatase,2.1050264484100754,1.1222799375874122
PAPho_nr_mas_01_1_D09,PA14_21540,PA3286,NA,putative 3-oxoacyl-(acyl-carrier-protein) synthase III,2.2246719612446535,-0.6717054764263727
PAPho_nr_mas_01_1_D10,PA14_24840,PA3034,NA,putative transcriptional regulator,1.9480392475558934,0.6709278857056273
PAPho_nr_mas_01_1_D11,PA14_31700,PA2541,NA,CDP-alcohol phosphatidyltransferase,1.6303018628684172,-0.021048255130438016
PAPho_nr_mas_01_1_D12,PA14_35550,PA2245,NA,hypothetical protein,-0.38485272200287496,-0.7375213390987504
